{"nodes":[{"name":"com.softwarepathfinder.visualization.prefuse","label":"com.softwarepathfinder.visualization.prefuse","id":"com.softwarepathfinder.visualization.prefuse","size":12},{"name":"com.softwarepathfinder.parsing.java","label":"com.softwarepathfinder.parsing.java","id":"com.softwarepathfinder.parsing.java","size":11},{"name":"com.softwarepathfinder.model","label":"com.softwarepathfinder.model","id":"com.softwarepathfinder.model","size":10},{"name":"com.softwarepathfinder.parsing.php","label":"com.softwarepathfinder.parsing.php","id":"com.softwarepathfinder.parsing.php","size":10},{"name":"com.softwarepathfinder.visualization.yEd","label":"com.softwarepathfinder.visualization.yEd","id":"com.softwarepathfinder.visualization.yEd","size":10},{"name":"com.softwarepathfinder.utils","label":"com.softwarepathfinder.utils","id":"com.softwarepathfinder.utils","size":4},{"name":"com.softwarepathfinder.parsing","label":"com.softwarepathfinder.parsing","id":"com.softwarepathfinder.parsing","size":2},{"name":"com.softwarepathfinder.visualization.blender","label":"com.softwarepathfinder.visualization.blender","id":"com.softwarepathfinder.visualization.blender","size":2},{"name":"com.softwarepathfinder.visualization.jgraph","label":"com.softwarepathfinder.visualization.jgraph","id":"com.softwarepathfinder.visualization.jgraph","size":2},{"name":"com.softwarepathfinder.persistence.jpa","label":"com.softwarepathfinder.persistence.jpa","id":"com.softwarepathfinder.persistence.jpa","size":1},{"name":"com.softwarepathfinder.utils.exceptions","label":"com.softwarepathfinder.utils.exceptions","id":"com.softwarepathfinder.utils.exceptions","size":1}],"links":[{"source":"com.softwarepathfinder.visualization.prefuse","target":"com.softwarepathfinder.model"},{"source":"com.softwarepathfinder.parsing.java","target":"com.softwarepathfinder.model"},{"source":"com.softwarepathfinder.parsing.java","target":"com.softwarepathfinder.parsing"},{"source":"com.softwarepathfinder.parsing.java","target":"com.softwarepathfinder.persistence.jpa"},{"source":"com.softwarepathfinder.parsing.java","target":"com.softwarepathfinder.utils"},{"source":"com.softwarepathfinder.model","target":"com.softwarepathfinder.persistence.jpa"},{"source":"com.softwarepathfinder.model","target":"com.softwarepathfinder.utils"},{"source":"com.softwarepathfinder.parsing.php","target":"com.softwarepathfinder.model"},{"source":"com.softwarepathfinder.parsing.php","target":"com.softwarepathfinder.parsing"},{"source":"com.softwarepathfinder.parsing.php","target":"com.softwarepathfinder.persistence.jpa"},{"source":"com.softwarepathfinder.parsing.php","target":"com.softwarepathfinder.utils"},{"source":"com.softwarepathfinder.parsing.php","target":"com.softwarepathfinder.utils.exceptions"},{"source":"com.softwarepathfinder.visualization.yEd","target":"com.softwarepathfinder.model"},{"source":"com.softwarepathfinder.visualization.yEd","target":"com.softwarepathfinder.utils"},{"source":"com.softwarepathfinder.visualization.yEd","target":"com.softwarepathfinder.utils.exceptions"},{"source":"com.softwarepathfinder.utils","target":"com.softwarepathfinder.utils.exceptions"},{"source":"com.softwarepathfinder.parsing","target":"com.softwarepathfinder.model"},{"source":"com.softwarepathfinder.parsing","target":"com.softwarepathfinder.persistence.jpa"},{"source":"com.softwarepathfinder.parsing","target":"com.softwarepathfinder.utils"},{"source":"com.softwarepathfinder.visualization.blender","target":"com.softwarepathfinder.model"},{"source":"com.softwarepathfinder.visualization.blender","target":"com.softwarepathfinder.parsing.java"},{"source":"com.softwarepathfinder.visualization.blender","target":"com.softwarepathfinder.utils"},{"source":"com.softwarepathfinder.visualization.jgraph","target":"com.softwarepathfinder.model"}]}