{"name":"variants","children":[{"name":"me.umov.scheduler.anticorruption","children":[{"name":"ItineraryScheduleConverterImpl","sloc":16,"wmc":1}]},{"name":"me.umov.scheduler","children":[{"name":"SchedulerApplication","sloc":12,"wmc":1}]},{"name":"me.umov.scheduler.infrastructure.configuration","children":[{"name":"RestConfiguration","sloc":34,"wmc":5},{"name":"AmazonSQSConfiguration","sloc":54,"wmc":7},{"name":"SpringConfiguration","sloc":4,"wmc":1},{"name":"JwtConfiguration","sloc":13,"wmc":1},{"name":"GsonConfiguration","sloc":53,"wmc":2}]},{"name":"me.umov.scheduler.infrastructure.business","children":[{"name":"BusinessPayload","sloc":19,"wmc":4},{"name":"BusinessRestService","sloc":65,"wmc":8}]},{"name":"me.umov.scheduler.infrastructure.authorization","children":[{"name":"JwtService","sloc":40,"wmc":5}]},{"name":"me.umov.scheduler.infrastructure.serialization","children":[{"name":"LocalTimeSerializationAdapter","sloc":27,"wmc":6},{"name":"TeamExecutionSerializationAdapter","sloc":23,"wmc":4},{"name":"ScheduleTypeSerializationAdapter","sloc":23,"wmc":4},{"name":"LocalDateSerializationAdapter","sloc":24,"wmc":6},{"name":"HibernateProxyTypeAdapter","sloc":41,"wmc":4},{"name":"AnnotationExcludeSerializationStrategy","sloc":13,"wmc":2},{"name":"TaskActivityOriginSerializationAdapter","sloc":19,"wmc":2},{"name":"LocalDateTimeSerializationAdapter","sloc":28,"wmc":6},{"name":"BooleanStatusSerializationAdapter","sloc":19,"wmc":2}]},{"name":"me.umov.scheduler.infrastructure.jpa.converter","children":[{"name":"RecurrenceEndTypeConverter","sloc":17,"wmc":3},{"name":"ActivityCycleConverter","sloc":17,"wmc":3},{"name":"TaskScheduleActivityOriginConverter","sloc":17,"wmc":3},{"name":"TeamExecutionConverter","sloc":17,"wmc":3},{"name":"ItineraryAgentRelationConverter","sloc":17,"wmc":3},{"name":"RecurrenceRepeatModeConverter","sloc":17,"wmc":3},{"name":"ScheduleTypeConverter","sloc":17,"wmc":3},{"name":"BooleanStatusConverter","sloc":17,"wmc":3}]},{"name":"me.umov.scheduler.domain","children":[{"name":"DateInterval","sloc":61,"wmc":17},{"name":"ItineraryServiceLocal","sloc":72,"wmc":15},{"name":"ItineraryAgent","sloc":35,"wmc":5},{"name":"ItinerarySchedule","sloc":241,"wmc":59},{"name":"ItineraryTask","sloc":129,"wmc":25},{"name":"ItineraryTeam","sloc":62,"wmc":13},{"name":"OperationResult","sloc":23,"wmc":5},{"name":"Activity","sloc":10,"wmc":2},{"name":"TaskActivity","sloc":11,"wmc":2},{"name":"SchedulerConstants","sloc":4,"wmc":1},{"name":"Task","sloc":139,"wmc":38},{"name":"Identifier","sloc":13,"wmc":3},{"name":"CronDisabler","sloc":4,"wmc":1},{"name":"ItineraryWorkCycle","sloc":113,"wmc":22},{"name":"Agent","sloc":32,"wmc":6},{"name":"ServiceLocalActivity","sloc":60,"wmc":13},{"name":"BatchOperationResult","sloc":43,"wmc":10},{"name":"ItineraryActivity","sloc":37,"wmc":6},{"name":"BatchTaskSaver","sloc":5,"wmc":1},{"name":"Team","sloc":55,"wmc":12},{"name":"ServiceLocal","sloc":45,"wmc":8},{"name":"Itinerary","sloc":397,"wmc":90},{"name":"ClientModel","sloc":4,"wmc":1}]},{"name":"me.umov.scheduler.domain.taskschedule","children":[{"name":"TaskScheduleChain","sloc":11,"wmc":1},{"name":"TaskScheduleValidationStep","sloc":26,"wmc":3},{"name":"TaskScheduleCurrentCycleIdentificationStep","sloc":23,"wmc":3},{"name":"TaskScheduleCronDisableStep","sloc":34,"wmc":3},{"name":"TaskCreator","sloc":75,"wmc":7},{"name":"TaskScheduleStateUpdateStep","sloc":23,"wmc":3},{"name":"TaskCreationStep","sloc":24,"wmc":3}]},{"name":"me.umov.scheduler.domain.recurrence","children":[{"name":"RecurrenceConfiguration","sloc":44,"wmc":11},{"name":"RecurrenceGenerator","sloc":11,"wmc":1},{"name":"DailyRecurrenceGeneratorStrategy","sloc":15,"wmc":2},{"name":"RecurrenceRepeatConfiguration","sloc":16,"wmc":3},{"name":"BaseRecurrenceGeneratorStrategy","sloc":50,"wmc":10},{"name":"Recurrent","sloc":7,"wmc":3},{"name":"MonthlyRecurrenceGeneratorStrategy","sloc":12,"wmc":1},{"name":"RecurrenceEndsConfiguration","sloc":22,"wmc":4},{"name":"WeeklyRecurrenceGeneratorStrategy","sloc":26,"wmc":4},{"name":"RecurrenceGeneratorStrategy","sloc":10,"wmc":2}]},{"name":"me.umov.scheduler.domain.specification","children":[{"name":"AndSpecification","sloc":19,"wmc":4},{"name":"CompositeSpecification","sloc":10,"wmc":3},{"name":"SpecificationResult","sloc":33,"wmc":7},{"name":"OrSpecification","sloc":19,"wmc":4},{"name":"BaseValidator","sloc":23,"wmc":3},{"name":"ISpecification","sloc":6,"wmc":3}]},{"name":"me.umov.scheduler.domain.specification.itinerary","children":[{"name":"ShouldBeOnNextProcessDate","sloc":16,"wmc":2},{"name":"TaskScheduleValidator","sloc":20,"wmc":1},{"name":"ShouldBeActive","sloc":16,"wmc":2},{"name":"ShouldHaveAtLeastOneActiveAgentWithAgentRelationship","sloc":21,"wmc":3},{"name":"ShouldHaveAtLeastOneActiveServiceLocal","sloc":18,"wmc":2},{"name":"WorkCycleValidator","sloc":18,"wmc":1},{"name":"ShouldHaveAtLeastOneActiveTeamWithTeamRelationship","sloc":21,"wmc":3}]},{"name":"me.umov.scheduler.domain.systemParameters","children":[{"name":"SystemParameters","sloc":45,"wmc":8}]},{"name":"me.umov.scheduler.domain.workcycle","children":[{"name":"WorkCycleCreator","sloc":42,"wmc":5},{"name":"WorkCycleCreateResponse","sloc":11,"wmc":2},{"name":"CreatedWorkCycle","sloc":20,"wmc":4},{"name":"WorkCycleCreationStep","sloc":25,"wmc":3},{"name":"WorkCycleValidationStep","sloc":26,"wmc":3},{"name":"WorkCycleStateUpdateStep","sloc":23,"wmc":3},{"name":"WorkCycleChain","sloc":11,"wmc":1},{"name":"WorkCycleManager","sloc":5,"wmc":1},{"name":"WorkCycleCreateRequest","sloc":54,"wmc":10}]},{"name":"me.umov.scheduler.domain.workcycle.request","children":[{"name":"RequestBuilder","sloc":20,"wmc":4},{"name":"RequestFactory","sloc":21,"wmc":3},{"name":"ServiceLocalRequest","sloc":61,"wmc":6},{"name":"ActivityRequest","sloc":41,"wmc":6},{"name":"RequestDTO","sloc":19,"wmc":3}]},{"name":"me.umov.scheduler.domain.repository","children":[{"name":"BaseRepository","sloc":11,"wmc":2},{"name":"ItineraryRepository","sloc":6,"wmc":1},{"name":"ItineraryTaskRepository","sloc":6,"wmc":1},{"name":"SystemParametersRepository","sloc":9,"wmc":1},{"name":"ItineraryScheduleRepository","sloc":6,"wmc":1}]},{"name":"me.umov.scheduler.domain.exception","children":[{"name":"SchedulerException","sloc":21,"wmc":4},{"name":"ResourceNotFoundException","sloc":10,"wmc":2}]},{"name":"me.umov.scheduler.domain.chain","children":[{"name":"ScheduleChainProcessor","sloc":5,"wmc":1},{"name":"ChainStep","sloc":6,"wmc":3},{"name":"ScheduleChainProcessorImpl","sloc":23,"wmc":3},{"name":"Chain","sloc":16,"wmc":3}]},{"name":"me.umov.scheduler.application","children":[{"name":"ScheduleConsumer","sloc":38,"wmc":2},{"name":"ScheduledItem","sloc":20,"wmc":4},{"name":"ItineraryScheduleConverter","sloc":5,"wmc":1},{"name":"ScheduleController","sloc":41,"wmc":2},{"name":"VersionController","sloc":18,"wmc":2}]}]}