[{"type":"me.umov.scheduler.domain.Itinerary","size":397,"dependencies":["me.umov.scheduler.domain.exception.SchedulerException","me.umov.scheduler.domain.recurrence.RecurrenceConfiguration","me.umov.scheduler.domain.recurrence.Recurrent"]},{"type":"me.umov.scheduler.domain.ItinerarySchedule","size":241,"dependencies":["me.umov.scheduler.domain.recurrence.RecurrenceConfiguration","me.umov.scheduler.domain.recurrence.RecurrenceEndsConfiguration","me.umov.scheduler.domain.recurrence.RecurrenceRepeatConfiguration","me.umov.scheduler.domain.specification.SpecificationResult"]},{"type":"me.umov.scheduler.domain.Task","size":139,"dependencies":[]},{"type":"me.umov.scheduler.domain.ItineraryTask","size":129,"dependencies":[]},{"type":"me.umov.scheduler.domain.ItineraryWorkCycle","size":113,"dependencies":[]},{"type":"me.umov.scheduler.domain.taskschedule.TaskCreator","size":75,"dependencies":["me.umov.scheduler.domain.recurrence.RecurrenceGenerator","me.umov.scheduler.domain.repository.ItineraryTaskRepository"]},{"type":"me.umov.scheduler.domain.ItineraryServiceLocal","size":72,"dependencies":[]},{"type":"me.umov.scheduler.infrastructure.business.BusinessRestService","size":65,"dependencies":["me.umov.scheduler.domain.BatchOperationResult","me.umov.scheduler.domain.BatchTaskSaver","me.umov.scheduler.domain.CronDisabler","me.umov.scheduler.domain.Identifier","me.umov.scheduler.domain.Task","me.umov.scheduler.domain.workcycle.WorkCycleCreateRequest","me.umov.scheduler.domain.workcycle.WorkCycleCreateResponse","me.umov.scheduler.domain.workcycle.WorkCycleManager","me.umov.scheduler.infrastructure.authorization.JwtService"]},{"type":"me.umov.scheduler.domain.ItineraryTeam","size":62,"dependencies":[]},{"type":"me.umov.scheduler.domain.DateInterval","size":61,"dependencies":[]},{"type":"me.umov.scheduler.domain.workcycle.request.ServiceLocalRequest","size":61,"dependencies":["me.umov.scheduler.domain.Itinerary","me.umov.scheduler.domain.ItinerarySchedule","me.umov.scheduler.domain.ItineraryWorkCycle","me.umov.scheduler.domain.workcycle.WorkCycleCreateRequest"]},{"type":"me.umov.scheduler.domain.ServiceLocalActivity","size":60,"dependencies":[]},{"type":"me.umov.scheduler.domain.Team","size":55,"dependencies":[]},{"type":"me.umov.scheduler.domain.workcycle.WorkCycleCreateRequest","size":54,"dependencies":[]},{"type":"me.umov.scheduler.infrastructure.configuration.AmazonSQSConfiguration","size":54,"dependencies":[]},{"type":"me.umov.scheduler.infrastructure.configuration.GsonConfiguration","size":53,"dependencies":["me.umov.scheduler.infrastructure.serialization.AnnotationExcludeSerializationStrategy","me.umov.scheduler.infrastructure.serialization.BooleanStatusSerializationAdapter","me.umov.scheduler.infrastructure.serialization.HibernateProxyTypeAdapter","me.umov.scheduler.infrastructure.serialization.LocalDateSerializationAdapter","me.umov.scheduler.infrastructure.serialization.LocalDateTimeSerializationAdapter","me.umov.scheduler.infrastructure.serialization.LocalTimeSerializationAdapter","me.umov.scheduler.infrastructure.serialization.ScheduleTypeSerializationAdapter","me.umov.scheduler.infrastructure.serialization.TaskActivityOriginSerializationAdapter","me.umov.scheduler.infrastructure.serialization.TeamExecutionSerializationAdapter"]},{"type":"me.umov.scheduler.domain.recurrence.BaseRecurrenceGeneratorStrategy","size":50,"dependencies":["me.umov.scheduler.domain.DateInterval"]},{"type":"me.umov.scheduler.domain.systemParameters.SystemParameters","size":45,"dependencies":["me.umov.scheduler.domain.ClientModel"]},{"type":"me.umov.scheduler.domain.ServiceLocal","size":45,"dependencies":[]},{"type":"me.umov.scheduler.domain.recurrence.RecurrenceConfiguration","size":44,"dependencies":[]},{"type":"me.umov.scheduler.domain.BatchOperationResult","size":43,"dependencies":[]},{"type":"me.umov.scheduler.domain.workcycle.WorkCycleCreator","size":42,"dependencies":["me.umov.scheduler.domain.ItinerarySchedule","me.umov.scheduler.domain.ItineraryWorkCycle","me.umov.scheduler.domain.workcycle.request.RequestBuilder","me.umov.scheduler.domain.workcycle.request.RequestDTO","me.umov.scheduler.domain.workcycle.request.RequestFactory"]},{"type":"me.umov.scheduler.infrastructure.serialization.HibernateProxyTypeAdapter","size":41,"dependencies":[]},{"type":"me.umov.scheduler.domain.workcycle.request.ActivityRequest","size":41,"dependencies":["me.umov.scheduler.domain.Itinerary","me.umov.scheduler.domain.ItineraryActivity","me.umov.scheduler.domain.ItinerarySchedule","me.umov.scheduler.domain.ItineraryWorkCycle","me.umov.scheduler.domain.workcycle.WorkCycleCreateRequest"]},{"type":"me.umov.scheduler.application.ScheduleController","size":41,"dependencies":["me.umov.scheduler.domain.BatchOperationResult","me.umov.scheduler.domain.chain.ScheduleChainProcessor"]},{"type":"me.umov.scheduler.infrastructure.authorization.JwtService","size":40,"dependencies":["me.umov.scheduler.domain.exception.SchedulerException"]},{"type":"me.umov.scheduler.application.ScheduleConsumer","size":38,"dependencies":["me.umov.scheduler.domain.chain.ScheduleChainProcessor"]},{"type":"me.umov.scheduler.domain.ItineraryActivity","size":37,"dependencies":[]},{"type":"me.umov.scheduler.domain.ItineraryAgent","size":35,"dependencies":[]},{"type":"me.umov.scheduler.infrastructure.configuration.RestConfiguration","size":34,"dependencies":[]},{"type":"me.umov.scheduler.domain.taskschedule.TaskScheduleCronDisableStep","size":34,"dependencies":["me.umov.scheduler.domain.CronDisabler","me.umov.scheduler.domain.Identifier","me.umov.scheduler.domain.ItinerarySchedule","me.umov.scheduler.domain.chain.ChainStep"]},{"type":"me.umov.scheduler.domain.specification.SpecificationResult","size":33,"dependencies":[]},{"type":"me.umov.scheduler.domain.Agent","size":32,"dependencies":[]},{"type":"me.umov.scheduler.infrastructure.serialization.LocalDateTimeSerializationAdapter","size":28,"dependencies":[]},{"type":"me.umov.scheduler.infrastructure.serialization.LocalTimeSerializationAdapter","size":27,"dependencies":[]},{"type":"me.umov.scheduler.domain.taskschedule.TaskScheduleValidationStep","size":26,"dependencies":["me.umov.scheduler.domain.ItinerarySchedule","me.umov.scheduler.domain.chain.ChainStep","me.umov.scheduler.domain.specification.itinerary.TaskScheduleValidator"]},{"type":"me.umov.scheduler.domain.workcycle.WorkCycleValidationStep","size":26,"dependencies":["me.umov.scheduler.domain.ItinerarySchedule","me.umov.scheduler.domain.chain.ChainStep","me.umov.scheduler.domain.specification.itinerary.WorkCycleValidator"]},{"type":"me.umov.scheduler.domain.recurrence.WeeklyRecurrenceGeneratorStrategy","size":26,"dependencies":["me.umov.scheduler.domain.DateInterval"]},{"type":"me.umov.scheduler.domain.workcycle.WorkCycleCreationStep","size":25,"dependencies":["me.umov.scheduler.domain.ItinerarySchedule","me.umov.scheduler.domain.chain.ChainStep"]},{"type":"me.umov.scheduler.domain.taskschedule.TaskCreationStep","size":24,"dependencies":["me.umov.scheduler.domain.ItinerarySchedule","me.umov.scheduler.domain.chain.ChainStep"]},{"type":"me.umov.scheduler.infrastructure.serialization.LocalDateSerializationAdapter","size":24,"dependencies":[]},{"type":"me.umov.scheduler.domain.OperationResult","size":23,"dependencies":[]},{"type":"me.umov.scheduler.domain.taskschedule.TaskScheduleCurrentCycleIdentificationStep","size":23,"dependencies":["me.umov.scheduler.domain.ItinerarySchedule","me.umov.scheduler.domain.chain.ChainStep"]},{"type":"me.umov.scheduler.domain.taskschedule.TaskScheduleStateUpdateStep","size":23,"dependencies":["me.umov.scheduler.domain.ItinerarySchedule","me.umov.scheduler.domain.chain.ChainStep","me.umov.scheduler.domain.repository.ItineraryScheduleRepository"]},{"type":"me.umov.scheduler.domain.workcycle.WorkCycleStateUpdateStep","size":23,"dependencies":["me.umov.scheduler.domain.ItinerarySchedule","me.umov.scheduler.domain.chain.ChainStep","me.umov.scheduler.domain.repository.ItineraryScheduleRepository"]},{"type":"me.umov.scheduler.domain.chain.ScheduleChainProcessorImpl","size":23,"dependencies":["me.umov.scheduler.domain.ItinerarySchedule"]},{"type":"me.umov.scheduler.infrastructure.serialization.TeamExecutionSerializationAdapter","size":23,"dependencies":[]},{"type":"me.umov.scheduler.infrastructure.serialization.ScheduleTypeSerializationAdapter","size":23,"dependencies":[]},{"type":"me.umov.scheduler.domain.specification.BaseValidator","size":23,"dependencies":[]},{"type":"me.umov.scheduler.domain.recurrence.RecurrenceEndsConfiguration","size":22,"dependencies":[]},{"type":"me.umov.scheduler.domain.exception.SchedulerException","size":21,"dependencies":[]},{"type":"me.umov.scheduler.domain.specification.itinerary.ShouldHaveAtLeastOneActiveAgentWithAgentRelationship","size":21,"dependencies":["me.umov.scheduler.domain.ItinerarySchedule","me.umov.scheduler.domain.specification.CompositeSpecification","me.umov.scheduler.domain.specification.SpecificationResult"]},{"type":"me.umov.scheduler.domain.specification.itinerary.ShouldHaveAtLeastOneActiveTeamWithTeamRelationship","size":21,"dependencies":["me.umov.scheduler.domain.ItinerarySchedule","me.umov.scheduler.domain.specification.CompositeSpecification","me.umov.scheduler.domain.specification.SpecificationResult"]},{"type":"me.umov.scheduler.domain.workcycle.request.RequestFactory","size":21,"dependencies":["me.umov.scheduler.domain.ItinerarySchedule","me.umov.scheduler.domain.exception.SchedulerException","me.umov.scheduler.domain.repository.SystemParametersRepository","me.umov.scheduler.domain.systemParameters.SystemParameters"]},{"type":"me.umov.scheduler.domain.workcycle.CreatedWorkCycle","size":20,"dependencies":[]},{"type":"me.umov.scheduler.domain.workcycle.request.RequestBuilder","size":20,"dependencies":["me.umov.scheduler.domain.Itinerary","me.umov.scheduler.domain.ItinerarySchedule"]},{"type":"me.umov.scheduler.application.ScheduledItem","size":20,"dependencies":[]},{"type":"me.umov.scheduler.domain.specification.itinerary.TaskScheduleValidator","size":20,"dependencies":["me.umov.scheduler.domain.ItinerarySchedule","me.umov.scheduler.domain.specification.BaseValidator","me.umov.scheduler.domain.specification.ISpecification"]},{"type":"me.umov.scheduler.infrastructure.business.BusinessPayload","size":19,"dependencies":[]},{"type":"me.umov.scheduler.domain.workcycle.request.RequestDTO","size":19,"dependencies":["me.umov.scheduler.domain.ItineraryWorkCycle","me.umov.scheduler.domain.workcycle.WorkCycleCreateRequest"]},{"type":"me.umov.scheduler.infrastructure.serialization.TaskActivityOriginSerializationAdapter","size":19,"dependencies":[]},{"type":"me.umov.scheduler.infrastructure.serialization.BooleanStatusSerializationAdapter","size":19,"dependencies":[]},{"type":"me.umov.scheduler.domain.specification.AndSpecification","size":19,"dependencies":[]},{"type":"me.umov.scheduler.domain.specification.OrSpecification","size":19,"dependencies":[]},{"type":"me.umov.scheduler.application.VersionController","size":18,"dependencies":[]},{"type":"me.umov.scheduler.domain.specification.itinerary.ShouldHaveAtLeastOneActiveServiceLocal","size":18,"dependencies":["me.umov.scheduler.domain.ItinerarySchedule","me.umov.scheduler.domain.specification.CompositeSpecification","me.umov.scheduler.domain.specification.SpecificationResult"]},{"type":"me.umov.scheduler.domain.specification.itinerary.WorkCycleValidator","size":18,"dependencies":["me.umov.scheduler.domain.ItinerarySchedule","me.umov.scheduler.domain.specification.BaseValidator","me.umov.scheduler.domain.specification.ISpecification"]},{"type":"me.umov.scheduler.infrastructure.jpa.converter.RecurrenceEndTypeConverter","size":17,"dependencies":[]},{"type":"me.umov.scheduler.infrastructure.jpa.converter.ActivityCycleConverter","size":17,"dependencies":[]},{"type":"me.umov.scheduler.infrastructure.jpa.converter.TaskScheduleActivityOriginConverter","size":17,"dependencies":[]},{"type":"me.umov.scheduler.infrastructure.jpa.converter.TeamExecutionConverter","size":17,"dependencies":[]},{"type":"me.umov.scheduler.infrastructure.jpa.converter.ItineraryAgentRelationConverter","size":17,"dependencies":[]},{"type":"me.umov.scheduler.infrastructure.jpa.converter.RecurrenceRepeatModeConverter","size":17,"dependencies":[]},{"type":"me.umov.scheduler.infrastructure.jpa.converter.ScheduleTypeConverter","size":17,"dependencies":[]},{"type":"me.umov.scheduler.infrastructure.jpa.converter.BooleanStatusConverter","size":17,"dependencies":[]},{"type":"me.umov.scheduler.domain.recurrence.RecurrenceRepeatConfiguration","size":16,"dependencies":[]},{"type":"me.umov.scheduler.anticorruption.ItineraryScheduleConverterImpl","size":16,"dependencies":["me.umov.scheduler.application.ItineraryScheduleConverter","me.umov.scheduler.application.ScheduledItem","me.umov.scheduler.domain.ItinerarySchedule","me.umov.scheduler.domain.repository.ItineraryScheduleRepository"]},{"type":"me.umov.scheduler.domain.specification.itinerary.ShouldBeOnNextProcessDate","size":16,"dependencies":["me.umov.scheduler.domain.ItinerarySchedule","me.umov.scheduler.domain.specification.CompositeSpecification","me.umov.scheduler.domain.specification.SpecificationResult"]},{"type":"me.umov.scheduler.domain.specification.itinerary.ShouldBeActive","size":16,"dependencies":["me.umov.scheduler.domain.ItinerarySchedule","me.umov.scheduler.domain.specification.CompositeSpecification","me.umov.scheduler.domain.specification.SpecificationResult"]},{"type":"me.umov.scheduler.domain.chain.Chain","size":16,"dependencies":[]},{"type":"me.umov.scheduler.domain.recurrence.DailyRecurrenceGeneratorStrategy","size":15,"dependencies":["me.umov.scheduler.domain.DateInterval"]},{"type":"me.umov.scheduler.domain.Identifier","size":13,"dependencies":[]},{"type":"me.umov.scheduler.infrastructure.serialization.AnnotationExcludeSerializationStrategy","size":13,"dependencies":[]},{"type":"me.umov.scheduler.infrastructure.configuration.JwtConfiguration","size":13,"dependencies":[]},{"type":"me.umov.scheduler.domain.recurrence.MonthlyRecurrenceGeneratorStrategy","size":12,"dependencies":["me.umov.scheduler.domain.DateInterval"]},{"type":"me.umov.scheduler.SchedulerApplication","size":12,"dependencies":[]},{"type":"me.umov.scheduler.domain.TaskActivity","size":11,"dependencies":[]},{"type":"me.umov.scheduler.domain.workcycle.WorkCycleCreateResponse","size":11,"dependencies":[]},{"type":"me.umov.scheduler.domain.repository.BaseRepository","size":11,"dependencies":[]},{"type":"me.umov.scheduler.domain.taskschedule.TaskScheduleChain","size":11,"dependencies":["me.umov.scheduler.domain.ItinerarySchedule","me.umov.scheduler.domain.chain.Chain"]},{"type":"me.umov.scheduler.domain.recurrence.RecurrenceGenerator","size":11,"dependencies":["me.umov.scheduler.domain.DateInterval"]},{"type":"me.umov.scheduler.domain.workcycle.WorkCycleChain","size":11,"dependencies":["me.umov.scheduler.domain.ItinerarySchedule","me.umov.scheduler.domain.chain.Chain"]},{"type":"me.umov.scheduler.domain.specification.CompositeSpecification","size":10,"dependencies":[]},{"type":"me.umov.scheduler.domain.recurrence.RecurrenceGeneratorStrategy","size":10,"dependencies":["me.umov.scheduler.domain.DateInterval"]},{"type":"me.umov.scheduler.domain.Activity","size":10,"dependencies":[]},{"type":"me.umov.scheduler.domain.exception.ResourceNotFoundException","size":10,"dependencies":[]},{"type":"me.umov.scheduler.domain.repository.SystemParametersRepository","size":9,"dependencies":["me.umov.scheduler.domain.Itinerary","me.umov.scheduler.domain.systemParameters.SystemParameters"]},{"type":"me.umov.scheduler.domain.recurrence.Recurrent","size":7,"dependencies":["me.umov.scheduler.domain.DateInterval"]},{"type":"me.umov.scheduler.domain.specification.ISpecification","size":6,"dependencies":[]},{"type":"me.umov.scheduler.domain.chain.ChainStep","size":6,"dependencies":[]},{"type":"me.umov.scheduler.domain.repository.ItineraryRepository","size":6,"dependencies":["me.umov.scheduler.domain.Itinerary"]},{"type":"me.umov.scheduler.domain.repository.ItineraryTaskRepository","size":6,"dependencies":["me.umov.scheduler.domain.ItineraryTask"]},{"type":"me.umov.scheduler.domain.repository.ItineraryScheduleRepository","size":6,"dependencies":["me.umov.scheduler.domain.ItinerarySchedule"]},{"type":"me.umov.scheduler.domain.workcycle.WorkCycleManager","size":5,"dependencies":[]},{"type":"me.umov.scheduler.domain.BatchTaskSaver","size":5,"dependencies":[]},{"type":"me.umov.scheduler.domain.chain.ScheduleChainProcessor","size":5,"dependencies":["me.umov.scheduler.domain.ItinerarySchedule"]},{"type":"me.umov.scheduler.application.ItineraryScheduleConverter","size":5,"dependencies":["me.umov.scheduler.domain.ItinerarySchedule"]},{"type":"me.umov.scheduler.infrastructure.configuration.SpringConfiguration","size":4,"dependencies":[]},{"type":"me.umov.scheduler.domain.CronDisabler","size":4,"dependencies":[]},{"type":"me.umov.scheduler.domain.ClientModel","size":4,"dependencies":[]},{"type":"me.umov.scheduler.domain.SchedulerConstants","size":4,"dependencies":[]}]