{"nodes":[{"name":"me.umov.scheduler.domain","label":"me.umov.scheduler.domain","id":"me.umov.scheduler.domain","size":32},{"name":"me.umov.scheduler.domain.recurrence","label":"me.umov.scheduler.domain.recurrence","id":"me.umov.scheduler.domain.recurrence","size":13},{"name":"me.umov.scheduler.infrastructure.serialization","label":"me.umov.scheduler.infrastructure.serialization","id":"me.umov.scheduler.infrastructure.serialization","size":10},{"name":"me.umov.scheduler.domain.workcycle","label":"me.umov.scheduler.domain.workcycle","id":"me.umov.scheduler.domain.workcycle","size":9},{"name":"me.umov.scheduler.infrastructure.jpa.converter","label":"me.umov.scheduler.infrastructure.jpa.converter","id":"me.umov.scheduler.infrastructure.jpa.converter","size":8},{"name":"me.umov.scheduler.domain.taskschedule","label":"me.umov.scheduler.domain.taskschedule","id":"me.umov.scheduler.domain.taskschedule","size":7},{"name":"me.umov.scheduler.domain.specification.itinerary","label":"me.umov.scheduler.domain.specification.itinerary","id":"me.umov.scheduler.domain.specification.itinerary","size":7},{"name":"me.umov.scheduler.domain.specification","label":"me.umov.scheduler.domain.specification","id":"me.umov.scheduler.domain.specification","size":6},{"name":"me.umov.scheduler.infrastructure.configuration","label":"me.umov.scheduler.infrastructure.configuration","id":"me.umov.scheduler.infrastructure.configuration","size":5},{"name":"me.umov.scheduler.domain.workcycle.request","label":"me.umov.scheduler.domain.workcycle.request","id":"me.umov.scheduler.domain.workcycle.request","size":5},{"name":"me.umov.scheduler.domain.repository","label":"me.umov.scheduler.domain.repository","id":"me.umov.scheduler.domain.repository","size":5},{"name":"me.umov.scheduler.application","label":"me.umov.scheduler.application","id":"me.umov.scheduler.application","size":5},{"name":"me.umov.scheduler.domain.chain","label":"me.umov.scheduler.domain.chain","id":"me.umov.scheduler.domain.chain","size":4},{"name":"me.umov.scheduler.infrastructure.business","label":"me.umov.scheduler.infrastructure.business","id":"me.umov.scheduler.infrastructure.business","size":3},{"name":"me.umov.scheduler.domain.systemParameters","label":"me.umov.scheduler.domain.systemParameters","id":"me.umov.scheduler.domain.systemParameters","size":2},{"name":"me.umov.scheduler.domain.exception","label":"me.umov.scheduler.domain.exception","id":"me.umov.scheduler.domain.exception","size":2},{"name":"me.umov.scheduler.anticorruption","label":"me.umov.scheduler.anticorruption","id":"me.umov.scheduler.anticorruption","size":1},{"name":"me.umov.scheduler","label":"me.umov.scheduler","id":"me.umov.scheduler","size":1},{"name":"me.umov.scheduler.infrastructure.authorization","label":"me.umov.scheduler.infrastructure.authorization","id":"me.umov.scheduler.infrastructure.authorization","size":1}],"links":[{"source":"me.umov.scheduler.domain","target":"me.umov.scheduler.domain.exception"},{"source":"me.umov.scheduler.domain","target":"me.umov.scheduler.domain.recurrence"},{"source":"me.umov.scheduler.domain","target":"me.umov.scheduler.domain.specification"},{"source":"me.umov.scheduler.domain.recurrence","target":"me.umov.scheduler.domain"},{"source":"me.umov.scheduler.domain.workcycle","target":"me.umov.scheduler.domain"},{"source":"me.umov.scheduler.domain.workcycle","target":"me.umov.scheduler.domain.chain"},{"source":"me.umov.scheduler.domain.workcycle","target":"me.umov.scheduler.domain.repository"},{"source":"me.umov.scheduler.domain.workcycle","target":"me.umov.scheduler.domain.specification.itinerary"},{"source":"me.umov.scheduler.domain.workcycle","target":"me.umov.scheduler.domain.workcycle.request"},{"source":"me.umov.scheduler.domain.taskschedule","target":"me.umov.scheduler.domain"},{"source":"me.umov.scheduler.domain.taskschedule","target":"me.umov.scheduler.domain.chain"},{"source":"me.umov.scheduler.domain.taskschedule","target":"me.umov.scheduler.domain.recurrence"},{"source":"me.umov.scheduler.domain.taskschedule","target":"me.umov.scheduler.domain.repository"},{"source":"me.umov.scheduler.domain.taskschedule","target":"me.umov.scheduler.domain.specification.itinerary"},{"source":"me.umov.scheduler.domain.specification.itinerary","target":"me.umov.scheduler.domain"},{"source":"me.umov.scheduler.domain.specification.itinerary","target":"me.umov.scheduler.domain.specification"},{"source":"me.umov.scheduler.infrastructure.configuration","target":"me.umov.scheduler.infrastructure.serialization"},{"source":"me.umov.scheduler.domain.workcycle.request","target":"me.umov.scheduler.domain"},{"source":"me.umov.scheduler.domain.workcycle.request","target":"me.umov.scheduler.domain.exception"},{"source":"me.umov.scheduler.domain.workcycle.request","target":"me.umov.scheduler.domain.repository"},{"source":"me.umov.scheduler.domain.workcycle.request","target":"me.umov.scheduler.domain.systemParameters"},{"source":"me.umov.scheduler.domain.workcycle.request","target":"me.umov.scheduler.domain.workcycle"},{"source":"me.umov.scheduler.domain.repository","target":"me.umov.scheduler.domain"},{"source":"me.umov.scheduler.domain.repository","target":"me.umov.scheduler.domain.systemParameters"},{"source":"me.umov.scheduler.application","target":"me.umov.scheduler.domain"},{"source":"me.umov.scheduler.application","target":"me.umov.scheduler.domain.chain"},{"source":"me.umov.scheduler.domain.chain","target":"me.umov.scheduler.domain"},{"source":"me.umov.scheduler.infrastructure.business","target":"me.umov.scheduler.domain"},{"source":"me.umov.scheduler.infrastructure.business","target":"me.umov.scheduler.domain.workcycle"},{"source":"me.umov.scheduler.infrastructure.business","target":"me.umov.scheduler.infrastructure.authorization"},{"source":"me.umov.scheduler.domain.systemParameters","target":"me.umov.scheduler.domain"},{"source":"me.umov.scheduler.anticorruption","target":"me.umov.scheduler.application"},{"source":"me.umov.scheduler.anticorruption","target":"me.umov.scheduler.domain"},{"source":"me.umov.scheduler.anticorruption","target":"me.umov.scheduler.domain.repository"},{"source":"me.umov.scheduler.infrastructure.authorization","target":"me.umov.scheduler.domain.exception"}]}