"method","loc","cyclo","calls","nbd","param"
"net.sourceforge.pmd.lang.java.rule.performance.RedundantFieldInitializerRule.visit(ASTFieldDeclaration fieldDeclaration, Object data)",74,24,41,7,2
"net.sourceforge.pmd.util.database.DBMSMetadata.getSourceObjectList(List<String> languages, List<String> schemas, List<String> sourceCodeTypes, List<String> sourceCodeNames)",110,24,23,7,4
"net.sourceforge.pmd.lang.java.rule.design.SingularFieldRule.visit(ASTFieldDeclaration node, Object data)",110,29,36,8,2
"net.sourceforge.pmd.lang.java.rule.design.UselessOverridingMethodRule.visit(ASTMethodDeclaration node, Object data)",126,33,81,5,2
"net.sourceforge.pmd.util.database.DBType.equals(Object obj)",58,23,8,4,1
"net.sourceforge.pmd.lang.java.rule.errorprone.IdempotentOperationsRule.visit(ASTStatementExpression node, Object data)",64,22,65,2,2
"net.sourceforge.pmd.lang.dfa.Linker.computePaths()",178,28,91,4,0
"net.sourceforge.pmd.lang.java.rule.errorprone.CompareObjectsWithEqualsRule.visit(ASTEqualityExpression node, Object data)",63,20,41,3,2
"net.sourceforge.pmd.lang.apex.rule.security.ApexCRUDViolationRule.checkForAccessibility(final ASTSoqlExpression node, Object data)",79,22,40,6,2
"net.sourceforge.pmd.docs.DeadLinksChecker.checkDeadLinks(Path rootDirectory)",120,20,54,6,1
"net.sourceforge.pmd.lang.plsql.dfa.StatementAndBraceFinder.visit(ASTExpression node, Object data)",81,21,74,5,2
"net.sourceforge.pmd.lang.java.rule.multithreading.DoubleCheckedLockingRule.checkLocalVariableUsage(ASTMethodDeclaration node, String returnVariableName)",54,23,39,10,2
"net.sourceforge.pmd.docs.RuleDocGenerator.generateRuleSetIndex(Map<Language,List<RuleSet>> rulesets)",178,23,163,6,1
"net.sourceforge.pmd.lang.java.ast.DumpFacade.dump(JavaNode node, String prefix)",176,59,88,3,2
"net.sourceforge.pmd.lang.java.symboltable.ClassScope.determineArgumentTypes(JavaNameOccurrence occurrence, List<TypedNameDeclaration> parameterTypes)",121,33,67,6,2
"net.sourceforge.pmd.testframework.RuleTst.parseTests(Rule rule, Document doc)",110,23,69,5,2
"net.sourceforge.pmd.lang.java.rule.errorprone.CloseResourceRule.ensureClosed(ASTLocalVariableDeclaration var, ASTVariableDeclaratorId id, Object data)",160,39,53,9,3
"net.sourceforge.pmd.lang.java.rule.errorprone.CloneMethodMustImplementCloneableRule.visit(final ASTMethodDeclaration node, final Object data)",55,21,30,4,2
"net.sourceforge.pmd.lang.java.typeresolution.ClassTypeResolver.rollupTypeBinaryNumericPromotion(TypeNode typeNode)",36,22,36,5,1
"net.sourceforge.pmd.lang.java.rule.design.SimplifyBooleanReturnsRule.visit(ASTIfStatement node, Object data)",116,21,50,4,2
"net.sourceforge.pmd.lang.vf.rule.security.VfUnescapeElRule.startsWithSafeResource(final ASTElExpression el)",69,43,7,6,1
"net.sourceforge.pmd.lang.java.rule.performance.InefficientStringBufferingRule.visit(ASTAdditiveExpression node, Object data)",68,26,28,3,2
"net.sourceforge.pmd.lang.ecmascript.ast.DumpFacade.dump(EcmascriptNode<?> node, String prefix)",161,56,76,2,2
"net.sourceforge.pmd.lang.java.rule.performance.UseStringBufferForStringAppendsRule.visit(ASTVariableDeclaratorId node, Object data)",57,23,31,5,2
"net.sourceforge.pmd.lang.java.rule.codestyle.UnnecessaryFullyQualifiedNameRule.checkImports(AbstractJavaTypeNode node, Object data)",84,23,38,7,2
"net.sourceforge.pmd.lang.java.rule.bestpractices.ForLoopCanBeForeachRule.visit(ASTForStatement node, Object data)",60,22,28,4,2
"net.sourceforge.pmd.lang.plsql.dfa.StatementAndBraceFinder.visit(ASTStatement node, Object data)",108,23,86,5,2
"net.sourceforge.pmd.lang.xml.ast.DOMLineNumbers.determineLocation(Node n, int index)",72,21,61,4,2
"net.sourceforge.pmd.lang.java.symboltable.SimpleTypedNameDeclaration.internalEquals(Object obj)",65,47,37,4,1
"net.sourceforge.pmd.lang.java.rule.codestyle.UnnecessaryFullyQualifiedNameRule.isAvoidingConflict(final AbstractJavaTypeNode node, final String name, final ASTImportDeclaration firstMatch)",92,34,51,7,3
