"type","sloc","nom","npm","wmc","dep","i-dep","noa"
"net.sourceforge.pmd.lang.java.symboltable.ClassScope",523,24,9,137,35,27,5
"net.sourceforge.pmd.lang.plsql.rule.AbstractPLSQLRule",944,224,222,231,9,6,2
"net.sourceforge.pmd.lang.plsql.ast.PLSQLParserVisitorAdapter",875,218,218,218,0,0,0
"net.sourceforge.pmd.cpd.SortingTableModel",754,74,50,5,62,2,38
"net.sourceforge.pmd.RuleSetFactory",403,21,9,86,31,7,8
"net.sourceforge.pmd.docs.RuleDocGenerator",519,23,5,75,37,8,14
"net.sourceforge.pmd.lang.apex.ast.ApexDocTokenLocation",640,84,77,1,106,2,11
"net.sourceforge.pmd.lang.plsql.dfa.StatementAndBraceFinder",609,25,24,141,41,14,3
"net.sourceforge.pmd.lang.java.rule.AbstractJavaRule",536,127,124,133,8,6,0
"net.sourceforge.pmd.stat.StatisticalRuleTest",599,93,93,124,22,6,15
"com.cb4.common.utils.MapUtilsTest",475,34,34,52,27,0,11
"net.sourceforge.pmd.lang.apex.rule.security.ApexCRUDViolationRule",521,33,12,124,45,25,20
"net.sourceforge.pmd.RuleSetTest",534,43,40,41,25,7,0
"net.sourceforge.pmd.lang.java.rule.errorprone.NullEvalPackage",643,46,30,1,30,22,25
"net.sourceforge.pmd.lang.vf.ast.VfDocStyleTest",484,37,36,37,10,0,34
"net.sourceforge.pmd.lang.jsp.ast.JspDocStyleTest",589,49,47,49,12,1,43
"net.sourceforge.pmd.lang.java.ast.JavaParserVisitorDecorator",494,122,122,122,0,0,1
"com.concurrent_ruby.ext.jsr166e.nounsafe.EntrySetView",2304,143,109,11,23,1,52
"net.sourceforge.pmd.util.designer.ASTSelectionListener",914,74,43,3,116,22,21
"net.sourceforge.pmd.typeresolution.ClassTypeResolverTest",1283,78,64,83,123,81,0
"com.concurrent_ruby.ext.jsr166e.EntrySetView",2355,145,110,13,20,1,57
"net.sourceforge.pmd.lang.java.ast.JavaQualifiedNameTest",523,37,36,50,13,3,0
"net.sourceforge.pmd.lang.vf.rule.security.VfUnescapeElRule",439,19,4,162,21,15,19
"net.sourceforge.pmd.lang.apex.rule.AbstractApexRule",497,94,93,99,102,101,0
"net.sourceforge.pmd.lang.java.typeresolution.ClassTypeResolver",1170,77,54,271,93,78,10
"net.sourceforge.pmd.lang.java.ast.JavaParserVisitorAdapter",489,121,121,121,0,0,0
"net.sourceforge.pmd.lang.java.typeresolution.typeinference.Sides",442,23,20,2,14,2,9
"net.sourceforge.pmd.lang.java.typeresolution.MethodTypeResolution",453,24,24,114,25,10,4
"net.sourceforge.pmd.lang.java.ast.JavaParserDecoratedVisitor",618,122,122,123,0,0,1
"net.sourceforge.pmd.dcd.graph.MyMethodVisitor",415,45,35,53,17,3,8
