"namespace","noc","nac"
"me.umov.zeus.domain.creation.model",21,1
"me.umov.zeus.domain.creation.rules",12,1
"me.umov.zeus.domain.creation.initial",9,3
"me.umov.zeus.domain.creation.complementary.cloner",7,1
"me.umov.zeus.application.startcreation",6,1
"me.umov.zeus.infrastructure.database.dao",6,5
"me.umov.zeus.infrastructure.database.entity",5,0
"me.umov.zeus.domain.creation.complementary",4,1
"me.umov.zeus.domain.specification",4,2
"me.umov.zeus.application.complementary",4,1
"me.umov.zeus.architecture",3,0
"me.umov.zeus.anticorruption",3,0
"me.umov.zeus.infrastructure.services",3,0
"me.umov.zeus.application.observers",3,0
"me.umov.zeus.infrastructure.services.jaiminho",3,0
"me.umov.zeus.infrastructure.services.aws",3,1
"me.umov.zeus.domain.event",3,2
"me.umov.zeus.application.reprocess",3,0
"me.umov.zeus.infrastructure.configuration",2,0
"me.umov.zeus.application.version",1,0
"me.umov.zeus",1,0
