{"nodes":[{"name":"output","label":"output","id":"output","size":7},{"name":"selection.options.dependencies","label":"selection.options.dependencies","id":"selection.options.dependencies","size":6},{"name":"selection.options.statistics","label":"selection.options.statistics","id":"selection.options.statistics","size":6},{"name":"structures.metrics","label":"structures.metrics","id":"structures.metrics","size":5},{"name":"selection.options.general","label":"selection.options.general","id":"selection.options.general","size":4},{"name":"structures.results","label":"structures.results","id":"structures.results","size":4},{"name":"structures.statistics","label":"structures.statistics","id":"structures.statistics","size":4},{"name":"utils.files","label":"utils.files","id":"utils.files","size":4},{"name":"parser.java.visitors","label":"parser.java.visitors","id":"parser.java.visitors","size":3},{"name":"selection.options.strutures","label":"selection.options.strutures","id":"selection.options.strutures","size":3},{"name":"output.utils","label":"output.utils","id":"output.utils","size":2},{"name":"selection.options","label":"selection.options","id":"selection.options","size":2},{"name":"structures","label":"structures","id":"structures","size":2},{"name":"main","label":"main","id":"main","size":1},{"name":"parser.java","label":"parser.java","id":"parser.java","size":1},{"name":"parser","label":"parser","id":"parser","size":1},{"name":"selection","label":"selection","id":"selection","size":1},{"name":"utils.calc","label":"utils.calc","id":"utils.calc","size":1}],"links":[{"source":"output","target":"output.utils"},{"source":"output","target":"structures.metrics"},{"source":"output","target":"structures.results"},{"source":"output","target":"structures.statistics"},{"source":"output","target":"utils.calc"},{"source":"output","target":"utils.files"},{"source":"selection.options.dependencies","target":"output"},{"source":"selection.options.dependencies","target":"selection.options"},{"source":"selection.options.statistics","target":"output"},{"source":"selection.options.statistics","target":"selection.options"},{"source":"structures.metrics","target":"structures.results"},{"source":"structures.metrics","target":"utils.files"},{"source":"selection.options.general","target":"output"},{"source":"selection.options.general","target":"selection.options"},{"source":"structures.results","target":"structures"},{"source":"structures.results","target":"structures.metrics"},{"source":"structures.results","target":"utils.files"},{"source":"structures.statistics","target":"structures.metrics"},{"source":"structures.statistics","target":"structures.results"},{"source":"structures.statistics","target":"utils.calc"},{"source":"parser.java.visitors","target":"structures"},{"source":"parser.java.visitors","target":"structures.metrics"},{"source":"parser.java.visitors","target":"structures.results"},{"source":"selection.options.strutures","target":"output"},{"source":"selection.options.strutures","target":"selection.options"},{"source":"output.utils","target":"output"},{"source":"selection.options","target":"output"},{"source":"selection.options","target":"selection.options.dependencies"},{"source":"selection.options","target":"selection.options.general"},{"source":"selection.options","target":"selection.options.statistics"},{"source":"selection.options","target":"selection.options.strutures"},{"source":"main","target":"output"},{"source":"main","target":"output.utils"},{"source":"main","target":"selection"},{"source":"parser.java","target":"parser"},{"source":"parser.java","target":"parser.java.visitors"},{"source":"parser.java","target":"structures.results"},{"source":"selection","target":"output"},{"source":"selection","target":"output.utils"},{"source":"selection","target":"parser"},{"source":"selection","target":"parser.java"},{"source":"selection","target":"selection.options"},{"source":"selection","target":"structures.results"},{"source":"selection","target":"utils.files"}]}