[{"type":"output.MetricResultJSON","size":372,"dependencies":["output.utils.InfoConsole","structures.metrics.MethodMetric","structures.metrics.MetricDefinition","structures.metrics.MetricThreshold","structures.metrics.NamespaceMetric","structures.metrics.TypeMetric","structures.results.MethodMetricResult","structures.results.NamespaceMetricResult","structures.results.StatisticMetricResult","structures.results.TypeMetricResult","structures.statistics.StatisticOfMethod","structures.statistics.StatisticOfNamespace","structures.statistics.StatisticOfType","utils.calc.StatisticalAnalysis","utils.files.JSONBuilder","utils.files.StringFormat"]},{"type":"structures.results.TypeMetricResult","size":331,"dependencies":["structures.MetricResultNotifier","structures.metrics.TypeMetric","utils.files.StringFormat"]},{"type":"output.MetricResultCSV","size":279,"dependencies":["output.utils.InfoConsole","structures.metrics.MethodMetric","structures.metrics.MetricDefinition","structures.metrics.MetricThreshold","structures.metrics.NamespaceMetric","structures.metrics.TypeMetric","structures.results.MethodMetricResult","structures.results.NamespaceMetricResult","structures.results.StatisticMetricResult","structures.results.TypeMetricResult","structures.statistics.StatisticOfMethod","structures.statistics.StatisticOfNamespace","structures.statistics.StatisticOfType","utils.calc.StatisticalAnalysis","utils.files.StringFormat"]},{"type":"output.MetricResultConsole","size":259,"dependencies":["output.utils.InfoConsole","structures.metrics.MethodMetric","structures.metrics.MetricDefinition","structures.metrics.MetricThreshold","structures.metrics.NamespaceMetric","structures.metrics.TypeMetric","structures.results.MethodMetricResult","structures.results.NamespaceMetricResult","structures.results.StatisticMetricResult","structures.results.TypeMetricResult","structures.statistics.StatisticOfMethod","structures.statistics.StatisticOfNamespace","structures.statistics.StatisticOfType","utils.calc.StatisticalAnalysis","utils.files.StringFormat"]},{"type":"output.MetricResultFile","size":199,"dependencies":["output.utils.InfoConsole","structures.results.MethodMetricResult","structures.results.NamespaceMetricResult","structures.results.TypeMetricResult","utils.files.SystemUtils"]},{"type":"parser.java.visitors.TypeVisitor","size":189,"dependencies":["structures.MetricActivator","structures.metrics.TypeMetric","structures.results.TypeMetricResult"]},{"type":"parser.java.visitors.MethodVisitor","size":188,"dependencies":["structures.MetricActivator","structures.metrics.MethodMetric","structures.results.MethodMetricResult"]},{"type":"main.Bootstrapper","size":163,"dependencies":["output.MetricOutput","output.MetricResultCSV","output.MetricResultConsole","output.MetricResultFile","output.MetricResultJSON","output.utils.InfoConsole","selection.ProjectInfo"]},{"type":"structures.metrics.TypeMetric","size":151,"dependencies":["structures.results.MethodMetricResult","utils.files.SourceCodeLineCounter"]},{"type":"structures.statistics.StatisticOfType","size":144,"dependencies":["structures.metrics.TypeMetric","structures.results.MethodMetricResult","structures.results.StatisticMetricResult","structures.results.TypeMetricResult"]},{"type":"output.utils.InfoConsole","size":109,"dependencies":[]},{"type":"utils.files.SourceCodeLineCounter","size":99,"dependencies":[]},{"type":"structures.results.MethodMetricResult","size":96,"dependencies":["structures.MetricResultNotifier","structures.metrics.MethodMetric"]},{"type":"structures.results.NamespaceMetricResult","size":94,"dependencies":["structures.MetricResultNotifier","structures.metrics.NamespaceMetric"]},{"type":"structures.statistics.StatisticOfMethod","size":85,"dependencies":["structures.metrics.MethodMetric","structures.results.MethodMetricResult","structures.results.StatisticMetricResult"]},{"type":"parser.java.JavaParser","size":74,"dependencies":["parser.TypeParser","parser.java.visitors.MethodVisitor","parser.java.visitors.NamespaceVisitor","parser.java.visitors.TypeVisitor","structures.results.MethodMetricResult","structures.results.NamespaceMetricResult","structures.results.TypeMetricResult"]},{"type":"structures.metrics.MethodMetric","size":73,"dependencies":[]},{"type":"selection.ProjectInfo","size":69,"dependencies":["output.MetricOutput","output.utils.Gauge","parser.TypeParser","parser.java.JavaParser","selection.options.Options","structures.results.MethodMetricResult","structures.results.NamespaceMetricResult","structures.results.TypeMetricResult","utils.files.SystemUtils"]},{"type":"utils.calc.StatisticalAnalysis","size":64,"dependencies":[]},{"type":"structures.results.StatisticMetricResult","size":62,"dependencies":[]},{"type":"structures.metrics.MetricThreshold","size":62,"dependencies":[]},{"type":"structures.statistics.StatisticalOperations","size":59,"dependencies":["structures.metrics.MetricDefinition","structures.metrics.MetricThreshold","structures.results.StatisticMetricResult","utils.calc.StatisticalAnalysis"]},{"type":"selection.options.Options","size":50,"dependencies":["selection.options.dependencies.AllCouplingOption","selection.options.dependencies.CyclicDependencyOption","selection.options.dependencies.DependencyOption","selection.options.dependencies.InternalDependencyOption","selection.options.dependencies.NamespaceCouplingOption","selection.options.dependencies.TypeCouplingOption","selection.options.general.AllMetricsOption","selection.options.general.MetricVisualizationOption","selection.options.general.SummaryOption","selection.options.general.ThresholdsOption","selection.options.statistics.StatisticAndMethodOption","selection.options.statistics.StatisticAndNamespaceOption","selection.options.statistics.StatisticAndTypeOption","selection.options.statistics.StatisticMethodOption","selection.options.statistics.StatisticNamespaceOption","selection.options.statistics.StatisticTypeOption","selection.options.strutures.MethodOption","selection.options.strutures.NamespaceOption","selection.options.strutures.TypeOption"]},{"type":"output.MetricResultDOT","size":45,"dependencies":["structures.results.NamespaceMetricResult","structures.results.TypeMetricResult"]},{"type":"utils.files.SystemUtils","size":39,"dependencies":[]},{"type":"structures.metrics.NamespaceMetric","size":38,"dependencies":[]},{"type":"structures.statistics.StatisticOfNamespace","size":37,"dependencies":["structures.metrics.NamespaceMetric","structures.results.NamespaceMetricResult","structures.results.StatisticMetricResult"]},{"type":"structures.metrics.MetricDefinition","size":33,"dependencies":[]},{"type":"utils.files.JSONBuilder","size":28,"dependencies":[]},{"type":"output.MetricOutput","size":27,"dependencies":["structures.results.MethodMetricResult","structures.results.NamespaceMetricResult","structures.results.TypeMetricResult"]},{"type":"parser.java.visitors.NamespaceVisitor","size":24,"dependencies":["structures.MetricActivator","structures.metrics.NamespaceMetric","structures.results.NamespaceMetricResult"]},{"type":"output.utils.Gauge","size":23,"dependencies":["output.MetricOutput","output.MetricResultConsole"]},{"type":"utils.files.StringFormat","size":20,"dependencies":[]},{"type":"output.MetricFile","size":14,"dependencies":[]},{"type":"selection.options.dependencies.TypeCouplingOption","size":11,"dependencies":["output.MetricOutput","selection.options.OptionDefinition"]},{"type":"selection.options.general.AllMetricsOption","size":11,"dependencies":["output.MetricOutput","selection.options.OptionDefinition"]},{"type":"selection.options.general.MetricVisualizationOption","size":11,"dependencies":["output.MetricOutput","selection.options.OptionDefinition"]},{"type":"selection.options.statistics.StatisticAndTypeOption","size":11,"dependencies":["output.MetricOutput","selection.options.OptionDefinition"]},{"type":"selection.options.statistics.StatisticTypeOption","size":11,"dependencies":["output.MetricOutput","selection.options.OptionDefinition"]},{"type":"selection.options.strutures.TypeOption","size":11,"dependencies":["output.MetricOutput","selection.options.OptionDefinition"]},{"type":"selection.options.dependencies.AllCouplingOption","size":10,"dependencies":["output.MetricOutput","selection.options.OptionDefinition"]},{"type":"selection.options.dependencies.CyclicDependencyOption","size":10,"dependencies":["output.MetricOutput","selection.options.OptionDefinition"]},{"type":"selection.options.dependencies.InternalDependencyOption","size":10,"dependencies":["output.MetricOutput","selection.options.OptionDefinition"]},{"type":"selection.options.dependencies.NamespaceCouplingOption","size":10,"dependencies":["output.MetricOutput","selection.options.OptionDefinition"]},{"type":"selection.options.statistics.StatisticAndNamespaceOption","size":10,"dependencies":["output.MetricOutput","selection.options.OptionDefinition"]},{"type":"selection.options.statistics.StatisticNamespaceOption","size":10,"dependencies":["output.MetricOutput","selection.options.OptionDefinition"]},{"type":"selection.options.strutures.NamespaceOption","size":10,"dependencies":["output.MetricOutput","selection.options.OptionDefinition"]},{"type":"selection.options.dependencies.DependencyOption","size":9,"dependencies":["output.MetricOutput","selection.options.OptionDefinition"]},{"type":"selection.options.general.SummaryOption","size":9,"dependencies":["output.MetricOutput","selection.options.OptionDefinition"]},{"type":"selection.options.general.ThresholdsOption","size":9,"dependencies":["output.MetricOutput","selection.options.OptionDefinition"]},{"type":"selection.options.statistics.StatisticAndMethodOption","size":9,"dependencies":["output.MetricOutput","selection.options.OptionDefinition"]},{"type":"selection.options.statistics.StatisticMethodOption","size":9,"dependencies":["output.MetricOutput","selection.options.OptionDefinition"]},{"type":"selection.options.strutures.MethodOption","size":9,"dependencies":["output.MetricOutput","selection.options.OptionDefinition"]},{"type":"structures.MetricResultNotifier","size":7,"dependencies":[]},{"type":"selection.options.OptionDefinition","size":5,"dependencies":["output.MetricOutput"]},{"type":"structures.MetricActivator","size":5,"dependencies":[]},{"type":"parser.TypeParser","size":4,"dependencies":[]}]