{"name":"variants","children":[{"name":"main","children":[{"name":"Bootstrapper","sloc":163,"wmc":47}]},{"name":"output","children":[{"name":"MetricFile","sloc":14,"wmc":11},{"name":"MetricOutput","sloc":27,"wmc":21},{"name":"MetricResultConsole","sloc":259,"wmc":37},{"name":"MetricResultCSV","sloc":279,"wmc":44},{"name":"MetricResultDOT","sloc":45,"wmc":11},{"name":"MetricResultFile","sloc":199,"wmc":55},{"name":"MetricResultJSON","sloc":372,"wmc":62}]},{"name":"output.utils","children":[{"name":"Gauge","sloc":23,"wmc":7},{"name":"InfoConsole","sloc":109,"wmc":15}]},{"name":"parser.java","children":[{"name":"JavaParser","sloc":74,"wmc":7}]},{"name":"parser.java.visitors","children":[{"name":"MethodVisitor","sloc":188,"wmc":39},{"name":"NamespaceVisitor","sloc":24,"wmc":6},{"name":"TypeVisitor","sloc":189,"wmc":42}]},{"name":"parser","children":[{"name":"TypeParser","sloc":4,"wmc":1}]},{"name":"selection.options.dependencies","children":[{"name":"AllCouplingOption","sloc":10,"wmc":1},{"name":"CyclicDependencyOption","sloc":10,"wmc":1},{"name":"DependencyOption","sloc":9,"wmc":1},{"name":"InternalDependencyOption","sloc":10,"wmc":1},{"name":"NamespaceCouplingOption","sloc":10,"wmc":1},{"name":"TypeCouplingOption","sloc":11,"wmc":1}]},{"name":"selection.options.general","children":[{"name":"AllMetricsOption","sloc":11,"wmc":1},{"name":"MetricVisualizationOption","sloc":11,"wmc":1},{"name":"SummaryOption","sloc":9,"wmc":1},{"name":"ThresholdsOption","sloc":9,"wmc":1}]},{"name":"selection.options","children":[{"name":"OptionDefinition","sloc":5,"wmc":1},{"name":"Options","sloc":50,"wmc":2}]},{"name":"selection.options.statistics","children":[{"name":"StatisticAndMethodOption","sloc":9,"wmc":1},{"name":"StatisticAndNamespaceOption","sloc":10,"wmc":1},{"name":"StatisticAndTypeOption","sloc":11,"wmc":1},{"name":"StatisticMethodOption","sloc":9,"wmc":1},{"name":"StatisticNamespaceOption","sloc":10,"wmc":1},{"name":"StatisticTypeOption","sloc":11,"wmc":1}]},{"name":"selection.options.strutures","children":[{"name":"MethodOption","sloc":9,"wmc":1},{"name":"NamespaceOption","sloc":10,"wmc":1},{"name":"TypeOption","sloc":11,"wmc":1}]},{"name":"selection","children":[{"name":"ProjectInfo","sloc":69,"wmc":12}]},{"name":"structures","children":[{"name":"MetricActivator","sloc":5,"wmc":1},{"name":"MetricResultNotifier","sloc":7,"wmc":3}]},{"name":"structures.metrics","children":[{"name":"MethodMetric","sloc":73,"wmc":19},{"name":"MetricDefinition","sloc":33,"wmc":7},{"name":"MetricThreshold","sloc":62,"wmc":5},{"name":"NamespaceMetric","sloc":38,"wmc":11},{"name":"TypeMetric","sloc":151,"wmc":37}]},{"name":"structures.results","children":[{"name":"MethodMetricResult","sloc":96,"wmc":25},{"name":"NamespaceMetricResult","sloc":94,"wmc":26},{"name":"StatisticMetricResult","sloc":62,"wmc":14},{"name":"TypeMetricResult","sloc":331,"wmc":99}]},{"name":"structures.statistics","children":[{"name":"StatisticalOperations","sloc":59,"wmc":16},{"name":"StatisticOfMethod","sloc":85,"wmc":11},{"name":"StatisticOfNamespace","sloc":37,"wmc":6},{"name":"StatisticOfType","sloc":144,"wmc":16}]},{"name":"utils.calc","children":[{"name":"StatisticalAnalysis","sloc":64,"wmc":19}]},{"name":"utils.files","children":[{"name":"JSONBuilder","sloc":28,"wmc":6},{"name":"SourceCodeLineCounter","sloc":99,"wmc":29},{"name":"StringFormat","sloc":20,"wmc":9},{"name":"SystemUtils","sloc":39,"wmc":3}]}]}