{"name":"variants","children":[{"name":"org.sonar.core.component","children":[{"name":"ComponentKeys","sloc":39,"wmc":8},{"name":"DefaultResourceTypes","sloc":43,"wmc":2},{"name":"ComponentKeysTest","sloc":57,"wmc":8},{"name":"DefaultResourceTypesTest","sloc":13,"wmc":1}]},{"name":"org.sonar.core.config","children":[{"name":"CorePropertyDefinitions","sloc":149,"wmc":2},{"name":"DebtProperties","sloc":50,"wmc":2},{"name":"ExclusionProperties","sloc":68,"wmc":2},{"name":"IssueExclusionProperties","sloc":120,"wmc":2},{"name":"Logback","sloc":51,"wmc":7},{"name":"PurgeConstants","sloc":11,"wmc":1},{"name":"PurgeProperties","sloc":77,"wmc":2},{"name":"ScannerProperties","sloc":66,"wmc":2},{"name":"SecurityProperties","sloc":22,"wmc":2},{"name":"WebConstants","sloc":10,"wmc":1},{"name":"CorePropertyDefinitionsTest","sloc":19,"wmc":2},{"name":"PurgePropertiesTest","sloc":9,"wmc":1}]},{"name":"org.sonar.core.extension","children":[{"name":"CoreExtension","sloc":25,"wmc":8},{"name":"CoreExtensionRepository","sloc":9,"wmc":4},{"name":"CoreExtensionRepositoryImpl","sloc":39,"wmc":5},{"name":"CoreExtensionsInstaller","sloc":137,"wmc":25},{"name":"CoreExtensionsLoader","sloc":40,"wmc":5},{"name":"ExtensionProviderSupport","sloc":13,"wmc":4},{"name":"PlatformLevelPredicates","sloc":41,"wmc":8},{"name":"ServiceLoaderWrapper","sloc":14,"wmc":2},{"name":"CoreExtensionRepositoryImplTest","sloc":122,"wmc":15},{"name":"CoreExtensionsInstallerTest","sloc":328,"wmc":39},{"name":"CoreExtensionsLoaderTest","sloc":62,"wmc":5},{"name":"CoreExtensionTest","sloc":18,"wmc":1}]},{"name":"org.sonar.core.hash","children":[{"name":"LineRange","sloc":18,"wmc":3},{"name":"SourceHashComputer","sloc":15,"wmc":3},{"name":"SourceLineHashesComputer","sloc":34,"wmc":6},{"name":"LineRangeTest","sloc":27,"wmc":3},{"name":"SourceHashComputerTest","sloc":27,"wmc":4},{"name":"SourceLinesHashesComputerTest","sloc":55,"wmc":6}]},{"name":"org.sonar.core.i18n","children":[{"name":"DefaultI18n","sloc":181,"wmc":30},{"name":"DurationLabel","sloc":61,"wmc":18},{"name":"I18n","sloc":18,"wmc":8},{"name":"I18nClassloader","sloc":47,"wmc":9},{"name":"DefaultI18nTest","sloc":169,"wmc":28},{"name":"DurationLabelTest","sloc":92,"wmc":13},{"name":"I18nClassloaderTest","sloc":54,"wmc":9}]},{"name":"org.sonar.core.issue","children":[{"name":"DefaultIssue","sloc":490,"wmc":110},{"name":"DefaultIssueComment","sloc":76,"wmc":15},{"name":"FieldDiffs","sloc":227,"wmc":56},{"name":"IssueChangeContext","sloc":57,"wmc":12},{"name":"DefaultIssueTest","sloc":177,"wmc":14},{"name":"FieldDiffsTest","sloc":149,"wmc":17},{"name":"IssueChangeContextTest","sloc":22,"wmc":2}]},{"name":"org.sonar.core.issue.tracking","children":[{"name":"AbstractTracker","sloc":165,"wmc":34},{"name":"BlockHashSequence","sloc":55,"wmc":13},{"name":"BlockRecognizer","sloc":135,"wmc":29},{"name":"FilteringBaseInputWrapper","sloc":28,"wmc":4},{"name":"Input","sloc":7,"wmc":3},{"name":"LazyInput","sloc":31,"wmc":8},{"name":"LineHashSequence","sloc":45,"wmc":11},{"name":"NonClosedTracking","sloc":21,"wmc":4},{"name":"SimpleTracker","sloc":10,"wmc":1},{"name":"Trackable","sloc":16,"wmc":6},{"name":"Tracker","sloc":59,"wmc":9},{"name":"Tracking","sloc":57,"wmc":11},{"name":"BlockHashSequenceTest","sloc":17,"wmc":1},{"name":"BlockRecognizerTest","sloc":30,"wmc":5},{"name":"TrackerTest","sloc":430,"wmc":33}]},{"name":"org.sonar.core.metric","children":[{"name":"ScannerMetrics","sloc":79,"wmc":4},{"name":"ScannerMetricsTest","sloc":40,"wmc":5}]},{"name":"org.sonar.core.platform","children":[{"name":"ComponentContainer","sloc":243,"wmc":50},{"name":"ComponentKeys","sloc":27,"wmc":5},{"name":"ContainerPopulator","sloc":12,"wmc":5},{"name":"EditionProvider","sloc":24,"wmc":2},{"name":"ExplodedPlugin","sloc":22,"wmc":4},{"name":"Module","sloc":22,"wmc":6},{"name":"PicoUtils","sloc":22,"wmc":7},{"name":"PlatformEditionProvider","sloc":22,"wmc":4},{"name":"PluginClassLoaderDef","sloc":63,"wmc":15},{"name":"PluginClassloaderFactory","sloc":82,"wmc":13},{"name":"PluginInfo","sloc":353,"wmc":71},{"name":"PluginJarExploder","sloc":24,"wmc":5},{"name":"PluginLoader","sloc":103,"wmc":18},{"name":"PluginRepository","sloc":15,"wmc":4},{"name":"RemotePluginFile","sloc":15,"wmc":3},{"name":"ServerId","sloc":120,"wmc":23},{"name":"StartableCloseableSafeLifecyleStrategy","sloc":76,"wmc":15},{"name":"ComponentContainerTest","sloc":447,"wmc":55},{"name":"ComponentKeysTest","sloc":47,"wmc":6},{"name":"ModuleTest","sloc":47,"wmc":5},{"name":"PicoUtilsTest","sloc":64,"wmc":7},{"name":"PlatformEditionProviderTest","sloc":45,"wmc":3},{"name":"PluginClassLoaderDefTest","sloc":18,"wmc":1},{"name":"PluginClassloaderFactoryTest","sloc":81,"wmc":9},{"name":"PluginInfoTest","sloc":241,"wmc":17},{"name":"PluginJarExploderTest","sloc":52,"wmc":3},{"name":"PluginLoaderTest","sloc":100,"wmc":5},{"name":"ServerIdTest","sloc":242,"wmc":22},{"name":"StartableCloseableSafeLifecyleStrategyTest","sloc":147,"wmc":17}]},{"name":"org.sonar.core.user","children":[{"name":"DefaultUser","sloc":65,"wmc":14}]},{"name":"org.sonar.core.util","children":[{"name":"CloseableIterator","sloc":134,"wmc":24},{"name":"ContextException","sloc":90,"wmc":22},{"name":"DefaultHttpDownloader","sloc":235,"wmc":42},{"name":"FileUtils","sloc":115,"wmc":24},{"name":"HttpsTrust","sloc":57,"wmc":9},{"name":"LineReaderIterator","sloc":26,"wmc":4},{"name":"MacAddressProvider","sloc":68,"wmc":15},{"name":"NonNullInputFunction","sloc":12,"wmc":2},{"name":"ProgressLogger","sloc":64,"wmc":12},{"name":"Protobuf","sloc":98,"wmc":12},{"name":"ProtobufJsonFormat","sloc":118,"wmc":26},{"name":"SequenceUuidFactory","sloc":9,"wmc":1},{"name":"SettingFormatter","sloc":19,"wmc":4},{"name":"Slug","sloc":71,"wmc":15},{"name":"UtcDateUtils","sloc":27,"wmc":3},{"name":"UuidFactory","sloc":4,"wmc":1},{"name":"UuidFactoryFast","sloc":37,"wmc":8},{"name":"UuidGenerator","sloc":9,"wmc":3},{"name":"UuidGeneratorImpl","sloc":66,"wmc":11},{"name":"Uuids","sloc":22,"wmc":3},{"name":"CloseableIteratorTest","sloc":200,"wmc":30},{"name":"ContextExceptionTest","sloc":68,"wmc":8},{"name":"DefaultHttpDownloaderTest","sloc":247,"wmc":21},{"name":"FileUtilsTest","sloc":183,"wmc":16},{"name":"HttpsTrustTest","sloc":67,"wmc":7},{"name":"LineReaderIteratorTest","sloc":52,"wmc":5},{"name":"MacAddressProviderTest","sloc":17,"wmc":2},{"name":"NonNullInputFunctionTest","sloc":26,"wmc":3},{"name":"ProgressLoggerTest","sloc":42,"wmc":4},{"name":"ProtobufJsonFormatTest","sloc":158,"wmc":15},{"name":"ProtobufTest","sloc":80,"wmc":8},{"name":"SequenceUuidFactoryTest","sloc":12,"wmc":2},{"name":"SettingFormatterTest","sloc":20,"wmc":3},{"name":"SlugTest","sloc":16,"wmc":1},{"name":"UtcDateUtilsTest","sloc":21,"wmc":2},{"name":"UuidFactoryFastTest","sloc":16,"wmc":2},{"name":"UuidFactoryImplTest","sloc":16,"wmc":2},{"name":"UuidGeneratorImplTest","sloc":99,"wmc":10},{"name":"UuidsTest","sloc":22,"wmc":3}]},{"name":"org.sonar.core.util.logs","children":[{"name":"DefaultProfiler","sloc":246,"wmc":60},{"name":"NullProfiler","sloc":95,"wmc":23},{"name":"Profiler","sloc":42,"wmc":27},{"name":"DefaultProfilerTest","sloc":288,"wmc":23},{"name":"NullProfilerTest","sloc":29,"wmc":2},{"name":"ProfilerTest","sloc":34,"wmc":3}]},{"name":"org.sonar.core.util.stream","children":[{"name":"MoreCollectors","sloc":217,"wmc":24},{"name":"MoreCollectorsTest","sloc":557,"wmc":90}]},{"name":"com.sonarsource.plugins.license.api","children":[{"name":"FooBar","sloc":3,"wmc":1}]},{"name":"org.sonar.plugins.base.api","children":[{"name":"BaseApi","sloc":5,"wmc":1}]},{"name":"org.sonar.plugins.base","children":[{"name":"BasePlugin","sloc":8,"wmc":1}]},{"name":"org.sonar.plugins.dependent","children":[{"name":"DependentPlugin","sloc":12,"wmc":2}]}]}