{"nodes":[{"name":"org.sonar.core.util","label":"org.sonar.core.util","id":"org.sonar.core.util","size":41},{"name":"org.sonar.core.platform","label":"org.sonar.core.platform","id":"org.sonar.core.platform","size":30},{"name":"org.sonar.core.issue.tracking","label":"org.sonar.core.issue.tracking","id":"org.sonar.core.issue.tracking","size":16},{"name":"org.sonar.core.extension","label":"org.sonar.core.extension","id":"org.sonar.core.extension","size":14},{"name":"org.sonar.core.config","label":"org.sonar.core.config","id":"org.sonar.core.config","size":13},{"name":"org.sonar.core.i18n","label":"org.sonar.core.i18n","id":"org.sonar.core.i18n","size":8},{"name":"org.sonar.core.issue","label":"org.sonar.core.issue","id":"org.sonar.core.issue","size":8},{"name":"org.sonar.core.hash","label":"org.sonar.core.hash","id":"org.sonar.core.hash","size":7},{"name":"org.sonar.core.util.logs","label":"org.sonar.core.util.logs","id":"org.sonar.core.util.logs","size":7},{"name":"org.sonar.core.component","label":"org.sonar.core.component","id":"org.sonar.core.component","size":5},{"name":"org.sonar.core.metric","label":"org.sonar.core.metric","id":"org.sonar.core.metric","size":3},{"name":"org.sonar.core.util.stream","label":"org.sonar.core.util.stream","id":"org.sonar.core.util.stream","size":3},{"name":"org.sonar.core.user","label":"org.sonar.core.user","id":"org.sonar.core.user","size":2},{"name":"com.sonarsource.plugins.license.api","label":"com.sonarsource.plugins.license.api","id":"com.sonarsource.plugins.license.api","size":1},{"name":"org.sonar.plugins.base.api","label":"org.sonar.plugins.base.api","id":"org.sonar.plugins.base.api","size":1},{"name":"org.sonar.plugins.base","label":"org.sonar.plugins.base","id":"org.sonar.plugins.base","size":1},{"name":"org.sonar.plugins.dependent","label":"org.sonar.plugins.dependent","id":"org.sonar.plugins.dependent","size":1}],"links":[{"source":"org.sonar.core.platform","target":"com.sonarsource.plugins.license.api"},{"source":"org.sonar.core.platform","target":"org.sonar.core.util"},{"source":"org.sonar.core.issue.tracking","target":"org.sonar.core.hash"},{"source":"org.sonar.core.issue.tracking","target":"org.sonar.core.issue"},{"source":"org.sonar.core.extension","target":"org.sonar.core.platform"},{"source":"org.sonar.core.extension","target":"org.sonar.core.util.stream"},{"source":"org.sonar.core.i18n","target":"org.sonar.core.platform"},{"source":"org.sonar.core.issue","target":"org.sonar.core.issue.tracking"},{"source":"org.sonar.core.issue","target":"org.sonar.core.util"},{"source":"org.sonar.plugins.dependent","target":"org.sonar.plugins.base.api"}]}