"type","sloc","nom","npm","wmc","dep","i-dep","fan-in","fan-out","noa","lcom3"
"org.sonar.core.util.stream.MoreCollectorsTest",557,90,87,90,32,0,0,11,22,0.933605720122574
"org.sonar.core.issue.DefaultIssue",490,91,91,110,29,1,8,8,38,0.7944444444444444
"org.sonar.core.platform.ComponentContainerTest",447,51,50,55,17,0,0,11,14,0.99
"org.sonar.core.issue.tracking.TrackerTest",430,32,31,33,13,0,0,6,15,0.7806451612903226
"org.sonar.core.platform.PluginInfo",353,54,52,71,22,0,24,8,24,0.8089622641509434
"org.sonar.core.extension.CoreExtensionsInstallerTest",328,21,15,39,38,1,0,6,5,0.9
"org.sonar.core.util.logs.DefaultProfilerTest",288,23,22,23,12,0,0,3,2,1.0
"org.sonar.core.util.DefaultHttpDownloaderTest",247,25,25,21,43,0,0,5,5,0.9166666666666666
"org.sonar.core.util.logs.DefaultProfiler",246,38,24,60,7,0,1,6,8,0.9459459459459459
"org.sonar.core.platform.ComponentContainer",243,35,26,50,25,0,37,7,6,0.9411764705882353
"org.sonar.core.platform.ServerIdTest",242,22,22,22,24,0,0,3,1,1.0
"org.sonar.core.platform.PluginInfoTest",241,16,16,17,22,0,0,3,2,1.0
"org.sonar.core.util.DefaultHttpDownloader",235,29,19,42,30,0,14,14,15,0.75
"org.sonar.core.issue.FieldDiffs",227,31,22,56,12,0,3,11,10,0.87
"org.sonar.core.util.stream.MoreCollectors",217,25,21,24,21,0,1,6,3,1.027777777777778
"org.sonar.core.util.CloseableIteratorTest",200,28,20,30,9,0,0,4,6,0.9753086419753086
"org.sonar.core.util.FileUtilsTest",183,16,14,16,13,0,0,1,2,1.0
"org.sonar.core.i18n.DefaultI18n",181,20,15,30,29,2,1,10,7,0.8421052631578947
"org.sonar.core.issue.DefaultIssueTest",177,14,14,14,12,0,0,1,1,1.0769230769230769
"org.sonar.core.i18n.DefaultI18nTest",169,22,21,28,16,2,0,7,2,1.0238095238095237
"org.sonar.core.issue.tracking.AbstractTracker",165,16,13,34,9,0,2,3,15,1.0222222222222224
"org.sonar.core.util.ProtobufJsonFormatTest",158,15,15,15,20,0,0,0,1,1.0
"org.sonar.core.issue.FieldDiffsTest",149,17,17,17,2,0,0,0,3,0.9583333333333334
"org.sonar.core.config.CorePropertyDefinitions",149,2,1,2,10,0,0,2,5,0.0
"org.sonar.core.platform.StartableCloseableSafeLifecyleStrategyTest",147,23,22,17,12,0,0,4,2,1.0454545454545454
"org.sonar.core.extension.CoreExtensionsInstaller",137,17,10,25,16,1,0,9,9,0.75
"org.sonar.core.issue.tracking.BlockRecognizer",135,7,3,29,10,0,1,5,8,0.7291666666666666
"org.sonar.core.util.CloseableIterator",134,22,11,24,9,0,5,5,6,0.888888888888889
"org.sonar.core.extension.CoreExtensionRepositoryImplTest",122,17,14,15,13,0,0,1,3,1.0
"org.sonar.core.platform.ServerId",120,12,9,23,14,1,4,6,10,0.5909090909090909
"org.sonar.core.config.IssueExclusionProperties",120,2,1,2,7,0,0,0,19,0.0
"org.sonar.core.util.ProtobufJsonFormat",118,10,2,26,8,0,0,3,3,1.0
"org.sonar.core.util.FileUtils",115,14,9,24,13,0,0,2,6,0.8846153846153846
"org.sonar.core.platform.PluginLoader",103,6,5,18,11,0,1,6,4,0.7
"org.sonar.core.platform.PluginLoaderTest",100,5,5,5,16,0,0,1,4,0.8125
"org.sonar.core.util.UuidGeneratorImplTest",99,4,4,10,9,0,0,7,1,1.0
"org.sonar.core.util.Protobuf",98,11,7,12,11,0,0,2,2,0.95
"org.sonar.core.util.logs.NullProfiler",95,23,22,23,1,0,1,1,1,1.0454545454545454
"org.sonar.core.i18n.DurationLabelTest",92,13,11,13,4,0,0,2,6,0.7916666666666666
"org.sonar.core.util.ContextException",90,14,9,22,9,0,5,6,2,0.9615384615384616
"org.sonar.core.platform.PluginClassloaderFactory",82,6,2,13,13,0,1,6,1,1.0
"org.sonar.core.platform.PluginClassloaderFactoryTest",81,7,3,9,8,1,0,4,5,0.7666666666666666
"org.sonar.core.util.ProtobufTest",80,8,8,8,10,0,0,0,2,1.0
"org.sonar.core.metric.ScannerMetrics",79,4,3,4,34,0,0,1,2,0.8333333333333334
"org.sonar.core.config.PurgeProperties",77,2,1,2,6,0,0,0,0,0.0
"org.sonar.core.issue.DefaultIssueComment",76,15,15,15,5,1,2,2,7,0.7857142857142857
"org.sonar.core.platform.StartableCloseableSafeLifecyleStrategy",76,6,5,15,9,0,2,6,2,0.9
"org.sonar.core.util.Slug",71,13,1,15,3,0,1,3,6,0.7916666666666666
"org.sonar.core.util.ContextExceptionTest",68,8,8,8,2,0,0,0,1,1.1428571428571428
"org.sonar.core.util.MacAddressProvider",68,5,1,15,9,0,0,2,2,0.875
"org.sonar.core.config.ExclusionProperties",68,2,1,2,6,0,0,0,0,0.0
"org.sonar.core.util.HttpsTrustTest",67,7,6,7,11,0,0,4,0,0.0
"org.sonar.core.util.UuidGeneratorImpl",66,9,7,11,3,0,1,8,5,0.95
"org.sonar.core.config.ScannerProperties",66,2,1,2,6,0,0,1,9,0.0
"org.sonar.core.user.DefaultUser",65,11,11,14,6,0,0,3,4,0.85
"org.sonar.core.util.ProgressLogger",64,12,10,12,5,0,2,3,8,0.6818181818181818
"org.sonar.core.platform.PicoUtilsTest",64,7,6,7,8,0,0,5,0,0.0
"org.sonar.core.platform.PluginClassLoaderDef",63,11,11,15,10,0,6,4,5,0.96
"org.sonar.core.extension.CoreExtensionsLoaderTest",62,5,4,5,14,0,0,2,4,0.625
"org.sonar.core.i18n.DurationLabel",61,8,4,18,2,0,0,2,2,0.9285714285714286
"org.sonar.core.issue.tracking.Tracker",59,8,5,9,6,0,1,7,1,1.0
"org.sonar.core.issue.tracking.Tracking",57,10,9,11,6,0,4,4,4,0.8333333333333334
"org.sonar.core.issue.IssueChangeContext",57,9,8,12,5,0,2,1,3,0.875
"org.sonar.core.util.HttpsTrust",57,8,6,9,11,0,2,2,3,0.9523809523809524
"org.sonar.core.component.ComponentKeysTest",57,8,8,8,4,0,0,0,1,1.0
"org.sonar.core.issue.tracking.BlockHashSequence",55,8,8,13,2,0,5,4,5,0.7142857142857143
"org.sonar.core.hash.SourceLinesHashesComputerTest",55,6,5,6,7,0,0,2,1,1.0
"org.sonar.core.i18n.I18nClassloaderTest",54,8,6,9,10,1,0,3,2,0.9285714285714286
"org.sonar.core.platform.PluginJarExploderTest",52,5,4,3,7,0,0,3,1,1.25
"org.sonar.core.util.LineReaderIteratorTest",52,5,5,5,9,0,0,0,1,1.0
"org.sonar.core.config.Logback",51,5,2,7,12,0,0,4,0,0.0
"org.sonar.core.config.DebtProperties",50,2,0,2,6,0,0,0,0,0.0
"org.sonar.core.platform.ModuleTest",47,9,4,5,2,0,0,1,2,1.0
"org.sonar.core.i18n.I18nClassloader",47,6,4,9,8,2,3,7,1,1.0
"org.sonar.core.platform.ComponentKeysTest",47,6,6,6,7,0,0,0,2,1.0
"org.sonar.core.issue.tracking.LineHashSequence",45,7,7,11,6,1,3,2,2,0.9166666666666666
"org.sonar.core.platform.PlatformEditionProviderTest",45,3,3,3,8,0,0,0,1,1.0
"org.sonar.core.component.DefaultResourceTypes",43,2,1,2,6,0,0,0,2,0.5
"org.sonar.core.util.logs.Profiler",42,25,25,27,2,0,2,1,0,0.0
"org.sonar.core.util.ProgressLoggerTest",42,3,2,4,9,0,0,2,1,1.0
"org.sonar.core.extension.PlatformLevelPredicates",41,5,2,8,3,0,0,4,0,0.0
"org.sonar.core.metric.ScannerMetricsTest",40,5,4,5,7,0,0,2,1,1.0
"org.sonar.core.extension.CoreExtensionsLoader",40,4,3,5,7,1,1,9,3,0.6666666666666666
"org.sonar.core.component.ComponentKeys",39,6,5,8,4,0,0,4,5,0.96
"org.sonar.core.extension.CoreExtensionRepositoryImpl",39,5,4,5,7,0,1,2,2,0.875
"org.sonar.core.util.UuidFactoryFast",37,6,3,8,1,0,1,5,3,0.8666666666666666
"org.sonar.core.hash.SourceLineHashesComputer",34,5,4,6,9,0,4,3,2,0.875
"org.sonar.core.util.logs.ProfilerTest",34,3,3,3,6,0,0,0,1,1.5
"org.sonar.core.issue.tracking.LazyInput",31,5,3,8,2,0,0,2,3,0.75
"org.sonar.core.issue.tracking.BlockRecognizerTest",30,4,2,5,4,0,0,3,0,0.0
"org.sonar.core.util.logs.NullProfilerTest",29,2,2,2,2,0,0,0,1,1.0
"org.sonar.core.issue.tracking.FilteringBaseInputWrapper",28,4,4,4,4,0,2,3,2,0.8333333333333334
"org.sonar.core.hash.SourceHashComputerTest",27,4,3,4,4,0,0,2,1,1.3333333333333333
"org.sonar.core.util.UtcDateUtils",27,3,2,3,6,0,0,2,1,1.0
"org.sonar.core.hash.LineRangeTest",27,3,3,3,4,0,0,0,1,1.0
"org.sonar.core.platform.ComponentKeys",27,2,2,5,6,1,3,8,2,1.0
"org.sonar.core.util.LineReaderIterator",26,3,1,4,3,0,5,1,1,1.0
"org.sonar.core.util.NonNullInputFunctionTest",26,3,2,3,3,0,0,2,1,1.5
"org.sonar.core.extension.CoreExtension",25,8,6,8,6,0,0,1,0,0.0
"org.sonar.core.platform.EditionProvider",24,3,3,2,4,0,1,0,2,0.75
"org.sonar.core.platform.PluginJarExploder",24,3,1,5,6,0,1,1,1,1.0
"org.sonar.core.platform.ExplodedPlugin",22,4,4,4,2,0,2,0,3,0.6666666666666666
"org.sonar.core.platform.Module",22,3,1,6,2,0,0,1,1,1.0
"org.sonar.core.platform.PicoUtils",22,3,0,7,2,0,0,3,0,0.0
"org.sonar.core.platform.PlatformEditionProvider",22,3,3,4,3,0,0,1,2,1.0
"org.sonar.core.util.Uuids",22,3,2,3,0,0,2,0,11,0.0
"org.sonar.core.config.SecurityProperties",22,2,0,2,5,0,0,1,0,0.0
"org.sonar.core.issue.IssueChangeContextTest",22,2,2,2,3,0,0,0,0,0.0
"org.sonar.core.util.UuidsTest",22,2,2,3,5,0,0,1,0,0.0
"org.sonar.core.issue.tracking.NonClosedTracking",21,4,3,4,1,0,0,1,2,0.8333333333333334
"org.sonar.core.util.UtcDateUtilsTest",21,2,2,2,4,0,0,0,0,0.0
"org.sonar.core.util.SettingFormatterTest",20,3,3,3,2,0,0,0,0,0.0
"org.sonar.core.util.SettingFormatter",19,3,2,4,3,0,0,1,0,0.0
"org.sonar.core.config.CorePropertyDefinitionsTest",19,2,2,2,4,0,0,0,0,0.0
"org.sonar.core.i18n.I18n",18,8,8,8,5,0,1,1,0,0.0
"org.sonar.core.hash.LineRange",18,3,3,3,1,0,3,0,2,0.75
"org.sonar.core.extension.CoreExtensionTest",18,3,3,1,2,0,0,0,1,1.5
"org.sonar.core.platform.PluginClassLoaderDefTest",18,1,1,1,2,0,0,0,0,0.0
"org.sonar.core.util.MacAddressProviderTest",17,2,2,2,2,0,0,0,0,0.0
"org.sonar.core.issue.tracking.BlockHashSequenceTest",17,1,1,1,3,0,0,0,0,0.0
"org.sonar.core.issue.tracking.Trackable",16,6,6,6,4,1,2,1,0,0.0
"org.sonar.core.util.UuidFactoryFastTest",16,2,2,2,2,0,0,1,1,1.0
"org.sonar.core.util.UuidFactoryImplTest",16,2,2,2,2,0,0,1,1,1.0
"org.sonar.core.util.SlugTest",16,1,1,1,2,0,0,0,0,0.0
"org.sonar.core.platform.PluginRepository",15,4,4,4,5,0,4,0,0,0.0
"org.sonar.core.platform.RemotePluginFile",15,3,3,3,0,0,0,0,2,0.75
"org.sonar.core.hash.SourceHashComputer",15,2,2,3,4,0,1,1,1,1.0
"org.sonar.core.extension.ServiceLoaderWrapper",14,2,2,2,4,0,1,1,0,0.0
"org.sonar.core.extension.ExtensionProviderSupport",13,3,1,4,1,0,0,3,0,0.0
"org.sonar.core.component.DefaultResourceTypesTest",13,1,1,1,4,0,0,0,0,0.0
"org.sonar.core.platform.ContainerPopulator",12,5,5,5,1,0,0,0,0,0.0
"org.sonar.core.util.NonNullInputFunction",12,2,1,2,3,0,1,2,0,0.0
"org.sonar.plugins.dependent.DependentPlugin",12,2,2,2,4,1,0,2,0,0.0
"org.sonar.core.util.SequenceUuidFactoryTest",12,1,1,2,2,0,0,1,1,0.0
"org.sonar.core.config.PurgeConstants",11,0,0,1,0,0,0,0,8,0.0
"org.sonar.core.config.WebConstants",10,1,0,1,0,0,0,0,5,0.0
"org.sonar.core.issue.tracking.SimpleTracker",10,1,1,1,1,0,0,1,0,0.0
"org.sonar.core.extension.CoreExtensionRepository",9,4,4,4,2,0,1,0,0,0.0
"org.sonar.core.util.UuidGenerator",9,3,3,3,0,0,1,0,0,0.0
"org.sonar.core.util.SequenceUuidFactory",9,1,1,1,1,0,1,2,1,0.0
"org.sonar.core.config.PurgePropertiesTest",9,1,1,1,2,0,0,0,0,0.0
"org.sonar.plugins.base.BasePlugin",8,1,1,1,3,0,0,1,0,0.0
"org.sonar.core.issue.tracking.Input",7,3,3,3,1,0,3,0,0,0.0
"org.sonar.plugins.base.api.BaseApi",5,1,1,1,0,0,1,0,0,0.0
"org.sonar.core.util.UuidFactory",4,1,1,1,0,0,3,0,0,0.0
"com.sonarsource.plugins.license.api.FooBar",3,0,0,1,0,0,1,0,0,0.0
