[{"type":"org.sonar.core.util.stream.MoreCollectorsTest","size":557,"dependencies":[]},{"type":"org.sonar.core.issue.DefaultIssue","size":490,"dependencies":["org.sonar.core.issue.tracking.Trackable"]},{"type":"org.sonar.core.platform.ComponentContainerTest","size":447,"dependencies":[]},{"type":"org.sonar.core.issue.tracking.TrackerTest","size":430,"dependencies":[]},{"type":"org.sonar.core.platform.PluginInfo","size":353,"dependencies":[]},{"type":"org.sonar.core.extension.CoreExtensionsInstallerTest","size":328,"dependencies":["org.sonar.core.platform.ComponentContainer"]},{"type":"org.sonar.core.util.logs.DefaultProfilerTest","size":288,"dependencies":[]},{"type":"org.sonar.core.util.DefaultHttpDownloaderTest","size":247,"dependencies":[]},{"type":"org.sonar.core.util.logs.DefaultProfiler","size":246,"dependencies":[]},{"type":"org.sonar.core.platform.ComponentContainer","size":243,"dependencies":[]},{"type":"org.sonar.core.platform.ServerIdTest","size":242,"dependencies":[]},{"type":"org.sonar.core.platform.PluginInfoTest","size":241,"dependencies":[]},{"type":"org.sonar.core.util.DefaultHttpDownloader","size":235,"dependencies":[]},{"type":"org.sonar.core.issue.FieldDiffs","size":227,"dependencies":[]},{"type":"org.sonar.core.util.stream.MoreCollectors","size":217,"dependencies":[]},{"type":"org.sonar.core.util.CloseableIteratorTest","size":200,"dependencies":[]},{"type":"org.sonar.core.util.FileUtilsTest","size":183,"dependencies":[]},{"type":"org.sonar.core.i18n.DefaultI18n","size":181,"dependencies":["org.sonar.core.platform.PluginInfo","org.sonar.core.platform.PluginRepository"]},{"type":"org.sonar.core.issue.DefaultIssueTest","size":177,"dependencies":[]},{"type":"org.sonar.core.i18n.DefaultI18nTest","size":169,"dependencies":["org.sonar.core.platform.PluginInfo","org.sonar.core.platform.PluginRepository"]},{"type":"org.sonar.core.issue.tracking.AbstractTracker","size":165,"dependencies":[]},{"type":"org.sonar.core.util.ProtobufJsonFormatTest","size":158,"dependencies":[]},{"type":"org.sonar.core.issue.FieldDiffsTest","size":149,"dependencies":[]},{"type":"org.sonar.core.config.CorePropertyDefinitions","size":149,"dependencies":[]},{"type":"org.sonar.core.platform.StartableCloseableSafeLifecyleStrategyTest","size":147,"dependencies":[]},{"type":"org.sonar.core.extension.CoreExtensionsInstaller","size":137,"dependencies":["org.sonar.core.platform.ComponentContainer"]},{"type":"org.sonar.core.issue.tracking.BlockRecognizer","size":135,"dependencies":[]},{"type":"org.sonar.core.util.CloseableIterator","size":134,"dependencies":[]},{"type":"org.sonar.core.extension.CoreExtensionRepositoryImplTest","size":122,"dependencies":[]},{"type":"org.sonar.core.platform.ServerId","size":120,"dependencies":["org.sonar.core.util.UuidFactory"]},{"type":"org.sonar.core.config.IssueExclusionProperties","size":120,"dependencies":[]},{"type":"org.sonar.core.util.ProtobufJsonFormat","size":118,"dependencies":[]},{"type":"org.sonar.core.util.FileUtils","size":115,"dependencies":[]},{"type":"org.sonar.core.platform.PluginLoader","size":103,"dependencies":[]},{"type":"org.sonar.core.platform.PluginLoaderTest","size":100,"dependencies":[]},{"type":"org.sonar.core.util.UuidGeneratorImplTest","size":99,"dependencies":[]},{"type":"org.sonar.core.util.Protobuf","size":98,"dependencies":[]},{"type":"org.sonar.core.util.logs.NullProfiler","size":95,"dependencies":[]},{"type":"org.sonar.core.i18n.DurationLabelTest","size":92,"dependencies":[]},{"type":"org.sonar.core.util.ContextException","size":90,"dependencies":[]},{"type":"org.sonar.core.platform.PluginClassloaderFactory","size":82,"dependencies":[]},{"type":"org.sonar.core.platform.PluginClassloaderFactoryTest","size":81,"dependencies":["com.sonarsource.plugins.license.api.FooBar"]},{"type":"org.sonar.core.util.ProtobufTest","size":80,"dependencies":[]},{"type":"org.sonar.core.metric.ScannerMetrics","size":79,"dependencies":[]},{"type":"org.sonar.core.config.PurgeProperties","size":77,"dependencies":[]},{"type":"org.sonar.core.issue.DefaultIssueComment","size":76,"dependencies":["org.sonar.core.util.Uuids"]},{"type":"org.sonar.core.platform.StartableCloseableSafeLifecyleStrategy","size":76,"dependencies":[]},{"type":"org.sonar.core.util.Slug","size":71,"dependencies":[]},{"type":"org.sonar.core.util.ContextExceptionTest","size":68,"dependencies":[]},{"type":"org.sonar.core.util.MacAddressProvider","size":68,"dependencies":[]},{"type":"org.sonar.core.config.ExclusionProperties","size":68,"dependencies":[]},{"type":"org.sonar.core.util.HttpsTrustTest","size":67,"dependencies":[]},{"type":"org.sonar.core.util.UuidGeneratorImpl","size":66,"dependencies":[]},{"type":"org.sonar.core.config.ScannerProperties","size":66,"dependencies":[]},{"type":"org.sonar.core.user.DefaultUser","size":65,"dependencies":[]},{"type":"org.sonar.core.util.ProgressLogger","size":64,"dependencies":[]},{"type":"org.sonar.core.platform.PicoUtilsTest","size":64,"dependencies":[]},{"type":"org.sonar.core.platform.PluginClassLoaderDef","size":63,"dependencies":[]},{"type":"org.sonar.core.extension.CoreExtensionsLoaderTest","size":62,"dependencies":[]},{"type":"org.sonar.core.i18n.DurationLabel","size":61,"dependencies":[]},{"type":"org.sonar.core.issue.tracking.Tracker","size":59,"dependencies":[]},{"type":"org.sonar.core.issue.tracking.Tracking","size":57,"dependencies":[]},{"type":"org.sonar.core.issue.IssueChangeContext","size":57,"dependencies":[]},{"type":"org.sonar.core.util.HttpsTrust","size":57,"dependencies":[]},{"type":"org.sonar.core.component.ComponentKeysTest","size":57,"dependencies":[]},{"type":"org.sonar.core.issue.tracking.BlockHashSequence","size":55,"dependencies":[]},{"type":"org.sonar.core.hash.SourceLinesHashesComputerTest","size":55,"dependencies":[]},{"type":"org.sonar.core.i18n.I18nClassloaderTest","size":54,"dependencies":["org.sonar.core.platform.PluginRepository"]},{"type":"org.sonar.core.platform.PluginJarExploderTest","size":52,"dependencies":[]},{"type":"org.sonar.core.util.LineReaderIteratorTest","size":52,"dependencies":[]},{"type":"org.sonar.core.config.Logback","size":51,"dependencies":[]},{"type":"org.sonar.core.config.DebtProperties","size":50,"dependencies":[]},{"type":"org.sonar.core.platform.ModuleTest","size":47,"dependencies":[]},{"type":"org.sonar.core.i18n.I18nClassloader","size":47,"dependencies":["org.sonar.core.platform.PluginInfo","org.sonar.core.platform.PluginRepository"]},{"type":"org.sonar.core.platform.ComponentKeysTest","size":47,"dependencies":[]},{"type":"org.sonar.core.issue.tracking.LineHashSequence","size":45,"dependencies":["org.sonar.core.hash.SourceLineHashesComputer"]},{"type":"org.sonar.core.platform.PlatformEditionProviderTest","size":45,"dependencies":[]},{"type":"org.sonar.core.component.DefaultResourceTypes","size":43,"dependencies":[]},{"type":"org.sonar.core.util.logs.Profiler","size":42,"dependencies":[]},{"type":"org.sonar.core.util.ProgressLoggerTest","size":42,"dependencies":[]},{"type":"org.sonar.core.extension.PlatformLevelPredicates","size":41,"dependencies":[]},{"type":"org.sonar.core.metric.ScannerMetricsTest","size":40,"dependencies":[]},{"type":"org.sonar.core.extension.CoreExtensionsLoader","size":40,"dependencies":["org.sonar.core.util.stream.MoreCollectors"]},{"type":"org.sonar.core.component.ComponentKeys","size":39,"dependencies":[]},{"type":"org.sonar.core.extension.CoreExtensionRepositoryImpl","size":39,"dependencies":[]},{"type":"org.sonar.core.util.UuidFactoryFast","size":37,"dependencies":[]},{"type":"org.sonar.core.hash.SourceLineHashesComputer","size":34,"dependencies":[]},{"type":"org.sonar.core.util.logs.ProfilerTest","size":34,"dependencies":[]},{"type":"org.sonar.core.issue.tracking.LazyInput","size":31,"dependencies":[]},{"type":"org.sonar.core.issue.tracking.BlockRecognizerTest","size":30,"dependencies":[]},{"type":"org.sonar.core.util.logs.NullProfilerTest","size":29,"dependencies":[]},{"type":"org.sonar.core.issue.tracking.FilteringBaseInputWrapper","size":28,"dependencies":[]},{"type":"org.sonar.core.hash.SourceHashComputerTest","size":27,"dependencies":[]},{"type":"org.sonar.core.util.UtcDateUtils","size":27,"dependencies":[]},{"type":"org.sonar.core.hash.LineRangeTest","size":27,"dependencies":[]},{"type":"org.sonar.core.platform.ComponentKeys","size":27,"dependencies":["org.sonar.core.util.Uuids"]},{"type":"org.sonar.core.util.LineReaderIterator","size":26,"dependencies":[]},{"type":"org.sonar.core.util.NonNullInputFunctionTest","size":26,"dependencies":[]},{"type":"org.sonar.core.extension.CoreExtension","size":25,"dependencies":[]},{"type":"org.sonar.core.platform.EditionProvider","size":24,"dependencies":[]},{"type":"org.sonar.core.platform.PluginJarExploder","size":24,"dependencies":[]},{"type":"org.sonar.core.platform.ExplodedPlugin","size":22,"dependencies":[]},{"type":"org.sonar.core.platform.Module","size":22,"dependencies":[]},{"type":"org.sonar.core.platform.PicoUtils","size":22,"dependencies":[]},{"type":"org.sonar.core.platform.PlatformEditionProvider","size":22,"dependencies":[]},{"type":"org.sonar.core.util.Uuids","size":22,"dependencies":[]},{"type":"org.sonar.core.config.SecurityProperties","size":22,"dependencies":[]},{"type":"org.sonar.core.issue.IssueChangeContextTest","size":22,"dependencies":[]},{"type":"org.sonar.core.util.UuidsTest","size":22,"dependencies":[]},{"type":"org.sonar.core.issue.tracking.NonClosedTracking","size":21,"dependencies":[]},{"type":"org.sonar.core.util.UtcDateUtilsTest","size":21,"dependencies":[]},{"type":"org.sonar.core.util.SettingFormatterTest","size":20,"dependencies":[]},{"type":"org.sonar.core.util.SettingFormatter","size":19,"dependencies":[]},{"type":"org.sonar.core.config.CorePropertyDefinitionsTest","size":19,"dependencies":[]},{"type":"org.sonar.core.i18n.I18n","size":18,"dependencies":[]},{"type":"org.sonar.core.hash.LineRange","size":18,"dependencies":[]},{"type":"org.sonar.core.extension.CoreExtensionTest","size":18,"dependencies":[]},{"type":"org.sonar.core.platform.PluginClassLoaderDefTest","size":18,"dependencies":[]},{"type":"org.sonar.core.util.MacAddressProviderTest","size":17,"dependencies":[]},{"type":"org.sonar.core.issue.tracking.BlockHashSequenceTest","size":17,"dependencies":[]},{"type":"org.sonar.core.issue.tracking.Trackable","size":16,"dependencies":["org.sonar.core.issue.DefaultIssue"]},{"type":"org.sonar.core.util.UuidFactoryFastTest","size":16,"dependencies":[]},{"type":"org.sonar.core.util.UuidFactoryImplTest","size":16,"dependencies":[]},{"type":"org.sonar.core.util.SlugTest","size":16,"dependencies":[]},{"type":"org.sonar.core.platform.PluginRepository","size":15,"dependencies":[]},{"type":"org.sonar.core.platform.RemotePluginFile","size":15,"dependencies":[]},{"type":"org.sonar.core.hash.SourceHashComputer","size":15,"dependencies":[]},{"type":"org.sonar.core.extension.ServiceLoaderWrapper","size":14,"dependencies":[]},{"type":"org.sonar.core.extension.ExtensionProviderSupport","size":13,"dependencies":[]},{"type":"org.sonar.core.component.DefaultResourceTypesTest","size":13,"dependencies":[]},{"type":"org.sonar.core.platform.ContainerPopulator","size":12,"dependencies":[]},{"type":"org.sonar.core.util.NonNullInputFunction","size":12,"dependencies":[]},{"type":"org.sonar.plugins.dependent.DependentPlugin","size":12,"dependencies":["org.sonar.plugins.base.api.BaseApi"]},{"type":"org.sonar.core.util.SequenceUuidFactoryTest","size":12,"dependencies":[]},{"type":"org.sonar.core.config.PurgeConstants","size":11,"dependencies":[]},{"type":"org.sonar.core.config.WebConstants","size":10,"dependencies":[]},{"type":"org.sonar.core.issue.tracking.SimpleTracker","size":10,"dependencies":[]},{"type":"org.sonar.core.extension.CoreExtensionRepository","size":9,"dependencies":[]},{"type":"org.sonar.core.util.UuidGenerator","size":9,"dependencies":[]},{"type":"org.sonar.core.util.SequenceUuidFactory","size":9,"dependencies":[]},{"type":"org.sonar.core.config.PurgePropertiesTest","size":9,"dependencies":[]},{"type":"org.sonar.plugins.base.BasePlugin","size":8,"dependencies":[]},{"type":"org.sonar.core.issue.tracking.Input","size":7,"dependencies":[]},{"type":"org.sonar.plugins.base.api.BaseApi","size":5,"dependencies":[]},{"type":"org.sonar.core.util.UuidFactory","size":4,"dependencies":[]},{"type":"com.sonarsource.plugins.license.api.FooBar","size":3,"dependencies":[]}]