{"name":"variants","children":[{"name":"general.options","children":[{"name":"AllCouplingOption","sloc":9,"wmc":1},{"name":"AllMetricsOption","sloc":10,"wmc":1},{"name":"CyclicDependencyOption","sloc":9,"wmc":1},{"name":"DependencyOption","sloc":8,"wmc":1},{"name":"InternalDependencyOption","sloc":9,"wmc":1},{"name":"MethodOption","sloc":8,"wmc":1},{"name":"MetricVisualizationOption","sloc":10,"wmc":1},{"name":"NamespaceCouplingOption","sloc":9,"wmc":1},{"name":"NamespaceOption","sloc":9,"wmc":1},{"name":"OptionDefinition","sloc":5,"wmc":1},{"name":"Options","sloc":25,"wmc":2},{"name":"SummaryOption","sloc":8,"wmc":1},{"name":"ThresholdsOption","sloc":8,"wmc":1},{"name":"TypeCouplingOption","sloc":10,"wmc":1},{"name":"TypeOption","sloc":10,"wmc":1}]},{"name":"general","children":[{"name":"ProjectInfo","sloc":69,"wmc":12}]},{"name":"main","children":[{"name":"Bootstrapper","sloc":155,"wmc":47}]},{"name":"output","children":[{"name":"Gauge","sloc":21,"wmc":7},{"name":"InfoConsole","sloc":93,"wmc":13},{"name":"MetricFile","sloc":11,"wmc":8},{"name":"MetricOutput","sloc":20,"wmc":14},{"name":"MetricResultConsole","sloc":185,"wmc":28},{"name":"MetricResultCSV","sloc":191,"wmc":32},{"name":"MetricResultDOT","sloc":45,"wmc":11},{"name":"MetricResultFile","sloc":156,"wmc":42},{"name":"MetricResultJSON","sloc":296,"wmc":50}]},{"name":"parser.java","children":[{"name":"JavaParser","sloc":74,"wmc":7}]},{"name":"parser.java.visitors","children":[{"name":"MethodVisitor","sloc":188,"wmc":39},{"name":"NamespaceVisitor","sloc":24,"wmc":6},{"name":"TypeVisitor","sloc":189,"wmc":42}]},{"name":"parser","children":[{"name":"TypeParser","sloc":4,"wmc":1}]},{"name":"structures","children":[{"name":"MetricActivator","sloc":5,"wmc":1},{"name":"MetricResultNotifier","sloc":7,"wmc":3}]},{"name":"structures.metrics","children":[{"name":"MethodMetric","sloc":73,"wmc":19},{"name":"MetricDefinition","sloc":33,"wmc":7},{"name":"MetricThreshold","sloc":55,"wmc":2},{"name":"NamespaceMetric","sloc":38,"wmc":11},{"name":"TypeMetric","sloc":151,"wmc":36}]},{"name":"structures.results","children":[{"name":"MethodMetricResult","sloc":119,"wmc":31},{"name":"NamespaceMetricResult","sloc":118,"wmc":31},{"name":"TypeMetricResult","sloc":354,"wmc":104}]},{"name":"utils","children":[{"name":"JSONBuilder","sloc":28,"wmc":6},{"name":"SourceCodeLineCounter","sloc":99,"wmc":29},{"name":"StringFormat","sloc":20,"wmc":9},{"name":"SystemUtils","sloc":39,"wmc":3}]}]}