{"nodes":[{"name":"general.options","label":"general.options","id":"general.options","size":15},{"name":"output","label":"output","id":"output","size":9},{"name":"structures.metrics","label":"structures.metrics","id":"structures.metrics","size":5},{"name":"utils","label":"utils","id":"utils","size":4},{"name":"parser.java.visitors","label":"parser.java.visitors","id":"parser.java.visitors","size":3},{"name":"structures.results","label":"structures.results","id":"structures.results","size":3},{"name":"structures","label":"structures","id":"structures","size":2},{"name":"general","label":"general","id":"general","size":1},{"name":"main","label":"main","id":"main","size":1},{"name":"parser.java","label":"parser.java","id":"parser.java","size":1},{"name":"parser","label":"parser","id":"parser","size":1}],"links":[{"source":"general.options","target":"output"},{"source":"output","target":"structures.metrics"},{"source":"output","target":"structures.results"},{"source":"output","target":"utils"},{"source":"structures.metrics","target":"structures.results"},{"source":"structures.metrics","target":"utils"},{"source":"parser.java.visitors","target":"structures"},{"source":"parser.java.visitors","target":"structures.metrics"},{"source":"parser.java.visitors","target":"structures.results"},{"source":"structures.results","target":"structures"},{"source":"structures.results","target":"structures.metrics"},{"source":"structures.results","target":"utils"},{"source":"general","target":"general.options"},{"source":"general","target":"output"},{"source":"general","target":"parser"},{"source":"general","target":"parser.java"},{"source":"general","target":"structures.results"},{"source":"general","target":"utils"},{"source":"main","target":"general"},{"source":"main","target":"output"},{"source":"parser.java","target":"parser"},{"source":"parser.java","target":"parser.java.visitors"},{"source":"parser.java","target":"structures.results"}]}