{"name":"variants","children":[{"name":"jdepend.framework","children":[{"name":"AbstractParser","sloc":38,"wmc":11},{"name":"ClassFileParser","sloc":572,"wmc":137},{"name":"DependencyConstraint","sloc":85,"wmc":25},{"name":"FileManager","sloc":86,"wmc":26},{"name":"JavaClass","sloc":65,"wmc":16},{"name":"JavaClassBuilder","sloc":84,"wmc":13},{"name":"JavaPackage","sloc":161,"wmc":46},{"name":"JDepend","sloc":129,"wmc":34},{"name":"PackageComparator","sloc":28,"wmc":6},{"name":"PackageFilter","sloc":45,"wmc":12},{"name":"ParserListener","sloc":4,"wmc":1},{"name":"PropertyConfigurator","sloc":89,"wmc":17}]},{"name":"jdepend.swingui","children":[{"name":"AboutDialog","sloc":59,"wmc":3},{"name":"AfferentNode","sloc":21,"wmc":5},{"name":"DependTree","sloc":56,"wmc":11},{"name":"DependTreeModel","sloc":68,"wmc":19},{"name":"EfferentNode","sloc":29,"wmc":8},{"name":"JDepend","sloc":346,"wmc":59},{"name":"PackageNode","sloc":81,"wmc":17},{"name":"StatusPanel","sloc":16,"wmc":2}]},{"name":"jdepend.textui","children":[{"name":"JDepend","sloc":359,"wmc":77}]},{"name":"jdepend.xmlui","children":[{"name":"JDepend","sloc":135,"wmc":30}]}]}