{"nodes":[{"name":"jdepend.framework","label":"jdepend.framework","id":"jdepend.framework","size":12},{"name":"jdepend.swingui","label":"jdepend.swingui","id":"jdepend.swingui","size":8},{"name":"jdepend.textui","label":"jdepend.textui","id":"jdepend.textui","size":1},{"name":"jdepend.xmlui","label":"jdepend.xmlui","id":"jdepend.xmlui","size":1}],"links":[{"source":"jdepend.framework","target":"jdepend.framework"},{"source":"jdepend.swingui","target":"jdepend.framework"},{"source":"jdepend.textui","target":"jdepend.framework"},{"source":"jdepend.xmlui","target":"jdepend.framework"}]}