"type","dep","i-dep","fan-in","fan-out"
"br.com.trevisantecnologia.importer.model.Agent",34,1,29,9
"br.com.trevisantecnologia.importer.model.ServiceLocal",23,0,14,4
"br.com.trevisantecnologia.importer.model.Schedule",38,1,11,7
"br.com.trevisantecnologia.importer.model.Item",21,0,6,4
"br.com.trevisantecnologia.importer.model.Itinerary",15,0,8,2
"br.com.trevisantecnologia.importer.service.ScheduleService",29,13,1,18
"br.com.trevisantecnologia.importer.service.AbstractCustomFieldedImportService",23,8,11,13
"br.com.trevisantecnologia.importer.model.journey.Workday",11,2,2,5
"br.com.trevisantecnologia.importer.reflection.InstanceBuilder",37,15,2,23
"br.com.trevisantecnologia.importer.model.Client",14,0,9,2
"br.com.trevisantecnologia.importer.context.ImportContext",17,4,14,10
"br.com.trevisantecnologia.importer.model.Section",16,0,5,1
"br.com.trevisantecnologia.importer.service.ServiceLocalService",21,14,2,16
"br.com.trevisantecnologia.importer.service.AgentService",21,10,0,12
"br.com.trevisantecnologia.importer.model.CustomField",21,0,9,3
"br.com.trevisantecnologia.importer.model.ServiceLocalActivity",17,0,7,3
"br.com.trevisantecnologia.importer.model.journey.WeeklyWorkday",17,2,6,5
"br.com.trevisantecnologia.importer.service.AbstractImportService",17,8,27,16
"br.com.trevisantecnologia.importer.dao.AbstractDao",25,3,111,9
"br.com.trevisantecnologia.importer.model.WeekdaysServiceLocalActivity",6,0,2,3
"br.com.trevisantecnologia.importer.model.Team",20,0,8,2
"br.com.trevisantecnologia.importer.model.SystemParameters",16,0,6,3
"br.com.trevisantecnologia.importer.model.SubGroup",16,0,4,3
"br.com.trevisantecnologia.importer.service.ItineraryService",17,8,0,13
"br.com.trevisantecnologia.importer.service.CustomFieldValueService",20,9,0,12
"br.com.trevisantecnologia.importer.model.AditionalInfoItem",16,0,2,1
"br.com.trevisantecnologia.importer.service.ItemService",13,7,0,10
"br.com.trevisantecnologia.importer.model.CustomEntityEntry",18,0,2,1
"br.com.trevisantecnologia.importer.model.ScheduleImport",6,0,8,2
"br.com.trevisantecnologia.importer.model.Group",16,0,3,3
"br.com.trevisantecnologia.importer.model.SectionItem",14,0,3,1
"br.com.trevisantecnologia.importer.parser.FileProcessorV2",15,10,0,14
"br.com.trevisantecnologia.importer.model.Media",11,0,4,1
"br.com.trevisantecnologia.importer.model.AgentTeam",16,0,4,1
"br.com.trevisantecnologia.importer.model.schedule.notification.ScheduleNotification",14,1,2,3
"br.com.trevisantecnologia.importer.model.WeekdaysItinerary",5,0,2,2
"br.com.trevisantecnologia.importer.model.ItineraryServiceLocal",6,0,6,1
"br.com.trevisantecnologia.importer.model.ServiceLocalType",14,0,3,2
"br.com.trevisantecnologia.importer.model.ScheduleActivity",15,0,2,1
"br.com.trevisantecnologia.importer.model.ImportLayoutField",16,0,4,2
"br.com.trevisantecnologia.importer.model.PasswordPolicy",9,0,1,2
"br.com.trevisantecnologia.importer.model.ServiceLocalItem",14,0,2,1
"br.com.trevisantecnologia.importer.model.ScheduleItem",16,0,2,1
"br.com.trevisantecnologia.importer.persistence.type.StringListWrapperType",13,1,0,7
"br.com.trevisantecnologia.importer.persistence.type.ArrayLongToListLongType",12,0,0,6
"br.com.trevisantecnologia.importer.model.ItemCategory",13,0,3,1
"br.com.trevisantecnologia.importer.model.ItinerarySchedule",8,0,2,1
"br.com.trevisantecnologia.importer.model.ImportLayout",14,0,7,1
"br.com.trevisantecnologia.importer.model.Local3Dimension",13,0,3,1
"br.com.trevisantecnologia.importer.model.ServiceLocalClassification",13,0,3,1
"br.com.trevisantecnologia.importer.service.AbstractService",12,7,18,9
"br.com.trevisantecnologia.importer.model.AgentType",13,0,4,1
"br.com.trevisantecnologia.importer.model.AgentActivity",14,0,2,1
"br.com.trevisantecnologia.importer.model.ScheduleTypeActivity",14,0,2,2
"br.com.trevisantecnologia.importer.model.AccessRole",11,0,3,2
"br.com.trevisantecnologia.importer.model.TeamType",14,0,2,1
"br.com.trevisantecnologia.importer.model.CustomFieldValue",11,0,5,1
"br.com.trevisantecnologia.importer.model.ServiceLocalTeam",15,0,2,2
"br.com.trevisantecnologia.importer.model.FieldSetting",12,0,3,1
"br.com.trevisantecnologia.importer.model.SectionSubGroup",13,0,2,1
"br.com.trevisantecnologia.importer.model.ItineraryActivity",13,0,2,1
"br.com.trevisantecnologia.importer.model.LevelX",13,0,3,1
"br.com.trevisantecnologia.importer.model.Level6",13,0,3,1
"br.com.trevisantecnologia.importer.core.ImportTimeoutInspector",10,7,1,10
"br.com.trevisantecnologia.importer.model.CustomEntity",10,0,3,1
"br.com.trevisantecnologia.importer.model.ItineraryAgent",6,0,2,1
"br.com.trevisantecnologia.importer.dao.function.FindActivitiesByOriginFunctionCall",13,1,1,6
"br.com.trevisantecnologia.importer.model.ScheduleType",13,0,5,2
"br.com.trevisantecnologia.importer.service.ScheduleItemService",12,8,0,10
"br.com.trevisantecnologia.importer.dao.AgentDao",8,1,4,5
"br.com.trevisantecnologia.importer.dao.CustomFieldValueDao",7,2,1,6
"br.com.trevisantecnologia.importer.model.Limit",8,0,5,1
"br.com.trevisantecnologia.importer.service.ServiceLocalActivityService",11,7,0,9
"br.com.trevisantecnologia.importer.model.Activity",11,0,7,2
"br.com.trevisantecnologia.importer.Importer",14,5,2,10
"br.com.trevisantecnologia.importer.v3.callback.ResultAggregateService",15,1,0,3
"br.com.trevisantecnologia.importer.parser.FileProcessorV3",12,7,0,10
"br.com.trevisantecnologia.importer.service.ClientService",10,5,4,7
"br.com.trevisantecnologia.importer.model.idiom.IdiomEntry",14,3,2,4
"br.com.trevisantecnologia.importer.v3.message.MessageService",16,5,1,6
"br.com.trevisantecnologia.importer.v3.configuration.mongodb.MongoDbConfiguration",19,0,0,1
"br.com.trevisantecnologia.importer.service.ItineraryAgentService",12,7,0,9
"br.com.trevisantecnologia.importer.parser.LineParser",6,2,0,7
"br.com.trevisantecnologia.importer.core.ImportExecutor",16,11,1,14
"br.com.trevisantecnologia.importer.service.SubGroupService",10,7,0,9
"br.com.trevisantecnologia.importer.model.PasswordHistory",12,0,3,1
"br.com.trevisantecnologia.importer.service.AditionalInfoItemService",11,8,0,10
"br.com.trevisantecnologia.importer.reflection.ReflectionHelper",10,3,0,7
"br.com.trevisantecnologia.importer.v3.entity.EntityBuilder",4,1,1,4
"br.com.trevisantecnologia.importer.service.CustomEntityEntryService",10,5,0,7
"br.com.trevisantecnologia.importer.service.TeamService",9,7,0,9
"br.com.trevisantecnologia.importer.validator.business.builders.AgentValidatorBuilder",6,2,1,3
"br.com.trevisantecnologia.importer.model.DefaultActivity",10,0,2,1
"br.com.trevisantecnologia.importer.service.AgentActivityService",10,6,0,8
"br.com.trevisantecnologia.importer.model.LevelA",11,0,3,1
"br.com.trevisantecnologia.importer.service.ItineraryServiceLocalService",10,6,0,8
"br.com.trevisantecnologia.importer.service.ServiceLocalTeamService",10,6,0,8
"br.com.trevisantecnologia.importer.dao.CustomFieldDao",10,1,1,3
"br.com.trevisantecnologia.importer.service.journey.WorkdayService",8,5,0,7
"br.com.trevisantecnologia.importer.service.GroupService",9,6,0,7
"br.com.trevisantecnologia.importer.v3.entity.Properties",6,1,2,5
"br.com.trevisantecnologia.importer.service.CustomFieldService",8,5,1,6
"br.com.trevisantecnologia.importer.model.feature.toggle.FeatureToggle",7,1,3,2
"br.com.trevisantecnologia.importer.service.MediaService",10,4,0,7
"br.com.trevisantecnologia.importer.converter.WeekdaysConverter",9,3,2,8
"br.com.trevisantecnologia.importer.service.schedule.notification.ScheduleNotificationService",11,8,1,10
"br.com.trevisantecnologia.importer.helper.EncodingHelper",8,0,2,3
"br.com.trevisantecnologia.importer.v3.entity.Root",6,1,3,5
"br.com.trevisantecnologia.importer.service.ServiceLocalItemService",9,6,0,8
"br.com.trevisantecnologia.importer.dao.CustomEntityEntryDao",9,2,1,5
"br.com.trevisantecnologia.importer.service.ScheduleActivityService",8,6,0,8
"br.com.trevisantecnologia.importer.util.SpringApplicationProperties",2,0,1,0
"br.com.trevisantecnologia.importer.util.ArrayUtils",6,1,1,5
"br.com.trevisantecnologia.importer.v3.callback.ResultAggregate",5,0,1,1
"br.com.trevisantecnologia.importer.service.ServiceLocalClassificationService",7,4,0,6
"br.com.trevisantecnologia.importer.converter.ConversionHandler",4,1,1,2
"br.com.trevisantecnologia.importer.validator.XmlValidator",9,1,0,5
"br.com.trevisantecnologia.importer.util.ImporterConfiguration",3,1,4,3
"br.com.trevisantecnologia.importer.service.Local3DimensionService",7,4,0,6
"br.com.trevisantecnologia.importer.service.ItemCategoryService",7,4,0,6
"br.com.trevisantecnologia.importer.service.ServiceLocalTypeService",7,4,0,6
"br.com.trevisantecnologia.importer.service.AgentTypeService",7,4,1,6
"br.com.trevisantecnologia.importer.dao.ScheduleImportDao",12,1,1,4
"br.com.trevisantecnologia.importer.service.ScheduleImportService",9,5,5,6
"br.com.trevisantecnologia.importer.service.ItineraryActivityService",10,6,0,8
"br.com.trevisantecnologia.importer.service.ScheduleTypeActivityService",10,6,0,7
"br.com.trevisantecnologia.importer.model.ItineraryTeam",2,0,1,1
"br.com.trevisantecnologia.importer.service.AgentTeamService",9,6,0,8
"br.com.trevisantecnologia.importer.validator.GeoCoordinateValidator",3,2,2,6
"br.com.trevisantecnologia.importer.model.Partner",7,0,3,3
"br.com.trevisantecnologia.importer.parser.FileProcessor",7,4,2,5
"br.com.trevisantecnologia.importer.helper.PasswordHelper",11,7,3,8
"br.com.trevisantecnologia.importer.model.Idiom",8,0,4,2
"br.com.trevisantecnologia.importer.service.Timezones",4,1,1,4
"br.com.trevisantecnologia.importer.core.ImportProcess",2,0,3,4
"br.com.trevisantecnologia.importer.layout.LayoutMapperResolver",7,2,1,3
"br.com.trevisantecnologia.importer.service.SectionItemService",7,5,0,7
"br.com.trevisantecnologia.importer.service.LicenseService",4,3,1,4
"br.com.trevisantecnologia.importer.dao.ScheduleItemDao",6,2,1,6
"br.com.trevisantecnologia.importer.model.LicenseDTO",1,0,2,1
"br.com.trevisantecnologia.importer.util.ShutdownSigner",4,1,1,4
"br.com.trevisantecnologia.importer.dao.ServiceLocalDao",10,1,1,3
"br.com.trevisantecnologia.importer.file.LogFileService",8,1,2,5
"br.com.trevisantecnologia.importer.dao.ServiceLocalActivityDao",7,2,1,6
"br.com.trevisantecnologia.importer.dao.feature.toggle.FeatureToggleDao",13,6,2,8
"br.com.trevisantecnologia.importer.cache.CustomFieldCache",4,1,1,1
"br.com.trevisantecnologia.importer.v3.entity.Node",2,0,2,1
"br.com.trevisantecnologia.importer.validator.business.rules.agentteam.AgentTeamLinkRule",6,5,1,7
"br.com.trevisantecnologia.importer.email.EmailRequest",0,0,2,0
"br.com.trevisantecnologia.importer.core.ImportManager",5,2,1,5
"br.com.trevisantecnologia.importer.validator.business.rules.agent.CheckerAccessRole",10,7,0,9
"br.com.trevisantecnologia.importer.core.ImportWorker",5,2,0,4
"br.com.trevisantecnologia.importer.dao.ScheduleDao",7,3,1,4
"br.com.trevisantecnologia.importer.service.SectionSubGroupService",7,5,0,7
"br.com.trevisantecnologia.importer.dao.AgentActivityDao",7,2,1,5
"br.com.trevisantecnologia.importer.v3.message.Message",2,0,1,0
"br.com.trevisantecnologia.importer.dao.AgentTeamDao",6,3,2,5
"br.com.trevisantecnologia.importer.validator.business.builders.ServiceLocalActivityValidatorBuilder",11,7,1,8
"br.com.trevisantecnologia.importer.v3.message.Content",3,2,1,2
"br.com.trevisantecnologia.importer.service.ScheduleSituationService",9,3,0,4
"br.com.trevisantecnologia.importer.dao.AbstractHibernateCopyDAO",9,1,1,6
"br.com.trevisantecnologia.importer.converter.ItineraryExclusiveConverter",4,2,1,6
"br.com.trevisantecnologia.importer.v3.callback.CallbackConsumer",11,5,0,5
"br.com.trevisantecnologia.importer.core.ImportQueue",8,0,0,2
"br.com.trevisantecnologia.importer.service.GeocoderService",7,2,0,3
"br.com.trevisantecnologia.importer.dao.ScheduleActivityDao",7,3,1,5
"br.com.trevisantecnologia.importer.converter.LocalDateConverter",6,1,2,3
"br.com.trevisantecnologia.importer.validator.DateValidator",4,1,0,4
"br.com.trevisantecnologia.importer.cache.GenericCache",3,0,7,7
"br.com.trevisantecnologia.importer.service.journey.WeeklyWorkdayService",5,4,1,5
"br.com.trevisantecnologia.importer.dao.ServiceLocalTeamDao",6,2,1,5
"br.com.trevisantecnologia.importer.dao.PasswordHistoryDao",2,1,1,3
"br.com.trevisantecnologia.importer.dao.ServiceLocalItemDao",5,1,1,4
"br.com.trevisantecnologia.importer.service.TeamTypeService",5,4,0,6
"br.com.trevisantecnologia.importer.parser.Splitter",2,0,2,3
"br.com.trevisantecnologia.importer.dao.ItineraryAgentDao",6,2,1,5
"br.com.trevisantecnologia.importer.dao.ScheduleTypeActivityDao",5,1,1,3
"br.com.trevisantecnologia.importer.dao.ItineraryServiceLocalDao",5,1,2,4
"br.com.trevisantecnologia.importer.parser.FileToParseValidator",5,4,0,4
"br.com.trevisantecnologia.importer.email.EmailDispatcher",7,1,1,3
"br.com.trevisantecnologia.importer.dao.journey.WorkdayDao",7,3,1,5
"br.com.trevisantecnologia.importer.validator.business.rules.utils.ReferenceByAlternativeIdentifier",5,3,5,7
"br.com.trevisantecnologia.importer.dao.TeamDao",5,2,1,4
"br.com.trevisantecnologia.importer.converter.LocalDateTimeConverter",5,1,1,3
"br.com.trevisantecnologia.importer.dao.idiom.IdiomEntryDao",7,5,1,6
"br.com.trevisantecnologia.importer.v3.callback.LogError",2,0,1,2
"br.com.trevisantecnologia.importer.converter.LocalTimeConverter",6,1,1,3
"br.com.trevisantecnologia.importer.layout.LayoutMapper",3,3,4,3
"br.com.trevisantecnologia.importer.service.idiom.IdiomWrapper",4,2,1,3
"br.com.trevisantecnologia.importer.validator.CpfValidator",4,1,0,3
"br.com.trevisantecnologia.importer.validator.business.rules.agent.GeoLocationTimezone",6,4,0,6
"br.com.trevisantecnologia.importer.validator.CnpjValidator",4,1,0,3
"br.com.trevisantecnologia.importer.service.FieldSettingService",7,4,1,5
"br.com.trevisantecnologia.importer.dao.ItineraryDao",10,3,1,5
"br.com.trevisantecnologia.importer.interceptor.TransactionInterceptor",5,0,1,1
"br.com.trevisantecnologia.importer.v3.message.Header",2,0,1,0
"br.com.trevisantecnologia.importer.validator.business.rules.servicelocalactivity.MinimalExecutionInCicleValue",3,3,1,6
"br.com.trevisantecnologia.importer.i18n.MessageResolver",5,1,8,2
"br.com.trevisantecnologia.importer.converter.ModelConverter",3,2,1,7
"br.com.trevisantecnologia.importer.converter.ImportModelConverter",2,1,2,5
"br.com.trevisantecnologia.importer.converter.ScheduleSituationConverter",3,2,1,7
"br.com.trevisantecnologia.importer.injection.SessionFactoryProvider",7,1,0,3
"br.com.trevisantecnologia.importer.v3.callback.MessageLogError",0,0,0,0
"br.com.trevisantecnologia.importer.v3.callback.MessageLogCount",2,0,0,0
"br.com.trevisantecnologia.importer.service.LimitService",4,3,2,4
"br.com.trevisantecnologia.importer.converter.BooleanConverter",3,1,2,4
"br.com.trevisantecnologia.importer.model.ScheduleSituation",4,0,4,1
"br.com.trevisantecnologia.importer.converter.IdiomConverter",5,3,1,5
"br.com.trevisantecnologia.importer.core.ImportManagerBuilder",5,0,1,2
"br.com.trevisantecnologia.importer.validator.RegexValidator",3,1,1,4
"br.com.trevisantecnologia.importer.converter.StringListWrapperConverter",4,1,1,4
"br.com.trevisantecnologia.importer.converter.MediaConverter",4,3,1,5
"br.com.trevisantecnologia.importer.service.PasswordHistoryService",6,4,1,6
"br.com.trevisantecnologia.importer.validator.business.rules.agent.CheckerNameAlreadyUser",7,6,0,7
"br.com.trevisantecnologia.importer.injection.ValidatorProvider",10,2,0,3
"br.com.trevisantecnologia.importer.model.journey.TimeRange",2,0,0,0
"br.com.trevisantecnologia.importer.service.SystemParametersService",5,4,4,5
"br.com.trevisantecnologia.importer.dao.ImportLayoutDao",6,1,1,2
"br.com.trevisantecnologia.importer.dao.AditionalInfoItemDao",5,1,1,4
"br.com.trevisantecnologia.importer.validator.business.rules.agent.PasswordPolicy",7,4,0,5
"br.com.trevisantecnologia.importer.service.ItineraryScheduleService",12,8,0,9
"br.com.trevisantecnologia.importer.model.ItineraryExclusive",3,0,1,0
"br.com.trevisantecnologia.importer.model.scheduleimport.ScheduleImportResult",0,0,3,0
"br.com.trevisantecnologia.importer.parser.FileParser",2,1,1,2
"br.com.trevisantecnologia.importer.file.RenameFileService",4,1,1,3
"br.com.trevisantecnologia.importer.i18n.LocalizedMessageInterpolator",2,0,1,2
"br.com.trevisantecnologia.importer.service.idiom.IdiomEntryService",4,3,0,4
"br.com.trevisantecnologia.importer.converter.EnumConverter",2,1,1,5
"br.com.trevisantecnologia.importer.validator.business.rules.agent.PasswordIsEmpty",6,4,0,6
"br.com.trevisantecnologia.importer.validator.business.rules.agent.CheckerWeeklyWorkday",7,6,0,7
"br.com.trevisantecnologia.importer.validator.business.builders.GroupValidatorBuilder",7,4,1,5
"br.com.trevisantecnologia.importer.parser.PropertiesParser",2,0,1,2
"br.com.trevisantecnologia.importer.helper.ValidationHelper",3,2,0,5
"br.com.trevisantecnologia.importer.cache.EntityCache",1,1,3,1
"br.com.trevisantecnologia.importer.context.AbstractContext",2,0,10,1
"br.com.trevisantecnologia.importer.dao.ItemDao",2,1,1,2
"br.com.trevisantecnologia.importer.validator.TimeZoneLocationValidator",2,1,1,4
"br.com.trevisantecnologia.importer.validator.business.rules.general.DescriptionAlreadyUse",4,4,2,5
"br.com.trevisantecnologia.importer.validator.IdiomLocaleValidator",2,1,1,3
"br.com.trevisantecnologia.importer.service.ScheduleTypeService",4,3,0,4
"br.com.trevisantecnologia.importer.validator.business.rules.servicelocalactivity.CheckerServiceLocal",6,5,1,6
"br.com.trevisantecnologia.importer.validator.business.rules.servicelocalactivity.CheckerActivity",6,5,1,6
"br.com.trevisantecnologia.importer.validator.business.rules.agent.CheckerAgentType",6,5,0,6
"br.com.trevisantecnologia.importer.validator.business.builders.SubGroupValidatorBuilder",7,4,1,5
"br.com.trevisantecnologia.importer.validator.business.builders.AgentTeamValidatorBuilder",6,3,1,4
"br.com.trevisantecnologia.importer.dao.ItineraryActivityDao",4,1,1,3
"br.com.trevisantecnologia.importer.dao.SectionSubGroupDao",4,1,1,3
"br.com.trevisantecnologia.importer.helper.ComparatorHelper",0,0,0,2
"br.com.trevisantecnologia.importer.exception.InternacionalizableException",1,1,4,2
"br.com.trevisantecnologia.importer.converter.ShortConverter",2,1,1,4
"br.com.trevisantecnologia.importer.converter.FloatConverter",2,1,1,4
"br.com.trevisantecnologia.importer.converter.DoubleConverter",2,1,1,4
"br.com.trevisantecnologia.importer.converter.LongConverter",2,1,1,4
"br.com.trevisantecnologia.importer.converter.CharacterConverter",2,1,1,4
"br.com.trevisantecnologia.importer.converter.IntegerConverter",2,1,1,4
"br.com.trevisantecnologia.importer.validator.business.BusinessValidator",2,0,5,0
"br.com.trevisantecnologia.importer.validator.business.rules.servicelocalactivity.MaximumExecutionInCicleValue",3,3,1,5
"br.com.trevisantecnologia.importer.service.feature.toggle.FeatureToggleService",4,3,1,3
"br.com.trevisantecnologia.importer.service.ImportLayoutService",5,3,1,4
"br.com.trevisantecnologia.importer.model.DefaultSystemSettings",3,0,1,1
"br.com.trevisantecnologia.importer.validator.business.rules.agent.ClientLicensesLimit",5,4,0,5
"br.com.trevisantecnologia.importer.v3.configuration.queue.QueueConfiguration",6,0,0,0
"br.com.trevisantecnologia.importer.injection.InjectionModule",6,2,1,3
"br.com.trevisantecnologia.importer.validator.AlwaysInvalidValidator",1,1,0,2
"br.com.trevisantecnologia.importer.util.BeanUtil",4,0,0,1
"br.com.trevisantecnologia.importer.persistence.LocalTimeWithoutSecondsMapper",4,0,0,1
"br.com.trevisantecnologia.importer.v3.configuration.mongodb.MongoDbProperties",3,0,0,0
"br.com.trevisantecnologia.importer.service.IdiomService",4,3,1,4
"br.com.trevisantecnologia.importer.service.DefaultActivityService",4,3,0,4
"br.com.trevisantecnologia.importer.validator.business.rules.agent.LoginUpdate",6,4,0,5
"br.com.trevisantecnologia.importer.validator.business.rules.agent.Idiom",5,3,0,4
"br.com.trevisantecnologia.importer.dao.SectionItemDao",5,1,1,3
"br.com.trevisantecnologia.importer.model.IAudit",2,0,5,1
"br.com.trevisantecnologia.importer.v3.message.Source",0,0,1,0
"br.com.trevisantecnologia.importer.dao.SubGroupDao",2,1,2,3
"br.com.trevisantecnologia.importer.util.StringUtils",1,0,0,1
"br.com.trevisantecnologia.importer.validator.business.rules.agent.RelationShipModeAndRegisteredBillingData",5,4,0,5
"br.com.trevisantecnologia.importer.validator.business.rules.agent.LoginAlreadyUse",5,4,0,5
"br.com.trevisantecnologia.importer.validator.business.rules.agent.PasswordFillingType",5,3,0,4
"br.com.trevisantecnologia.importer.validator.business.rules.agent.GeoLocation",5,3,0,4
"br.com.trevisantecnologia.importer.v3.notifier.FileProcessedNotifier",4,0,1,0
"br.com.trevisantecnologia.importer.service.AuditService",3,1,0,1
"br.com.trevisantecnologia.importer.util.Constants",1,0,1,1
"br.com.trevisantecnologia.importer.model.Address",0,0,2,0
"br.com.trevisantecnologia.importer.converter.WeekdaysItineraryConverter",3,1,1,3
"br.com.trevisantecnologia.importer.converter.WeekdaysServiceLocalActivityConverter",3,1,1,3
"br.com.trevisantecnologia.importer.reflection.TypeResolver",2,0,2,0
"br.com.trevisantecnologia.importer.dao.SystemParametersDao",1,1,1,2
"br.com.trevisantecnologia.importer.dao.GroupDao",2,1,2,3
"br.com.trevisantecnologia.importer.validator.business.rules.agent.LoginIsSuporteumovOrSuportetecnico",4,3,0,4
"br.com.trevisantecnologia.importer.v3.configuration.serialization.GsonWrapper",4,0,1,0
"br.com.trevisantecnologia.importer.v3.configuration.mongodb.JodaLocalTimeConverter",4,0,1,1
"br.com.trevisantecnologia.importer.service.LevelAService",4,3,0,4
"br.com.trevisantecnologia.importer.service.SectionService",4,3,0,4
"br.com.trevisantecnologia.importer.service.AccesRoleService",4,3,1,4
"br.com.trevisantecnologia.importer.service.LevelXService",4,3,0,4
"br.com.trevisantecnologia.importer.service.Level6Service",4,3,0,4
"br.com.trevisantecnologia.importer.service.ActivityService",4,3,1,4
"br.com.trevisantecnologia.importer.util.Regex",1,0,0,0
"br.com.trevisantecnologia.importer.service.ImportService",2,1,3,1
"br.com.trevisantecnologia.importer.validator.business.BusinessValidatorBuilder",2,0,5,1
"br.com.trevisantecnologia.importer.dao.Local3DimensionDao",2,1,1,2
"br.com.trevisantecnologia.importer.dao.ServiceLocalClassificationDao",2,1,1,2
"br.com.trevisantecnologia.importer.dao.ServiceLocalTypeDao",2,1,1,2
"br.com.trevisantecnologia.importer.http.HttpClient",2,0,1,1
"br.com.trevisantecnologia.importer.converter.StringConverter",0,0,1,2
"br.com.trevisantecnologia.importer.types.StringListWrapper",1,0,3,0
"br.com.trevisantecnologia.importer.dao.LimitDao",2,1,1,2
"br.com.trevisantecnologia.importer.v3.configuration.serialization.GsonConfig",3,0,0,0
"br.com.trevisantecnologia.importer.injection.InjectorCreator",2,0,0,0
"br.com.trevisantecnologia.importer.dao.MediaDao",4,1,1,2
"br.com.trevisantecnologia.importer.model.Weekdays",0,0,3,0
"br.com.trevisantecnologia.importer.model.ImportModel",1,0,41,1
"br.com.trevisantecnologia.importer.validator.AlwaysValidValidator",0,0,1,1
"br.com.trevisantecnologia.importer.validator.CustomFielListTypeValueValidator",0,0,0,1
"br.com.trevisantecnologia.importer.cache.UniqueEntityCache",0,0,1,0
"br.com.trevisantecnologia.importer.exception.ImportBaseException",0,0,3,1
"br.com.trevisantecnologia.importer.exception.ImportException",0,0,77,1
"br.com.trevisantecnologia.importer.persistence.dialect.CustomPostgreSQLDialect",2,0,0,1
"br.com.trevisantecnologia.importer.validator.UrlValidator",1,0,2,1
"br.com.trevisantecnologia.importer.dao.schedule.notification.ScheduleNotificationDao",3,3,1,4
"br.com.trevisantecnologia.importer.dao.FieldSettingDao",4,1,1,2
"br.com.trevisantecnologia.importer.model.Timezone",0,0,2,0
"br.com.trevisantecnologia.importer.v3.entity.Entity",1,0,5,0
"br.com.trevisantecnologia.importer.persistence.BooleanCharacterType",1,0,0,1
"br.com.trevisantecnologia.importer.service.ItineraryTeamService",2,2,0,3
"br.com.trevisantecnologia.importer.dao.ClientDao",1,1,1,2
"br.com.trevisantecnologia.importer.dao.DefaultSystemSettingsDao",2,1,0,2
"br.com.trevisantecnologia.importer.dao.ItineraryScheduleDao",6,2,1,3
"br.com.trevisantecnologia.importer.core.SpringBootStarter",2,1,1,1
"br.com.trevisantecnologia.importer.dao.Level6Dao",1,1,1,2
"br.com.trevisantecnologia.importer.dao.IdiomDao",2,1,1,2
"br.com.trevisantecnologia.importer.dao.LevelXDao",1,1,1,2
"br.com.trevisantecnologia.importer.dao.ItemCategoryDao",2,1,1,2
"br.com.trevisantecnologia.importer.dao.AgentTypeDao",2,1,1,2
"br.com.trevisantecnologia.importer.dao.TeamTypeDAO",2,1,1,3
"br.com.trevisantecnologia.importer.dao.LevelADao",1,1,1,2
"br.com.trevisantecnologia.importer.util.ModelUtils",1,1,0,1
"br.com.trevisantecnologia.importer.v3.message.MessageRepository",2,0,1,1
"br.com.trevisantecnologia.importer.parser.EscapeCharacter",0,0,0,0
"br.com.trevisantecnologia.importer.dao.DefaultActivityDao",1,1,1,2
"br.com.trevisantecnologia.importer.exception.ImportFatalException",0,0,4,1
"br.com.trevisantecnologia.importer.exception.LayoutFileNotFoundException",0,0,2,1
"br.com.trevisantecnologia.importer.exception.NumberOfErrorsExceededException",0,0,2,1
"br.com.trevisantecnologia.importer.exception.UnableToApplyMobileEntriesException",0,0,1,1
"br.com.trevisantecnologia.importer.model.ImageImportModel",0,0,8,0
"br.com.trevisantecnologia.importer.model.CustomFieldedImportModel",1,0,13,1
"br.com.trevisantecnologia.importer.model.Model",1,0,31,0
"br.com.trevisantecnologia.importer.util.SpringBeanProvider",0,0,3,0
"br.com.trevisantecnologia.importer.persistence.LocalTimeStringType",2,0,0,1
"br.com.trevisantecnologia.importer.context.journey.WorkdayImportContext",2,1,1,2
"br.com.trevisantecnologia.importer.converter.Converter",0,0,20,0
"br.com.trevisantecnologia.importer.validator.Validator",0,0,11,0
"br.com.trevisantecnologia.importer.model.ImportActive",0,0,2,0
"br.com.trevisantecnologia.importer.model.IDescription",0,0,3,0
"br.com.trevisantecnologia.importer.dao.function.FunctionCall",1,0,1,1
"br.com.trevisantecnologia.importer.context.ScheduleTypeActivityImportContext",1,0,1,1
"br.com.trevisantecnologia.importer.context.ScheduleItemImportContext",1,0,1,1
"br.com.trevisantecnologia.importer.context.ItineraryAgentImportContext",1,0,1,1
"br.com.trevisantecnologia.importer.context.ServiceLocalItemImportContext",1,0,1,1
"br.com.trevisantecnologia.importer.context.ServiceLocalActivityImportContext",1,0,1,1
"br.com.trevisantecnologia.importer.context.ServiceLocalTeamImportContext",1,0,1,1
"br.com.trevisantecnologia.importer.context.AditionalInfoItemContext",1,0,0,1
"br.com.trevisantecnologia.importer.context.AgentActivityImportContext",1,0,1,1
"br.com.trevisantecnologia.importer.context.ItineraryServiceLocalImportContext",1,0,2,1
"br.com.trevisantecnologia.importer.dao.journey.WeeklyWorkdayDao",2,2,1,3
"br.com.trevisantecnologia.importer.dao.ScheduleTypeDao",2,1,1,2
"br.com.trevisantecnologia.importer.validator.business.BusinessRules",0,0,26,0
"br.com.trevisantecnologia.importer.model.GeocoderAdress",0,0,3,1
"br.com.trevisantecnologia.importer.dao.VerifyAttributeAlreadyUse",0,0,3,0
"br.com.trevisantecnologia.importer.dao.AccessRoleDao",1,1,1,2
"br.com.trevisantecnologia.importer.dao.SectionDao",1,1,1,2
"br.com.trevisantecnologia.importer.dao.ScheduleSituationDao",1,1,1,2
"br.com.trevisantecnologia.importer.dao.ActivityDao",1,1,1,2
