{"nodes":[{"name":"br.com.trevisantecnologia.importer.model","label":"br.com.trevisantecnologia.importer.model","id":"br.com.trevisantecnologia.importer.model","size":73},{"name":"br.com.trevisantecnologia.importer.service","label":"br.com.trevisantecnologia.importer.service","id":"br.com.trevisantecnologia.importer.service","size":59},{"name":"br.com.trevisantecnologia.importer.dao","label":"br.com.trevisantecnologia.importer.dao","id":"br.com.trevisantecnologia.importer.dao","size":54},{"name":"br.com.trevisantecnologia.importer.types","label":"br.com.trevisantecnologia.importer.types","id":"br.com.trevisantecnologia.importer.types","size":36},{"name":"br.com.trevisantecnologia.importer.converter","label":"br.com.trevisantecnologia.importer.converter","id":"br.com.trevisantecnologia.importer.converter","size":24},{"name":"br.com.trevisantecnologia.importer.validator.business.rules.agent","label":"br.com.trevisantecnologia.importer.validator.business.rules.agent","id":"br.com.trevisantecnologia.importer.validator.business.rules.agent","size":15},{"name":"br.com.trevisantecnologia.importer.validator","label":"br.com.trevisantecnologia.importer.validator","id":"br.com.trevisantecnologia.importer.validator","size":13},{"name":"br.com.trevisantecnologia.importer.context","label":"br.com.trevisantecnologia.importer.context","id":"br.com.trevisantecnologia.importer.context","size":11},{"name":"br.com.trevisantecnologia.importer.util","label":"br.com.trevisantecnologia.importer.util","id":"br.com.trevisantecnologia.importer.util","size":10},{"name":"br.com.trevisantecnologia.importer.parser","label":"br.com.trevisantecnologia.importer.parser","id":"br.com.trevisantecnologia.importer.parser","size":9},{"name":"br.com.trevisantecnologia.importer.core","label":"br.com.trevisantecnologia.importer.core","id":"br.com.trevisantecnologia.importer.core","size":8},{"name":"br.com.trevisantecnologia.importer.v3.callback","label":"br.com.trevisantecnologia.importer.v3.callback","id":"br.com.trevisantecnologia.importer.v3.callback","size":7},{"name":"br.com.trevisantecnologia.importer.exception","label":"br.com.trevisantecnologia.importer.exception","id":"br.com.trevisantecnologia.importer.exception","size":7},{"name":"br.com.trevisantecnologia.importer.v3.message","label":"br.com.trevisantecnologia.importer.v3.message","id":"br.com.trevisantecnologia.importer.v3.message","size":6},{"name":"br.com.trevisantecnologia.importer.v3.entity","label":"br.com.trevisantecnologia.importer.v3.entity","id":"br.com.trevisantecnologia.importer.v3.entity","size":6},{"name":"br.com.trevisantecnologia.importer.validator.business.builders","label":"br.com.trevisantecnologia.importer.validator.business.builders","id":"br.com.trevisantecnologia.importer.validator.business.builders","size":5},{"name":"br.com.trevisantecnologia.importer.model.journey","label":"br.com.trevisantecnologia.importer.model.journey","id":"br.com.trevisantecnologia.importer.model.journey","size":5},{"name":"br.com.trevisantecnologia.importer.validator.business.rules.servicelocalactivity","label":"br.com.trevisantecnologia.importer.validator.business.rules.servicelocalactivity","id":"br.com.trevisantecnologia.importer.validator.business.rules.servicelocalactivity","size":4},{"name":"br.com.trevisantecnologia.importer.helper","label":"br.com.trevisantecnologia.importer.helper","id":"br.com.trevisantecnologia.importer.helper","size":4},{"name":"br.com.trevisantecnologia.importer.cache","label":"br.com.trevisantecnologia.importer.cache","id":"br.com.trevisantecnologia.importer.cache","size":4},{"name":"br.com.trevisantecnologia.importer.injection","label":"br.com.trevisantecnologia.importer.injection","id":"br.com.trevisantecnologia.importer.injection","size":4},{"name":"br.com.trevisantecnologia.importer.reflection","label":"br.com.trevisantecnologia.importer.reflection","id":"br.com.trevisantecnologia.importer.reflection","size":3},{"name":"br.com.trevisantecnologia.importer.persistence","label":"br.com.trevisantecnologia.importer.persistence","id":"br.com.trevisantecnologia.importer.persistence","size":3},{"name":"br.com.trevisantecnologia.importer.validator.business","label":"br.com.trevisantecnologia.importer.validator.business","id":"br.com.trevisantecnologia.importer.validator.business","size":3},{"name":"br.com.trevisantecnologia.importer.v3.configuration.mongodb","label":"br.com.trevisantecnologia.importer.v3.configuration.mongodb","id":"br.com.trevisantecnologia.importer.v3.configuration.mongodb","size":3},{"name":"br.com.trevisantecnologia.importer.service.idiom","label":"br.com.trevisantecnologia.importer.service.idiom","id":"br.com.trevisantecnologia.importer.service.idiom","size":3},{"name":"br.com.trevisantecnologia.importer.annotation","label":"br.com.trevisantecnologia.importer.annotation","id":"br.com.trevisantecnologia.importer.annotation","size":3},{"name":"br.com.trevisantecnologia.importer.model.schedule.notification","label":"br.com.trevisantecnologia.importer.model.schedule.notification","id":"br.com.trevisantecnologia.importer.model.schedule.notification","size":3},{"name":"br.com.trevisantecnologia.importer.layout","label":"br.com.trevisantecnologia.importer.layout","id":"br.com.trevisantecnologia.importer.layout","size":3},{"name":"br.com.trevisantecnologia.importer.email","label":"br.com.trevisantecnologia.importer.email","id":"br.com.trevisantecnologia.importer.email","size":2},{"name":"br.com.trevisantecnologia.importer.persistence.type","label":"br.com.trevisantecnologia.importer.persistence.type","id":"br.com.trevisantecnologia.importer.persistence.type","size":2},{"name":"br.com.trevisantecnologia.importer.v3.configuration.serialization","label":"br.com.trevisantecnologia.importer.v3.configuration.serialization","id":"br.com.trevisantecnologia.importer.v3.configuration.serialization","size":2},{"name":"br.com.trevisantecnologia.importer.i18n","label":"br.com.trevisantecnologia.importer.i18n","id":"br.com.trevisantecnologia.importer.i18n","size":2},{"name":"br.com.trevisantecnologia.importer.service.journey","label":"br.com.trevisantecnologia.importer.service.journey","id":"br.com.trevisantecnologia.importer.service.journey","size":2},{"name":"br.com.trevisantecnologia.importer.model.feature.toggle","label":"br.com.trevisantecnologia.importer.model.feature.toggle","id":"br.com.trevisantecnologia.importer.model.feature.toggle","size":2},{"name":"br.com.trevisantecnologia.importer.dao.journey","label":"br.com.trevisantecnologia.importer.dao.journey","id":"br.com.trevisantecnologia.importer.dao.journey","size":2},{"name":"br.com.trevisantecnologia.importer.dao.function","label":"br.com.trevisantecnologia.importer.dao.function","id":"br.com.trevisantecnologia.importer.dao.function","size":2},{"name":"br.com.trevisantecnologia.importer.file","label":"br.com.trevisantecnologia.importer.file","id":"br.com.trevisantecnologia.importer.file","size":2},{"name":"br.com.trevisantecnologia.importer","label":"br.com.trevisantecnologia.importer","id":"br.com.trevisantecnologia.importer","size":1},{"name":"br.com.trevisantecnologia.importer.interceptor","label":"br.com.trevisantecnologia.importer.interceptor","id":"br.com.trevisantecnologia.importer.interceptor","size":1},{"name":"br.com.trevisantecnologia.importer.http","label":"br.com.trevisantecnologia.importer.http","id":"br.com.trevisantecnologia.importer.http","size":1},{"name":"br.com.trevisantecnologia.importer.persistence.dialect","label":"br.com.trevisantecnologia.importer.persistence.dialect","id":"br.com.trevisantecnologia.importer.persistence.dialect","size":1},{"name":"br.com.trevisantecnologia.importer.validator.business.rules.general","label":"br.com.trevisantecnologia.importer.validator.business.rules.general","id":"br.com.trevisantecnologia.importer.validator.business.rules.general","size":1},{"name":"br.com.trevisantecnologia.importer.validator.business.rules.agentteam","label":"br.com.trevisantecnologia.importer.validator.business.rules.agentteam","id":"br.com.trevisantecnologia.importer.validator.business.rules.agentteam","size":1},{"name":"br.com.trevisantecnologia.importer.validator.business.rules.utils","label":"br.com.trevisantecnologia.importer.validator.business.rules.utils","id":"br.com.trevisantecnologia.importer.validator.business.rules.utils","size":1},{"name":"br.com.trevisantecnologia.importer.v3.configuration.queue","label":"br.com.trevisantecnologia.importer.v3.configuration.queue","id":"br.com.trevisantecnologia.importer.v3.configuration.queue","size":1},{"name":"br.com.trevisantecnologia.importer.v3.notifier","label":"br.com.trevisantecnologia.importer.v3.notifier","id":"br.com.trevisantecnologia.importer.v3.notifier","size":1},{"name":"br.com.trevisantecnologia.importer.context.journey","label":"br.com.trevisantecnologia.importer.context.journey","id":"br.com.trevisantecnologia.importer.context.journey","size":1},{"name":"br.com.trevisantecnologia.importer.service.schedule.notification","label":"br.com.trevisantecnologia.importer.service.schedule.notification","id":"br.com.trevisantecnologia.importer.service.schedule.notification","size":1},{"name":"br.com.trevisantecnologia.importer.service.feature.toggle","label":"br.com.trevisantecnologia.importer.service.feature.toggle","id":"br.com.trevisantecnologia.importer.service.feature.toggle","size":1},{"name":"br.com.trevisantecnologia.importer.model.idiom","label":"br.com.trevisantecnologia.importer.model.idiom","id":"br.com.trevisantecnologia.importer.model.idiom","size":1},{"name":"br.com.trevisantecnologia.importer.model.scheduleimport","label":"br.com.trevisantecnologia.importer.model.scheduleimport","id":"br.com.trevisantecnologia.importer.model.scheduleimport","size":1},{"name":"br.com.trevisantecnologia.importer.dao.schedule.notification","label":"br.com.trevisantecnologia.importer.dao.schedule.notification","id":"br.com.trevisantecnologia.importer.dao.schedule.notification","size":1},{"name":"br.com.trevisantecnologia.importer.dao.feature.toggle","label":"br.com.trevisantecnologia.importer.dao.feature.toggle","id":"br.com.trevisantecnologia.importer.dao.feature.toggle","size":1},{"name":"br.com.trevisantecnologia.importer.dao.idiom","label":"br.com.trevisantecnologia.importer.dao.idiom","id":"br.com.trevisantecnologia.importer.dao.idiom","size":1}],"links":[{"source":"br.com.trevisantecnologia.importer.model","target":"br.com.trevisantecnologia.importer.model.journey"},{"source":"br.com.trevisantecnologia.importer.model","target":"br.com.trevisantecnologia.importer.types"},{"source":"br.com.trevisantecnologia.importer.service","target":"br.com.trevisantecnologia.importer.cache"},{"source":"br.com.trevisantecnologia.importer.service","target":"br.com.trevisantecnologia.importer.context"},{"source":"br.com.trevisantecnologia.importer.service","target":"br.com.trevisantecnologia.importer.converter"},{"source":"br.com.trevisantecnologia.importer.service","target":"br.com.trevisantecnologia.importer.dao"},{"source":"br.com.trevisantecnologia.importer.service","target":"br.com.trevisantecnologia.importer.dao.feature.toggle"},{"source":"br.com.trevisantecnologia.importer.service","target":"br.com.trevisantecnologia.importer.exception"},{"source":"br.com.trevisantecnologia.importer.service","target":"br.com.trevisantecnologia.importer.file"},{"source":"br.com.trevisantecnologia.importer.service","target":"br.com.trevisantecnologia.importer.helper"},{"source":"br.com.trevisantecnologia.importer.service","target":"br.com.trevisantecnologia.importer.i18n"},{"source":"br.com.trevisantecnologia.importer.service","target":"br.com.trevisantecnologia.importer.model"},{"source":"br.com.trevisantecnologia.importer.service","target":"br.com.trevisantecnologia.importer.model.feature.toggle"},{"source":"br.com.trevisantecnologia.importer.service","target":"br.com.trevisantecnologia.importer.model.scheduleimport"},{"source":"br.com.trevisantecnologia.importer.service","target":"br.com.trevisantecnologia.importer.reflection"},{"source":"br.com.trevisantecnologia.importer.service","target":"br.com.trevisantecnologia.importer.service.schedule.notification"},{"source":"br.com.trevisantecnologia.importer.service","target":"br.com.trevisantecnologia.importer.util"},{"source":"br.com.trevisantecnologia.importer.service","target":"br.com.trevisantecnologia.importer.validator"},{"source":"br.com.trevisantecnologia.importer.service","target":"br.com.trevisantecnologia.importer.validator.business"},{"source":"br.com.trevisantecnologia.importer.service","target":"br.com.trevisantecnologia.importer.validator.business.builders"},{"source":"br.com.trevisantecnologia.importer.dao","target":"br.com.trevisantecnologia.importer.context"},{"source":"br.com.trevisantecnologia.importer.dao","target":"br.com.trevisantecnologia.importer.dao.function"},{"source":"br.com.trevisantecnologia.importer.dao","target":"br.com.trevisantecnologia.importer.model"},{"source":"br.com.trevisantecnologia.importer.dao","target":"br.com.trevisantecnologia.importer.reflection"},{"source":"br.com.trevisantecnologia.importer.converter","target":"br.com.trevisantecnologia.importer.exception"},{"source":"br.com.trevisantecnologia.importer.converter","target":"br.com.trevisantecnologia.importer.model"},{"source":"br.com.trevisantecnologia.importer.converter","target":"br.com.trevisantecnologia.importer.parser"},{"source":"br.com.trevisantecnologia.importer.converter","target":"br.com.trevisantecnologia.importer.types"},{"source":"br.com.trevisantecnologia.importer.converter","target":"br.com.trevisantecnologia.importer.validator"},{"source":"br.com.trevisantecnologia.importer.validator.business.rules.agent","target":"br.com.trevisantecnologia.importer.dao"},{"source":"br.com.trevisantecnologia.importer.validator.business.rules.agent","target":"br.com.trevisantecnologia.importer.exception"},{"source":"br.com.trevisantecnologia.importer.validator.business.rules.agent","target":"br.com.trevisantecnologia.importer.helper"},{"source":"br.com.trevisantecnologia.importer.validator.business.rules.agent","target":"br.com.trevisantecnologia.importer.model"},{"source":"br.com.trevisantecnologia.importer.validator.business.rules.agent","target":"br.com.trevisantecnologia.importer.model.journey"},{"source":"br.com.trevisantecnologia.importer.validator.business.rules.agent","target":"br.com.trevisantecnologia.importer.service"},{"source":"br.com.trevisantecnologia.importer.validator.business.rules.agent","target":"br.com.trevisantecnologia.importer.service.journey"},{"source":"br.com.trevisantecnologia.importer.validator.business.rules.agent","target":"br.com.trevisantecnologia.importer.validator"},{"source":"br.com.trevisantecnologia.importer.validator.business.rules.agent","target":"br.com.trevisantecnologia.importer.validator.business"},{"source":"br.com.trevisantecnologia.importer.validator.business.rules.agent","target":"br.com.trevisantecnologia.importer.validator.business.rules.utils"},{"source":"br.com.trevisantecnologia.importer.validator","target":"br.com.trevisantecnologia.importer.exception"},{"source":"br.com.trevisantecnologia.importer.validator","target":"br.com.trevisantecnologia.importer.i18n"},{"source":"br.com.trevisantecnologia.importer.context","target":"br.com.trevisantecnologia.importer.exception"},{"source":"br.com.trevisantecnologia.importer.context","target":"br.com.trevisantecnologia.importer.model"},{"source":"br.com.trevisantecnologia.importer.context","target":"br.com.trevisantecnologia.importer.util"},{"source":"br.com.trevisantecnologia.importer.util","target":"br.com.trevisantecnologia.importer.core"},{"source":"br.com.trevisantecnologia.importer.util","target":"br.com.trevisantecnologia.importer.email"},{"source":"br.com.trevisantecnologia.importer.util","target":"br.com.trevisantecnologia.importer.model"},{"source":"br.com.trevisantecnologia.importer.parser","target":"br.com.trevisantecnologia.importer.context"},{"source":"br.com.trevisantecnologia.importer.parser","target":"br.com.trevisantecnologia.importer.exception"},{"source":"br.com.trevisantecnologia.importer.parser","target":"br.com.trevisantecnologia.importer.helper"},{"source":"br.com.trevisantecnologia.importer.parser","target":"br.com.trevisantecnologia.importer.i18n"},{"source":"br.com.trevisantecnologia.importer.parser","target":"br.com.trevisantecnologia.importer.layout"},{"source":"br.com.trevisantecnologia.importer.parser","target":"br.com.trevisantecnologia.importer.model"},{"source":"br.com.trevisantecnologia.importer.parser","target":"br.com.trevisantecnologia.importer.reflection"},{"source":"br.com.trevisantecnologia.importer.parser","target":"br.com.trevisantecnologia.importer.service"},{"source":"br.com.trevisantecnologia.importer.parser","target":"br.com.trevisantecnologia.importer.util"},{"source":"br.com.trevisantecnologia.importer.parser","target":"br.com.trevisantecnologia.importer.v3.entity"},{"source":"br.com.trevisantecnologia.importer.parser","target":"br.com.trevisantecnologia.importer.v3.message"},{"source":"br.com.trevisantecnologia.importer.parser","target":"br.com.trevisantecnologia.importer.v3.notifier"},{"source":"br.com.trevisantecnologia.importer.core","target":"br.com.trevisantecnologia.importer"},{"source":"br.com.trevisantecnologia.importer.core","target":"br.com.trevisantecnologia.importer.context"},{"source":"br.com.trevisantecnologia.importer.core","target":"br.com.trevisantecnologia.importer.email"},{"source":"br.com.trevisantecnologia.importer.core","target":"br.com.trevisantecnologia.importer.exception"},{"source":"br.com.trevisantecnologia.importer.core","target":"br.com.trevisantecnologia.importer.file"},{"source":"br.com.trevisantecnologia.importer.core","target":"br.com.trevisantecnologia.importer.model"},{"source":"br.com.trevisantecnologia.importer.core","target":"br.com.trevisantecnologia.importer.model.scheduleimport"},{"source":"br.com.trevisantecnologia.importer.core","target":"br.com.trevisantecnologia.importer.parser"},{"source":"br.com.trevisantecnologia.importer.core","target":"br.com.trevisantecnologia.importer.service"},{"source":"br.com.trevisantecnologia.importer.core","target":"br.com.trevisantecnologia.importer.util"},{"source":"br.com.trevisantecnologia.importer.v3.callback","target":"br.com.trevisantecnologia.importer.file"},{"source":"br.com.trevisantecnologia.importer.v3.callback","target":"br.com.trevisantecnologia.importer.model"},{"source":"br.com.trevisantecnologia.importer.v3.callback","target":"br.com.trevisantecnologia.importer.model.scheduleimport"},{"source":"br.com.trevisantecnologia.importer.v3.callback","target":"br.com.trevisantecnologia.importer.service"},{"source":"br.com.trevisantecnologia.importer.v3.callback","target":"br.com.trevisantecnologia.importer.v3.configuration.serialization"},{"source":"br.com.trevisantecnologia.importer.v3.callback","target":"br.com.trevisantecnologia.importer.v3.message"},{"source":"br.com.trevisantecnologia.importer.exception","target":"br.com.trevisantecnologia.importer.i18n"},{"source":"br.com.trevisantecnologia.importer.v3.message","target":"br.com.trevisantecnologia.importer.context"},{"source":"br.com.trevisantecnologia.importer.v3.message","target":"br.com.trevisantecnologia.importer.exception"},{"source":"br.com.trevisantecnologia.importer.v3.message","target":"br.com.trevisantecnologia.importer.v3.entity"},{"source":"br.com.trevisantecnologia.importer.v3.entity","target":"br.com.trevisantecnologia.importer.exception"},{"source":"br.com.trevisantecnologia.importer.validator.business.builders","target":"br.com.trevisantecnologia.importer.dao"},{"source":"br.com.trevisantecnologia.importer.validator.business.builders","target":"br.com.trevisantecnologia.importer.model"},{"source":"br.com.trevisantecnologia.importer.validator.business.builders","target":"br.com.trevisantecnologia.importer.validator.business"},{"source":"br.com.trevisantecnologia.importer.validator.business.builders","target":"br.com.trevisantecnologia.importer.validator.business.rules.agentteam"},{"source":"br.com.trevisantecnologia.importer.validator.business.builders","target":"br.com.trevisantecnologia.importer.validator.business.rules.general"},{"source":"br.com.trevisantecnologia.importer.validator.business.builders","target":"br.com.trevisantecnologia.importer.validator.business.rules.servicelocalactivity"},{"source":"br.com.trevisantecnologia.importer.model.journey","target":"br.com.trevisantecnologia.importer.exception"},{"source":"br.com.trevisantecnologia.importer.model.journey","target":"br.com.trevisantecnologia.importer.model"},{"source":"br.com.trevisantecnologia.importer.validator.business.rules.servicelocalactivity","target":"br.com.trevisantecnologia.importer.exception"},{"source":"br.com.trevisantecnologia.importer.validator.business.rules.servicelocalactivity","target":"br.com.trevisantecnologia.importer.model"},{"source":"br.com.trevisantecnologia.importer.validator.business.rules.servicelocalactivity","target":"br.com.trevisantecnologia.importer.service"},{"source":"br.com.trevisantecnologia.importer.validator.business.rules.servicelocalactivity","target":"br.com.trevisantecnologia.importer.validator.business"},{"source":"br.com.trevisantecnologia.importer.validator.business.rules.servicelocalactivity","target":"br.com.trevisantecnologia.importer.validator.business.rules.utils"},{"source":"br.com.trevisantecnologia.importer.helper","target":"br.com.trevisantecnologia.importer.context"},{"source":"br.com.trevisantecnologia.importer.helper","target":"br.com.trevisantecnologia.importer.model"},{"source":"br.com.trevisantecnologia.importer.helper","target":"br.com.trevisantecnologia.importer.service"},{"source":"br.com.trevisantecnologia.importer.cache","target":"br.com.trevisantecnologia.importer.model"},{"source":"br.com.trevisantecnologia.importer.injection","target":"br.com.trevisantecnologia.importer.context"},{"source":"br.com.trevisantecnologia.importer.injection","target":"br.com.trevisantecnologia.importer.dao"},{"source":"br.com.trevisantecnologia.importer.injection","target":"br.com.trevisantecnologia.importer.i18n"},{"source":"br.com.trevisantecnologia.importer.injection","target":"br.com.trevisantecnologia.importer.interceptor"},{"source":"br.com.trevisantecnologia.importer.injection","target":"br.com.trevisantecnologia.importer.util"},{"source":"br.com.trevisantecnologia.importer.reflection","target":"br.com.trevisantecnologia.importer.context"},{"source":"br.com.trevisantecnologia.importer.reflection","target":"br.com.trevisantecnologia.importer.converter"},{"source":"br.com.trevisantecnologia.importer.reflection","target":"br.com.trevisantecnologia.importer.exception"},{"source":"br.com.trevisantecnologia.importer.reflection","target":"br.com.trevisantecnologia.importer.i18n"},{"source":"br.com.trevisantecnologia.importer.reflection","target":"br.com.trevisantecnologia.importer.model"},{"source":"br.com.trevisantecnologia.importer.reflection","target":"br.com.trevisantecnologia.importer.service"},{"source":"br.com.trevisantecnologia.importer.service.idiom","target":"br.com.trevisantecnologia.importer.dao.idiom"},{"source":"br.com.trevisantecnologia.importer.service.idiom","target":"br.com.trevisantecnologia.importer.model"},{"source":"br.com.trevisantecnologia.importer.service.idiom","target":"br.com.trevisantecnologia.importer.model.idiom"},{"source":"br.com.trevisantecnologia.importer.service.idiom","target":"br.com.trevisantecnologia.importer.service"},{"source":"br.com.trevisantecnologia.importer.model.schedule.notification","target":"br.com.trevisantecnologia.importer.model"},{"source":"br.com.trevisantecnologia.importer.layout","target":"br.com.trevisantecnologia.importer.model"},{"source":"br.com.trevisantecnologia.importer.layout","target":"br.com.trevisantecnologia.importer.service"},{"source":"br.com.trevisantecnologia.importer.email","target":"br.com.trevisantecnologia.importer.http"},{"source":"br.com.trevisantecnologia.importer.persistence.type","target":"br.com.trevisantecnologia.importer.types"},{"source":"br.com.trevisantecnologia.importer.i18n","target":"br.com.trevisantecnologia.importer.context"},{"source":"br.com.trevisantecnologia.importer.service.journey","target":"br.com.trevisantecnologia.importer.context.journey"},{"source":"br.com.trevisantecnologia.importer.service.journey","target":"br.com.trevisantecnologia.importer.dao"},{"source":"br.com.trevisantecnologia.importer.service.journey","target":"br.com.trevisantecnologia.importer.dao.journey"},{"source":"br.com.trevisantecnologia.importer.service.journey","target":"br.com.trevisantecnologia.importer.model.journey"},{"source":"br.com.trevisantecnologia.importer.service.journey","target":"br.com.trevisantecnologia.importer.service"},{"source":"br.com.trevisantecnologia.importer.model.feature.toggle","target":"br.com.trevisantecnologia.importer.model"},{"source":"br.com.trevisantecnologia.importer.dao.journey","target":"br.com.trevisantecnologia.importer.dao"},{"source":"br.com.trevisantecnologia.importer.dao.journey","target":"br.com.trevisantecnologia.importer.model.journey"},{"source":"br.com.trevisantecnologia.importer.dao.function","target":"br.com.trevisantecnologia.importer.model"},{"source":"br.com.trevisantecnologia.importer.file","target":"br.com.trevisantecnologia.importer.model"},{"source":"br.com.trevisantecnologia.importer","target":"br.com.trevisantecnologia.importer.core"},{"source":"br.com.trevisantecnologia.importer","target":"br.com.trevisantecnologia.importer.util"},{"source":"br.com.trevisantecnologia.importer.validator.business.rules.general","target":"br.com.trevisantecnologia.importer.dao"},{"source":"br.com.trevisantecnologia.importer.validator.business.rules.general","target":"br.com.trevisantecnologia.importer.exception"},{"source":"br.com.trevisantecnologia.importer.validator.business.rules.general","target":"br.com.trevisantecnologia.importer.model"},{"source":"br.com.trevisantecnologia.importer.validator.business.rules.general","target":"br.com.trevisantecnologia.importer.validator.business"},{"source":"br.com.trevisantecnologia.importer.validator.business.rules.agentteam","target":"br.com.trevisantecnologia.importer.dao"},{"source":"br.com.trevisantecnologia.importer.validator.business.rules.agentteam","target":"br.com.trevisantecnologia.importer.exception"},{"source":"br.com.trevisantecnologia.importer.validator.business.rules.agentteam","target":"br.com.trevisantecnologia.importer.model"},{"source":"br.com.trevisantecnologia.importer.validator.business.rules.agentteam","target":"br.com.trevisantecnologia.importer.service"},{"source":"br.com.trevisantecnologia.importer.validator.business.rules.agentteam","target":"br.com.trevisantecnologia.importer.validator.business"},{"source":"br.com.trevisantecnologia.importer.validator.business.rules.utils","target":"br.com.trevisantecnologia.importer.exception"},{"source":"br.com.trevisantecnologia.importer.validator.business.rules.utils","target":"br.com.trevisantecnologia.importer.model"},{"source":"br.com.trevisantecnologia.importer.validator.business.rules.utils","target":"br.com.trevisantecnologia.importer.service"},{"source":"br.com.trevisantecnologia.importer.context.journey","target":"br.com.trevisantecnologia.importer.context"},{"source":"br.com.trevisantecnologia.importer.service.schedule.notification","target":"br.com.trevisantecnologia.importer.dao.schedule.notification"},{"source":"br.com.trevisantecnologia.importer.service.schedule.notification","target":"br.com.trevisantecnologia.importer.model"},{"source":"br.com.trevisantecnologia.importer.service.schedule.notification","target":"br.com.trevisantecnologia.importer.model.schedule.notification"},{"source":"br.com.trevisantecnologia.importer.service.schedule.notification","target":"br.com.trevisantecnologia.importer.service"},{"source":"br.com.trevisantecnologia.importer.service.schedule.notification","target":"br.com.trevisantecnologia.importer.service.feature.toggle"},{"source":"br.com.trevisantecnologia.importer.service.schedule.notification","target":"br.com.trevisantecnologia.importer.service.idiom"},{"source":"br.com.trevisantecnologia.importer.service.feature.toggle","target":"br.com.trevisantecnologia.importer.dao.feature.toggle"},{"source":"br.com.trevisantecnologia.importer.service.feature.toggle","target":"br.com.trevisantecnologia.importer.model"},{"source":"br.com.trevisantecnologia.importer.service.feature.toggle","target":"br.com.trevisantecnologia.importer.model.feature.toggle"},{"source":"br.com.trevisantecnologia.importer.model.idiom","target":"br.com.trevisantecnologia.importer.model"},{"source":"br.com.trevisantecnologia.importer.dao.schedule.notification","target":"br.com.trevisantecnologia.importer.dao"},{"source":"br.com.trevisantecnologia.importer.dao.schedule.notification","target":"br.com.trevisantecnologia.importer.model"},{"source":"br.com.trevisantecnologia.importer.dao.schedule.notification","target":"br.com.trevisantecnologia.importer.model.schedule.notification"},{"source":"br.com.trevisantecnologia.importer.dao.feature.toggle","target":"br.com.trevisantecnologia.importer.cache"},{"source":"br.com.trevisantecnologia.importer.dao.feature.toggle","target":"br.com.trevisantecnologia.importer.dao"},{"source":"br.com.trevisantecnologia.importer.dao.feature.toggle","target":"br.com.trevisantecnologia.importer.model"},{"source":"br.com.trevisantecnologia.importer.dao.feature.toggle","target":"br.com.trevisantecnologia.importer.model.feature.toggle"},{"source":"br.com.trevisantecnologia.importer.dao.idiom","target":"br.com.trevisantecnologia.importer.cache"},{"source":"br.com.trevisantecnologia.importer.dao.idiom","target":"br.com.trevisantecnologia.importer.dao"},{"source":"br.com.trevisantecnologia.importer.dao.idiom","target":"br.com.trevisantecnologia.importer.model"},{"source":"br.com.trevisantecnologia.importer.dao.idiom","target":"br.com.trevisantecnologia.importer.model.idiom"}]}