{"name":"variants","children":[{"name":"br.com.trevisantecnologia.importer","children":[{"name":"Importer","sloc":74,"wmc":14}]},{"name":"br.com.trevisantecnologia.importer.interceptor","children":[{"name":"TransactionInterceptor","sloc":25,"wmc":2}]},{"name":"br.com.trevisantecnologia.importer.util","children":[{"name":"ArrayUtils","sloc":51,"wmc":19},{"name":"Constants","sloc":15,"wmc":1},{"name":"Regex","sloc":13,"wmc":1},{"name":"ShutdownSigner","sloc":42,"wmc":9},{"name":"SpringBeanProvider","sloc":6,"wmc":1},{"name":"SpringApplicationProperties","sloc":51,"wmc":15},{"name":"StringUtils","sloc":15,"wmc":5},{"name":"ImporterConfiguration","sloc":50,"wmc":11},{"name":"BeanUtil","sloc":16,"wmc":2},{"name":"ModelUtils","sloc":7,"wmc":2}]},{"name":"br.com.trevisantecnologia.importer.http","children":[{"name":"HttpClient","sloc":11,"wmc":2}]},{"name":"br.com.trevisantecnologia.importer.email","children":[{"name":"EmailDispatcher","sloc":29,"wmc":2},{"name":"EmailRequest","sloc":38,"wmc":10}]},{"name":"br.com.trevisantecnologia.importer.converter","children":[{"name":"EnumConverter","sloc":19,"wmc":5},{"name":"Converter","sloc":5,"wmc":2},{"name":"StringListWrapperConverter","sloc":22,"wmc":3},{"name":"LocalDateConverter","sloc":32,"wmc":4},{"name":"WeekdaysConverter","sloc":55,"wmc":12},{"name":"ConversionHandler","sloc":51,"wmc":7},{"name":"LocalTimeConverter","sloc":27,"wmc":4},{"name":"WeekdaysItineraryConverter","sloc":14,"wmc":2},{"name":"ItineraryExclusiveConverter","sloc":33,"wmc":8},{"name":"StringConverter","sloc":11,"wmc":2},{"name":"WeekdaysServiceLocalActivityConverter","sloc":14,"wmc":2},{"name":"ShortConverter","sloc":17,"wmc":3},{"name":"FloatConverter","sloc":17,"wmc":3},{"name":"BooleanConverter","sloc":23,"wmc":6},{"name":"DoubleConverter","sloc":17,"wmc":3},{"name":"LocalDateTimeConverter","sloc":28,"wmc":3},{"name":"LongConverter","sloc":17,"wmc":3},{"name":"CharacterConverter","sloc":17,"wmc":4},{"name":"IdiomConverter","sloc":23,"wmc":4},{"name":"ModelConverter","sloc":24,"wmc":3},{"name":"IntegerConverter","sloc":17,"wmc":3},{"name":"ImportModelConverter","sloc":24,"wmc":4},{"name":"ScheduleSituationConverter","sloc":24,"wmc":3},{"name":"MediaConverter","sloc":22,"wmc":4}]},{"name":"br.com.trevisantecnologia.importer.reflection","children":[{"name":"ReflectionHelper","sloc":63,"wmc":22},{"name":"TypeResolver","sloc":13,"wmc":2},{"name":"InstanceBuilder","sloc":214,"wmc":42}]},{"name":"br.com.trevisantecnologia.importer.persistence","children":[{"name":"LocalTimeStringType","sloc":6,"wmc":1},{"name":"LocalTimeWithoutSecondsMapper","sloc":16,"wmc":3},{"name":"BooleanCharacterType","sloc":9,"wmc":1}]},{"name":"br.com.trevisantecnologia.importer.persistence.dialect","children":[{"name":"CustomPostgreSQLDialect","sloc":10,"wmc":1}]},{"name":"br.com.trevisantecnologia.importer.persistence.type","children":[{"name":"ArrayLongToListLongType","sloc":94,"wmc":21},{"name":"StringListWrapperType","sloc":95,"wmc":20}]},{"name":"br.com.trevisantecnologia.importer.validator","children":[{"name":"XmlValidator","sloc":51,"wmc":5},{"name":"CpfValidator","sloc":25,"wmc":5},{"name":"RegexValidator","sloc":22,"wmc":5},{"name":"TimeZoneLocationValidator","sloc":18,"wmc":5},{"name":"GeoCoordinateValidator","sloc":49,"wmc":13},{"name":"AlwaysValidValidator","sloc":10,"wmc":2},{"name":"DateValidator","sloc":32,"wmc":4},{"name":"UrlValidator","sloc":10,"wmc":1},{"name":"Validator","sloc":5,"wmc":2},{"name":"AlwaysInvalidValidator","sloc":16,"wmc":3},{"name":"CnpjValidator","sloc":25,"wmc":5},{"name":"IdiomLocaleValidator","sloc":18,"wmc":4},{"name":"CustomFielListTypeValueValidator","sloc":10,"wmc":2}]},{"name":"br.com.trevisantecnologia.importer.validator.business","children":[{"name":"BusinessRules","sloc":4,"wmc":1},{"name":"BusinessValidator","sloc":17,"wmc":3},{"name":"BusinessValidatorBuilder","sloc":12,"wmc":2}]},{"name":"br.com.trevisantecnologia.importer.validator.business.rules.servicelocalactivity","children":[{"name":"MaximumExecutionInCicleValue","sloc":17,"wmc":5},{"name":"CheckerServiceLocal","sloc":18,"wmc":1},{"name":"MinimalExecutionInCicleValue","sloc":24,"wmc":6},{"name":"CheckerActivity","sloc":18,"wmc":1}]},{"name":"br.com.trevisantecnologia.importer.validator.business.rules.general","children":[{"name":"DescriptionAlreadyUse","sloc":18,"wmc":3}]},{"name":"br.com.trevisantecnologia.importer.validator.business.rules.agentteam","children":[{"name":"AgentTeamLinkRule","sloc":39,"wmc":9}]},{"name":"br.com.trevisantecnologia.importer.validator.business.rules.utils","children":[{"name":"ReferenceByAlternativeIdentifier","sloc":28,"wmc":7}]},{"name":"br.com.trevisantecnologia.importer.validator.business.rules.agent","children":[{"name":"RelationShipModeAndRegisteredBillingData","sloc":15,"wmc":2},{"name":"LoginUpdate","sloc":16,"wmc":3},{"name":"CheckerWeeklyWorkday","sloc":19,"wmc":1},{"name":"LoginIsSuporteumovOrSuportetecnico","sloc":13,"wmc":2},{"name":"PasswordIsEmpty","sloc":19,"wmc":4},{"name":"Idiom","sloc":16,"wmc":4},{"name":"CheckerAccessRole","sloc":38,"wmc":8},{"name":"LoginAlreadyUse","sloc":15,"wmc":2},{"name":"GeoLocationTimezone","sloc":25,"wmc":10},{"name":"CheckerNameAlreadyUser","sloc":22,"wmc":3},{"name":"CheckerAgentType","sloc":18,"wmc":1},{"name":"ClientLicensesLimit","sloc":17,"wmc":3},{"name":"PasswordFillingType","sloc":15,"wmc":5},{"name":"PasswordPolicy","sloc":21,"wmc":2},{"name":"GeoLocation","sloc":15,"wmc":3}]},{"name":"br.com.trevisantecnologia.importer.validator.business.builders","children":[{"name":"ServiceLocalActivityValidatorBuilder","sloc":34,"wmc":2},{"name":"AgentValidatorBuilder","sloc":60,"wmc":1},{"name":"GroupValidatorBuilder","sloc":19,"wmc":1},{"name":"SubGroupValidatorBuilder","sloc":18,"wmc":1},{"name":"AgentTeamValidatorBuilder","sloc":18,"wmc":1}]},{"name":"br.com.trevisantecnologia.importer.helper","children":[{"name":"ComparatorHelper","sloc":17,"wmc":8},{"name":"PasswordHelper","sloc":47,"wmc":7},{"name":"ValidationHelper","sloc":18,"wmc":4},{"name":"EncodingHelper","sloc":54,"wmc":7}]},{"name":"br.com.trevisantecnologia.importer.v3.configuration.serialization","children":[{"name":"GsonWrapper","sloc":13,"wmc":1},{"name":"GsonConfig","sloc":11,"wmc":1}]},{"name":"br.com.trevisantecnologia.importer.v3.configuration.mongodb","children":[{"name":"JodaLocalTimeConverter","sloc":13,"wmc":1},{"name":"MongoDbProperties","sloc":16,"wmc":2},{"name":"MongoDbConfiguration","sloc":70,"wmc":8}]},{"name":"br.com.trevisantecnologia.importer.v3.configuration.queue","children":[{"name":"QueueConfiguration","sloc":17,"wmc":1}]},{"name":"br.com.trevisantecnologia.importer.v3.message","children":[{"name":"Source","sloc":15,"wmc":3},{"name":"Message","sloc":34,"wmc":7},{"name":"Content","sloc":33,"wmc":6},{"name":"MessageService","sloc":71,"wmc":10},{"name":"Header","sloc":24,"wmc":5},{"name":"MessageRepository","sloc":7,"wmc":1}]},{"name":"br.com.trevisantecnologia.importer.v3.callback","children":[{"name":"MessageLogError","sloc":23,"wmc":6},{"name":"CallbackConsumer","sloc":33,"wmc":1},{"name":"MessageLogCount","sloc":23,"wmc":5},{"name":"ResultAggregateService","sloc":73,"wmc":6},{"name":"LogError","sloc":27,"wmc":6},{"name":"ResultAggregate","sloc":51,"wmc":13}]},{"name":"br.com.trevisantecnologia.importer.v3.entity","children":[{"name":"Node","sloc":39,"wmc":9},{"name":"Root","sloc":53,"wmc":12},{"name":"Properties","sloc":56,"wmc":14},{"name":"EntityBuilder","sloc":61,"wmc":16},{"name":"Entity","sloc":9,"wmc":5}]},{"name":"br.com.trevisantecnologia.importer.v3.notifier","children":[{"name":"FileProcessedNotifier","sloc":15,"wmc":1}]},{"name":"br.com.trevisantecnologia.importer.cache","children":[{"name":"UniqueEntityCache","sloc":10,"wmc":2},{"name":"CustomFieldCache","sloc":39,"wmc":9},{"name":"EntityCache","sloc":18,"wmc":4},{"name":"GenericCache","sloc":31,"wmc":4}]},{"name":"br.com.trevisantecnologia.importer.context","children":[{"name":"ScheduleTypeActivityImportContext","sloc":5,"wmc":1},{"name":"ScheduleItemImportContext","sloc":5,"wmc":1},{"name":"ItineraryAgentImportContext","sloc":5,"wmc":1},{"name":"ServiceLocalItemImportContext","sloc":5,"wmc":1},{"name":"ServiceLocalActivityImportContext","sloc":5,"wmc":1},{"name":"ServiceLocalTeamImportContext","sloc":5,"wmc":1},{"name":"ImportContext","sloc":208,"wmc":59},{"name":"AditionalInfoItemContext","sloc":5,"wmc":1},{"name":"AgentActivityImportContext","sloc":5,"wmc":1},{"name":"AbstractContext","sloc":18,"wmc":4},{"name":"ItineraryServiceLocalImportContext","sloc":5,"wmc":1}]},{"name":"br.com.trevisantecnologia.importer.context.journey","children":[{"name":"WorkdayImportContext","sloc":6,"wmc":1}]},{"name":"br.com.trevisantecnologia.importer.parser","children":[{"name":"FileProcessorV3","sloc":72,"wmc":10},{"name":"Splitter","sloc":30,"wmc":6},{"name":"EscapeCharacter","sloc":7,"wmc":1},{"name":"FileToParseValidator","sloc":30,"wmc":4},{"name":"FileProcessor","sloc":47,"wmc":9},{"name":"PropertiesParser","sloc":19,"wmc":4},{"name":"FileProcessorV2","sloc":112,"wmc":23},{"name":"LineParser","sloc":68,"wmc":15},{"name":"FileParser","sloc":20,"wmc":3}]},{"name":"br.com.trevisantecnologia.importer.injection","children":[{"name":"InjectorCreator","sloc":11,"wmc":2},{"name":"InjectionModule","sloc":17,"wmc":1},{"name":"SessionFactoryProvider","sloc":24,"wmc":2},{"name":"ValidatorProvider","sloc":22,"wmc":1}]},{"name":"br.com.trevisantecnologia.importer.i18n","children":[{"name":"MessageResolver","sloc":24,"wmc":3},{"name":"LocalizedMessageInterpolator","sloc":19,"wmc":4}]},{"name":"br.com.trevisantecnologia.importer.core","children":[{"name":"ImportManager","sloc":38,"wmc":5},{"name":"ImportManagerBuilder","sloc":23,"wmc":3},{"name":"ImportExecutor","sloc":68,"wmc":5},{"name":"ImportWorker","sloc":38,"wmc":3},{"name":"ImportProcess","sloc":45,"wmc":11},{"name":"ImportQueue","sloc":32,"wmc":5},{"name":"ImportTimeoutInspector","sloc":80,"wmc":12},{"name":"SpringBootStarter","sloc":8,"wmc":1}]},{"name":"br.com.trevisantecnologia.importer.service","children":[{"name":"ItineraryAgentService","sloc":69,"wmc":15},{"name":"MediaService","sloc":55,"wmc":13},{"name":"ScheduleImportService","sloc":50,"wmc":10},{"name":"LevelAService","sloc":13,"wmc":1},{"name":"AgentService","sloc":180,"wmc":45},{"name":"ScheduleItemService","sloc":77,"wmc":19},{"name":"AuditService","sloc":15,"wmc":2},{"name":"SectionService","sloc":13,"wmc":1},{"name":"CustomFieldService","sloc":56,"wmc":11},{"name":"Local3DimensionService","sloc":50,"wmc":12},{"name":"GroupService","sloc":57,"wmc":13},{"name":"ScheduleActivityService","sloc":52,"wmc":12},{"name":"IdiomService","sloc":16,"wmc":2},{"name":"ItemCategoryService","sloc":50,"wmc":12},{"name":"ServiceLocalClassificationService","sloc":51,"wmc":12},{"name":"ScheduleTypeService","sloc":18,"wmc":2},{"name":"ItineraryScheduleService","sloc":21,"wmc":1},{"name":"ItineraryServiceLocalService","sloc":59,"wmc":13},{"name":"ScheduleSituationService","sloc":33,"wmc":6},{"name":"LicenseService","sloc":43,"wmc":11},{"name":"ImportService","sloc":12,"wmc":7},{"name":"FieldSettingService","sloc":25,"wmc":3},{"name":"TeamService","sloc":60,"wmc":15},{"name":"CustomEntityEntryService","sloc":61,"wmc":15},{"name":"LimitService","sloc":23,"wmc":5},{"name":"AccesRoleService","sloc":13,"wmc":1},{"name":"AgentActivityService","sloc":59,"wmc":13},{"name":"ServiceLocalService","sloc":188,"wmc":41},{"name":"AditionalInfoItemService","sloc":65,"wmc":16},{"name":"LevelXService","sloc":13,"wmc":1},{"name":"ServiceLocalItemService","sloc":53,"wmc":11},{"name":"SectionSubGroupService","sloc":36,"wmc":7},{"name":"ServiceLocalTypeService","sloc":50,"wmc":12},{"name":"ItemService","sloc":120,"wmc":35},{"name":"AbstractCustomFieldedImportService","sloc":252,"wmc":81},{"name":"CustomFieldValueService","sloc":129,"wmc":37},{"name":"Level6Service","sloc":13,"wmc":1},{"name":"ClientService","sloc":71,"wmc":16},{"name":"SystemParametersService","sloc":21,"wmc":3},{"name":"ServiceLocalTeamService","sloc":59,"wmc":13},{"name":"ItineraryService","sloc":132,"wmc":38},{"name":"ServiceLocalActivityService","sloc":75,"wmc":18},{"name":"ItineraryTeamService","sloc":9,"wmc":1},{"name":"AbstractImportService","sloc":158,"wmc":45},{"name":"ActivityService","sloc":13,"wmc":1},{"name":"GeocoderService","sloc":32,"wmc":5},{"name":"AbstractService","sloc":89,"wmc":21},{"name":"ScheduleService","sloc":264,"wmc":78},{"name":"SectionItemService","sloc":44,"wmc":10},{"name":"AgentTeamService","sloc":49,"wmc":9},{"name":"AgentTypeService","sloc":50,"wmc":12},{"name":"ImportLayoutService","sloc":17,"wmc":2},{"name":"Timezones","sloc":46,"wmc":10},{"name":"DefaultActivityService","sloc":16,"wmc":2},{"name":"SubGroupService","sloc":66,"wmc":14},{"name":"PasswordHistoryService","sloc":22,"wmc":2},{"name":"TeamTypeService","sloc":30,"wmc":7},{"name":"ItineraryActivityService","sloc":50,"wmc":11},{"name":"ScheduleTypeActivityService","sloc":50,"wmc":10}]},{"name":"br.com.trevisantecnologia.importer.service.journey","children":[{"name":"WeeklyWorkdayService","sloc":31,"wmc":5},{"name":"WorkdayService","sloc":57,"wmc":13}]},{"name":"br.com.trevisantecnologia.importer.service.schedule.notification","children":[{"name":"ScheduleNotificationService","sloc":55,"wmc":6}]},{"name":"br.com.trevisantecnologia.importer.service.feature.toggle","children":[{"name":"FeatureToggleService","sloc":17,"wmc":2}]},{"name":"br.com.trevisantecnologia.importer.service.idiom","children":[{"name":"IdiomEntryService","sloc":19,"wmc":4},{"name":"IdiomWrapper","sloc":26,"wmc":4}]},{"name":"br.com.trevisantecnologia.importer.types","children":[{"name":"StringListWrapper","sloc":11,"wmc":2}]},{"name":"br.com.trevisantecnologia.importer.model","children":[{"name":"ScheduleItem","sloc":96,"wmc":14},{"name":"ItemCategory","sloc":94,"wmc":14},{"name":"Local3Dimension","sloc":90,"wmc":14},{"name":"ScheduleTypeActivity","sloc":87,"wmc":18},{"name":"ImportLayoutField","sloc":100,"wmc":19},{"name":"ImportActive","sloc":5,"wmc":2},{"name":"ItineraryServiceLocal","sloc":104,"wmc":20},{"name":"ItineraryAgent","sloc":79,"wmc":14},{"name":"AccessRole","sloc":87,"wmc":16},{"name":"LevelX","sloc":80,"wmc":12},{"name":"LicenseDTO","sloc":42,"wmc":12},{"name":"CustomFieldedImportModel","sloc":6,"wmc":2},{"name":"AgentTeam","sloc":107,"wmc":16},{"name":"ScheduleSituation","sloc":23,"wmc":3},{"name":"WeekdaysServiceLocalActivity","sloc":145,"wmc":43},{"name":"Idiom","sloc":46,"wmc":8},{"name":"PasswordHistory","sloc":65,"wmc":10},{"name":"Limit","sloc":75,"wmc":14},{"name":"ItinerarySchedule","sloc":93,"wmc":16},{"name":"ServiceLocalTeam","sloc":84,"wmc":13},{"name":"ItineraryTeam","sloc":49,"wmc":12},{"name":"Level6","sloc":80,"wmc":12},{"name":"AditionalInfoItem","sloc":127,"wmc":24},{"name":"Weekdays","sloc":10,"wmc":7},{"name":"ServiceLocalClassification","sloc":90,"wmc":14},{"name":"WeekdaysItinerary","sloc":106,"wmc":29},{"name":"Activity","sloc":74,"wmc":12},{"name":"Partner","sloc":48,"wmc":8},{"name":"IDescription","sloc":5,"wmc":2},{"name":"Item","sloc":314,"wmc":62},{"name":"Timezone","sloc":9,"wmc":6},{"name":"ScheduleType","sloc":77,"wmc":14},{"name":"ServiceLocalItem","sloc":96,"wmc":16},{"name":"ServiceLocalType","sloc":101,"wmc":16},{"name":"SectionSubGroup","sloc":81,"wmc":12},{"name":"TeamType","sloc":87,"wmc":14},{"name":"AgentActivity","sloc":88,"wmc":14},{"name":"ScheduleActivity","sloc":101,"wmc":16},{"name":"Agent","sloc":911,"wmc":202},{"name":"CustomEntity","sloc":79,"wmc":14},{"name":"ServiceLocalActivity","sloc":175,"wmc":37},{"name":"GeocoderAdress","sloc":4,"wmc":1},{"name":"CustomFieldValue","sloc":84,"wmc":16},{"name":"ImportModel","sloc":10,"wmc":6},{"name":"Group","sloc":114,"wmc":18},{"name":"Schedule","sloc":603,"wmc":149},{"name":"Model","sloc":6,"wmc":2},{"name":"CustomField","sloc":177,"wmc":41},{"name":"Section","sloc":192,"wmc":38},{"name":"IAudit","sloc":15,"wmc":10},{"name":"Media","sloc":110,"wmc":25},{"name":"SectionItem","sloc":112,"wmc":18},{"name":"CustomEntityEntry","sloc":118,"wmc":18},{"name":"ItineraryActivity","sloc":81,"wmc":12},{"name":"ImageImportModel","sloc":6,"wmc":3},{"name":"PasswordPolicy","sloc":100,"wmc":18},{"name":"Address","sloc":14,"wmc":11},{"name":"SystemParameters","sloc":138,"wmc":28},{"name":"SubGroup","sloc":134,"wmc":22},{"name":"FieldSetting","sloc":81,"wmc":14},{"name":"Team","sloc":140,"wmc":22},{"name":"AgentType","sloc":88,"wmc":14},{"name":"ServiceLocal","sloc":720,"wmc":154},{"name":"Itinerary","sloc":274,"wmc":63},{"name":"ImportLayout","sloc":91,"wmc":16},{"name":"ItineraryExclusive","sloc":20,"wmc":4},{"name":"ScheduleImport","sloc":116,"wmc":27},{"name":"DefaultSystemSettings","sloc":17,"wmc":2},{"name":"Client","sloc":208,"wmc":50},{"name":"LevelA","sloc":59,"wmc":8},{"name":"DefaultActivity","sloc":59,"wmc":10}]},{"name":"br.com.trevisantecnologia.importer.model.journey","children":[{"name":"Workday","sloc":228,"wmc":52},{"name":"TimeRange","sloc":21,"wmc":9},{"name":"WeeklyWorkday","sloc":164,"wmc":39}]},{"name":"br.com.trevisantecnologia.importer.model.schedule.notification","children":[{"name":"ScheduleNotification","sloc":106,"wmc":20}]},{"name":"br.com.trevisantecnologia.importer.model.feature.toggle","children":[{"name":"FeatureToggle","sloc":55,"wmc":11}]},{"name":"br.com.trevisantecnologia.importer.model.idiom","children":[{"name":"IdiomEntry","sloc":71,"wmc":10}]},{"name":"br.com.trevisantecnologia.importer.model.scheduleimport","children":[{"name":"ScheduleImportResult","sloc":20,"wmc":4}]},{"name":"br.com.trevisantecnologia.importer.dao","children":[{"name":"CustomFieldValueDao","sloc":76,"wmc":14},{"name":"ItineraryScheduleDao","sloc":9,"wmc":1},{"name":"ImportLayoutDao","sloc":21,"wmc":2},{"name":"TeamDao","sloc":28,"wmc":3},{"name":"SystemParametersDao","sloc":13,"wmc":2},{"name":"CustomFieldDao","sloc":58,"wmc":11},{"name":"AgentActivityDao","sloc":36,"wmc":7},{"name":"ServiceLocalTeamDao","sloc":31,"wmc":4},{"name":"SectionItemDao","sloc":16,"wmc":3},{"name":"ItineraryAgentDao","sloc":30,"wmc":4},{"name":"ClientDao","sloc":9,"wmc":1},{"name":"ScheduleActivityDao","sloc":32,"wmc":5},{"name":"FieldSettingDao","sloc":10,"wmc":1},{"name":"ScheduleTypeActivityDao","sloc":30,"wmc":4},{"name":"Level6Dao","sloc":8,"wmc":1},{"name":"IdiomDao","sloc":8,"wmc":1},{"name":"LevelXDao","sloc":8,"wmc":1},{"name":"ItemCategoryDao","sloc":8,"wmc":1},{"name":"AgentTypeDao","sloc":8,"wmc":1},{"name":"AditionalInfoItemDao","sloc":21,"wmc":3},{"name":"MediaDao","sloc":11,"wmc":1},{"name":"ScheduleItemDao","sloc":43,"wmc":8},{"name":"ScheduleImportDao","sloc":50,"wmc":7},{"name":"Local3DimensionDao","sloc":12,"wmc":2},{"name":"AccessRoleDao","sloc":4,"wmc":1},{"name":"SectionDao","sloc":4,"wmc":1},{"name":"ItineraryActivityDao","sloc":18,"wmc":3},{"name":"SectionSubGroupDao","sloc":18,"wmc":3},{"name":"GroupDao","sloc":13,"wmc":2},{"name":"DefaultActivityDao","sloc":7,"wmc":1},{"name":"PasswordHistoryDao","sloc":31,"wmc":2},{"name":"ItineraryDao","sloc":25,"wmc":2},{"name":"ItineraryServiceLocalDao","sloc":30,"wmc":4},{"name":"ScheduleTypeDao","sloc":5,"wmc":1},{"name":"SubGroupDao","sloc":15,"wmc":2},{"name":"ItemDao","sloc":18,"wmc":3},{"name":"LimitDao","sloc":11,"wmc":2},{"name":"AgentTeamDao","sloc":34,"wmc":6},{"name":"CustomEntityEntryDao","sloc":53,"wmc":9},{"name":"VerifyAttributeAlreadyUse","sloc":4,"wmc":1},{"name":"ScheduleDao","sloc":37,"wmc":6},{"name":"ScheduleSituationDao","sloc":4,"wmc":1},{"name":"AbstractDao","sloc":148,"wmc":36},{"name":"TeamTypeDAO","sloc":8,"wmc":1},{"name":"AbstractHibernateCopyDAO","sloc":33,"wmc":5},{"name":"ServiceLocalActivityDao","sloc":41,"wmc":8},{"name":"ServiceLocalDao","sloc":42,"wmc":6},{"name":"AgentDao","sloc":76,"wmc":14},{"name":"ServiceLocalItemDao","sloc":31,"wmc":6},{"name":"LevelADao","sloc":8,"wmc":1},{"name":"DefaultSystemSettingsDao","sloc":9,"wmc":1},{"name":"ActivityDao","sloc":4,"wmc":1},{"name":"ServiceLocalClassificationDao","sloc":12,"wmc":2},{"name":"ServiceLocalTypeDao","sloc":12,"wmc":2}]},{"name":"br.com.trevisantecnologia.importer.dao.journey","children":[{"name":"WorkdayDao","sloc":29,"wmc":2},{"name":"WeeklyWorkdayDao","sloc":5,"wmc":1}]},{"name":"br.com.trevisantecnologia.importer.dao.schedule.notification","children":[{"name":"ScheduleNotificationDao","sloc":10,"wmc":1}]},{"name":"br.com.trevisantecnologia.importer.dao.function","children":[{"name":"FunctionCall","sloc":5,"wmc":1},{"name":"FindActivitiesByOriginFunctionCall","sloc":78,"wmc":11}]},{"name":"br.com.trevisantecnologia.importer.dao.feature.toggle","children":[{"name":"FeatureToggleDao","sloc":40,"wmc":5}]},{"name":"br.com.trevisantecnologia.importer.dao.idiom","children":[{"name":"IdiomEntryDao","sloc":28,"wmc":3}]},{"name":"br.com.trevisantecnologia.importer.exception","children":[{"name":"ImportBaseException","sloc":10,"wmc":2},{"name":"ImportFatalException","sloc":7,"wmc":1},{"name":"ImportException","sloc":10,"wmc":2},{"name":"LayoutFileNotFoundException","sloc":7,"wmc":1},{"name":"InternacionalizableException","sloc":17,"wmc":3},{"name":"NumberOfErrorsExceededException","sloc":7,"wmc":1},{"name":"UnableToApplyMobileEntriesException","sloc":7,"wmc":1}]},{"name":"br.com.trevisantecnologia.importer.layout","children":[{"name":"LayoutMapper","sloc":26,"wmc":6},{"name":"LayoutMapperResolver","sloc":45,"wmc":13}]},{"name":"br.com.trevisantecnologia.importer.file","children":[{"name":"RenameFileService","sloc":20,"wmc":3},{"name":"LogFileService","sloc":41,"wmc":6}]}]}