"type","sloc","nom","npm","wmc","dep","i-dep","fan-in","fan-out","noa"
"br.com.trevisantecnologia.importer.model.Agent",911,189,189,202,34,1,29,9,92
"br.com.trevisantecnologia.importer.model.ServiceLocal",720,149,149,154,23,0,14,4,74
"br.com.trevisantecnologia.importer.model.Schedule",603,120,117,149,38,1,11,7,52
"br.com.trevisantecnologia.importer.model.Item",314,58,58,62,21,0,6,4,30
"br.com.trevisantecnologia.importer.model.Itinerary",274,55,55,63,15,0,8,2,28
"br.com.trevisantecnologia.importer.service.ScheduleService",264,24,5,78,29,13,1,18,13
"br.com.trevisantecnologia.importer.service.AbstractCustomFieldedImportService",252,31,1,81,23,8,11,13,4
"br.com.trevisantecnologia.importer.model.journey.Workday",228,36,34,52,11,2,2,5,12
"br.com.trevisantecnologia.importer.reflection.InstanceBuilder",214,17,3,42,37,15,2,23,7
"br.com.trevisantecnologia.importer.model.Client",208,46,46,50,14,0,9,2,21
"br.com.trevisantecnologia.importer.context.ImportContext",208,45,44,59,17,4,14,10,16
"br.com.trevisantecnologia.importer.model.Section",192,38,38,38,16,0,5,1,20
"br.com.trevisantecnologia.importer.service.ServiceLocalService",188,25,5,41,21,14,2,16,16
"br.com.trevisantecnologia.importer.service.AgentService",180,19,4,45,21,10,0,12,8
"br.com.trevisantecnologia.importer.model.CustomField",177,36,36,41,21,0,9,3,17
"br.com.trevisantecnologia.importer.model.ServiceLocalActivity",175,34,34,37,17,0,7,3,14
"br.com.trevisantecnologia.importer.model.journey.WeeklyWorkday",164,28,28,39,17,2,6,5,11
"br.com.trevisantecnologia.importer.service.AbstractImportService",158,23,9,45,17,8,27,16,2
"br.com.trevisantecnologia.importer.dao.AbstractDao",148,27,16,36,25,3,111,9,3
"br.com.trevisantecnologia.importer.model.WeekdaysServiceLocalActivity",145,18,17,43,6,0,2,3,7
"br.com.trevisantecnologia.importer.model.Team",140,22,22,22,20,0,8,2,12
"br.com.trevisantecnologia.importer.model.SystemParameters",138,24,23,28,16,0,6,3,13
"br.com.trevisantecnologia.importer.model.SubGroup",134,22,22,22,16,0,4,3,12
"br.com.trevisantecnologia.importer.service.ItineraryService",132,18,4,38,17,8,0,13,4
"br.com.trevisantecnologia.importer.service.CustomFieldValueService",129,12,4,37,20,9,0,12,7
"br.com.trevisantecnologia.importer.model.AditionalInfoItem",127,21,21,24,16,0,2,1,9
"br.com.trevisantecnologia.importer.service.ItemService",120,14,4,35,13,7,0,10,7
"br.com.trevisantecnologia.importer.model.CustomEntityEntry",118,18,18,18,18,0,2,1,10
"br.com.trevisantecnologia.importer.model.ScheduleImport",116,25,25,27,6,0,8,2,13
"br.com.trevisantecnologia.importer.model.Group",114,18,18,18,16,0,3,3,10
"br.com.trevisantecnologia.importer.model.SectionItem",112,18,18,18,14,0,3,1,9
"br.com.trevisantecnologia.importer.parser.FileProcessorV2",112,12,1,23,15,10,0,14,2
"br.com.trevisantecnologia.importer.model.Media",110,23,23,25,11,0,4,1,10
"br.com.trevisantecnologia.importer.model.AgentTeam",107,16,16,16,16,0,4,1,9
"br.com.trevisantecnologia.importer.model.schedule.notification.ScheduleNotification",106,13,12,20,14,1,2,3,9
"br.com.trevisantecnologia.importer.model.WeekdaysItinerary",106,12,12,29,5,0,2,2,7
"br.com.trevisantecnologia.importer.model.ItineraryServiceLocal",104,19,19,20,6,0,6,1,9
"br.com.trevisantecnologia.importer.model.ServiceLocalType",101,16,16,16,14,0,3,2,9
"br.com.trevisantecnologia.importer.model.ScheduleActivity",101,16,16,16,15,0,2,1,8
"br.com.trevisantecnologia.importer.model.ImportLayoutField",100,18,18,19,16,0,4,2,9
"br.com.trevisantecnologia.importer.model.PasswordPolicy",100,18,18,18,9,0,1,2,10
"br.com.trevisantecnologia.importer.model.ServiceLocalItem",96,15,15,16,14,0,2,1,7
"br.com.trevisantecnologia.importer.model.ScheduleItem",96,14,14,14,16,0,2,1,8
"br.com.trevisantecnologia.importer.persistence.type.StringListWrapperType",95,14,11,20,13,1,0,7,1
"br.com.trevisantecnologia.importer.persistence.type.ArrayLongToListLongType",94,14,11,21,12,0,0,6,1
"br.com.trevisantecnologia.importer.model.ItemCategory",94,14,14,14,13,0,3,1,8
"br.com.trevisantecnologia.importer.model.ItinerarySchedule",93,16,16,16,8,0,2,1,9
"br.com.trevisantecnologia.importer.model.ImportLayout",91,16,16,16,14,0,7,1,9
"br.com.trevisantecnologia.importer.model.Local3Dimension",90,14,14,14,13,0,3,1,8
"br.com.trevisantecnologia.importer.model.ServiceLocalClassification",90,14,14,14,13,0,3,1,8
"br.com.trevisantecnologia.importer.service.AbstractService",89,16,8,21,12,7,18,9,4
"br.com.trevisantecnologia.importer.model.AgentType",88,14,14,14,13,0,4,1,8
"br.com.trevisantecnologia.importer.model.AgentActivity",88,13,13,14,14,0,2,1,6
"br.com.trevisantecnologia.importer.model.ScheduleTypeActivity",87,16,16,18,14,0,2,2,6
"br.com.trevisantecnologia.importer.model.AccessRole",87,16,16,16,11,0,3,2,8
"br.com.trevisantecnologia.importer.model.TeamType",87,14,14,14,14,0,2,1,8
"br.com.trevisantecnologia.importer.model.CustomFieldValue",84,16,16,16,11,0,5,1,7
"br.com.trevisantecnologia.importer.model.ServiceLocalTeam",84,13,13,13,15,0,2,2,6
"br.com.trevisantecnologia.importer.model.FieldSetting",81,14,14,14,12,0,3,1,8
"br.com.trevisantecnologia.importer.model.SectionSubGroup",81,12,12,12,13,0,2,1,6
"br.com.trevisantecnologia.importer.model.ItineraryActivity",81,12,12,12,13,0,2,1,6
"br.com.trevisantecnologia.importer.model.LevelX",80,12,12,12,13,0,3,1,7
"br.com.trevisantecnologia.importer.model.Level6",80,12,12,12,13,0,3,1,7
"br.com.trevisantecnologia.importer.core.ImportTimeoutInspector",80,7,2,12,10,7,1,10,5
"br.com.trevisantecnologia.importer.model.CustomEntity",79,14,14,14,10,0,3,1,8
"br.com.trevisantecnologia.importer.model.ItineraryAgent",79,13,13,14,6,0,2,1,6
"br.com.trevisantecnologia.importer.dao.function.FindActivitiesByOriginFunctionCall",78,8,5,11,13,1,1,6,8
"br.com.trevisantecnologia.importer.model.ScheduleType",77,13,13,14,13,0,5,2,7
"br.com.trevisantecnologia.importer.service.ScheduleItemService",77,9,4,19,12,8,0,10,6
"br.com.trevisantecnologia.importer.dao.AgentDao",76,11,9,14,8,1,4,5,0
"br.com.trevisantecnologia.importer.dao.CustomFieldValueDao",76,7,4,14,7,2,1,6,0
"br.com.trevisantecnologia.importer.model.Limit",75,14,14,14,8,0,5,1,8
"br.com.trevisantecnologia.importer.service.ServiceLocalActivityService",75,9,2,18,11,7,0,9,5
"br.com.trevisantecnologia.importer.model.Activity",74,11,11,12,11,0,7,2,6
"br.com.trevisantecnologia.importer.Importer",74,8,3,14,14,5,2,10,7
"br.com.trevisantecnologia.importer.v3.callback.ResultAggregateService",73,6,1,6,15,1,0,3,2
"br.com.trevisantecnologia.importer.parser.FileProcessorV3",72,4,1,10,12,7,0,10,2
"br.com.trevisantecnologia.importer.service.ClientService",71,11,9,16,10,5,4,7,2
"br.com.trevisantecnologia.importer.model.idiom.IdiomEntry",71,10,10,10,14,3,2,4,8
"br.com.trevisantecnologia.importer.v3.message.MessageService",71,7,2,10,16,5,1,6,2
"br.com.trevisantecnologia.importer.v3.configuration.mongodb.MongoDbConfiguration",70,7,3,8,19,0,0,1,2
"br.com.trevisantecnologia.importer.service.ItineraryAgentService",69,7,2,15,12,7,0,9,4
"br.com.trevisantecnologia.importer.parser.LineParser",68,6,4,15,6,2,0,7,2
"br.com.trevisantecnologia.importer.core.ImportExecutor",68,5,2,5,16,11,1,14,8
"br.com.trevisantecnologia.importer.service.SubGroupService",66,8,4,14,10,7,0,9,4
"br.com.trevisantecnologia.importer.model.PasswordHistory",65,10,10,10,12,0,3,1,6
"br.com.trevisantecnologia.importer.service.AditionalInfoItemService",65,8,1,16,11,8,0,10,4
"br.com.trevisantecnologia.importer.reflection.ReflectionHelper",63,7,6,22,10,3,0,7,1
"br.com.trevisantecnologia.importer.v3.entity.EntityBuilder",61,10,6,16,4,1,1,4,6
"br.com.trevisantecnologia.importer.service.CustomEntityEntryService",61,9,4,15,10,5,0,7,1
"br.com.trevisantecnologia.importer.service.TeamService",60,8,1,15,9,7,0,9,4
"br.com.trevisantecnologia.importer.validator.business.builders.AgentValidatorBuilder",60,1,0,1,6,2,1,3,15
"br.com.trevisantecnologia.importer.model.DefaultActivity",59,10,10,10,10,0,2,1,4
"br.com.trevisantecnologia.importer.service.AgentActivityService",59,8,3,13,10,6,0,8,4
"br.com.trevisantecnologia.importer.model.LevelA",59,8,8,8,11,0,3,1,5
"br.com.trevisantecnologia.importer.service.ItineraryServiceLocalService",59,7,2,13,10,6,0,8,4
"br.com.trevisantecnologia.importer.service.ServiceLocalTeamService",59,7,2,13,10,6,0,8,4
"br.com.trevisantecnologia.importer.dao.CustomFieldDao",58,6,4,11,10,1,1,3,0
"br.com.trevisantecnologia.importer.service.journey.WorkdayService",57,7,2,13,8,5,0,7,3
"br.com.trevisantecnologia.importer.service.GroupService",57,7,3,13,9,6,0,7,3
"br.com.trevisantecnologia.importer.v3.entity.Properties",56,9,4,14,6,1,2,5,2
"br.com.trevisantecnologia.importer.service.CustomFieldService",56,5,4,11,8,5,1,6,2
"br.com.trevisantecnologia.importer.model.feature.toggle.FeatureToggle",55,10,10,11,7,1,3,2,6
"br.com.trevisantecnologia.importer.service.MediaService",55,7,2,13,10,4,0,7,1
"br.com.trevisantecnologia.importer.converter.WeekdaysConverter",55,4,1,12,9,3,2,8,2
"br.com.trevisantecnologia.importer.service.schedule.notification.ScheduleNotificationService",55,2,1,6,11,8,1,10,6
"br.com.trevisantecnologia.importer.helper.EncodingHelper",54,4,3,7,8,0,2,3,3
"br.com.trevisantecnologia.importer.v3.entity.Root",53,9,7,12,6,1,3,5,4
"br.com.trevisantecnologia.importer.service.ServiceLocalItemService",53,7,2,11,9,6,0,8,4
"br.com.trevisantecnologia.importer.dao.CustomEntityEntryDao",53,6,5,9,9,2,1,5,0
"br.com.trevisantecnologia.importer.service.ScheduleActivityService",52,8,2,12,8,6,0,8,3
"br.com.trevisantecnologia.importer.util.SpringApplicationProperties",51,9,9,15,2,0,1,0,9
"br.com.trevisantecnologia.importer.util.ArrayUtils",51,8,8,19,6,1,1,5,0
"br.com.trevisantecnologia.importer.v3.callback.ResultAggregate",51,8,8,13,5,0,1,1,4
"br.com.trevisantecnologia.importer.service.ServiceLocalClassificationService",51,7,3,12,7,4,0,6,1
"br.com.trevisantecnologia.importer.converter.ConversionHandler",51,5,3,7,4,1,1,2,2
"br.com.trevisantecnologia.importer.validator.XmlValidator",51,4,3,5,9,1,0,5,1
"br.com.trevisantecnologia.importer.util.ImporterConfiguration",50,9,8,11,3,1,4,3,2
"br.com.trevisantecnologia.importer.service.Local3DimensionService",50,7,3,12,7,4,0,6,1
"br.com.trevisantecnologia.importer.service.ItemCategoryService",50,7,3,12,7,4,0,6,1
"br.com.trevisantecnologia.importer.service.ServiceLocalTypeService",50,7,3,12,7,4,0,6,1
"br.com.trevisantecnologia.importer.service.AgentTypeService",50,7,3,12,7,4,1,6,1
"br.com.trevisantecnologia.importer.dao.ScheduleImportDao",50,6,3,7,12,1,1,4,3
"br.com.trevisantecnologia.importer.service.ScheduleImportService",50,5,4,10,9,5,5,6,2
"br.com.trevisantecnologia.importer.service.ItineraryActivityService",50,5,0,11,10,6,0,8,3
"br.com.trevisantecnologia.importer.service.ScheduleTypeActivityService",50,5,2,10,10,6,0,7,4
"br.com.trevisantecnologia.importer.model.ItineraryTeam",49,12,12,12,2,0,1,1,5
"br.com.trevisantecnologia.importer.service.AgentTeamService",49,7,1,9,9,6,0,8,4
"br.com.trevisantecnologia.importer.validator.GeoCoordinateValidator",49,5,2,13,3,2,2,6,3
"br.com.trevisantecnologia.importer.model.Partner",48,8,8,8,7,0,3,3,4
"br.com.trevisantecnologia.importer.parser.FileProcessor",47,8,3,9,7,4,2,5,6
"br.com.trevisantecnologia.importer.helper.PasswordHelper",47,6,3,7,11,7,3,8,3
"br.com.trevisantecnologia.importer.model.Idiom",46,7,7,8,8,0,4,2,3
"br.com.trevisantecnologia.importer.service.Timezones",46,4,4,10,4,1,1,4,1
"br.com.trevisantecnologia.importer.core.ImportProcess",45,8,3,11,2,0,3,4,3
"br.com.trevisantecnologia.importer.layout.LayoutMapperResolver",45,3,2,13,7,2,1,3,2
"br.com.trevisantecnologia.importer.service.SectionItemService",44,6,0,10,7,5,0,7,3
"br.com.trevisantecnologia.importer.service.LicenseService",43,8,1,11,4,3,1,4,1
"br.com.trevisantecnologia.importer.dao.ScheduleItemDao",43,4,3,8,6,2,1,6,0
"br.com.trevisantecnologia.importer.model.LicenseDTO",42,10,10,12,1,0,2,1,4
"br.com.trevisantecnologia.importer.util.ShutdownSigner",42,5,2,9,4,1,1,4,2
"br.com.trevisantecnologia.importer.dao.ServiceLocalDao",42,4,3,6,10,1,1,3,0
"br.com.trevisantecnologia.importer.file.LogFileService",41,5,1,6,8,1,2,5,1
"br.com.trevisantecnologia.importer.dao.ServiceLocalActivityDao",41,4,4,8,7,2,1,6,0
"br.com.trevisantecnologia.importer.dao.feature.toggle.FeatureToggleDao",40,4,3,5,13,6,2,8,1
"br.com.trevisantecnologia.importer.cache.CustomFieldCache",39,9,9,9,4,1,1,1,4
"br.com.trevisantecnologia.importer.v3.entity.Node",39,8,8,9,2,0,2,1,3
"br.com.trevisantecnologia.importer.validator.business.rules.agentteam.AgentTeamLinkRule",39,3,1,9,6,5,1,7,2
"br.com.trevisantecnologia.importer.email.EmailRequest",38,10,10,10,0,0,2,0,5
"br.com.trevisantecnologia.importer.core.ImportManager",38,4,2,5,5,2,1,5,4
"br.com.trevisantecnologia.importer.validator.business.rules.agent.CheckerAccessRole",38,3,1,8,10,7,0,9,2
"br.com.trevisantecnologia.importer.core.ImportWorker",38,2,2,3,5,2,0,4,4
"br.com.trevisantecnologia.importer.dao.ScheduleDao",37,5,4,6,7,3,1,4,0
"br.com.trevisantecnologia.importer.service.SectionSubGroupService",36,5,0,7,7,5,0,7,3
"br.com.trevisantecnologia.importer.dao.AgentActivityDao",36,3,3,7,7,2,1,5,0
"br.com.trevisantecnologia.importer.v3.message.Message",34,7,7,7,2,0,1,0,4
"br.com.trevisantecnologia.importer.dao.AgentTeamDao",34,4,3,6,6,3,2,5,0
"br.com.trevisantecnologia.importer.validator.business.builders.ServiceLocalActivityValidatorBuilder",34,2,0,2,11,7,1,8,4
"br.com.trevisantecnologia.importer.v3.message.Content",33,6,6,6,3,2,1,2,5
"br.com.trevisantecnologia.importer.service.ScheduleSituationService",33,6,5,6,9,3,0,4,1
"br.com.trevisantecnologia.importer.dao.AbstractHibernateCopyDAO",33,6,2,5,9,1,1,6,0
"br.com.trevisantecnologia.importer.converter.ItineraryExclusiveConverter",33,3,2,8,4,2,1,6,3
"br.com.trevisantecnologia.importer.v3.callback.CallbackConsumer",33,1,1,1,11,5,0,5,3
"br.com.trevisantecnologia.importer.core.ImportQueue",32,5,5,5,8,0,0,2,3
"br.com.trevisantecnologia.importer.service.GeocoderService",32,3,1,5,7,2,0,3,1
"br.com.trevisantecnologia.importer.dao.ScheduleActivityDao",32,3,3,5,7,3,1,5,0
"br.com.trevisantecnologia.importer.converter.LocalDateConverter",32,2,2,4,6,1,2,3,3
"br.com.trevisantecnologia.importer.validator.DateValidator",32,2,2,4,4,1,0,4,4
"br.com.trevisantecnologia.importer.cache.GenericCache",31,5,3,4,3,0,7,7,5
"br.com.trevisantecnologia.importer.service.journey.WeeklyWorkdayService",31,5,1,5,5,4,1,5,1
"br.com.trevisantecnologia.importer.dao.ServiceLocalTeamDao",31,2,2,4,6,2,1,5,0
"br.com.trevisantecnologia.importer.dao.PasswordHistoryDao",31,2,1,2,2,1,1,3,1
"br.com.trevisantecnologia.importer.dao.ServiceLocalItemDao",31,2,2,6,5,1,1,4,0
"br.com.trevisantecnologia.importer.service.TeamTypeService",30,5,1,7,5,4,0,6,1
"br.com.trevisantecnologia.importer.parser.Splitter",30,2,2,6,2,0,2,3,1
"br.com.trevisantecnologia.importer.dao.ItineraryAgentDao",30,2,2,4,6,2,1,5,0
"br.com.trevisantecnologia.importer.dao.ScheduleTypeActivityDao",30,2,2,4,5,1,1,3,0
"br.com.trevisantecnologia.importer.dao.ItineraryServiceLocalDao",30,2,2,4,5,1,2,4,0
"br.com.trevisantecnologia.importer.parser.FileToParseValidator",30,1,1,4,5,4,0,4,3
"br.com.trevisantecnologia.importer.email.EmailDispatcher",29,2,1,2,7,1,1,3,1
"br.com.trevisantecnologia.importer.dao.journey.WorkdayDao",29,2,2,2,7,3,1,5,0
"br.com.trevisantecnologia.importer.validator.business.rules.utils.ReferenceByAlternativeIdentifier",28,3,2,7,5,3,5,7,0
"br.com.trevisantecnologia.importer.dao.TeamDao",28,3,2,3,5,2,1,4,0
"br.com.trevisantecnologia.importer.converter.LocalDateTimeConverter",28,2,2,3,5,1,1,3,2
"br.com.trevisantecnologia.importer.dao.idiom.IdiomEntryDao",28,2,2,3,7,5,1,6,1
"br.com.trevisantecnologia.importer.v3.callback.LogError",27,6,6,6,2,0,1,2,2
"br.com.trevisantecnologia.importer.converter.LocalTimeConverter",27,2,2,4,6,1,1,3,2
"br.com.trevisantecnologia.importer.layout.LayoutMapper",26,6,6,6,3,3,4,3,2
"br.com.trevisantecnologia.importer.service.idiom.IdiomWrapper",26,3,3,4,4,2,1,3,2
"br.com.trevisantecnologia.importer.validator.CpfValidator",25,2,2,5,4,1,0,3,0
"br.com.trevisantecnologia.importer.validator.business.rules.agent.GeoLocationTimezone",25,2,1,10,6,4,0,6,1
"br.com.trevisantecnologia.importer.validator.CnpjValidator",25,2,2,5,4,1,0,3,0
"br.com.trevisantecnologia.importer.service.FieldSettingService",25,2,1,3,7,4,1,5,2
"br.com.trevisantecnologia.importer.dao.ItineraryDao",25,2,2,2,10,3,1,5,0
"br.com.trevisantecnologia.importer.interceptor.TransactionInterceptor",25,1,1,2,5,0,1,1,1
"br.com.trevisantecnologia.importer.v3.message.Header",24,5,5,5,2,0,1,0,3
"br.com.trevisantecnologia.importer.validator.business.rules.servicelocalactivity.MinimalExecutionInCicleValue",24,3,1,6,3,3,1,6,1
"br.com.trevisantecnologia.importer.i18n.MessageResolver",24,3,2,3,5,1,8,2,1
"br.com.trevisantecnologia.importer.converter.ModelConverter",24,2,2,3,3,2,1,7,0
"br.com.trevisantecnologia.importer.converter.ImportModelConverter",24,2,2,4,2,1,2,5,1
"br.com.trevisantecnologia.importer.converter.ScheduleSituationConverter",24,2,2,3,3,2,1,7,0
"br.com.trevisantecnologia.importer.injection.SessionFactoryProvider",24,2,1,2,7,1,0,3,1
"br.com.trevisantecnologia.importer.v3.callback.MessageLogError",23,6,6,6,0,0,0,0,2
"br.com.trevisantecnologia.importer.v3.callback.MessageLogCount",23,4,4,5,2,0,0,0,3
"br.com.trevisantecnologia.importer.service.LimitService",23,4,3,5,4,3,2,4,1
"br.com.trevisantecnologia.importer.converter.BooleanConverter",23,3,2,6,3,1,2,4,2
"br.com.trevisantecnologia.importer.model.ScheduleSituation",23,3,3,3,4,0,4,1,2
"br.com.trevisantecnologia.importer.converter.IdiomConverter",23,2,2,4,5,3,1,5,0
"br.com.trevisantecnologia.importer.core.ImportManagerBuilder",23,2,1,3,5,0,1,2,1
"br.com.trevisantecnologia.importer.validator.RegexValidator",22,4,4,5,3,1,1,4,1
"br.com.trevisantecnologia.importer.converter.StringListWrapperConverter",22,2,2,3,4,1,1,4,1
"br.com.trevisantecnologia.importer.converter.MediaConverter",22,2,2,4,4,3,1,5,0
"br.com.trevisantecnologia.importer.service.PasswordHistoryService",22,2,1,2,6,4,1,6,2
"br.com.trevisantecnologia.importer.validator.business.rules.agent.CheckerNameAlreadyUser",22,1,1,3,7,6,0,7,2
"br.com.trevisantecnologia.importer.injection.ValidatorProvider",22,1,1,1,10,2,0,3,1
"br.com.trevisantecnologia.importer.model.journey.TimeRange",21,3,3,9,2,0,0,0,1
"br.com.trevisantecnologia.importer.service.SystemParametersService",21,2,1,3,5,4,4,5,2
"br.com.trevisantecnologia.importer.dao.ImportLayoutDao",21,2,1,2,6,1,1,2,0
"br.com.trevisantecnologia.importer.dao.AditionalInfoItemDao",21,2,1,3,5,1,1,4,0
"br.com.trevisantecnologia.importer.validator.business.rules.agent.PasswordPolicy",21,1,1,2,7,4,0,5,1
"br.com.trevisantecnologia.importer.service.ItineraryScheduleService",21,1,0,1,12,8,0,9,1
"br.com.trevisantecnologia.importer.model.ItineraryExclusive",20,4,4,4,3,0,1,0,1
"br.com.trevisantecnologia.importer.model.scheduleimport.ScheduleImportResult",20,4,4,4,0,0,3,0,3
"br.com.trevisantecnologia.importer.parser.FileParser",20,2,1,3,2,1,1,2,3
"br.com.trevisantecnologia.importer.file.RenameFileService",20,2,1,3,4,1,1,3,0
"br.com.trevisantecnologia.importer.i18n.LocalizedMessageInterpolator",19,3,3,4,2,0,1,2,2
"br.com.trevisantecnologia.importer.service.idiom.IdiomEntryService",19,3,3,4,4,3,0,4,1
"br.com.trevisantecnologia.importer.converter.EnumConverter",19,2,2,5,2,1,1,5,0
"br.com.trevisantecnologia.importer.validator.business.rules.agent.PasswordIsEmpty",19,2,1,4,6,4,0,6,1
"br.com.trevisantecnologia.importer.validator.business.rules.agent.CheckerWeeklyWorkday",19,1,1,1,7,6,0,7,2
"br.com.trevisantecnologia.importer.validator.business.builders.GroupValidatorBuilder",19,1,1,1,7,4,1,5,1
"br.com.trevisantecnologia.importer.parser.PropertiesParser",19,1,1,4,2,0,1,2,1
"br.com.trevisantecnologia.importer.helper.ValidationHelper",18,4,4,4,3,2,0,5,0
"br.com.trevisantecnologia.importer.cache.EntityCache",18,4,4,4,1,1,3,1,2
"br.com.trevisantecnologia.importer.context.AbstractContext",18,4,4,4,2,0,10,1,1
"br.com.trevisantecnologia.importer.dao.ItemDao",18,3,2,3,2,1,1,2,0
"br.com.trevisantecnologia.importer.validator.TimeZoneLocationValidator",18,2,2,5,2,1,1,4,0
"br.com.trevisantecnologia.importer.validator.business.rules.general.DescriptionAlreadyUse",18,2,2,3,4,4,2,5,1
"br.com.trevisantecnologia.importer.validator.IdiomLocaleValidator",18,2,2,4,2,1,1,3,0
"br.com.trevisantecnologia.importer.service.ScheduleTypeService",18,2,0,2,4,3,0,4,1
"br.com.trevisantecnologia.importer.validator.business.rules.servicelocalactivity.CheckerServiceLocal",18,1,1,1,6,5,1,6,2
"br.com.trevisantecnologia.importer.validator.business.rules.servicelocalactivity.CheckerActivity",18,1,1,1,6,5,1,6,2
"br.com.trevisantecnologia.importer.validator.business.rules.agent.CheckerAgentType",18,1,1,1,6,5,0,6,2
"br.com.trevisantecnologia.importer.validator.business.builders.SubGroupValidatorBuilder",18,1,0,1,7,4,1,5,1
"br.com.trevisantecnologia.importer.validator.business.builders.AgentTeamValidatorBuilder",18,1,0,1,6,3,1,4,1
"br.com.trevisantecnologia.importer.dao.ItineraryActivityDao",18,1,1,3,4,1,1,3,0
"br.com.trevisantecnologia.importer.dao.SectionSubGroupDao",18,1,1,3,4,1,1,3,0
"br.com.trevisantecnologia.importer.helper.ComparatorHelper",17,4,3,8,0,0,0,2,0
"br.com.trevisantecnologia.importer.exception.InternacionalizableException",17,3,3,3,1,1,4,2,2
"br.com.trevisantecnologia.importer.converter.ShortConverter",17,2,2,3,2,1,1,4,0
"br.com.trevisantecnologia.importer.converter.FloatConverter",17,2,2,3,2,1,1,4,0
"br.com.trevisantecnologia.importer.converter.DoubleConverter",17,2,2,3,2,1,1,4,0
"br.com.trevisantecnologia.importer.converter.LongConverter",17,2,2,3,2,1,1,4,0
"br.com.trevisantecnologia.importer.converter.CharacterConverter",17,2,2,4,2,1,1,4,0
"br.com.trevisantecnologia.importer.converter.IntegerConverter",17,2,2,3,2,1,1,4,0
"br.com.trevisantecnologia.importer.validator.business.BusinessValidator",17,2,1,3,2,0,5,0,1
"br.com.trevisantecnologia.importer.validator.business.rules.servicelocalactivity.MaximumExecutionInCicleValue",17,2,1,5,3,3,1,5,0
"br.com.trevisantecnologia.importer.service.feature.toggle.FeatureToggleService",17,2,2,2,4,3,1,3,1
"br.com.trevisantecnologia.importer.service.ImportLayoutService",17,2,1,2,5,3,1,4,1
"br.com.trevisantecnologia.importer.model.DefaultSystemSettings",17,2,2,2,3,0,1,1,2
"br.com.trevisantecnologia.importer.validator.business.rules.agent.ClientLicensesLimit",17,1,1,3,5,4,0,5,1
"br.com.trevisantecnologia.importer.v3.configuration.queue.QueueConfiguration",17,1,1,1,6,0,0,0,0
"br.com.trevisantecnologia.importer.injection.InjectionModule",17,1,0,1,6,2,1,3,0
"br.com.trevisantecnologia.importer.validator.AlwaysInvalidValidator",16,3,3,3,1,1,0,2,1
"br.com.trevisantecnologia.importer.util.BeanUtil",16,2,2,2,4,0,0,1,1
"br.com.trevisantecnologia.importer.persistence.LocalTimeWithoutSecondsMapper",16,2,2,3,4,0,0,1,1
"br.com.trevisantecnologia.importer.v3.configuration.mongodb.MongoDbProperties",16,2,2,2,3,0,0,0,2
"br.com.trevisantecnologia.importer.service.IdiomService",16,2,1,2,4,3,1,4,1
"br.com.trevisantecnologia.importer.service.DefaultActivityService",16,2,1,2,4,3,0,4,1
"br.com.trevisantecnologia.importer.validator.business.rules.agent.LoginUpdate",16,1,1,3,6,4,0,5,1
"br.com.trevisantecnologia.importer.validator.business.rules.agent.Idiom",16,1,1,4,5,3,0,4,1
"br.com.trevisantecnologia.importer.dao.SectionItemDao",16,1,1,3,5,1,1,3,0
"br.com.trevisantecnologia.importer.model.IAudit",15,10,10,10,2,0,5,1,0
"br.com.trevisantecnologia.importer.v3.message.Source",15,3,3,3,0,0,1,0,2
"br.com.trevisantecnologia.importer.dao.SubGroupDao",15,2,1,2,2,1,2,3,0
"br.com.trevisantecnologia.importer.util.StringUtils",15,1,1,5,1,0,0,1,0
"br.com.trevisantecnologia.importer.validator.business.rules.agent.RelationShipModeAndRegisteredBillingData",15,1,1,2,5,4,0,5,1
"br.com.trevisantecnologia.importer.validator.business.rules.agent.LoginAlreadyUse",15,1,1,2,5,4,0,5,1
"br.com.trevisantecnologia.importer.validator.business.rules.agent.PasswordFillingType",15,1,1,5,5,3,0,4,0
"br.com.trevisantecnologia.importer.validator.business.rules.agent.GeoLocation",15,1,1,3,5,3,0,4,1
"br.com.trevisantecnologia.importer.v3.notifier.FileProcessedNotifier",15,1,1,1,4,0,1,0,2
"br.com.trevisantecnologia.importer.service.AuditService",15,1,1,2,3,1,0,1,0
"br.com.trevisantecnologia.importer.util.Constants",15,0,0,1,1,0,1,1,11
"br.com.trevisantecnologia.importer.model.Address",14,11,11,11,0,0,2,0,0
"br.com.trevisantecnologia.importer.converter.WeekdaysItineraryConverter",14,2,1,2,3,1,1,3,0
"br.com.trevisantecnologia.importer.converter.WeekdaysServiceLocalActivityConverter",14,2,1,2,3,1,1,3,0
"br.com.trevisantecnologia.importer.reflection.TypeResolver",13,2,2,2,2,0,2,0,1
"br.com.trevisantecnologia.importer.dao.SystemParametersDao",13,2,1,2,1,1,1,2,0
"br.com.trevisantecnologia.importer.dao.GroupDao",13,2,1,2,2,1,2,3,0
"br.com.trevisantecnologia.importer.validator.business.rules.agent.LoginIsSuporteumovOrSuportetecnico",13,1,1,2,4,3,0,4,1
"br.com.trevisantecnologia.importer.v3.configuration.serialization.GsonWrapper",13,1,1,1,4,0,1,0,1
"br.com.trevisantecnologia.importer.v3.configuration.mongodb.JodaLocalTimeConverter",13,1,1,1,4,0,1,1,0
"br.com.trevisantecnologia.importer.service.LevelAService",13,1,0,1,4,3,0,4,1
"br.com.trevisantecnologia.importer.service.SectionService",13,1,0,1,4,3,0,4,1
"br.com.trevisantecnologia.importer.service.AccesRoleService",13,1,0,1,4,3,1,4,1
"br.com.trevisantecnologia.importer.service.LevelXService",13,1,0,1,4,3,0,4,1
"br.com.trevisantecnologia.importer.service.Level6Service",13,1,0,1,4,3,0,4,1
"br.com.trevisantecnologia.importer.service.ActivityService",13,1,0,1,4,3,1,4,1
"br.com.trevisantecnologia.importer.util.Regex",13,0,0,1,1,0,0,0,9
"br.com.trevisantecnologia.importer.service.ImportService",12,7,7,7,2,1,3,1,0
"br.com.trevisantecnologia.importer.validator.business.BusinessValidatorBuilder",12,2,1,2,2,0,5,1,1
"br.com.trevisantecnologia.importer.dao.Local3DimensionDao",12,2,1,2,2,1,1,2,0
"br.com.trevisantecnologia.importer.dao.ServiceLocalClassificationDao",12,2,1,2,2,1,1,2,0
"br.com.trevisantecnologia.importer.dao.ServiceLocalTypeDao",12,2,1,2,2,1,1,2,0
"br.com.trevisantecnologia.importer.http.HttpClient",11,2,2,2,2,0,1,1,0
"br.com.trevisantecnologia.importer.converter.StringConverter",11,2,2,2,0,0,1,2,0
"br.com.trevisantecnologia.importer.types.StringListWrapper",11,2,2,2,1,0,3,0,1
"br.com.trevisantecnologia.importer.dao.LimitDao",11,2,2,2,2,1,1,2,0
"br.com.trevisantecnologia.importer.v3.configuration.serialization.GsonConfig",11,1,1,1,3,0,0,0,0
"br.com.trevisantecnologia.importer.injection.InjectorCreator",11,1,1,2,2,0,0,0,1
"br.com.trevisantecnologia.importer.dao.MediaDao",11,1,1,1,4,1,1,2,0
"br.com.trevisantecnologia.importer.model.Weekdays",10,7,7,7,0,0,3,0,0
"br.com.trevisantecnologia.importer.model.ImportModel",10,6,6,6,1,0,41,1,0
"br.com.trevisantecnologia.importer.validator.AlwaysValidValidator",10,2,2,2,0,0,1,1,1
"br.com.trevisantecnologia.importer.validator.CustomFielListTypeValueValidator",10,2,2,2,0,0,0,1,0
"br.com.trevisantecnologia.importer.cache.UniqueEntityCache",10,2,2,2,0,0,1,0,1
"br.com.trevisantecnologia.importer.exception.ImportBaseException",10,2,2,2,0,0,3,1,1
"br.com.trevisantecnologia.importer.exception.ImportException",10,2,2,2,0,0,77,1,1
"br.com.trevisantecnologia.importer.persistence.dialect.CustomPostgreSQLDialect",10,1,1,1,2,0,0,1,0
"br.com.trevisantecnologia.importer.validator.UrlValidator",10,1,1,1,1,0,2,1,1
"br.com.trevisantecnologia.importer.dao.schedule.notification.ScheduleNotificationDao",10,1,1,1,3,3,1,4,0
"br.com.trevisantecnologia.importer.dao.FieldSettingDao",10,1,1,1,4,1,1,2,0
"br.com.trevisantecnologia.importer.model.Timezone",9,6,6,6,0,0,2,0,0
"br.com.trevisantecnologia.importer.v3.entity.Entity",9,5,5,5,1,0,5,0,0
"br.com.trevisantecnologia.importer.persistence.BooleanCharacterType",9,1,1,1,1,0,0,1,1
"br.com.trevisantecnologia.importer.service.ItineraryTeamService",9,1,0,1,2,2,0,3,0
"br.com.trevisantecnologia.importer.dao.ClientDao",9,1,0,1,1,1,1,2,0
"br.com.trevisantecnologia.importer.dao.DefaultSystemSettingsDao",9,1,1,1,2,1,0,2,0
"br.com.trevisantecnologia.importer.dao.ItineraryScheduleDao",9,0,0,1,6,2,1,3,0
"br.com.trevisantecnologia.importer.core.SpringBootStarter",8,1,1,1,2,1,1,1,0
"br.com.trevisantecnologia.importer.dao.Level6Dao",8,1,0,1,1,1,1,2,0
"br.com.trevisantecnologia.importer.dao.IdiomDao",8,1,1,1,2,1,1,2,0
"br.com.trevisantecnologia.importer.dao.LevelXDao",8,1,0,1,1,1,1,2,0
"br.com.trevisantecnologia.importer.dao.ItemCategoryDao",8,1,1,1,2,1,1,2,0
"br.com.trevisantecnologia.importer.dao.AgentTypeDao",8,1,1,1,2,1,1,2,0
"br.com.trevisantecnologia.importer.dao.TeamTypeDAO",8,1,1,1,2,1,1,3,0
"br.com.trevisantecnologia.importer.dao.LevelADao",8,1,0,1,1,1,1,2,0
"br.com.trevisantecnologia.importer.util.ModelUtils",7,1,1,2,1,1,0,1,0
"br.com.trevisantecnologia.importer.v3.message.MessageRepository",7,1,1,1,2,0,1,1,0
"br.com.trevisantecnologia.importer.parser.EscapeCharacter",7,1,1,1,0,0,0,0,1
"br.com.trevisantecnologia.importer.dao.DefaultActivityDao",7,1,1,1,1,1,1,2,0
"br.com.trevisantecnologia.importer.exception.ImportFatalException",7,1,1,1,0,0,4,1,1
"br.com.trevisantecnologia.importer.exception.LayoutFileNotFoundException",7,1,1,1,0,0,2,1,1
"br.com.trevisantecnologia.importer.exception.NumberOfErrorsExceededException",7,1,1,1,0,0,2,1,1
"br.com.trevisantecnologia.importer.exception.UnableToApplyMobileEntriesException",7,1,1,1,0,0,1,1,1
"br.com.trevisantecnologia.importer.model.ImageImportModel",6,3,3,3,0,0,8,0,0
"br.com.trevisantecnologia.importer.model.CustomFieldedImportModel",6,2,2,2,1,0,13,1,0
"br.com.trevisantecnologia.importer.model.Model",6,2,2,2,1,0,31,0,0
"br.com.trevisantecnologia.importer.util.SpringBeanProvider",6,1,1,1,0,0,3,0,0
"br.com.trevisantecnologia.importer.persistence.LocalTimeStringType",6,0,0,1,2,0,0,1,1
"br.com.trevisantecnologia.importer.context.journey.WorkdayImportContext",6,0,0,1,2,1,1,2,0
"br.com.trevisantecnologia.importer.converter.Converter",5,2,2,2,0,0,20,0,0
"br.com.trevisantecnologia.importer.validator.Validator",5,2,2,2,0,0,11,0,0
"br.com.trevisantecnologia.importer.model.ImportActive",5,2,2,2,0,0,2,0,0
"br.com.trevisantecnologia.importer.model.IDescription",5,2,2,2,0,0,3,0,0
"br.com.trevisantecnologia.importer.dao.function.FunctionCall",5,1,1,1,1,0,1,1,0
"br.com.trevisantecnologia.importer.context.ScheduleTypeActivityImportContext",5,0,0,1,1,0,1,1,0
"br.com.trevisantecnologia.importer.context.ScheduleItemImportContext",5,0,0,1,1,0,1,1,0
"br.com.trevisantecnologia.importer.context.ItineraryAgentImportContext",5,0,0,1,1,0,1,1,0
"br.com.trevisantecnologia.importer.context.ServiceLocalItemImportContext",5,0,0,1,1,0,1,1,0
"br.com.trevisantecnologia.importer.context.ServiceLocalActivityImportContext",5,0,0,1,1,0,1,1,0
"br.com.trevisantecnologia.importer.context.ServiceLocalTeamImportContext",5,0,0,1,1,0,1,1,0
"br.com.trevisantecnologia.importer.context.AditionalInfoItemContext",5,0,0,1,1,0,0,1,0
"br.com.trevisantecnologia.importer.context.AgentActivityImportContext",5,0,0,1,1,0,1,1,0
"br.com.trevisantecnologia.importer.context.ItineraryServiceLocalImportContext",5,0,0,1,1,0,2,1,0
"br.com.trevisantecnologia.importer.dao.journey.WeeklyWorkdayDao",5,0,0,1,2,2,1,3,0
"br.com.trevisantecnologia.importer.dao.ScheduleTypeDao",5,0,0,1,2,1,1,2,0
"br.com.trevisantecnologia.importer.validator.business.BusinessRules",4,1,1,1,0,0,26,0,0
"br.com.trevisantecnologia.importer.model.GeocoderAdress",4,1,1,1,0,0,3,1,0
"br.com.trevisantecnologia.importer.dao.VerifyAttributeAlreadyUse",4,1,1,1,0,0,3,0,0
"br.com.trevisantecnologia.importer.dao.AccessRoleDao",4,0,0,1,1,1,1,2,0
"br.com.trevisantecnologia.importer.dao.SectionDao",4,0,0,1,1,1,1,2,0
"br.com.trevisantecnologia.importer.dao.ScheduleSituationDao",4,0,0,1,1,1,1,2,0
"br.com.trevisantecnologia.importer.dao.ActivityDao",4,0,0,1,1,1,1,2,0
