[{"type":"br.com.trevisantecnologia.importer.model.Agent","size":911,"dependencies":["br.com.trevisantecnologia.importer.model.journey.WeeklyWorkday"]},{"type":"br.com.trevisantecnologia.importer.model.ServiceLocal","size":720,"dependencies":[]},{"type":"br.com.trevisantecnologia.importer.model.Schedule","size":603,"dependencies":["br.com.trevisantecnologia.importer.types.StringListWrapper"]},{"type":"br.com.trevisantecnologia.importer.model.Item","size":314,"dependencies":[]},{"type":"br.com.trevisantecnologia.importer.model.Itinerary","size":274,"dependencies":[]},{"type":"br.com.trevisantecnologia.importer.service.ScheduleService","size":264,"dependencies":["br.com.trevisantecnologia.importer.dao.AbstractDao","br.com.trevisantecnologia.importer.dao.ScheduleDao","br.com.trevisantecnologia.importer.exception.ImportException","br.com.trevisantecnologia.importer.model.Agent","br.com.trevisantecnologia.importer.model.AgentTeam","br.com.trevisantecnologia.importer.model.Itinerary","br.com.trevisantecnologia.importer.model.Schedule","br.com.trevisantecnologia.importer.model.ScheduleSituation","br.com.trevisantecnologia.importer.model.ScheduleType","br.com.trevisantecnologia.importer.model.ServiceLocal","br.com.trevisantecnologia.importer.model.SystemParameters","br.com.trevisantecnologia.importer.model.Team","br.com.trevisantecnologia.importer.service.schedule.notification.ScheduleNotificationService"]},{"type":"br.com.trevisantecnologia.importer.service.AbstractCustomFieldedImportService","size":252,"dependencies":["br.com.trevisantecnologia.importer.exception.ImportException","br.com.trevisantecnologia.importer.i18n.MessageResolver","br.com.trevisantecnologia.importer.model.CustomField","br.com.trevisantecnologia.importer.model.CustomFieldValue","br.com.trevisantecnologia.importer.model.CustomFieldedImportModel","br.com.trevisantecnologia.importer.model.ImportLayoutField","br.com.trevisantecnologia.importer.model.Media","br.com.trevisantecnologia.importer.util.ArrayUtils"]},{"type":"br.com.trevisantecnologia.importer.model.journey.Workday","size":228,"dependencies":["br.com.trevisantecnologia.importer.exception.ImportException","br.com.trevisantecnologia.importer.model.ImportModel"]},{"type":"br.com.trevisantecnologia.importer.reflection.InstanceBuilder","size":214,"dependencies":["br.com.trevisantecnologia.importer.context.ImportContext","br.com.trevisantecnologia.importer.converter.ConversionHandler","br.com.trevisantecnologia.importer.converter.ImportModelConverter","br.com.trevisantecnologia.importer.exception.ImportBaseException","br.com.trevisantecnologia.importer.exception.ImportException","br.com.trevisantecnologia.importer.i18n.MessageResolver","br.com.trevisantecnologia.importer.model.CustomField","br.com.trevisantecnologia.importer.model.CustomFieldValue","br.com.trevisantecnologia.importer.model.CustomFieldedImportModel","br.com.trevisantecnologia.importer.model.FieldSetting","br.com.trevisantecnologia.importer.model.ImportLayout","br.com.trevisantecnologia.importer.model.ImportLayoutField","br.com.trevisantecnologia.importer.model.ImportModel","br.com.trevisantecnologia.importer.service.CustomFieldService","br.com.trevisantecnologia.importer.service.FieldSettingService"]},{"type":"br.com.trevisantecnologia.importer.model.Client","size":208,"dependencies":[]},{"type":"br.com.trevisantecnologia.importer.context.ImportContext","size":208,"dependencies":["br.com.trevisantecnologia.importer.exception.NumberOfErrorsExceededException","br.com.trevisantecnologia.importer.model.ImportLayout","br.com.trevisantecnologia.importer.model.Limit","br.com.trevisantecnologia.importer.util.Constants"]},{"type":"br.com.trevisantecnologia.importer.model.Section","size":192,"dependencies":[]},{"type":"br.com.trevisantecnologia.importer.service.ServiceLocalService","size":188,"dependencies":["br.com.trevisantecnologia.importer.dao.AbstractDao","br.com.trevisantecnologia.importer.dao.ServiceLocalDao","br.com.trevisantecnologia.importer.exception.ImportException","br.com.trevisantecnologia.importer.i18n.MessageResolver","br.com.trevisantecnologia.importer.model.Agent","br.com.trevisantecnologia.importer.model.Level6","br.com.trevisantecnologia.importer.model.LevelA","br.com.trevisantecnologia.importer.model.LevelX","br.com.trevisantecnologia.importer.model.Local3Dimension","br.com.trevisantecnologia.importer.model.ServiceLocal","br.com.trevisantecnologia.importer.model.ServiceLocalClassification","br.com.trevisantecnologia.importer.model.ServiceLocalType","br.com.trevisantecnologia.importer.model.Team","br.com.trevisantecnologia.importer.validator.GeoCoordinateValidator"]},{"type":"br.com.trevisantecnologia.importer.service.AgentService","size":180,"dependencies":["br.com.trevisantecnologia.importer.dao.AbstractDao","br.com.trevisantecnologia.importer.dao.AgentDao","br.com.trevisantecnologia.importer.exception.ImportException","br.com.trevisantecnologia.importer.helper.PasswordHelper","br.com.trevisantecnologia.importer.model.Agent","br.com.trevisantecnologia.importer.model.Client","br.com.trevisantecnologia.importer.model.LicenseDTO","br.com.trevisantecnologia.importer.model.Partner","br.com.trevisantecnologia.importer.validator.business.BusinessValidator","br.com.trevisantecnologia.importer.validator.business.builders.AgentValidatorBuilder"]},{"type":"br.com.trevisantecnologia.importer.model.CustomField","size":177,"dependencies":[]},{"type":"br.com.trevisantecnologia.importer.model.ServiceLocalActivity","size":175,"dependencies":[]},{"type":"br.com.trevisantecnologia.importer.model.journey.WeeklyWorkday","size":164,"dependencies":["br.com.trevisantecnologia.importer.exception.ImportException","br.com.trevisantecnologia.importer.model.ImportModel"]},{"type":"br.com.trevisantecnologia.importer.service.AbstractImportService","size":158,"dependencies":["br.com.trevisantecnologia.importer.context.ImportContext","br.com.trevisantecnologia.importer.exception.ImportException","br.com.trevisantecnologia.importer.exception.ImportFatalException","br.com.trevisantecnologia.importer.exception.UnableToApplyMobileEntriesException","br.com.trevisantecnologia.importer.model.ImportActive","br.com.trevisantecnologia.importer.model.ImportLayoutField","br.com.trevisantecnologia.importer.model.ImportModel","br.com.trevisantecnologia.importer.reflection.InstanceBuilder"]},{"type":"br.com.trevisantecnologia.importer.dao.AbstractDao","size":148,"dependencies":["br.com.trevisantecnologia.importer.context.ImportContext","br.com.trevisantecnologia.importer.model.Model","br.com.trevisantecnologia.importer.reflection.TypeResolver"]},{"type":"br.com.trevisantecnologia.importer.model.WeekdaysServiceLocalActivity","size":145,"dependencies":[]},{"type":"br.com.trevisantecnologia.importer.model.Team","size":140,"dependencies":[]},{"type":"br.com.trevisantecnologia.importer.model.SystemParameters","size":138,"dependencies":[]},{"type":"br.com.trevisantecnologia.importer.model.SubGroup","size":134,"dependencies":[]},{"type":"br.com.trevisantecnologia.importer.service.ItineraryService","size":132,"dependencies":["br.com.trevisantecnologia.importer.dao.AbstractDao","br.com.trevisantecnologia.importer.dao.ItineraryDao","br.com.trevisantecnologia.importer.exception.ImportException","br.com.trevisantecnologia.importer.model.Agent","br.com.trevisantecnologia.importer.model.Itinerary","br.com.trevisantecnologia.importer.model.ScheduleType","br.com.trevisantecnologia.importer.model.ServiceLocal","br.com.trevisantecnologia.importer.model.WeekdaysItinerary"]},{"type":"br.com.trevisantecnologia.importer.service.CustomFieldValueService","size":129,"dependencies":["br.com.trevisantecnologia.importer.converter.LocalDateConverter","br.com.trevisantecnologia.importer.dao.AbstractDao","br.com.trevisantecnologia.importer.dao.CustomFieldValueDao","br.com.trevisantecnologia.importer.exception.ImportException","br.com.trevisantecnologia.importer.model.CustomEntity","br.com.trevisantecnologia.importer.model.CustomField","br.com.trevisantecnologia.importer.model.CustomFieldValue","br.com.trevisantecnologia.importer.model.ImportModel","br.com.trevisantecnologia.importer.validator.GeoCoordinateValidator"]},{"type":"br.com.trevisantecnologia.importer.model.AditionalInfoItem","size":127,"dependencies":[]},{"type":"br.com.trevisantecnologia.importer.service.ItemService","size":120,"dependencies":["br.com.trevisantecnologia.importer.dao.AbstractDao","br.com.trevisantecnologia.importer.dao.ItemDao","br.com.trevisantecnologia.importer.exception.ImportException","br.com.trevisantecnologia.importer.model.Item","br.com.trevisantecnologia.importer.model.ItemCategory","br.com.trevisantecnologia.importer.model.Limit","br.com.trevisantecnologia.importer.model.SubGroup"]},{"type":"br.com.trevisantecnologia.importer.model.CustomEntityEntry","size":118,"dependencies":[]},{"type":"br.com.trevisantecnologia.importer.model.ScheduleImport","size":116,"dependencies":[]},{"type":"br.com.trevisantecnologia.importer.model.Group","size":114,"dependencies":[]},{"type":"br.com.trevisantecnologia.importer.model.SectionItem","size":112,"dependencies":[]},{"type":"br.com.trevisantecnologia.importer.parser.FileProcessorV2","size":112,"dependencies":["br.com.trevisantecnologia.importer.context.ImportContext","br.com.trevisantecnologia.importer.exception.ImportException","br.com.trevisantecnologia.importer.exception.ImportFatalException","br.com.trevisantecnologia.importer.exception.LayoutFileNotFoundException","br.com.trevisantecnologia.importer.exception.NumberOfErrorsExceededException","br.com.trevisantecnologia.importer.helper.EncodingHelper","br.com.trevisantecnologia.importer.layout.LayoutMapper","br.com.trevisantecnologia.importer.model.ImportModel","br.com.trevisantecnologia.importer.reflection.InstanceBuilder","br.com.trevisantecnologia.importer.service.ImportService"]},{"type":"br.com.trevisantecnologia.importer.model.Media","size":110,"dependencies":[]},{"type":"br.com.trevisantecnologia.importer.model.AgentTeam","size":107,"dependencies":[]},{"type":"br.com.trevisantecnologia.importer.model.schedule.notification.ScheduleNotification","size":106,"dependencies":["br.com.trevisantecnologia.importer.model.Agent"]},{"type":"br.com.trevisantecnologia.importer.model.WeekdaysItinerary","size":106,"dependencies":[]},{"type":"br.com.trevisantecnologia.importer.model.ItineraryServiceLocal","size":104,"dependencies":[]},{"type":"br.com.trevisantecnologia.importer.model.ServiceLocalType","size":101,"dependencies":[]},{"type":"br.com.trevisantecnologia.importer.model.ScheduleActivity","size":101,"dependencies":[]},{"type":"br.com.trevisantecnologia.importer.model.ImportLayoutField","size":100,"dependencies":[]},{"type":"br.com.trevisantecnologia.importer.model.PasswordPolicy","size":100,"dependencies":[]},{"type":"br.com.trevisantecnologia.importer.model.ServiceLocalItem","size":96,"dependencies":[]},{"type":"br.com.trevisantecnologia.importer.model.ScheduleItem","size":96,"dependencies":[]},{"type":"br.com.trevisantecnologia.importer.persistence.type.StringListWrapperType","size":95,"dependencies":["br.com.trevisantecnologia.importer.types.StringListWrapper"]},{"type":"br.com.trevisantecnologia.importer.persistence.type.ArrayLongToListLongType","size":94,"dependencies":[]},{"type":"br.com.trevisantecnologia.importer.model.ItemCategory","size":94,"dependencies":[]},{"type":"br.com.trevisantecnologia.importer.model.ItinerarySchedule","size":93,"dependencies":[]},{"type":"br.com.trevisantecnologia.importer.model.ImportLayout","size":91,"dependencies":[]},{"type":"br.com.trevisantecnologia.importer.model.Local3Dimension","size":90,"dependencies":[]},{"type":"br.com.trevisantecnologia.importer.model.ServiceLocalClassification","size":90,"dependencies":[]},{"type":"br.com.trevisantecnologia.importer.service.AbstractService","size":89,"dependencies":["br.com.trevisantecnologia.importer.cache.EntityCache","br.com.trevisantecnologia.importer.context.ImportContext","br.com.trevisantecnologia.importer.dao.AbstractDao","br.com.trevisantecnologia.importer.exception.ImportException","br.com.trevisantecnologia.importer.model.Model","br.com.trevisantecnologia.importer.model.Schedule","br.com.trevisantecnologia.importer.reflection.TypeResolver"]},{"type":"br.com.trevisantecnologia.importer.model.AgentType","size":88,"dependencies":[]},{"type":"br.com.trevisantecnologia.importer.model.AgentActivity","size":88,"dependencies":[]},{"type":"br.com.trevisantecnologia.importer.model.ScheduleTypeActivity","size":87,"dependencies":[]},{"type":"br.com.trevisantecnologia.importer.model.AccessRole","size":87,"dependencies":[]},{"type":"br.com.trevisantecnologia.importer.model.TeamType","size":87,"dependencies":[]},{"type":"br.com.trevisantecnologia.importer.model.CustomFieldValue","size":84,"dependencies":[]},{"type":"br.com.trevisantecnologia.importer.model.ServiceLocalTeam","size":84,"dependencies":[]},{"type":"br.com.trevisantecnologia.importer.model.FieldSetting","size":81,"dependencies":[]},{"type":"br.com.trevisantecnologia.importer.model.SectionSubGroup","size":81,"dependencies":[]},{"type":"br.com.trevisantecnologia.importer.model.ItineraryActivity","size":81,"dependencies":[]},{"type":"br.com.trevisantecnologia.importer.model.LevelX","size":80,"dependencies":[]},{"type":"br.com.trevisantecnologia.importer.model.Level6","size":80,"dependencies":[]},{"type":"br.com.trevisantecnologia.importer.core.ImportTimeoutInspector","size":80,"dependencies":["br.com.trevisantecnologia.importer.email.EmailDispatcher","br.com.trevisantecnologia.importer.email.EmailRequest","br.com.trevisantecnologia.importer.model.Limit","br.com.trevisantecnologia.importer.model.ScheduleImport","br.com.trevisantecnologia.importer.service.LimitService","br.com.trevisantecnologia.importer.service.ScheduleImportService","br.com.trevisantecnologia.importer.util.ImporterConfiguration"]},{"type":"br.com.trevisantecnologia.importer.model.CustomEntity","size":79,"dependencies":[]},{"type":"br.com.trevisantecnologia.importer.model.ItineraryAgent","size":79,"dependencies":[]},{"type":"br.com.trevisantecnologia.importer.dao.function.FindActivitiesByOriginFunctionCall","size":78,"dependencies":["br.com.trevisantecnologia.importer.model.Schedule"]},{"type":"br.com.trevisantecnologia.importer.model.ScheduleType","size":77,"dependencies":[]},{"type":"br.com.trevisantecnologia.importer.service.ScheduleItemService","size":77,"dependencies":["br.com.trevisantecnologia.importer.context.ScheduleItemImportContext","br.com.trevisantecnologia.importer.dao.AbstractDao","br.com.trevisantecnologia.importer.dao.ScheduleItemDao","br.com.trevisantecnologia.importer.exception.ImportException","br.com.trevisantecnologia.importer.i18n.MessageResolver","br.com.trevisantecnologia.importer.model.Item","br.com.trevisantecnologia.importer.model.Schedule","br.com.trevisantecnologia.importer.model.ScheduleItem"]},{"type":"br.com.trevisantecnologia.importer.dao.AgentDao","size":76,"dependencies":["br.com.trevisantecnologia.importer.model.Agent"]},{"type":"br.com.trevisantecnologia.importer.dao.CustomFieldValueDao","size":76,"dependencies":["br.com.trevisantecnologia.importer.model.CustomField","br.com.trevisantecnologia.importer.model.CustomFieldValue"]},{"type":"br.com.trevisantecnologia.importer.model.Limit","size":75,"dependencies":[]},{"type":"br.com.trevisantecnologia.importer.service.ServiceLocalActivityService","size":75,"dependencies":["br.com.trevisantecnologia.importer.context.ServiceLocalActivityImportContext","br.com.trevisantecnologia.importer.dao.AbstractDao","br.com.trevisantecnologia.importer.dao.ServiceLocalActivityDao","br.com.trevisantecnologia.importer.model.ServiceLocalActivity","br.com.trevisantecnologia.importer.model.WeekdaysServiceLocalActivity","br.com.trevisantecnologia.importer.validator.business.BusinessValidator","br.com.trevisantecnologia.importer.validator.business.builders.ServiceLocalActivityValidatorBuilder"]},{"type":"br.com.trevisantecnologia.importer.model.Activity","size":74,"dependencies":[]},{"type":"br.com.trevisantecnologia.importer.Importer","size":74,"dependencies":["br.com.trevisantecnologia.importer.core.ImportManager","br.com.trevisantecnologia.importer.core.ImportManagerBuilder","br.com.trevisantecnologia.importer.core.ImportTimeoutInspector","br.com.trevisantecnologia.importer.core.SpringBootStarter","br.com.trevisantecnologia.importer.util.ShutdownSigner"]},{"type":"br.com.trevisantecnologia.importer.v3.callback.ResultAggregateService","size":73,"dependencies":["br.com.trevisantecnologia.importer.v3.configuration.serialization.GsonWrapper"]},{"type":"br.com.trevisantecnologia.importer.parser.FileProcessorV3","size":72,"dependencies":["br.com.trevisantecnologia.importer.exception.ImportException","br.com.trevisantecnologia.importer.exception.ImportFatalException","br.com.trevisantecnologia.importer.util.SpringBeanProvider","br.com.trevisantecnologia.importer.v3.entity.Entity","br.com.trevisantecnologia.importer.v3.entity.EntityBuilder","br.com.trevisantecnologia.importer.v3.message.MessageService","br.com.trevisantecnologia.importer.v3.notifier.FileProcessedNotifier"]},{"type":"br.com.trevisantecnologia.importer.service.ClientService","size":71,"dependencies":["br.com.trevisantecnologia.importer.context.ImportContext","br.com.trevisantecnologia.importer.dao.AbstractDao","br.com.trevisantecnologia.importer.dao.ClientDao","br.com.trevisantecnologia.importer.model.Client","br.com.trevisantecnologia.importer.model.Partner"]},{"type":"br.com.trevisantecnologia.importer.model.idiom.IdiomEntry","size":71,"dependencies":["br.com.trevisantecnologia.importer.model.Client","br.com.trevisantecnologia.importer.model.Idiom","br.com.trevisantecnologia.importer.model.Model"]},{"type":"br.com.trevisantecnologia.importer.v3.message.MessageService","size":71,"dependencies":["br.com.trevisantecnologia.importer.context.ImportContext","br.com.trevisantecnologia.importer.exception.ImportException","br.com.trevisantecnologia.importer.v3.entity.Entity","br.com.trevisantecnologia.importer.v3.entity.Node","br.com.trevisantecnologia.importer.v3.entity.Root"]},{"type":"br.com.trevisantecnologia.importer.v3.configuration.mongodb.MongoDbConfiguration","size":70,"dependencies":[]},{"type":"br.com.trevisantecnologia.importer.service.ItineraryAgentService","size":69,"dependencies":["br.com.trevisantecnologia.importer.context.ItineraryAgentImportContext","br.com.trevisantecnologia.importer.dao.AbstractDao","br.com.trevisantecnologia.importer.dao.ItineraryAgentDao","br.com.trevisantecnologia.importer.exception.ImportException","br.com.trevisantecnologia.importer.model.Agent","br.com.trevisantecnologia.importer.model.Itinerary","br.com.trevisantecnologia.importer.model.ItineraryAgent"]},{"type":"br.com.trevisantecnologia.importer.parser.LineParser","size":68,"dependencies":["br.com.trevisantecnologia.importer.exception.ImportException","br.com.trevisantecnologia.importer.model.CustomFieldValue"]},{"type":"br.com.trevisantecnologia.importer.core.ImportExecutor","size":68,"dependencies":["br.com.trevisantecnologia.importer.context.ImportContext","br.com.trevisantecnologia.importer.exception.LayoutFileNotFoundException","br.com.trevisantecnologia.importer.file.LogFileService","br.com.trevisantecnologia.importer.model.ScheduleImport","br.com.trevisantecnologia.importer.model.SystemParameters","br.com.trevisantecnologia.importer.model.scheduleimport.ScheduleImportResult","br.com.trevisantecnologia.importer.parser.FileParser","br.com.trevisantecnologia.importer.service.LimitService","br.com.trevisantecnologia.importer.service.ScheduleImportService","br.com.trevisantecnologia.importer.service.SystemParametersService","br.com.trevisantecnologia.importer.util.SpringBeanProvider"]},{"type":"br.com.trevisantecnologia.importer.service.SubGroupService","size":66,"dependencies":["br.com.trevisantecnologia.importer.dao.AbstractDao","br.com.trevisantecnologia.importer.dao.SubGroupDao","br.com.trevisantecnologia.importer.exception.ImportException","br.com.trevisantecnologia.importer.model.Group","br.com.trevisantecnologia.importer.model.SubGroup","br.com.trevisantecnologia.importer.validator.business.BusinessValidator","br.com.trevisantecnologia.importer.validator.business.builders.SubGroupValidatorBuilder"]},{"type":"br.com.trevisantecnologia.importer.model.PasswordHistory","size":65,"dependencies":[]},{"type":"br.com.trevisantecnologia.importer.service.AditionalInfoItemService","size":65,"dependencies":["br.com.trevisantecnologia.importer.dao.AbstractDao","br.com.trevisantecnologia.importer.dao.AditionalInfoItemDao","br.com.trevisantecnologia.importer.exception.ImportException","br.com.trevisantecnologia.importer.model.AditionalInfoItem","br.com.trevisantecnologia.importer.model.Item","br.com.trevisantecnologia.importer.model.Section","br.com.trevisantecnologia.importer.model.SectionItem","br.com.trevisantecnologia.importer.model.ServiceLocal"]},{"type":"br.com.trevisantecnologia.importer.reflection.ReflectionHelper","size":63,"dependencies":["br.com.trevisantecnologia.importer.model.CustomField","br.com.trevisantecnologia.importer.model.ImportLayout","br.com.trevisantecnologia.importer.model.ImportLayoutField"]},{"type":"br.com.trevisantecnologia.importer.v3.entity.EntityBuilder","size":61,"dependencies":["br.com.trevisantecnologia.importer.exception.ImportFatalException"]},{"type":"br.com.trevisantecnologia.importer.service.CustomEntityEntryService","size":61,"dependencies":["br.com.trevisantecnologia.importer.dao.AbstractDao","br.com.trevisantecnologia.importer.dao.CustomEntityEntryDao","br.com.trevisantecnologia.importer.exception.ImportException","br.com.trevisantecnologia.importer.model.CustomEntity","br.com.trevisantecnologia.importer.model.CustomEntityEntry"]},{"type":"br.com.trevisantecnologia.importer.service.TeamService","size":60,"dependencies":["br.com.trevisantecnologia.importer.dao.AbstractDao","br.com.trevisantecnologia.importer.dao.TeamDao","br.com.trevisantecnologia.importer.dao.feature.toggle.FeatureToggleDao","br.com.trevisantecnologia.importer.exception.ImportException","br.com.trevisantecnologia.importer.model.Agent","br.com.trevisantecnologia.importer.model.Team","br.com.trevisantecnologia.importer.model.feature.toggle.FeatureToggle"]},{"type":"br.com.trevisantecnologia.importer.validator.business.builders.AgentValidatorBuilder","size":60,"dependencies":["br.com.trevisantecnologia.importer.validator.business.BusinessRules","br.com.trevisantecnologia.importer.validator.business.BusinessValidatorBuilder"]},{"type":"br.com.trevisantecnologia.importer.model.DefaultActivity","size":59,"dependencies":[]},{"type":"br.com.trevisantecnologia.importer.service.AgentActivityService","size":59,"dependencies":["br.com.trevisantecnologia.importer.context.AgentActivityImportContext","br.com.trevisantecnologia.importer.dao.AbstractDao","br.com.trevisantecnologia.importer.dao.AgentActivityDao","br.com.trevisantecnologia.importer.model.Activity","br.com.trevisantecnologia.importer.model.Agent","br.com.trevisantecnologia.importer.model.AgentActivity"]},{"type":"br.com.trevisantecnologia.importer.model.LevelA","size":59,"dependencies":[]},{"type":"br.com.trevisantecnologia.importer.service.ItineraryServiceLocalService","size":59,"dependencies":["br.com.trevisantecnologia.importer.context.ItineraryServiceLocalImportContext","br.com.trevisantecnologia.importer.dao.AbstractDao","br.com.trevisantecnologia.importer.dao.ItineraryServiceLocalDao","br.com.trevisantecnologia.importer.model.Itinerary","br.com.trevisantecnologia.importer.model.ItineraryServiceLocal","br.com.trevisantecnologia.importer.model.ServiceLocal"]},{"type":"br.com.trevisantecnologia.importer.service.ServiceLocalTeamService","size":59,"dependencies":["br.com.trevisantecnologia.importer.context.ServiceLocalTeamImportContext","br.com.trevisantecnologia.importer.dao.AbstractDao","br.com.trevisantecnologia.importer.dao.ServiceLocalTeamDao","br.com.trevisantecnologia.importer.model.ServiceLocal","br.com.trevisantecnologia.importer.model.ServiceLocalTeam","br.com.trevisantecnologia.importer.model.Team"]},{"type":"br.com.trevisantecnologia.importer.dao.CustomFieldDao","size":58,"dependencies":["br.com.trevisantecnologia.importer.model.CustomField"]},{"type":"br.com.trevisantecnologia.importer.service.journey.WorkdayService","size":57,"dependencies":["br.com.trevisantecnologia.importer.context.journey.WorkdayImportContext","br.com.trevisantecnologia.importer.dao.AbstractDao","br.com.trevisantecnologia.importer.dao.journey.WorkdayDao","br.com.trevisantecnologia.importer.model.journey.Workday","br.com.trevisantecnologia.importer.service.AbstractImportService"]},{"type":"br.com.trevisantecnologia.importer.service.GroupService","size":57,"dependencies":["br.com.trevisantecnologia.importer.dao.AbstractDao","br.com.trevisantecnologia.importer.dao.GroupDao","br.com.trevisantecnologia.importer.exception.ImportException","br.com.trevisantecnologia.importer.model.Group","br.com.trevisantecnologia.importer.validator.business.BusinessValidator","br.com.trevisantecnologia.importer.validator.business.builders.GroupValidatorBuilder"]},{"type":"br.com.trevisantecnologia.importer.v3.entity.Properties","size":56,"dependencies":["br.com.trevisantecnologia.importer.exception.ImportException"]},{"type":"br.com.trevisantecnologia.importer.service.CustomFieldService","size":56,"dependencies":["br.com.trevisantecnologia.importer.cache.CustomFieldCache","br.com.trevisantecnologia.importer.dao.AbstractDao","br.com.trevisantecnologia.importer.dao.CustomFieldDao","br.com.trevisantecnologia.importer.exception.ImportException","br.com.trevisantecnologia.importer.model.CustomField"]},{"type":"br.com.trevisantecnologia.importer.model.feature.toggle.FeatureToggle","size":55,"dependencies":["br.com.trevisantecnologia.importer.model.Model"]},{"type":"br.com.trevisantecnologia.importer.service.MediaService","size":55,"dependencies":["br.com.trevisantecnologia.importer.dao.AbstractDao","br.com.trevisantecnologia.importer.dao.MediaDao","br.com.trevisantecnologia.importer.model.ImageImportModel","br.com.trevisantecnologia.importer.model.Media"]},{"type":"br.com.trevisantecnologia.importer.converter.WeekdaysConverter","size":55,"dependencies":["br.com.trevisantecnologia.importer.exception.ImportException","br.com.trevisantecnologia.importer.model.Weekdays","br.com.trevisantecnologia.importer.parser.PropertiesParser"]},{"type":"br.com.trevisantecnologia.importer.service.schedule.notification.ScheduleNotificationService","size":55,"dependencies":["br.com.trevisantecnologia.importer.dao.schedule.notification.ScheduleNotificationDao","br.com.trevisantecnologia.importer.model.Schedule","br.com.trevisantecnologia.importer.model.ServiceLocal","br.com.trevisantecnologia.importer.model.schedule.notification.ScheduleNotification","br.com.trevisantecnologia.importer.service.ScheduleService","br.com.trevisantecnologia.importer.service.ServiceLocalService","br.com.trevisantecnologia.importer.service.feature.toggle.FeatureToggleService","br.com.trevisantecnologia.importer.service.idiom.IdiomWrapper"]},{"type":"br.com.trevisantecnologia.importer.helper.EncodingHelper","size":54,"dependencies":[]},{"type":"br.com.trevisantecnologia.importer.v3.entity.Root","size":53,"dependencies":["br.com.trevisantecnologia.importer.exception.ImportException"]},{"type":"br.com.trevisantecnologia.importer.service.ServiceLocalItemService","size":53,"dependencies":["br.com.trevisantecnologia.importer.context.ServiceLocalItemImportContext","br.com.trevisantecnologia.importer.dao.AbstractDao","br.com.trevisantecnologia.importer.dao.ServiceLocalItemDao","br.com.trevisantecnologia.importer.model.Item","br.com.trevisantecnologia.importer.model.ServiceLocal","br.com.trevisantecnologia.importer.model.ServiceLocalItem"]},{"type":"br.com.trevisantecnologia.importer.dao.CustomEntityEntryDao","size":53,"dependencies":["br.com.trevisantecnologia.importer.model.CustomEntity","br.com.trevisantecnologia.importer.model.CustomEntityEntry"]},{"type":"br.com.trevisantecnologia.importer.service.ScheduleActivityService","size":52,"dependencies":["br.com.trevisantecnologia.importer.dao.AbstractDao","br.com.trevisantecnologia.importer.dao.ScheduleActivityDao","br.com.trevisantecnologia.importer.exception.ImportException","br.com.trevisantecnologia.importer.model.Activity","br.com.trevisantecnologia.importer.model.Schedule","br.com.trevisantecnologia.importer.model.ScheduleActivity"]},{"type":"br.com.trevisantecnologia.importer.util.SpringApplicationProperties","size":51,"dependencies":[]},{"type":"br.com.trevisantecnologia.importer.util.ArrayUtils","size":51,"dependencies":["br.com.trevisantecnologia.importer.model.CustomField"]},{"type":"br.com.trevisantecnologia.importer.v3.callback.ResultAggregate","size":51,"dependencies":[]},{"type":"br.com.trevisantecnologia.importer.service.ServiceLocalClassificationService","size":51,"dependencies":["br.com.trevisantecnologia.importer.dao.AbstractDao","br.com.trevisantecnologia.importer.dao.ServiceLocalClassificationDao","br.com.trevisantecnologia.importer.exception.ImportException","br.com.trevisantecnologia.importer.model.ServiceLocalClassification"]},{"type":"br.com.trevisantecnologia.importer.converter.ConversionHandler","size":51,"dependencies":["br.com.trevisantecnologia.importer.exception.ImportException"]},{"type":"br.com.trevisantecnologia.importer.validator.XmlValidator","size":51,"dependencies":["br.com.trevisantecnologia.importer.exception.ImportException"]},{"type":"br.com.trevisantecnologia.importer.util.ImporterConfiguration","size":50,"dependencies":["br.com.trevisantecnologia.importer.email.EmailRequest"]},{"type":"br.com.trevisantecnologia.importer.service.Local3DimensionService","size":50,"dependencies":["br.com.trevisantecnologia.importer.dao.AbstractDao","br.com.trevisantecnologia.importer.dao.Local3DimensionDao","br.com.trevisantecnologia.importer.exception.ImportException","br.com.trevisantecnologia.importer.model.Local3Dimension"]},{"type":"br.com.trevisantecnologia.importer.service.ItemCategoryService","size":50,"dependencies":["br.com.trevisantecnologia.importer.dao.AbstractDao","br.com.trevisantecnologia.importer.dao.ItemCategoryDao","br.com.trevisantecnologia.importer.exception.ImportException","br.com.trevisantecnologia.importer.model.ItemCategory"]},{"type":"br.com.trevisantecnologia.importer.service.ServiceLocalTypeService","size":50,"dependencies":["br.com.trevisantecnologia.importer.dao.AbstractDao","br.com.trevisantecnologia.importer.dao.ServiceLocalTypeDao","br.com.trevisantecnologia.importer.exception.ImportException","br.com.trevisantecnologia.importer.model.ServiceLocalType"]},{"type":"br.com.trevisantecnologia.importer.service.AgentTypeService","size":50,"dependencies":["br.com.trevisantecnologia.importer.dao.AbstractDao","br.com.trevisantecnologia.importer.dao.AgentTypeDao","br.com.trevisantecnologia.importer.exception.ImportException","br.com.trevisantecnologia.importer.model.AgentType"]},{"type":"br.com.trevisantecnologia.importer.dao.ScheduleImportDao","size":50,"dependencies":["br.com.trevisantecnologia.importer.model.ScheduleImport"]},{"type":"br.com.trevisantecnologia.importer.service.ScheduleImportService","size":50,"dependencies":["br.com.trevisantecnologia.importer.dao.AbstractDao","br.com.trevisantecnologia.importer.dao.ScheduleImportDao","br.com.trevisantecnologia.importer.file.RenameFileService","br.com.trevisantecnologia.importer.model.ScheduleImport","br.com.trevisantecnologia.importer.model.scheduleimport.ScheduleImportResult"]},{"type":"br.com.trevisantecnologia.importer.service.ItineraryActivityService","size":50,"dependencies":["br.com.trevisantecnologia.importer.dao.AbstractDao","br.com.trevisantecnologia.importer.dao.ItineraryActivityDao","br.com.trevisantecnologia.importer.exception.ImportException","br.com.trevisantecnologia.importer.model.Activity","br.com.trevisantecnologia.importer.model.Itinerary","br.com.trevisantecnologia.importer.model.ItineraryActivity"]},{"type":"br.com.trevisantecnologia.importer.service.ScheduleTypeActivityService","size":50,"dependencies":["br.com.trevisantecnologia.importer.context.ScheduleTypeActivityImportContext","br.com.trevisantecnologia.importer.dao.AbstractDao","br.com.trevisantecnologia.importer.dao.ScheduleTypeActivityDao","br.com.trevisantecnologia.importer.model.Activity","br.com.trevisantecnologia.importer.model.ScheduleType","br.com.trevisantecnologia.importer.model.ScheduleTypeActivity"]},{"type":"br.com.trevisantecnologia.importer.model.ItineraryTeam","size":49,"dependencies":[]},{"type":"br.com.trevisantecnologia.importer.service.AgentTeamService","size":49,"dependencies":["br.com.trevisantecnologia.importer.dao.AbstractDao","br.com.trevisantecnologia.importer.dao.AgentTeamDao","br.com.trevisantecnologia.importer.model.AgentTeam","br.com.trevisantecnologia.importer.model.Team","br.com.trevisantecnologia.importer.validator.business.BusinessValidator","br.com.trevisantecnologia.importer.validator.business.builders.AgentTeamValidatorBuilder"]},{"type":"br.com.trevisantecnologia.importer.validator.GeoCoordinateValidator","size":49,"dependencies":["br.com.trevisantecnologia.importer.exception.ImportException","br.com.trevisantecnologia.importer.i18n.MessageResolver"]},{"type":"br.com.trevisantecnologia.importer.model.Partner","size":48,"dependencies":[]},{"type":"br.com.trevisantecnologia.importer.parser.FileProcessor","size":47,"dependencies":["br.com.trevisantecnologia.importer.context.ImportContext","br.com.trevisantecnologia.importer.helper.EncodingHelper","br.com.trevisantecnologia.importer.i18n.MessageResolver","br.com.trevisantecnologia.importer.layout.LayoutMapperResolver"]},{"type":"br.com.trevisantecnologia.importer.helper.PasswordHelper","size":47,"dependencies":["br.com.trevisantecnologia.importer.context.ImportContext","br.com.trevisantecnologia.importer.model.Agent","br.com.trevisantecnologia.importer.model.PasswordHistory","br.com.trevisantecnologia.importer.model.PasswordPolicy","br.com.trevisantecnologia.importer.model.SystemParameters","br.com.trevisantecnologia.importer.service.PasswordHistoryService","br.com.trevisantecnologia.importer.service.SystemParametersService"]},{"type":"br.com.trevisantecnologia.importer.model.Idiom","size":46,"dependencies":[]},{"type":"br.com.trevisantecnologia.importer.service.Timezones","size":46,"dependencies":["br.com.trevisantecnologia.importer.model.Timezone"]},{"type":"br.com.trevisantecnologia.importer.core.ImportProcess","size":45,"dependencies":[]},{"type":"br.com.trevisantecnologia.importer.layout.LayoutMapperResolver","size":45,"dependencies":["br.com.trevisantecnologia.importer.model.ImportLayout","br.com.trevisantecnologia.importer.service.ImportLayoutService"]},{"type":"br.com.trevisantecnologia.importer.service.SectionItemService","size":44,"dependencies":["br.com.trevisantecnologia.importer.dao.AbstractDao","br.com.trevisantecnologia.importer.dao.SectionItemDao","br.com.trevisantecnologia.importer.model.Item","br.com.trevisantecnologia.importer.model.Section","br.com.trevisantecnologia.importer.model.SectionItem"]},{"type":"br.com.trevisantecnologia.importer.service.LicenseService","size":43,"dependencies":["br.com.trevisantecnologia.importer.model.Client","br.com.trevisantecnologia.importer.model.LicenseDTO","br.com.trevisantecnologia.importer.model.Partner"]},{"type":"br.com.trevisantecnologia.importer.dao.ScheduleItemDao","size":43,"dependencies":["br.com.trevisantecnologia.importer.model.Schedule","br.com.trevisantecnologia.importer.model.ScheduleItem"]},{"type":"br.com.trevisantecnologia.importer.model.LicenseDTO","size":42,"dependencies":[]},{"type":"br.com.trevisantecnologia.importer.util.ShutdownSigner","size":42,"dependencies":["br.com.trevisantecnologia.importer.core.ImportProcess"]},{"type":"br.com.trevisantecnologia.importer.dao.ServiceLocalDao","size":42,"dependencies":["br.com.trevisantecnologia.importer.model.ServiceLocal"]},{"type":"br.com.trevisantecnologia.importer.file.LogFileService","size":41,"dependencies":["br.com.trevisantecnologia.importer.model.ScheduleImport"]},{"type":"br.com.trevisantecnologia.importer.dao.ServiceLocalActivityDao","size":41,"dependencies":["br.com.trevisantecnologia.importer.model.ServiceLocal","br.com.trevisantecnologia.importer.model.ServiceLocalActivity"]},{"type":"br.com.trevisantecnologia.importer.dao.feature.toggle.FeatureToggleDao","size":40,"dependencies":["br.com.trevisantecnologia.importer.cache.EntityCache","br.com.trevisantecnologia.importer.dao.AbstractDao","br.com.trevisantecnologia.importer.model.Model","br.com.trevisantecnologia.importer.model.Schedule","br.com.trevisantecnologia.importer.model.Team","br.com.trevisantecnologia.importer.model.feature.toggle.FeatureToggle"]},{"type":"br.com.trevisantecnologia.importer.cache.CustomFieldCache","size":39,"dependencies":["br.com.trevisantecnologia.importer.model.CustomField"]},{"type":"br.com.trevisantecnologia.importer.v3.entity.Node","size":39,"dependencies":[]},{"type":"br.com.trevisantecnologia.importer.validator.business.rules.agentteam.AgentTeamLinkRule","size":39,"dependencies":["br.com.trevisantecnologia.importer.dao.AgentTeamDao","br.com.trevisantecnologia.importer.exception.ImportException","br.com.trevisantecnologia.importer.model.AgentTeam","br.com.trevisantecnologia.importer.service.SystemParametersService","br.com.trevisantecnologia.importer.validator.business.BusinessRules"]},{"type":"br.com.trevisantecnologia.importer.email.EmailRequest","size":38,"dependencies":[]},{"type":"br.com.trevisantecnologia.importer.core.ImportManager","size":38,"dependencies":["br.com.trevisantecnologia.importer.service.ScheduleImportService","br.com.trevisantecnologia.importer.util.ImporterConfiguration"]},{"type":"br.com.trevisantecnologia.importer.validator.business.rules.agent.CheckerAccessRole","size":38,"dependencies":["br.com.trevisantecnologia.importer.exception.ImportException","br.com.trevisantecnologia.importer.model.AccessRole","br.com.trevisantecnologia.importer.model.Agent","br.com.trevisantecnologia.importer.model.journey.WeeklyWorkday","br.com.trevisantecnologia.importer.service.AccesRoleService","br.com.trevisantecnologia.importer.validator.business.BusinessRules","br.com.trevisantecnologia.importer.validator.business.rules.utils.ReferenceByAlternativeIdentifier"]},{"type":"br.com.trevisantecnologia.importer.core.ImportWorker","size":38,"dependencies":["br.com.trevisantecnologia.importer.model.ScheduleImport","br.com.trevisantecnologia.importer.service.ScheduleImportService"]},{"type":"br.com.trevisantecnologia.importer.dao.ScheduleDao","size":37,"dependencies":["br.com.trevisantecnologia.importer.model.Itinerary","br.com.trevisantecnologia.importer.model.Schedule","br.com.trevisantecnologia.importer.model.ServiceLocal"]},{"type":"br.com.trevisantecnologia.importer.service.SectionSubGroupService","size":36,"dependencies":["br.com.trevisantecnologia.importer.dao.AbstractDao","br.com.trevisantecnologia.importer.dao.SectionSubGroupDao","br.com.trevisantecnologia.importer.model.Section","br.com.trevisantecnologia.importer.model.SectionSubGroup","br.com.trevisantecnologia.importer.model.SubGroup"]},{"type":"br.com.trevisantecnologia.importer.dao.AgentActivityDao","size":36,"dependencies":["br.com.trevisantecnologia.importer.model.Agent","br.com.trevisantecnologia.importer.model.AgentActivity"]},{"type":"br.com.trevisantecnologia.importer.v3.message.Message","size":34,"dependencies":[]},{"type":"br.com.trevisantecnologia.importer.dao.AgentTeamDao","size":34,"dependencies":["br.com.trevisantecnologia.importer.model.Agent","br.com.trevisantecnologia.importer.model.AgentTeam","br.com.trevisantecnologia.importer.model.Team"]},{"type":"br.com.trevisantecnologia.importer.validator.business.builders.ServiceLocalActivityValidatorBuilder","size":34,"dependencies":["br.com.trevisantecnologia.importer.model.ServiceLocalActivity","br.com.trevisantecnologia.importer.validator.business.BusinessRules","br.com.trevisantecnologia.importer.validator.business.BusinessValidatorBuilder","br.com.trevisantecnologia.importer.validator.business.rules.servicelocalactivity.CheckerActivity","br.com.trevisantecnologia.importer.validator.business.rules.servicelocalactivity.CheckerServiceLocal","br.com.trevisantecnologia.importer.validator.business.rules.servicelocalactivity.MaximumExecutionInCicleValue","br.com.trevisantecnologia.importer.validator.business.rules.servicelocalactivity.MinimalExecutionInCicleValue"]},{"type":"br.com.trevisantecnologia.importer.v3.message.Content","size":33,"dependencies":["br.com.trevisantecnologia.importer.v3.entity.Entity","br.com.trevisantecnologia.importer.v3.entity.Root"]},{"type":"br.com.trevisantecnologia.importer.service.ScheduleSituationService","size":33,"dependencies":["br.com.trevisantecnologia.importer.dao.AbstractDao","br.com.trevisantecnologia.importer.dao.ScheduleSituationDao","br.com.trevisantecnologia.importer.model.ScheduleSituation"]},{"type":"br.com.trevisantecnologia.importer.dao.AbstractHibernateCopyDAO","size":33,"dependencies":["br.com.trevisantecnologia.importer.model.Model"]},{"type":"br.com.trevisantecnologia.importer.converter.ItineraryExclusiveConverter","size":33,"dependencies":["br.com.trevisantecnologia.importer.exception.ImportException","br.com.trevisantecnologia.importer.model.ItineraryExclusive"]},{"type":"br.com.trevisantecnologia.importer.v3.callback.CallbackConsumer","size":33,"dependencies":["br.com.trevisantecnologia.importer.file.LogFileService","br.com.trevisantecnologia.importer.model.ScheduleImport","br.com.trevisantecnologia.importer.model.scheduleimport.ScheduleImportResult","br.com.trevisantecnologia.importer.service.ScheduleImportService","br.com.trevisantecnologia.importer.v3.message.MessageRepository"]},{"type":"br.com.trevisantecnologia.importer.core.ImportQueue","size":32,"dependencies":[]},{"type":"br.com.trevisantecnologia.importer.service.GeocoderService","size":32,"dependencies":["br.com.trevisantecnologia.importer.model.Address","br.com.trevisantecnologia.importer.model.GeocoderAdress"]},{"type":"br.com.trevisantecnologia.importer.dao.ScheduleActivityDao","size":32,"dependencies":["br.com.trevisantecnologia.importer.dao.function.FindActivitiesByOriginFunctionCall","br.com.trevisantecnologia.importer.model.Schedule","br.com.trevisantecnologia.importer.model.ScheduleActivity"]},{"type":"br.com.trevisantecnologia.importer.converter.LocalDateConverter","size":32,"dependencies":["br.com.trevisantecnologia.importer.exception.ImportException"]},{"type":"br.com.trevisantecnologia.importer.validator.DateValidator","size":32,"dependencies":["br.com.trevisantecnologia.importer.exception.ImportException"]},{"type":"br.com.trevisantecnologia.importer.cache.GenericCache","size":31,"dependencies":[]},{"type":"br.com.trevisantecnologia.importer.service.journey.WeeklyWorkdayService","size":31,"dependencies":["br.com.trevisantecnologia.importer.dao.AbstractDao","br.com.trevisantecnologia.importer.dao.journey.WeeklyWorkdayDao","br.com.trevisantecnologia.importer.model.journey.WeeklyWorkday","br.com.trevisantecnologia.importer.service.AbstractImportService"]},{"type":"br.com.trevisantecnologia.importer.dao.ServiceLocalTeamDao","size":31,"dependencies":["br.com.trevisantecnologia.importer.model.ItineraryServiceLocal","br.com.trevisantecnologia.importer.model.ServiceLocalTeam"]},{"type":"br.com.trevisantecnologia.importer.dao.PasswordHistoryDao","size":31,"dependencies":["br.com.trevisantecnologia.importer.model.PasswordHistory"]},{"type":"br.com.trevisantecnologia.importer.dao.ServiceLocalItemDao","size":31,"dependencies":["br.com.trevisantecnologia.importer.model.ServiceLocalItem"]},{"type":"br.com.trevisantecnologia.importer.service.TeamTypeService","size":30,"dependencies":["br.com.trevisantecnologia.importer.dao.AbstractDao","br.com.trevisantecnologia.importer.dao.TeamTypeDAO","br.com.trevisantecnologia.importer.exception.ImportException","br.com.trevisantecnologia.importer.model.TeamType"]},{"type":"br.com.trevisantecnologia.importer.parser.Splitter","size":30,"dependencies":[]},{"type":"br.com.trevisantecnologia.importer.dao.ItineraryAgentDao","size":30,"dependencies":["br.com.trevisantecnologia.importer.model.ItineraryAgent","br.com.trevisantecnologia.importer.model.ItineraryServiceLocal"]},{"type":"br.com.trevisantecnologia.importer.dao.ScheduleTypeActivityDao","size":30,"dependencies":["br.com.trevisantecnologia.importer.model.ScheduleTypeActivity"]},{"type":"br.com.trevisantecnologia.importer.dao.ItineraryServiceLocalDao","size":30,"dependencies":["br.com.trevisantecnologia.importer.model.ItineraryServiceLocal"]},{"type":"br.com.trevisantecnologia.importer.parser.FileToParseValidator","size":30,"dependencies":["br.com.trevisantecnologia.importer.context.ImportContext","br.com.trevisantecnologia.importer.i18n.MessageResolver","br.com.trevisantecnologia.importer.model.Client","br.com.trevisantecnologia.importer.service.ClientService"]},{"type":"br.com.trevisantecnologia.importer.email.EmailDispatcher","size":29,"dependencies":["br.com.trevisantecnologia.importer.http.HttpClient"]},{"type":"br.com.trevisantecnologia.importer.dao.journey.WorkdayDao","size":29,"dependencies":["br.com.trevisantecnologia.importer.dao.AbstractDao","br.com.trevisantecnologia.importer.model.journey.WeeklyWorkday","br.com.trevisantecnologia.importer.model.journey.Workday"]},{"type":"br.com.trevisantecnologia.importer.validator.business.rules.utils.ReferenceByAlternativeIdentifier","size":28,"dependencies":["br.com.trevisantecnologia.importer.exception.ImportException","br.com.trevisantecnologia.importer.model.ImportModel","br.com.trevisantecnologia.importer.service.AbstractService"]},{"type":"br.com.trevisantecnologia.importer.dao.TeamDao","size":28,"dependencies":["br.com.trevisantecnologia.importer.model.Agent","br.com.trevisantecnologia.importer.model.Team"]},{"type":"br.com.trevisantecnologia.importer.converter.LocalDateTimeConverter","size":28,"dependencies":["br.com.trevisantecnologia.importer.exception.ImportException"]},{"type":"br.com.trevisantecnologia.importer.dao.idiom.IdiomEntryDao","size":28,"dependencies":["br.com.trevisantecnologia.importer.cache.EntityCache","br.com.trevisantecnologia.importer.dao.AbstractDao","br.com.trevisantecnologia.importer.model.Client","br.com.trevisantecnologia.importer.model.Model","br.com.trevisantecnologia.importer.model.idiom.IdiomEntry"]},{"type":"br.com.trevisantecnologia.importer.v3.callback.LogError","size":27,"dependencies":[]},{"type":"br.com.trevisantecnologia.importer.converter.LocalTimeConverter","size":27,"dependencies":["br.com.trevisantecnologia.importer.exception.ImportException"]},{"type":"br.com.trevisantecnologia.importer.layout.LayoutMapper","size":26,"dependencies":["br.com.trevisantecnologia.importer.model.ImportLayout","br.com.trevisantecnologia.importer.model.ImportModel","br.com.trevisantecnologia.importer.service.ImportService"]},{"type":"br.com.trevisantecnologia.importer.service.idiom.IdiomWrapper","size":26,"dependencies":["br.com.trevisantecnologia.importer.model.Client","br.com.trevisantecnologia.importer.service.ClientService"]},{"type":"br.com.trevisantecnologia.importer.validator.CpfValidator","size":25,"dependencies":["br.com.trevisantecnologia.importer.exception.ImportException"]},{"type":"br.com.trevisantecnologia.importer.validator.business.rules.agent.GeoLocationTimezone","size":25,"dependencies":["br.com.trevisantecnologia.importer.exception.ImportException","br.com.trevisantecnologia.importer.model.Agent","br.com.trevisantecnologia.importer.service.Timezones","br.com.trevisantecnologia.importer.validator.business.BusinessRules"]},{"type":"br.com.trevisantecnologia.importer.validator.CnpjValidator","size":25,"dependencies":["br.com.trevisantecnologia.importer.exception.ImportException"]},{"type":"br.com.trevisantecnologia.importer.service.FieldSettingService","size":25,"dependencies":["br.com.trevisantecnologia.importer.cache.GenericCache","br.com.trevisantecnologia.importer.dao.AbstractDao","br.com.trevisantecnologia.importer.dao.FieldSettingDao","br.com.trevisantecnologia.importer.model.FieldSetting"]},{"type":"br.com.trevisantecnologia.importer.dao.ItineraryDao","size":25,"dependencies":["br.com.trevisantecnologia.importer.model.Agent","br.com.trevisantecnologia.importer.model.Itinerary","br.com.trevisantecnologia.importer.model.ServiceLocal"]},{"type":"br.com.trevisantecnologia.importer.interceptor.TransactionInterceptor","size":25,"dependencies":[]},{"type":"br.com.trevisantecnologia.importer.v3.message.Header","size":24,"dependencies":[]},{"type":"br.com.trevisantecnologia.importer.validator.business.rules.servicelocalactivity.MinimalExecutionInCicleValue","size":24,"dependencies":["br.com.trevisantecnologia.importer.exception.ImportException","br.com.trevisantecnologia.importer.model.ServiceLocalActivity","br.com.trevisantecnologia.importer.validator.business.BusinessRules"]},{"type":"br.com.trevisantecnologia.importer.i18n.MessageResolver","size":24,"dependencies":["br.com.trevisantecnologia.importer.context.ImportContext"]},{"type":"br.com.trevisantecnologia.importer.converter.ModelConverter","size":24,"dependencies":["br.com.trevisantecnologia.importer.exception.ImportException","br.com.trevisantecnologia.importer.model.Model"]},{"type":"br.com.trevisantecnologia.importer.converter.ImportModelConverter","size":24,"dependencies":["br.com.trevisantecnologia.importer.model.ImportModel"]},{"type":"br.com.trevisantecnologia.importer.converter.ScheduleSituationConverter","size":24,"dependencies":["br.com.trevisantecnologia.importer.exception.ImportException","br.com.trevisantecnologia.importer.model.ScheduleSituation"]},{"type":"br.com.trevisantecnologia.importer.injection.SessionFactoryProvider","size":24,"dependencies":["br.com.trevisantecnologia.importer.util.ImporterConfiguration"]},{"type":"br.com.trevisantecnologia.importer.v3.callback.MessageLogError","size":23,"dependencies":[]},{"type":"br.com.trevisantecnologia.importer.v3.callback.MessageLogCount","size":23,"dependencies":[]},{"type":"br.com.trevisantecnologia.importer.service.LimitService","size":23,"dependencies":["br.com.trevisantecnologia.importer.dao.AbstractDao","br.com.trevisantecnologia.importer.dao.LimitDao","br.com.trevisantecnologia.importer.model.Limit"]},{"type":"br.com.trevisantecnologia.importer.converter.BooleanConverter","size":23,"dependencies":["br.com.trevisantecnologia.importer.exception.ImportException"]},{"type":"br.com.trevisantecnologia.importer.model.ScheduleSituation","size":23,"dependencies":[]},{"type":"br.com.trevisantecnologia.importer.converter.IdiomConverter","size":23,"dependencies":["br.com.trevisantecnologia.importer.exception.ImportException","br.com.trevisantecnologia.importer.model.Idiom","br.com.trevisantecnologia.importer.validator.IdiomLocaleValidator"]},{"type":"br.com.trevisantecnologia.importer.core.ImportManagerBuilder","size":23,"dependencies":[]},{"type":"br.com.trevisantecnologia.importer.validator.RegexValidator","size":22,"dependencies":["br.com.trevisantecnologia.importer.exception.ImportException"]},{"type":"br.com.trevisantecnologia.importer.converter.StringListWrapperConverter","size":22,"dependencies":["br.com.trevisantecnologia.importer.types.StringListWrapper"]},{"type":"br.com.trevisantecnologia.importer.converter.MediaConverter","size":22,"dependencies":["br.com.trevisantecnologia.importer.exception.ImportException","br.com.trevisantecnologia.importer.model.Media","br.com.trevisantecnologia.importer.validator.UrlValidator"]},{"type":"br.com.trevisantecnologia.importer.service.PasswordHistoryService","size":22,"dependencies":["br.com.trevisantecnologia.importer.dao.AbstractDao","br.com.trevisantecnologia.importer.dao.PasswordHistoryDao","br.com.trevisantecnologia.importer.helper.PasswordHelper","br.com.trevisantecnologia.importer.model.PasswordHistory"]},{"type":"br.com.trevisantecnologia.importer.validator.business.rules.agent.CheckerNameAlreadyUser","size":22,"dependencies":["br.com.trevisantecnologia.importer.dao.AgentDao","br.com.trevisantecnologia.importer.exception.ImportException","br.com.trevisantecnologia.importer.model.Agent","br.com.trevisantecnologia.importer.model.SystemParameters","br.com.trevisantecnologia.importer.service.SystemParametersService","br.com.trevisantecnologia.importer.validator.business.BusinessRules"]},{"type":"br.com.trevisantecnologia.importer.injection.ValidatorProvider","size":22,"dependencies":["br.com.trevisantecnologia.importer.context.ImportContext","br.com.trevisantecnologia.importer.i18n.LocalizedMessageInterpolator"]},{"type":"br.com.trevisantecnologia.importer.model.journey.TimeRange","size":21,"dependencies":[]},{"type":"br.com.trevisantecnologia.importer.service.SystemParametersService","size":21,"dependencies":["br.com.trevisantecnologia.importer.cache.UniqueEntityCache","br.com.trevisantecnologia.importer.dao.AbstractDao","br.com.trevisantecnologia.importer.dao.SystemParametersDao","br.com.trevisantecnologia.importer.model.SystemParameters"]},{"type":"br.com.trevisantecnologia.importer.dao.ImportLayoutDao","size":21,"dependencies":["br.com.trevisantecnologia.importer.model.ImportLayout"]},{"type":"br.com.trevisantecnologia.importer.dao.AditionalInfoItemDao","size":21,"dependencies":["br.com.trevisantecnologia.importer.model.AditionalInfoItem"]},{"type":"br.com.trevisantecnologia.importer.validator.business.rules.agent.PasswordPolicy","size":21,"dependencies":["br.com.trevisantecnologia.importer.exception.ImportException","br.com.trevisantecnologia.importer.helper.PasswordHelper","br.com.trevisantecnologia.importer.model.Agent","br.com.trevisantecnologia.importer.validator.business.BusinessRules"]},{"type":"br.com.trevisantecnologia.importer.service.ItineraryScheduleService","size":21,"dependencies":["br.com.trevisantecnologia.importer.context.ItineraryServiceLocalImportContext","br.com.trevisantecnologia.importer.dao.AbstractDao","br.com.trevisantecnologia.importer.dao.ItineraryScheduleDao","br.com.trevisantecnologia.importer.dao.ItineraryServiceLocalDao","br.com.trevisantecnologia.importer.model.Itinerary","br.com.trevisantecnologia.importer.model.ItinerarySchedule","br.com.trevisantecnologia.importer.model.ItineraryServiceLocal","br.com.trevisantecnologia.importer.model.ServiceLocal"]},{"type":"br.com.trevisantecnologia.importer.model.ItineraryExclusive","size":20,"dependencies":[]},{"type":"br.com.trevisantecnologia.importer.model.scheduleimport.ScheduleImportResult","size":20,"dependencies":[]},{"type":"br.com.trevisantecnologia.importer.parser.FileParser","size":20,"dependencies":["br.com.trevisantecnologia.importer.context.ImportContext"]},{"type":"br.com.trevisantecnologia.importer.file.RenameFileService","size":20,"dependencies":["br.com.trevisantecnologia.importer.model.ScheduleImport"]},{"type":"br.com.trevisantecnologia.importer.i18n.LocalizedMessageInterpolator","size":19,"dependencies":[]},{"type":"br.com.trevisantecnologia.importer.service.idiom.IdiomEntryService","size":19,"dependencies":["br.com.trevisantecnologia.importer.dao.idiom.IdiomEntryDao","br.com.trevisantecnologia.importer.model.Client","br.com.trevisantecnologia.importer.model.idiom.IdiomEntry"]},{"type":"br.com.trevisantecnologia.importer.converter.EnumConverter","size":19,"dependencies":["br.com.trevisantecnologia.importer.exception.ImportException"]},{"type":"br.com.trevisantecnologia.importer.validator.business.rules.agent.PasswordIsEmpty","size":19,"dependencies":["br.com.trevisantecnologia.importer.exception.ImportException","br.com.trevisantecnologia.importer.model.Agent","br.com.trevisantecnologia.importer.service.ClientService","br.com.trevisantecnologia.importer.validator.business.BusinessRules"]},{"type":"br.com.trevisantecnologia.importer.validator.business.rules.agent.CheckerWeeklyWorkday","size":19,"dependencies":["br.com.trevisantecnologia.importer.model.Agent","br.com.trevisantecnologia.importer.model.AgentType","br.com.trevisantecnologia.importer.model.journey.WeeklyWorkday","br.com.trevisantecnologia.importer.service.journey.WeeklyWorkdayService","br.com.trevisantecnologia.importer.validator.business.BusinessRules","br.com.trevisantecnologia.importer.validator.business.rules.utils.ReferenceByAlternativeIdentifier"]},{"type":"br.com.trevisantecnologia.importer.validator.business.builders.GroupValidatorBuilder","size":19,"dependencies":["br.com.trevisantecnologia.importer.dao.GroupDao","br.com.trevisantecnologia.importer.validator.business.BusinessRules","br.com.trevisantecnologia.importer.validator.business.BusinessValidatorBuilder","br.com.trevisantecnologia.importer.validator.business.rules.general.DescriptionAlreadyUse"]},{"type":"br.com.trevisantecnologia.importer.parser.PropertiesParser","size":19,"dependencies":[]},{"type":"br.com.trevisantecnologia.importer.helper.ValidationHelper","size":18,"dependencies":["br.com.trevisantecnologia.importer.model.ImportModel","br.com.trevisantecnologia.importer.model.Model"]},{"type":"br.com.trevisantecnologia.importer.cache.EntityCache","size":18,"dependencies":["br.com.trevisantecnologia.importer.model.Model"]},{"type":"br.com.trevisantecnologia.importer.context.AbstractContext","size":18,"dependencies":[]},{"type":"br.com.trevisantecnologia.importer.dao.ItemDao","size":18,"dependencies":["br.com.trevisantecnologia.importer.model.Item"]},{"type":"br.com.trevisantecnologia.importer.validator.TimeZoneLocationValidator","size":18,"dependencies":["br.com.trevisantecnologia.importer.exception.ImportException"]},{"type":"br.com.trevisantecnologia.importer.validator.business.rules.general.DescriptionAlreadyUse","size":18,"dependencies":["br.com.trevisantecnologia.importer.dao.VerifyAttributeAlreadyUse","br.com.trevisantecnologia.importer.exception.ImportException","br.com.trevisantecnologia.importer.model.IDescription","br.com.trevisantecnologia.importer.validator.business.BusinessRules"]},{"type":"br.com.trevisantecnologia.importer.validator.IdiomLocaleValidator","size":18,"dependencies":["br.com.trevisantecnologia.importer.exception.ImportException"]},{"type":"br.com.trevisantecnologia.importer.service.ScheduleTypeService","size":18,"dependencies":["br.com.trevisantecnologia.importer.dao.AbstractDao","br.com.trevisantecnologia.importer.dao.ScheduleTypeDao","br.com.trevisantecnologia.importer.model.ScheduleType"]},{"type":"br.com.trevisantecnologia.importer.validator.business.rules.servicelocalactivity.CheckerServiceLocal","size":18,"dependencies":["br.com.trevisantecnologia.importer.model.ServiceLocal","br.com.trevisantecnologia.importer.model.ServiceLocalActivity","br.com.trevisantecnologia.importer.service.ServiceLocalService","br.com.trevisantecnologia.importer.validator.business.BusinessRules","br.com.trevisantecnologia.importer.validator.business.rules.utils.ReferenceByAlternativeIdentifier"]},{"type":"br.com.trevisantecnologia.importer.validator.business.rules.servicelocalactivity.CheckerActivity","size":18,"dependencies":["br.com.trevisantecnologia.importer.model.Activity","br.com.trevisantecnologia.importer.model.ServiceLocalActivity","br.com.trevisantecnologia.importer.service.ActivityService","br.com.trevisantecnologia.importer.validator.business.BusinessRules","br.com.trevisantecnologia.importer.validator.business.rules.utils.ReferenceByAlternativeIdentifier"]},{"type":"br.com.trevisantecnologia.importer.validator.business.rules.agent.CheckerAgentType","size":18,"dependencies":["br.com.trevisantecnologia.importer.model.Agent","br.com.trevisantecnologia.importer.model.AgentType","br.com.trevisantecnologia.importer.service.AgentTypeService","br.com.trevisantecnologia.importer.validator.business.BusinessRules","br.com.trevisantecnologia.importer.validator.business.rules.utils.ReferenceByAlternativeIdentifier"]},{"type":"br.com.trevisantecnologia.importer.validator.business.builders.SubGroupValidatorBuilder","size":18,"dependencies":["br.com.trevisantecnologia.importer.dao.SubGroupDao","br.com.trevisantecnologia.importer.validator.business.BusinessRules","br.com.trevisantecnologia.importer.validator.business.BusinessValidatorBuilder","br.com.trevisantecnologia.importer.validator.business.rules.general.DescriptionAlreadyUse"]},{"type":"br.com.trevisantecnologia.importer.validator.business.builders.AgentTeamValidatorBuilder","size":18,"dependencies":["br.com.trevisantecnologia.importer.validator.business.BusinessRules","br.com.trevisantecnologia.importer.validator.business.BusinessValidatorBuilder","br.com.trevisantecnologia.importer.validator.business.rules.agentteam.AgentTeamLinkRule"]},{"type":"br.com.trevisantecnologia.importer.dao.ItineraryActivityDao","size":18,"dependencies":["br.com.trevisantecnologia.importer.model.ItineraryActivity"]},{"type":"br.com.trevisantecnologia.importer.dao.SectionSubGroupDao","size":18,"dependencies":["br.com.trevisantecnologia.importer.model.SectionSubGroup"]},{"type":"br.com.trevisantecnologia.importer.helper.ComparatorHelper","size":17,"dependencies":[]},{"type":"br.com.trevisantecnologia.importer.exception.InternacionalizableException","size":17,"dependencies":["br.com.trevisantecnologia.importer.i18n.MessageResolver"]},{"type":"br.com.trevisantecnologia.importer.converter.ShortConverter","size":17,"dependencies":["br.com.trevisantecnologia.importer.exception.ImportException"]},{"type":"br.com.trevisantecnologia.importer.converter.FloatConverter","size":17,"dependencies":["br.com.trevisantecnologia.importer.exception.ImportException"]},{"type":"br.com.trevisantecnologia.importer.converter.DoubleConverter","size":17,"dependencies":["br.com.trevisantecnologia.importer.exception.ImportException"]},{"type":"br.com.trevisantecnologia.importer.converter.LongConverter","size":17,"dependencies":["br.com.trevisantecnologia.importer.exception.ImportException"]},{"type":"br.com.trevisantecnologia.importer.converter.CharacterConverter","size":17,"dependencies":["br.com.trevisantecnologia.importer.exception.ImportException"]},{"type":"br.com.trevisantecnologia.importer.converter.IntegerConverter","size":17,"dependencies":["br.com.trevisantecnologia.importer.exception.ImportException"]},{"type":"br.com.trevisantecnologia.importer.validator.business.BusinessValidator","size":17,"dependencies":[]},{"type":"br.com.trevisantecnologia.importer.validator.business.rules.servicelocalactivity.MaximumExecutionInCicleValue","size":17,"dependencies":["br.com.trevisantecnologia.importer.exception.ImportException","br.com.trevisantecnologia.importer.model.ServiceLocalActivity","br.com.trevisantecnologia.importer.validator.business.BusinessRules"]},{"type":"br.com.trevisantecnologia.importer.service.feature.toggle.FeatureToggleService","size":17,"dependencies":["br.com.trevisantecnologia.importer.dao.feature.toggle.FeatureToggleDao","br.com.trevisantecnologia.importer.model.Schedule","br.com.trevisantecnologia.importer.model.feature.toggle.FeatureToggle"]},{"type":"br.com.trevisantecnologia.importer.service.ImportLayoutService","size":17,"dependencies":["br.com.trevisantecnologia.importer.dao.AbstractDao","br.com.trevisantecnologia.importer.dao.ImportLayoutDao","br.com.trevisantecnologia.importer.model.ImportLayout"]},{"type":"br.com.trevisantecnologia.importer.model.DefaultSystemSettings","size":17,"dependencies":[]},{"type":"br.com.trevisantecnologia.importer.validator.business.rules.agent.ClientLicensesLimit","size":17,"dependencies":["br.com.trevisantecnologia.importer.exception.ImportException","br.com.trevisantecnologia.importer.model.Agent","br.com.trevisantecnologia.importer.service.LicenseService","br.com.trevisantecnologia.importer.validator.business.BusinessRules"]},{"type":"br.com.trevisantecnologia.importer.v3.configuration.queue.QueueConfiguration","size":17,"dependencies":[]},{"type":"br.com.trevisantecnologia.importer.injection.InjectionModule","size":17,"dependencies":["br.com.trevisantecnologia.importer.dao.AbstractDao","br.com.trevisantecnologia.importer.interceptor.TransactionInterceptor"]},{"type":"br.com.trevisantecnologia.importer.validator.AlwaysInvalidValidator","size":16,"dependencies":["br.com.trevisantecnologia.importer.exception.ImportException"]},{"type":"br.com.trevisantecnologia.importer.util.BeanUtil","size":16,"dependencies":[]},{"type":"br.com.trevisantecnologia.importer.persistence.LocalTimeWithoutSecondsMapper","size":16,"dependencies":[]},{"type":"br.com.trevisantecnologia.importer.v3.configuration.mongodb.MongoDbProperties","size":16,"dependencies":[]},{"type":"br.com.trevisantecnologia.importer.service.IdiomService","size":16,"dependencies":["br.com.trevisantecnologia.importer.dao.AbstractDao","br.com.trevisantecnologia.importer.dao.IdiomDao","br.com.trevisantecnologia.importer.model.Idiom"]},{"type":"br.com.trevisantecnologia.importer.service.DefaultActivityService","size":16,"dependencies":["br.com.trevisantecnologia.importer.dao.AbstractDao","br.com.trevisantecnologia.importer.dao.DefaultActivityDao","br.com.trevisantecnologia.importer.model.DefaultActivity"]},{"type":"br.com.trevisantecnologia.importer.validator.business.rules.agent.LoginUpdate","size":16,"dependencies":["br.com.trevisantecnologia.importer.dao.AgentDao","br.com.trevisantecnologia.importer.exception.ImportException","br.com.trevisantecnologia.importer.model.Agent","br.com.trevisantecnologia.importer.validator.business.BusinessRules"]},{"type":"br.com.trevisantecnologia.importer.validator.business.rules.agent.Idiom","size":16,"dependencies":["br.com.trevisantecnologia.importer.model.Agent","br.com.trevisantecnologia.importer.service.IdiomService","br.com.trevisantecnologia.importer.validator.business.BusinessRules"]},{"type":"br.com.trevisantecnologia.importer.dao.SectionItemDao","size":16,"dependencies":["br.com.trevisantecnologia.importer.model.SectionItem"]},{"type":"br.com.trevisantecnologia.importer.model.IAudit","size":15,"dependencies":[]},{"type":"br.com.trevisantecnologia.importer.v3.message.Source","size":15,"dependencies":[]},{"type":"br.com.trevisantecnologia.importer.dao.SubGroupDao","size":15,"dependencies":["br.com.trevisantecnologia.importer.model.SubGroup"]},{"type":"br.com.trevisantecnologia.importer.util.StringUtils","size":15,"dependencies":[]},{"type":"br.com.trevisantecnologia.importer.validator.business.rules.agent.RelationShipModeAndRegisteredBillingData","size":15,"dependencies":["br.com.trevisantecnologia.importer.exception.ImportException","br.com.trevisantecnologia.importer.model.Agent","br.com.trevisantecnologia.importer.service.ClientService","br.com.trevisantecnologia.importer.validator.business.BusinessRules"]},{"type":"br.com.trevisantecnologia.importer.validator.business.rules.agent.LoginAlreadyUse","size":15,"dependencies":["br.com.trevisantecnologia.importer.dao.AgentDao","br.com.trevisantecnologia.importer.exception.ImportException","br.com.trevisantecnologia.importer.model.Agent","br.com.trevisantecnologia.importer.validator.business.BusinessRules"]},{"type":"br.com.trevisantecnologia.importer.validator.business.rules.agent.PasswordFillingType","size":15,"dependencies":["br.com.trevisantecnologia.importer.exception.ImportException","br.com.trevisantecnologia.importer.model.Agent","br.com.trevisantecnologia.importer.validator.business.BusinessRules"]},{"type":"br.com.trevisantecnologia.importer.validator.business.rules.agent.GeoLocation","size":15,"dependencies":["br.com.trevisantecnologia.importer.model.Agent","br.com.trevisantecnologia.importer.validator.TimeZoneLocationValidator","br.com.trevisantecnologia.importer.validator.business.BusinessRules"]},{"type":"br.com.trevisantecnologia.importer.v3.notifier.FileProcessedNotifier","size":15,"dependencies":[]},{"type":"br.com.trevisantecnologia.importer.service.AuditService","size":15,"dependencies":["br.com.trevisantecnologia.importer.model.IAudit"]},{"type":"br.com.trevisantecnologia.importer.util.Constants","size":15,"dependencies":[]},{"type":"br.com.trevisantecnologia.importer.model.Address","size":14,"dependencies":[]},{"type":"br.com.trevisantecnologia.importer.converter.WeekdaysItineraryConverter","size":14,"dependencies":["br.com.trevisantecnologia.importer.model.WeekdaysItinerary"]},{"type":"br.com.trevisantecnologia.importer.converter.WeekdaysServiceLocalActivityConverter","size":14,"dependencies":["br.com.trevisantecnologia.importer.model.WeekdaysServiceLocalActivity"]},{"type":"br.com.trevisantecnologia.importer.reflection.TypeResolver","size":13,"dependencies":[]},{"type":"br.com.trevisantecnologia.importer.dao.SystemParametersDao","size":13,"dependencies":["br.com.trevisantecnologia.importer.model.SystemParameters"]},{"type":"br.com.trevisantecnologia.importer.dao.GroupDao","size":13,"dependencies":["br.com.trevisantecnologia.importer.model.Group"]},{"type":"br.com.trevisantecnologia.importer.validator.business.rules.agent.LoginIsSuporteumovOrSuportetecnico","size":13,"dependencies":["br.com.trevisantecnologia.importer.exception.ImportException","br.com.trevisantecnologia.importer.model.Agent","br.com.trevisantecnologia.importer.validator.business.BusinessRules"]},{"type":"br.com.trevisantecnologia.importer.v3.configuration.serialization.GsonWrapper","size":13,"dependencies":[]},{"type":"br.com.trevisantecnologia.importer.v3.configuration.mongodb.JodaLocalTimeConverter","size":13,"dependencies":[]},{"type":"br.com.trevisantecnologia.importer.service.LevelAService","size":13,"dependencies":["br.com.trevisantecnologia.importer.dao.AbstractDao","br.com.trevisantecnologia.importer.dao.LevelADao","br.com.trevisantecnologia.importer.model.LevelA"]},{"type":"br.com.trevisantecnologia.importer.service.SectionService","size":13,"dependencies":["br.com.trevisantecnologia.importer.dao.AbstractDao","br.com.trevisantecnologia.importer.dao.SectionDao","br.com.trevisantecnologia.importer.model.Section"]},{"type":"br.com.trevisantecnologia.importer.service.AccesRoleService","size":13,"dependencies":["br.com.trevisantecnologia.importer.dao.AbstractDao","br.com.trevisantecnologia.importer.dao.AccessRoleDao","br.com.trevisantecnologia.importer.model.AccessRole"]},{"type":"br.com.trevisantecnologia.importer.service.LevelXService","size":13,"dependencies":["br.com.trevisantecnologia.importer.dao.AbstractDao","br.com.trevisantecnologia.importer.dao.LevelXDao","br.com.trevisantecnologia.importer.model.LevelX"]},{"type":"br.com.trevisantecnologia.importer.service.Level6Service","size":13,"dependencies":["br.com.trevisantecnologia.importer.dao.AbstractDao","br.com.trevisantecnologia.importer.dao.Level6Dao","br.com.trevisantecnologia.importer.model.Level6"]},{"type":"br.com.trevisantecnologia.importer.service.ActivityService","size":13,"dependencies":["br.com.trevisantecnologia.importer.dao.AbstractDao","br.com.trevisantecnologia.importer.dao.ActivityDao","br.com.trevisantecnologia.importer.model.Activity"]},{"type":"br.com.trevisantecnologia.importer.util.Regex","size":13,"dependencies":[]},{"type":"br.com.trevisantecnologia.importer.service.ImportService","size":12,"dependencies":["br.com.trevisantecnologia.importer.model.ImportModel"]},{"type":"br.com.trevisantecnologia.importer.validator.business.BusinessValidatorBuilder","size":12,"dependencies":[]},{"type":"br.com.trevisantecnologia.importer.dao.Local3DimensionDao","size":12,"dependencies":["br.com.trevisantecnologia.importer.model.Local3Dimension"]},{"type":"br.com.trevisantecnologia.importer.dao.ServiceLocalClassificationDao","size":12,"dependencies":["br.com.trevisantecnologia.importer.model.ServiceLocalClassification"]},{"type":"br.com.trevisantecnologia.importer.dao.ServiceLocalTypeDao","size":12,"dependencies":["br.com.trevisantecnologia.importer.model.ServiceLocalType"]},{"type":"br.com.trevisantecnologia.importer.http.HttpClient","size":11,"dependencies":[]},{"type":"br.com.trevisantecnologia.importer.converter.StringConverter","size":11,"dependencies":[]},{"type":"br.com.trevisantecnologia.importer.types.StringListWrapper","size":11,"dependencies":[]},{"type":"br.com.trevisantecnologia.importer.dao.LimitDao","size":11,"dependencies":["br.com.trevisantecnologia.importer.model.Limit"]},{"type":"br.com.trevisantecnologia.importer.v3.configuration.serialization.GsonConfig","size":11,"dependencies":[]},{"type":"br.com.trevisantecnologia.importer.injection.InjectorCreator","size":11,"dependencies":[]},{"type":"br.com.trevisantecnologia.importer.dao.MediaDao","size":11,"dependencies":["br.com.trevisantecnologia.importer.model.Media"]},{"type":"br.com.trevisantecnologia.importer.model.Weekdays","size":10,"dependencies":[]},{"type":"br.com.trevisantecnologia.importer.model.ImportModel","size":10,"dependencies":[]},{"type":"br.com.trevisantecnologia.importer.validator.AlwaysValidValidator","size":10,"dependencies":[]},{"type":"br.com.trevisantecnologia.importer.validator.CustomFielListTypeValueValidator","size":10,"dependencies":[]},{"type":"br.com.trevisantecnologia.importer.cache.UniqueEntityCache","size":10,"dependencies":[]},{"type":"br.com.trevisantecnologia.importer.exception.ImportBaseException","size":10,"dependencies":[]},{"type":"br.com.trevisantecnologia.importer.exception.ImportException","size":10,"dependencies":[]},{"type":"br.com.trevisantecnologia.importer.persistence.dialect.CustomPostgreSQLDialect","size":10,"dependencies":[]},{"type":"br.com.trevisantecnologia.importer.validator.UrlValidator","size":10,"dependencies":[]},{"type":"br.com.trevisantecnologia.importer.dao.schedule.notification.ScheduleNotificationDao","size":10,"dependencies":["br.com.trevisantecnologia.importer.dao.AbstractDao","br.com.trevisantecnologia.importer.model.Model","br.com.trevisantecnologia.importer.model.schedule.notification.ScheduleNotification"]},{"type":"br.com.trevisantecnologia.importer.dao.FieldSettingDao","size":10,"dependencies":["br.com.trevisantecnologia.importer.model.FieldSetting"]},{"type":"br.com.trevisantecnologia.importer.model.Timezone","size":9,"dependencies":[]},{"type":"br.com.trevisantecnologia.importer.v3.entity.Entity","size":9,"dependencies":[]},{"type":"br.com.trevisantecnologia.importer.persistence.BooleanCharacterType","size":9,"dependencies":[]},{"type":"br.com.trevisantecnologia.importer.service.ItineraryTeamService","size":9,"dependencies":["br.com.trevisantecnologia.importer.dao.AbstractDao","br.com.trevisantecnologia.importer.model.ItineraryTeam"]},{"type":"br.com.trevisantecnologia.importer.dao.ClientDao","size":9,"dependencies":["br.com.trevisantecnologia.importer.model.Client"]},{"type":"br.com.trevisantecnologia.importer.dao.DefaultSystemSettingsDao","size":9,"dependencies":["br.com.trevisantecnologia.importer.model.DefaultSystemSettings"]},{"type":"br.com.trevisantecnologia.importer.dao.ItineraryScheduleDao","size":9,"dependencies":["br.com.trevisantecnologia.importer.model.ItinerarySchedule","br.com.trevisantecnologia.importer.model.ItineraryServiceLocal"]},{"type":"br.com.trevisantecnologia.importer.core.SpringBootStarter","size":8,"dependencies":["br.com.trevisantecnologia.importer.Importer"]},{"type":"br.com.trevisantecnologia.importer.dao.Level6Dao","size":8,"dependencies":["br.com.trevisantecnologia.importer.model.Level6"]},{"type":"br.com.trevisantecnologia.importer.dao.IdiomDao","size":8,"dependencies":["br.com.trevisantecnologia.importer.model.Idiom"]},{"type":"br.com.trevisantecnologia.importer.dao.LevelXDao","size":8,"dependencies":["br.com.trevisantecnologia.importer.model.LevelX"]},{"type":"br.com.trevisantecnologia.importer.dao.ItemCategoryDao","size":8,"dependencies":["br.com.trevisantecnologia.importer.model.ItemCategory"]},{"type":"br.com.trevisantecnologia.importer.dao.AgentTypeDao","size":8,"dependencies":["br.com.trevisantecnologia.importer.model.AgentType"]},{"type":"br.com.trevisantecnologia.importer.dao.TeamTypeDAO","size":8,"dependencies":["br.com.trevisantecnologia.importer.model.TeamType"]},{"type":"br.com.trevisantecnologia.importer.dao.LevelADao","size":8,"dependencies":["br.com.trevisantecnologia.importer.model.LevelA"]},{"type":"br.com.trevisantecnologia.importer.util.ModelUtils","size":7,"dependencies":["br.com.trevisantecnologia.importer.model.Model"]},{"type":"br.com.trevisantecnologia.importer.v3.message.MessageRepository","size":7,"dependencies":[]},{"type":"br.com.trevisantecnologia.importer.parser.EscapeCharacter","size":7,"dependencies":[]},{"type":"br.com.trevisantecnologia.importer.dao.DefaultActivityDao","size":7,"dependencies":["br.com.trevisantecnologia.importer.model.DefaultActivity"]},{"type":"br.com.trevisantecnologia.importer.exception.ImportFatalException","size":7,"dependencies":[]},{"type":"br.com.trevisantecnologia.importer.exception.LayoutFileNotFoundException","size":7,"dependencies":[]},{"type":"br.com.trevisantecnologia.importer.exception.NumberOfErrorsExceededException","size":7,"dependencies":[]},{"type":"br.com.trevisantecnologia.importer.exception.UnableToApplyMobileEntriesException","size":7,"dependencies":[]},{"type":"br.com.trevisantecnologia.importer.model.ImageImportModel","size":6,"dependencies":[]},{"type":"br.com.trevisantecnologia.importer.model.CustomFieldedImportModel","size":6,"dependencies":[]},{"type":"br.com.trevisantecnologia.importer.model.Model","size":6,"dependencies":[]},{"type":"br.com.trevisantecnologia.importer.util.SpringBeanProvider","size":6,"dependencies":[]},{"type":"br.com.trevisantecnologia.importer.persistence.LocalTimeStringType","size":6,"dependencies":[]},{"type":"br.com.trevisantecnologia.importer.context.journey.WorkdayImportContext","size":6,"dependencies":["br.com.trevisantecnologia.importer.context.AbstractContext"]},{"type":"br.com.trevisantecnologia.importer.converter.Converter","size":5,"dependencies":[]},{"type":"br.com.trevisantecnologia.importer.validator.Validator","size":5,"dependencies":[]},{"type":"br.com.trevisantecnologia.importer.model.ImportActive","size":5,"dependencies":[]},{"type":"br.com.trevisantecnologia.importer.model.IDescription","size":5,"dependencies":[]},{"type":"br.com.trevisantecnologia.importer.dao.function.FunctionCall","size":5,"dependencies":[]},{"type":"br.com.trevisantecnologia.importer.context.ScheduleTypeActivityImportContext","size":5,"dependencies":[]},{"type":"br.com.trevisantecnologia.importer.context.ScheduleItemImportContext","size":5,"dependencies":[]},{"type":"br.com.trevisantecnologia.importer.context.ItineraryAgentImportContext","size":5,"dependencies":[]},{"type":"br.com.trevisantecnologia.importer.context.ServiceLocalItemImportContext","size":5,"dependencies":[]},{"type":"br.com.trevisantecnologia.importer.context.ServiceLocalActivityImportContext","size":5,"dependencies":[]},{"type":"br.com.trevisantecnologia.importer.context.ServiceLocalTeamImportContext","size":5,"dependencies":[]},{"type":"br.com.trevisantecnologia.importer.context.AditionalInfoItemContext","size":5,"dependencies":[]},{"type":"br.com.trevisantecnologia.importer.context.AgentActivityImportContext","size":5,"dependencies":[]},{"type":"br.com.trevisantecnologia.importer.context.ItineraryServiceLocalImportContext","size":5,"dependencies":[]},{"type":"br.com.trevisantecnologia.importer.dao.journey.WeeklyWorkdayDao","size":5,"dependencies":["br.com.trevisantecnologia.importer.dao.AbstractDao","br.com.trevisantecnologia.importer.model.journey.WeeklyWorkday"]},{"type":"br.com.trevisantecnologia.importer.dao.ScheduleTypeDao","size":5,"dependencies":["br.com.trevisantecnologia.importer.model.ScheduleType"]},{"type":"br.com.trevisantecnologia.importer.validator.business.BusinessRules","size":4,"dependencies":[]},{"type":"br.com.trevisantecnologia.importer.model.GeocoderAdress","size":4,"dependencies":[]},{"type":"br.com.trevisantecnologia.importer.dao.VerifyAttributeAlreadyUse","size":4,"dependencies":[]},{"type":"br.com.trevisantecnologia.importer.dao.AccessRoleDao","size":4,"dependencies":["br.com.trevisantecnologia.importer.model.AccessRole"]},{"type":"br.com.trevisantecnologia.importer.dao.SectionDao","size":4,"dependencies":["br.com.trevisantecnologia.importer.model.Section"]},{"type":"br.com.trevisantecnologia.importer.dao.ScheduleSituationDao","size":4,"dependencies":["br.com.trevisantecnologia.importer.model.ScheduleSituation"]},{"type":"br.com.trevisantecnologia.importer.dao.ActivityDao","size":4,"dependencies":["br.com.trevisantecnologia.importer.model.Activity"]}]