"type","dep","i-dep","fan-in","fan-out"
"me.umov.refill.model.Graphic",11,3,87,8
"me.umov.refill.fixture.GraphicFixture",13,3,25,5
"me.umov.refill.model.column.CustomColumnsTest",14,2,0,2
"me.umov.refill.model.map.Marker",14,2,26,9
"me.umov.refill.template.TemplateServiceTest",20,5,0,7
"me.umov.refill.model.GraphicCache",10,1,49,4
"me.umov.refill.builder.widget.AbstractChartDataBuilderTest",38,10,0,11
"me.umov.refill.template.SoyDataBuilderTest",20,2,0,4
"me.umov.refill.service.GraphicCacheServiceTest",26,8,0,8
"me.umov.refill.serialization.SerializerTest",26,11,0,13
"me.umov.refill.builder.widget.customtable.EntitiesCustomColumnTest",19,10,0,10
"me.umov.refill.builder.widget.AbstractChartDataBuilder",27,7,23,11
"me.umov.refill.model.column.CustomColumns",4,0,20,2
"me.umov.refill.dao.AbstractDaoTest",16,1,0,3
"me.umov.refill.service.GraphicDataServiceTest",29,12,0,12
"me.umov.refill.model.TableColumnData",5,0,41,1
"me.umov.refill.builder.widget.CustomTableDataBuilderTest",22,8,0,10
"me.umov.refill.model.GraphicFilter",8,0,4,3
"me.umov.refill.dao.AbstractDao",21,2,7,9
"me.umov.refill.dao.AbstractDaoMock",25,1,6,4
"me.umov.refill.builder.widget.customtable.ActivityCustomColumnTest",19,10,0,11
"me.umov.refill.builder.map.AbstractMapDataBuilderTest",27,14,0,14
"me.umov.refill.service.GraphicCacheService",15,7,6,10
"me.umov.refill.builder.chart.ChartDataBuilderTest",30,6,0,7
"me.umov.refill.core.GraphicUpdateWorkerTest",20,9,0,11
"me.umov.refill.builder.widget.CustomHistoryCardDataBuilderTest",17,7,0,7
"me.umov.refill.model.GraphicCacheTest",4,1,0,1
"me.umov.refill.dao.GraphicCacheDao",23,2,2,6
"me.umov.refill.builder.map.DeliveryTrackingMapDataBuilder",20,4,1,6
"me.umov.refill.fixture.GraphicCacheFixture",7,2,14,3
"me.umov.refill.builder.map.TrackingMapDataBuilderTest",19,7,0,7
"me.umov.refill.builder.widget.CustomTableDataBuilder",19,7,5,10
"me.umov.refill.dao.GraphicCacheDaoTest",14,2,0,4
"me.umov.refill.model.GraphicGroup",8,0,22,1
"me.umov.refill.core.GraphicUpdateQueueTest",17,0,0,4
"me.umov.refill.model.GraphicMetric",7,0,24,2
"me.umov.refill.core.Config",4,0,4,6
"me.umov.refill.injection.TransactionManagerTest",11,0,0,0
"me.umov.refill.model.CardData",1,0,2,1
"me.umov.refill.model.column.Field",3,0,32,1
"me.umov.refill.builder.DataBuilderFactoryTest",27,8,0,8
"me.umov.refill.core.GraphicUpdateManagerTest",21,2,0,2
"me.umov.refill.model.OnlineFilter",5,0,20,1
"me.umov.refill.serialization.GraphicDataRowSerializerTest",13,2,0,7
"me.umov.refill.persistence.PersistenceHelperTest",13,1,0,3
"me.umov.refill.template.SoyDataBuilder",12,0,0,6
"me.umov.refill.reflection.ReflectionUtilsTest",18,1,0,1
"me.umov.refill.builder.map.AbstractMapDataBuilder",14,3,2,6
"me.umov.refill.model.activity.ActivityField",3,1,6,4
"me.umov.refill.builder.widget.AbstractCardDataBuilderTest",20,6,0,6
"me.umov.refill.model.map.MarkerInfo",6,0,13,4
"me.umov.refill.fixture.MarkerFixture",7,2,9,3
"me.umov.refill.fixture.ActivityFieldFixture",4,1,3,1
"me.umov.refill.builder.widget.AbstractTableDataBuilderTest",22,7,0,7
"me.umov.refill.fixture.GraphicFilterFixture",3,1,2,2
"me.umov.refill.core.ConfigTest",7,0,0,1
"me.umov.refill.builder.widget.CustomHistoryCardDataBuilder",15,3,0,6
"me.umov.refill.fixture.GraphicGroupFixture",4,1,3,2
"me.umov.refill.service.GraphicDataService",18,8,8,9
"me.umov.refill.model.map.Route",4,2,25,4
"me.umov.refill.builder.widget.customtable.ItemCustomColumnTest",19,10,0,10
"me.umov.refill.model.customfield.CustomField",1,1,7,4
"me.umov.refill.builder.map.AbstractMapRouteDataBuilderTest",18,7,0,7
"me.umov.refill.persistence.ArrayAsListType",10,0,2,3
"me.umov.refill.builder.widget.AgentDailyResumeTableDataBuilderTest",26,8,0,8
"me.umov.refill.model.ChartData",1,0,18,0
"me.umov.refill.persistence.IntervalAsStringType",9,0,0,3
"me.umov.refill.persistence.JsonAsStringType",9,0,0,3
"me.umov.refill.builder.widget.AllTasksDataBuilder",27,2,1,3
"me.umov.refill.fixture.CustomFieldFixture",3,1,5,1
"me.umov.refill.model.map.MarkerTest",8,1,0,1
"me.umov.refill.service.AttemptServiceTest",13,3,0,3
"me.umov.refill.model.AgentDataRow",4,0,0,0
"me.umov.refill.persistence.LongArrayType",9,0,1,3
"me.umov.refill.core.ProcessTest",8,1,0,1
"me.umov.refill.fixture.GraphicMetricFixture",3,1,4,2
"me.umov.refill.builder.map.AgentTrackingMapDataBuilderTest",14,5,0,5
"me.umov.refill.dao.GraphicDataDaoTest",18,9,0,10
"me.umov.refill.geo.CabralGeoProcessorTest",17,2,0,3
"me.umov.refill.util.Miscellaneous",2,0,1,5
"me.umov.refill.types.GraphicEntityTest",12,0,0,1
"me.umov.refill.interceptor.TransactionInterceptorTest",14,2,0,4
"me.umov.refill.builder.widget.NextTasksForExecutionDataBuilder",24,2,0,3
"me.umov.refill.RefillTest",13,4,0,5
"me.umov.refill.builder.widget.customtable.EntitiesCustomColumn",10,5,0,7
"me.umov.refill.persistence.PersistenceHelper",15,1,0,5
"me.umov.refill.builder.widget.ActivityExecutionsPerTypeDataBuilder",24,5,0,6
"me.umov.refill.builder.widget.ImageCollectedPerActivityDataBuilder",24,5,0,6
"me.umov.refill.builder.widget.PeopleWithAndWithoutExecutionsDataBuilder",24,5,0,6
"me.umov.refill.builder.widget.CustomEntitiesTableDataBuilderTest",20,8,0,8
"me.umov.refill.model.builder.TableDataBuilderTest",15,5,0,7
"me.umov.refill.builder.widget.AbstractCardDataBuilder",10,4,19,6
"me.umov.refill.model.TestModel",3,0,8,1
"me.umov.refill.persistence.GraphicDataRowResultTransformerTest",7,1,0,3
"me.umov.refill.geo.DirectionsServiceTest",19,1,0,1
"me.umov.refill.model.column.Entity",4,0,8,1
"me.umov.refill.model.GraphicIcon",6,0,3,1
"me.umov.refill.Refill",7,3,1,7
"me.umov.refill.fixture.GraphicDataRowFixture",7,1,7,2
"me.umov.refill.model.TableData",4,0,2,0
"me.umov.refill.core.GraphicUpdateQueue",8,0,0,3
"me.umov.refill.builder.widget.TotalDisplacementDataBuilder",16,1,0,2
"me.umov.refill.validator.GeoCoordinateValidatorTest",3,0,0,0
"me.umov.refill.builder.widget.TeamAgentLogDataBuilder",8,2,0,3
"me.umov.refill.builder.widget.AgentTasksBySituation",11,5,0,6
"me.umov.refill.model.TableColumnDataTest",3,0,0,0
"me.umov.refill.service.CustomFieldServiceTest",18,5,0,5
"me.umov.refill.model.Metric",3,0,0,2
"me.umov.refill.core.Process",2,0,0,4
"me.umov.refill.builder.widget.AverageExecutionTimeDataBuilder",19,1,0,2
"me.umov.refill.builder.widget.AgentsMobileVersionDataBuilder",18,5,0,6
"me.umov.refill.builder.widget.AgentTasksPercentageBySituation",11,5,0,6
"me.umov.refill.builder.widget.OnlineOfflineAgentsDataBuilder",18,5,0,6
"me.umov.refill.builder.map.TrackingMapDataBuilder",11,3,2,5
"me.umov.refill.service.ActivityFieldServiceTest",16,5,0,5
"me.umov.refill.template.TemplateService",8,4,9,4
"me.umov.refill.builder.widget.LastExecutedTasksDataBuilder",13,2,0,3
"me.umov.refill.builder.widget.CustomEntitiesTableDataBuilder",10,2,0,3
"me.umov.refill.builder.widget.AgentsWithoutExecutionsDataBuilder",21,2,0,3
"me.umov.refill.builder.widget.AgentsWithExecutionsDataBuilder",19,2,0,3
"me.umov.refill.builder.widget.LocalsWithExecutionsDataBuilder",19,2,0,3
"me.umov.refill.builder.widget.AgentExecutedActivitiesDataBuilder",11,5,0,6
"me.umov.refill.builder.widget.TaskExecutedInWeekDataBuilder",12,5,0,6
"me.umov.refill.builder.widget.TaskExecutionsPerTeamDataBuilder",12,5,0,6
"me.umov.refill.builder.widget.AgentExecutedTasksDataBuilder",11,5,0,6
"me.umov.refill.builder.widget.TopFiveVisitedLocalsDataBuilder",12,5,0,6
"me.umov.refill.builder.widget.TasksPerSituationDataBuilder",12,5,0,6
"me.umov.refill.builder.widget.ActivityExecutionsPerTimeDataBuilder",12,5,0,6
"me.umov.refill.builder.widget.TaskExecutionsPerTimeDataBuilder",12,5,0,6
"me.umov.refill.builder.widget.ActivityExecutionsDataBuilder",12,5,0,6
"me.umov.refill.service.AbstractServiceTest",13,2,0,2
"me.umov.refill.core.ShutdownSigner",3,0,2,6
"me.umov.refill.builder.widget.AgentDailyHoursDataBuilder",8,2,0,3
"me.umov.refill.builder.widget.LocalsWithCheckoutExecutedDataBuilder",18,1,0,2
"me.umov.refill.builder.widget.AgentDailyResumeTableDataBuilder",16,2,0,3
"me.umov.refill.builder.widget.LocalsWithAndWithoutExecutionsDataBuilder",12,5,0,6
"me.umov.refill.builder.widget.PeopleWithExecutedActivitiesDataBuilder",18,1,0,2
"me.umov.refill.service.GraphicServiceTest",12,5,0,5
"me.umov.refill.model.column.EntityTest",7,2,0,2
"me.umov.refill.core.GraphicUpdateWorker",6,2,0,5
"me.umov.refill.builder.widget.customtable.ActivityCustomColumn",9,5,0,7
"me.umov.refill.model.map.MarkerInfoTest",6,0,0,1
"me.umov.refill.builder.map.AbstractMapRouteDataBuilder",6,4,3,8
"me.umov.refill.core.GraphicUpdateManager",6,1,2,5
"me.umov.refill.persistence.RouteResultTransformerTest",8,2,0,3
"me.umov.refill.persistence.ArrayAsListTypeTest",12,0,0,0
"me.umov.refill.builder.widget.CustomEntitiesRowActionFactoryTest",13,8,0,8
"me.umov.refill.builder.widget.TasksWithoutCheckOutDataBuilder",11,2,0,3
"me.umov.refill.builder.widget.AgentsManagementDataBuilder",10,2,1,3
"me.umov.refill.builder.widget.TeamsManagementDataBuilder",10,2,1,3
"me.umov.refill.core.ShutdownSignerTest",8,0,0,0
"me.umov.refill.geo.CabralGeoProcessor",8,2,1,4
"me.umov.refill.injection.TransactionManager",3,0,3,1
"me.umov.refill.model.builder.TableDataBuilder",6,3,2,3
"me.umov.refill.builder.widget.MapTaskExecutionDataBuilderTest",9,0,0,0
"me.umov.refill.builder.map.AgentTrackingMapDataBuilder",7,2,2,6
"me.umov.refill.builder.widget.customtable.TableColumnDataBuilderTest",13,4,0,4
"me.umov.refill.serialization.GraphicDataRowSerializer",9,1,1,5
"me.umov.refill.core.GraphicRemovalManagerTest",8,1,0,3
"me.umov.refill.builder.chart.ChartDataBuilder",11,5,1,7
"me.umov.refill.fixture.RouteFixture",3,2,7,3
"me.umov.refill.model.ScheduleDBViewEnvironment",4,0,2,1
"me.umov.refill.builder.widget.AverageExecutedTasksPerAgentDataBuilder",17,0,0,1
"me.umov.refill.builder.widget.VisitedLocalsDataBuilder",17,0,0,1
"me.umov.refill.service.RouteDataServiceTest",15,4,0,4
"me.umov.refill.geo.DirectionsService",13,1,0,3
"me.umov.refill.builder.widget.AgentPerformanceDataBuilder",7,2,0,3
"me.umov.refill.injection.SessionFactoryManagerTest",7,0,0,0
"me.umov.refill.serialization.Serializer",9,3,12,4
"me.umov.refill.persistence.RouteResultTransformer",4,2,2,3
"me.umov.refill.model.OnlineFilterOption",1,0,6,0
"me.umov.refill.fixture.FieldFixture",3,1,7,1
"me.umov.refill.builder.widget.TaskExecutionGaugeDataBuilder",7,1,0,2
"me.umov.refill.builder.widget.AgentTasksBySituationTable",7,1,0,2
"me.umov.refill.dao.ScheduleDBViewEnvironmentDaoTest",10,1,0,2
"me.umov.refill.fixture.CustomColumnsFixture",2,2,6,2
"me.umov.refill.types.RouteTransportModeTest",2,0,0,0
"me.umov.refill.builder.widget.AbstractTableDataBuilder",11,5,22,7
"me.umov.refill.builder.widget.DailyExecutedActivitiesDataBuilder",7,2,0,3
"me.umov.refill.builder.widget.CustomHistoryTableDataBuilderTest",13,2,0,2
"me.umov.refill.dao.GraphicDataDao",10,7,2,8
"me.umov.refill.validator.MarkerValidatorTest",5,2,0,2
"me.umov.refill.builder.widget.AgentsWithLessBatteryDataBuilder",12,1,0,2
"me.umov.refill.builder.widget.PeopleWithExecutedTasksDataBuilder",6,1,0,2
"me.umov.refill.builder.widget.LocalsWithTasksDataBuilder",6,1,0,2
"me.umov.refill.builder.widget.PeopleWithTasksDataBuilder",6,1,0,2
"me.umov.refill.builder.widget.LocalsWithoutExecuionsDataBuilder",7,2,0,3
"me.umov.refill.util.ListUtilsTest",7,0,0,0
"me.umov.refill.injection.InjectionModuleTest",10,0,0,0
"me.umov.refill.model.customfield.CustomFieldTest",6,1,0,1
"me.umov.refill.builder.widget.AgentTaskAgendaDataBuilder",12,1,0,2
"me.umov.refill.dao.GraphicDaoTest",11,3,0,5
"me.umov.refill.builder.widget.TotalDistancePerDayDataBuilder",8,1,0,2
"me.umov.refill.builder.widget.TasksReturnedDataBuilder",9,2,0,3
"me.umov.refill.builder.widget.AgentExecutedActivitiesPercentualTableDataBuilder",6,1,0,2
"me.umov.refill.builder.widget.AgentAndLocalWithPercentualTasksTableDataBuilder",6,1,0,2
"me.umov.refill.persistence.MarkerResultTransformer",5,1,3,2
"me.umov.refill.validator.GeoCoordinateValidator",1,0,1,4
"me.umov.refill.core.GraphicRemovalManager",6,1,2,5
"me.umov.refill.types.handler.DateEndOfDayTypeHandler",5,1,0,3
"me.umov.refill.persistence.RouteTransportModeTransformer",5,0,2,1
"me.umov.refill.builder.widget.ActivityNotExecutedDataBuilder",6,1,0,2
"me.umov.refill.validator.RouteValidatorTest",7,4,0,4
"me.umov.refill.persistence.GraphicDataRowResultTransformer",2,1,2,3
"me.umov.refill.types.handler.DateTypeHandler",5,1,0,3
"me.umov.refill.types.handler.DateAsDatetimeRangeTypeHandler",6,1,0,2
"me.umov.refill.builder.widget.MapRouteExpectedXExecutedDataBuilder",13,0,0,1
"me.umov.refill.fixture.TestModelFixture",3,1,2,2
"me.umov.refill.model.GraphicDataRow",3,0,18,2
"me.umov.refill.builder.widget.AgentWithPercentualTasksTableDataBuilder",6,1,0,2
"me.umov.refill.builder.widget.CustomHistoryTableDataBuilder",7,1,0,2
"me.umov.refill.template.TemplateEngineTest",6,0,0,0
"me.umov.refill.types.handler.CharArrayTypeHandler",4,1,1,2
"me.umov.refill.types.handler.TimeRangeTypeHandler",5,1,0,3
"me.umov.refill.builder.widget.AbstractGaugeDataBuilderTest",7,2,0,2
"me.umov.refill.service.ScheduleDBViewEnvironmentServiceTest",9,1,0,1
"me.umov.refill.types.handler.LongTypeHandler",1,1,0,3
"me.umov.refill.fixture.EntityFixture",3,2,7,2
"me.umov.refill.template.TemplateEngine",6,0,4,3
"me.umov.refill.builder.widget.TotalActivityExecutionsDataBuilder",5,0,0,1
"me.umov.refill.builder.widget.TasksCancelledDataBuilder",5,0,0,1
"me.umov.refill.builder.widget.TasksInFieldDataBuilder",5,0,0,1
"me.umov.refill.builder.widget.TasksPendingDataBuilder",5,0,0,1
"me.umov.refill.builder.widget.TasksInPreparationDataBuilder",5,0,0,1
"me.umov.refill.builder.widget.ImageCollectedDataBuilder",5,0,0,1
"me.umov.refill.builder.widget.ActivityExecutionGaugeDataBuilder",5,0,0,1
"me.umov.refill.model.Media",3,0,2,1
"me.umov.refill.types.handler.CharArrayTypeHandlerTest",5,2,0,2
"me.umov.refill.interceptor.TransactionInterceptor",5,1,1,2
"me.umov.refill.injection.InjectionModule",10,3,2,4
"me.umov.refill.types.handler.StringTypeHandler",1,1,0,2
"me.umov.refill.builder.widget.TimelineExecutionDataBuilder",13,0,0,1
"me.umov.refill.fixture.OnlineFilterFixture",2,1,7,2
"me.umov.refill.fixture.GraphicIconFixture",2,2,2,3
"me.umov.refill.service.AttemptService",3,2,0,3
"me.umov.refill.model.activity.ActivityFieldSoyDTO",2,0,3,1
"me.umov.refill.injection.SessionFactoryProvider",6,0,4,0
"me.umov.refill.util.DateTimeUtilsTest",3,0,0,0
"me.umov.refill.persistence.MarkerResultTransformerTest",5,1,0,1
"me.umov.refill.dao.RouteDataDaoTest",10,2,0,3
"me.umov.refill.service.ActivityFieldService",8,4,2,5
"me.umov.refill.persistence.OrderBySqlFormula",4,0,2,1
"me.umov.refill.types.handler.AnyArrayTypeHandler",3,1,1,2
"me.umov.refill.types.TableColumnTypeTest",2,0,0,0
"me.umov.refill.builder.widget.TeamsManagementDataBuilderTest",7,2,0,2
"me.umov.refill.builder.widget.AgentsManagementDataBuilderTest",7,2,0,2
"me.umov.refill.service.GraphicService",5,4,1,6
"me.umov.refill.injection.SessionFactoryManager",3,0,0,0
"me.umov.refill.builder.widget.MapTaskExecutionDataBuilder",11,0,1,1
"me.umov.refill.service.CustomFieldService",7,4,3,5
"me.umov.refill.types.handler.LongArrayTypeHandler",3,1,0,2
"me.umov.refill.builder.widget.customtable.TableColumnDataBuilder",6,2,3,2
"me.umov.refill.injection.InjectorCreatorTest",6,0,0,0
"me.umov.refill.types.handler.AnyArrayTypeHandlerTest",5,2,0,2
"me.umov.refill.builder.widget.AllTasksDataBuilderTest",7,2,0,2
"me.umov.refill.dao.TypeResolverTest",5,1,0,1
"me.umov.refill.util.FormatUtils",2,0,0,1
"me.umov.refill.util.DateTimeUtils",4,0,0,1
"me.umov.refill.builder.DataBuilderFactory",4,2,2,2
"me.umov.refill.serialization.NotEmptyListAdapter",6,0,1,2
"me.umov.refill.fixture.CardDataFixture",1,1,1,1
"me.umov.refill.fixture.TableColumnDataFixture",1,1,3,1
"me.umov.refill.service.RouteDataService",6,3,2,3
"me.umov.refill.builder.widget.HorizontalTimelineExecutionDataBuilder",5,0,0,1
"me.umov.refill.util.ListUtils",1,0,0,3
"me.umov.refill.service.AbstractService",3,2,3,3
"me.umov.refill.fixture.MediaFixture",2,1,1,1
"me.umov.refill.reflection.ReflectionUtils",2,0,0,3
"me.umov.refill.model.customfield.CustomFieldSoyDTO",1,0,3,0
"me.umov.refill.injection.SessionFactoryProviderTest",4,0,0,0
"me.umov.refill.validator.MarkerValidator",1,1,2,3
"me.umov.refill.builder.widget.AbstractGaugeDataBuilder",4,1,1,2
"me.umov.refill.dao.GraphicDao",2,1,2,2
"me.umov.refill.types.WidgetFontSizeTest",5,0,0,0
"me.umov.refill.util.MediaIconHelper",2,1,0,1
"me.umov.refill.dao.AbstractOperationDao",4,1,3,2
"me.umov.refill.dao.AbstractChartDao",4,1,4,2
"me.umov.refill.dao.TypeResolver",2,0,1,0
"me.umov.refill.persistence.CustomPostgreSQLDialectTest",4,0,0,0
"me.umov.refill.service.TestService",4,3,0,4
"me.umov.refill.persistence.CustomPostgreSQLDialect",4,0,1,1
"me.umov.refill.util.TestUtils",1,0,0,1
"me.umov.refill.validator.RouteValidator",1,1,2,2
"me.umov.refill.model.column.FieldTypesTest",4,0,0,0
"me.umov.refill.dao.TestDao",3,1,2,2
"me.umov.refill.builder.widget.CustomEntitiesRowActionFactory",3,1,0,1
"me.umov.refill.dao.ActivityFieldDao",5,1,2,2
"me.umov.refill.fixture.OnlineFilterOptionFixture",1,1,4,1
"me.umov.refill.injection.InjectorCreator",2,0,1,0
"me.umov.refill.injection.DirectionsProvider",4,1,0,2
"me.umov.refill.service.ScheduleDBViewEnvironmentService",2,1,1,1
"me.umov.refill.dao.RouteDataDao",4,2,2,3
"me.umov.refill.geo.GeoProcessor",4,2,4,2
"me.umov.refill.persistence.BooleanCharacterType",1,0,0,1
"me.umov.refill.dao.CustomFieldDao",3,1,2,2
"me.umov.refill.dao.ScheduleDBViewEnvironmentDao",3,1,2,2
"me.umov.refill.types.handler.FilterTypeHandler",1,1,9,1
"me.umov.refill.builder.widget.customtable.ColumnDataBuilder",3,2,2,2
"me.umov.refill.core.AbstractWorkerTestMock",2,1,1,1
"me.umov.refill.model.Model",1,0,19,0
"me.umov.refill.builder.GraphicDataBuilder",2,2,6,2
"me.umov.refill.validator.Validator",0,0,3,0
"me.umov.refill.util.TestException",0,0,4,1
