{"nodes":[{"name":"me.umov.refill.builder.widget","label":"me.umov.refill.builder.widget","id":"me.umov.refill.builder.widget","size":85},{"name":"me.umov.refill.types","label":"me.umov.refill.types","id":"me.umov.refill.types","size":24},{"name":"me.umov.refill.model","label":"me.umov.refill.model","id":"me.umov.refill.model","size":21},{"name":"me.umov.refill.fixture","label":"me.umov.refill.fixture","id":"me.umov.refill.fixture","size":20},{"name":"me.umov.refill.dao","label":"me.umov.refill.dao","id":"me.umov.refill.dao","size":20},{"name":"me.umov.refill.service","label":"me.umov.refill.service","id":"me.umov.refill.service","size":19},{"name":"me.umov.refill.persistence","label":"me.umov.refill.persistence","id":"me.umov.refill.persistence","size":18},{"name":"me.umov.refill.core","label":"me.umov.refill.core","id":"me.umov.refill.core","size":15},{"name":"me.umov.refill.types.handler","label":"me.umov.refill.types.handler","id":"me.umov.refill.types.handler","size":12},{"name":"me.umov.refill.injection","label":"me.umov.refill.injection","id":"me.umov.refill.injection","size":11},{"name":"me.umov.refill.util","label":"me.umov.refill.util","id":"me.umov.refill.util","size":9},{"name":"me.umov.refill.builder.map","label":"me.umov.refill.builder.map","id":"me.umov.refill.builder.map","size":9},{"name":"me.umov.refill.builder.widget.customtable","label":"me.umov.refill.builder.widget.customtable","id":"me.umov.refill.builder.widget.customtable","size":8},{"name":"me.umov.refill.model.column","label":"me.umov.refill.model.column","id":"me.umov.refill.model.column","size":8},{"name":"me.umov.refill.validator","label":"me.umov.refill.validator","id":"me.umov.refill.validator","size":7},{"name":"me.umov.refill.template","label":"me.umov.refill.template","id":"me.umov.refill.template","size":6},{"name":"me.umov.refill.geo","label":"me.umov.refill.geo","id":"me.umov.refill.geo","size":5},{"name":"me.umov.refill.serialization","label":"me.umov.refill.serialization","id":"me.umov.refill.serialization","size":5},{"name":"me.umov.refill.model.map","label":"me.umov.refill.model.map","id":"me.umov.refill.model.map","size":5},{"name":"me.umov.refill.builder","label":"me.umov.refill.builder","id":"me.umov.refill.builder","size":3},{"name":"me.umov.refill.model.customfield","label":"me.umov.refill.model.customfield","id":"me.umov.refill.model.customfield","size":3},{"name":"me.umov.refill.interceptor","label":"me.umov.refill.interceptor","id":"me.umov.refill.interceptor","size":2},{"name":"me.umov.refill.reflection","label":"me.umov.refill.reflection","id":"me.umov.refill.reflection","size":2},{"name":"me.umov.refill.builder.chart","label":"me.umov.refill.builder.chart","id":"me.umov.refill.builder.chart","size":2},{"name":"me.umov.refill.model.builder","label":"me.umov.refill.model.builder","id":"me.umov.refill.model.builder","size":2},{"name":"me.umov.refill","label":"me.umov.refill","id":"me.umov.refill","size":2},{"name":"me.umov.refill.model.activity","label":"me.umov.refill.model.activity","id":"me.umov.refill.model.activity","size":2},{"name":"me.umov.refill.annotation","label":"me.umov.refill.annotation","id":"me.umov.refill.annotation","size":1}],"links":[{"source":"me.umov.refill.builder.widget","target":"me.umov.refill.builder"},{"source":"me.umov.refill.builder.widget","target":"me.umov.refill.builder.widget.customtable"},{"source":"me.umov.refill.builder.widget","target":"me.umov.refill.fixture"},{"source":"me.umov.refill.builder.widget","target":"me.umov.refill.model"},{"source":"me.umov.refill.builder.widget","target":"me.umov.refill.model.builder"},{"source":"me.umov.refill.builder.widget","target":"me.umov.refill.model.column"},{"source":"me.umov.refill.builder.widget","target":"me.umov.refill.serialization"},{"source":"me.umov.refill.builder.widget","target":"me.umov.refill.service"},{"source":"me.umov.refill.model","target":"me.umov.refill.fixture"},{"source":"me.umov.refill.model","target":"me.umov.refill.model.column"},{"source":"me.umov.refill.model","target":"me.umov.refill.model.map"},{"source":"me.umov.refill.model","target":"me.umov.refill.serialization"},{"source":"me.umov.refill.fixture","target":"me.umov.refill.model"},{"source":"me.umov.refill.fixture","target":"me.umov.refill.model.activity"},{"source":"me.umov.refill.fixture","target":"me.umov.refill.model.column"},{"source":"me.umov.refill.fixture","target":"me.umov.refill.model.customfield"},{"source":"me.umov.refill.fixture","target":"me.umov.refill.model.map"},{"source":"me.umov.refill.dao","target":"me.umov.refill.fixture"},{"source":"me.umov.refill.dao","target":"me.umov.refill.model"},{"source":"me.umov.refill.dao","target":"me.umov.refill.model.activity"},{"source":"me.umov.refill.dao","target":"me.umov.refill.model.customfield"},{"source":"me.umov.refill.dao","target":"me.umov.refill.model.map"},{"source":"me.umov.refill.dao","target":"me.umov.refill.persistence"},{"source":"me.umov.refill.dao","target":"me.umov.refill.util"},{"source":"me.umov.refill.service","target":"me.umov.refill.builder"},{"source":"me.umov.refill.service","target":"me.umov.refill.core"},{"source":"me.umov.refill.service","target":"me.umov.refill.dao"},{"source":"me.umov.refill.service","target":"me.umov.refill.fixture"},{"source":"me.umov.refill.service","target":"me.umov.refill.model"},{"source":"me.umov.refill.service","target":"me.umov.refill.model.activity"},{"source":"me.umov.refill.service","target":"me.umov.refill.model.customfield"},{"source":"me.umov.refill.service","target":"me.umov.refill.model.map"},{"source":"me.umov.refill.service","target":"me.umov.refill.serialization"},{"source":"me.umov.refill.service","target":"me.umov.refill.template"},{"source":"me.umov.refill.persistence","target":"me.umov.refill.model"},{"source":"me.umov.refill.persistence","target":"me.umov.refill.model.map"},{"source":"me.umov.refill.core","target":"me.umov.refill.builder"},{"source":"me.umov.refill.core","target":"me.umov.refill.fixture"},{"source":"me.umov.refill.core","target":"me.umov.refill.injection"},{"source":"me.umov.refill.core","target":"me.umov.refill.model"},{"source":"me.umov.refill.core","target":"me.umov.refill.service"},{"source":"me.umov.refill.core","target":"me.umov.refill.util"},{"source":"me.umov.refill.types.handler","target":"me.umov.refill.fixture"},{"source":"me.umov.refill.types.handler","target":"me.umov.refill.model"},{"source":"me.umov.refill.injection","target":"me.umov.refill.core"},{"source":"me.umov.refill.injection","target":"me.umov.refill.geo"},{"source":"me.umov.refill.injection","target":"me.umov.refill.interceptor"},{"source":"me.umov.refill.util","target":"me.umov.refill.model"},{"source":"me.umov.refill.builder.map","target":"me.umov.refill.builder"},{"source":"me.umov.refill.builder.map","target":"me.umov.refill.builder.map"},{"source":"me.umov.refill.builder.map","target":"me.umov.refill.fixture"},{"source":"me.umov.refill.builder.map","target":"me.umov.refill.geo"},{"source":"me.umov.refill.builder.map","target":"me.umov.refill.model"},{"source":"me.umov.refill.builder.map","target":"me.umov.refill.model.map"},{"source":"me.umov.refill.builder.map","target":"me.umov.refill.serialization"},{"source":"me.umov.refill.builder.map","target":"me.umov.refill.service"},{"source":"me.umov.refill.builder.widget.customtable","target":"me.umov.refill.fixture"},{"source":"me.umov.refill.builder.widget.customtable","target":"me.umov.refill.model"},{"source":"me.umov.refill.builder.widget.customtable","target":"me.umov.refill.model.activity"},{"source":"me.umov.refill.builder.widget.customtable","target":"me.umov.refill.model.column"},{"source":"me.umov.refill.builder.widget.customtable","target":"me.umov.refill.model.customfield"},{"source":"me.umov.refill.builder.widget.customtable","target":"me.umov.refill.service"},{"source":"me.umov.refill.model.column","target":"me.umov.refill.fixture"},{"source":"me.umov.refill.validator","target":"me.umov.refill.fixture"},{"source":"me.umov.refill.validator","target":"me.umov.refill.model.map"},{"source":"me.umov.refill.template","target":"me.umov.refill.fixture"},{"source":"me.umov.refill.template","target":"me.umov.refill.model"},{"source":"me.umov.refill.template","target":"me.umov.refill.model.activity"},{"source":"me.umov.refill.template","target":"me.umov.refill.model.customfield"},{"source":"me.umov.refill.template","target":"me.umov.refill.model.map"},{"source":"me.umov.refill.geo","target":"me.umov.refill.model.map"},{"source":"me.umov.refill.serialization","target":"me.umov.refill.fixture"},{"source":"me.umov.refill.serialization","target":"me.umov.refill.model"},{"source":"me.umov.refill.serialization","target":"me.umov.refill.model.column"},{"source":"me.umov.refill.model.map","target":"me.umov.refill.fixture"},{"source":"me.umov.refill.model.map","target":"me.umov.refill.model"},{"source":"me.umov.refill.model.map","target":"me.umov.refill.validator"},{"source":"me.umov.refill.builder","target":"me.umov.refill.builder.chart"},{"source":"me.umov.refill.builder","target":"me.umov.refill.builder.map"},{"source":"me.umov.refill.builder","target":"me.umov.refill.fixture"},{"source":"me.umov.refill.builder","target":"me.umov.refill.model"},{"source":"me.umov.refill.model.customfield","target":"me.umov.refill.fixture"},{"source":"me.umov.refill.model.customfield","target":"me.umov.refill.model"},{"source":"me.umov.refill.interceptor","target":"me.umov.refill.injection"},{"source":"me.umov.refill.interceptor","target":"me.umov.refill.util"},{"source":"me.umov.refill.reflection","target":"me.umov.refill.model"},{"source":"me.umov.refill.builder.chart","target":"me.umov.refill.builder"},{"source":"me.umov.refill.builder.chart","target":"me.umov.refill.fixture"},{"source":"me.umov.refill.builder.chart","target":"me.umov.refill.model"},{"source":"me.umov.refill.builder.chart","target":"me.umov.refill.serialization"},{"source":"me.umov.refill.builder.chart","target":"me.umov.refill.service"},{"source":"me.umov.refill.model.builder","target":"me.umov.refill.fixture"},{"source":"me.umov.refill.model.builder","target":"me.umov.refill.model"},{"source":"me.umov.refill","target":"me.umov.refill.core"},{"source":"me.umov.refill","target":"me.umov.refill.injection"},{"source":"me.umov.refill.model.activity","target":"me.umov.refill.model"}]}