{"name":"variants","children":[{"name":"me.umov.refill.template","children":[{"name":"TemplateServiceTest","sloc":190,"wmc":29},{"name":"TemplateEngineTest","sloc":27,"wmc":3},{"name":"SoyDataBuilderTest","sloc":173,"wmc":21},{"name":"TemplateEngine","sloc":25,"wmc":4},{"name":"SoyDataBuilder","sloc":78,"wmc":21},{"name":"TemplateService","sloc":44,"wmc":9}]},{"name":"me.umov.refill.interceptor","children":[{"name":"TransactionInterceptorTest","sloc":55,"wmc":6},{"name":"TransactionInterceptor","sloc":25,"wmc":2}]},{"name":"me.umov.refill.util","children":[{"name":"TestException","sloc":4,"wmc":1},{"name":"DateTimeUtilsTest","sloc":23,"wmc":1},{"name":"TestUtils","sloc":12,"wmc":3},{"name":"ListUtilsTest","sloc":30,"wmc":4},{"name":"Miscellaneous","sloc":55,"wmc":15},{"name":"MediaIconHelper","sloc":14,"wmc":2},{"name":"FormatUtils","sloc":19,"wmc":3},{"name":"DateTimeUtils","sloc":19,"wmc":3},{"name":"ListUtils","sloc":16,"wmc":6}]},{"name":"me.umov.refill.fixture","children":[{"name":"CustomFieldFixture","sloc":60,"wmc":11},{"name":"FieldFixture","sloc":33,"wmc":7},{"name":"MediaFixture","sloc":16,"wmc":3},{"name":"EntityFixture","sloc":25,"wmc":6},{"name":"GraphicFixture","sloc":210,"wmc":55},{"name":"CardDataFixture","sloc":18,"wmc":4},{"name":"CustomColumnsFixture","sloc":32,"wmc":7},{"name":"OnlineFilterFixture","sloc":23,"wmc":5},{"name":"ActivityFieldFixture","sloc":72,"wmc":15},{"name":"OnlineFilterOptionFixture","sloc":11,"wmc":2},{"name":"MarkerFixture","sloc":72,"wmc":17},{"name":"GraphicGroupFixture","sloc":69,"wmc":18},{"name":"TableColumnDataFixture","sloc":18,"wmc":4},{"name":"GraphicCacheFixture","sloc":97,"wmc":22},{"name":"GraphicFilterFixture","sloc":70,"wmc":19},{"name":"GraphicDataRowFixture","sloc":47,"wmc":11},{"name":"RouteFixture","sloc":36,"wmc":8},{"name":"TestModelFixture","sloc":27,"wmc":6},{"name":"GraphicIconFixture","sloc":23,"wmc":5},{"name":"GraphicMetricFixture","sloc":57,"wmc":15}]},{"name":"me.umov.refill.reflection","children":[{"name":"ReflectionUtilsTest","sloc":77,"wmc":7},{"name":"ReflectionUtils","sloc":16,"wmc":3}]},{"name":"me.umov.refill.persistence","children":[{"name":"MarkerResultTransformerTest","sloc":23,"wmc":1},{"name":"RouteResultTransformerTest","sloc":40,"wmc":3},{"name":"CustomPostgreSQLDialectTest","sloc":13,"wmc":1},{"name":"ArrayAsListTypeTest","sloc":40,"wmc":3},{"name":"PersistenceHelperTest","sloc":79,"wmc":11},{"name":"GraphicDataRowResultTransformerTest","sloc":50,"wmc":7},{"name":"GraphicDataRowResultTransformer","sloc":28,"wmc":5},{"name":"ArrayAsListType","sloc":65,"wmc":14},{"name":"CustomPostgreSQLDialect","sloc":13,"wmc":1},{"name":"RouteResultTransformer","sloc":34,"wmc":7},{"name":"LongArrayType","sloc":59,"wmc":14},{"name":"BooleanCharacterType","sloc":9,"wmc":1},{"name":"RouteTransportModeTransformer","sloc":28,"wmc":5},{"name":"IntervalAsStringType","sloc":61,"wmc":13},{"name":"OrderBySqlFormula","sloc":22,"wmc":4},{"name":"MarkerResultTransformer","sloc":29,"wmc":3},{"name":"PersistenceHelper","sloc":53,"wmc":12},{"name":"JsonAsStringType","sloc":61,"wmc":13}]},{"name":"me.umov.refill.validator","children":[{"name":"RouteValidatorTest","sloc":28,"wmc":3},{"name":"GeoCoordinateValidatorTest","sloc":46,"wmc":7},{"name":"MarkerValidatorTest","sloc":31,"wmc":4},{"name":"GeoCoordinateValidator","sloc":29,"wmc":5},{"name":"Validator","sloc":4,"wmc":1},{"name":"MarkerValidator","sloc":15,"wmc":3},{"name":"RouteValidator","sloc":12,"wmc":2}]},{"name":"me.umov.refill.injection","children":[{"name":"InjectionModuleTest","sloc":30,"wmc":4},{"name":"TransactionManagerTest","sloc":87,"wmc":7},{"name":"InjectorCreatorTest","sloc":19,"wmc":2},{"name":"SessionFactoryManagerTest","sloc":34,"wmc":4},{"name":"SessionFactoryProviderTest","sloc":15,"wmc":2},{"name":"InjectorCreator","sloc":11,"wmc":2},{"name":"DirectionsProvider","sloc":11,"wmc":1},{"name":"TransactionManager","sloc":38,"wmc":13},{"name":"InjectionModule","sloc":25,"wmc":1},{"name":"SessionFactoryProvider","sloc":23,"wmc":2},{"name":"SessionFactoryManager","sloc":21,"wmc":3}]},{"name":"me.umov.refill.core","children":[{"name":"GraphicUpdateQueueTest","sloc":89,"wmc":10},{"name":"GraphicUpdateWorkerTest","sloc":101,"wmc":10},{"name":"ConfigTest","sloc":70,"wmc":14},{"name":"GraphicUpdateManagerTest","sloc":83,"wmc":9},{"name":"ShutdownSignerTest","sloc":39,"wmc":3},{"name":"AbstractWorkerTestMock","sloc":7,"wmc":1},{"name":"GraphicRemovalManagerTest","sloc":37,"wmc":4},{"name":"ProcessTest","sloc":59,"wmc":5},{"name":"GraphicRemovalManager","sloc":29,"wmc":4},{"name":"GraphicUpdateManager","sloc":40,"wmc":5},{"name":"ShutdownSigner","sloc":41,"wmc":9},{"name":"GraphicUpdateQueue","sloc":47,"wmc":9},{"name":"GraphicUpdateWorker","sloc":41,"wmc":4},{"name":"Process","sloc":45,"wmc":11},{"name":"Config","sloc":87,"wmc":17}]},{"name":"me.umov.refill.service","children":[{"name":"CustomFieldServiceTest","sloc":46,"wmc":2},{"name":"GraphicDataServiceTest","sloc":135,"wmc":11},{"name":"GraphicServiceTest","sloc":41,"wmc":4},{"name":"RouteDataServiceTest","sloc":36,"wmc":2},{"name":"GraphicCacheServiceTest","sloc":168,"wmc":13},{"name":"ActivityFieldServiceTest","sloc":45,"wmc":3},{"name":"TestService","sloc":13,"wmc":1},{"name":"AttemptServiceTest","sloc":60,"wmc":5},{"name":"ScheduleDBViewEnvironmentServiceTest","sloc":26,"wmc":2},{"name":"AbstractServiceTest","sloc":42,"wmc":4},{"name":"RouteDataService","sloc":18,"wmc":1},{"name":"GraphicCacheService","sloc":113,"wmc":20},{"name":"CustomFieldService","sloc":21,"wmc":2},{"name":"AttemptService","sloc":23,"wmc":6},{"name":"GraphicDataService","sloc":69,"wmc":14},{"name":"ActivityFieldService","sloc":23,"wmc":2},{"name":"ScheduleDBViewEnvironmentService","sloc":10,"wmc":1},{"name":"GraphicService","sloc":22,"wmc":3},{"name":"AbstractService","sloc":16,"wmc":4}]},{"name":"me.umov.refill.types.handler","children":[{"name":"AnyArrayTypeHandlerTest","sloc":19,"wmc":2},{"name":"CharArrayTypeHandlerTest","sloc":25,"wmc":3},{"name":"DateTypeHandler","sloc":28,"wmc":4},{"name":"LongTypeHandler","sloc":25,"wmc":6},{"name":"CharArrayTypeHandler","sloc":27,"wmc":5},{"name":"AnyArrayTypeHandler","sloc":22,"wmc":4},{"name":"TimeRangeTypeHandler","sloc":27,"wmc":6},{"name":"FilterTypeHandler","sloc":7,"wmc":3},{"name":"LongArrayTypeHandler","sloc":20,"wmc":4},{"name":"DateEndOfDayTypeHandler","sloc":29,"wmc":4},{"name":"DateAsDatetimeRangeTypeHandler","sloc":28,"wmc":4},{"name":"StringTypeHandler","sloc":24,"wmc":6}]},{"name":"me.umov.refill.types","children":[{"name":"WidgetFontSizeTest","sloc":14,"wmc":1},{"name":"TableColumnTypeTest","sloc":22,"wmc":2},{"name":"RouteTransportModeTest","sloc":32,"wmc":6},{"name":"GraphicEntityTest","sloc":55,"wmc":10}]},{"name":"me.umov.refill.builder","children":[{"name":"DataBuilderFactoryTest","sloc":85,"wmc":5},{"name":"DataBuilderFactory","sloc":19,"wmc":4},{"name":"GraphicDataBuilder","sloc":6,"wmc":1}]},{"name":"me.umov.refill.builder.map","children":[{"name":"AgentTrackingMapDataBuilderTest","sloc":57,"wmc":6},{"name":"AbstractMapDataBuilderTest","sloc":113,"wmc":10},{"name":"AbstractMapRouteDataBuilderTest","sloc":66,"wmc":5},{"name":"TrackingMapDataBuilderTest","sloc":97,"wmc":10},{"name":"AbstractMapDataBuilder","sloc":76,"wmc":17},{"name":"DeliveryTrackingMapDataBuilder","sloc":99,"wmc":21},{"name":"AbstractMapRouteDataBuilder","sloc":40,"wmc":7},{"name":"AgentTrackingMapDataBuilder","sloc":38,"wmc":7},{"name":"TrackingMapDataBuilder","sloc":45,"wmc":9}]},{"name":"me.umov.refill.builder.widget","children":[{"name":"AgentDailyResumeTableDataBuilderTest","sloc":63,"wmc":4},{"name":"AbstractGaugeDataBuilderTest","sloc":26,"wmc":1},{"name":"AllTasksDataBuilderTest","sloc":19,"wmc":2},{"name":"CustomTableDataBuilderTest","sloc":133,"wmc":7},{"name":"TeamsManagementDataBuilderTest","sloc":22,"wmc":2},{"name":"AbstractChartDataBuilderTest","sloc":178,"wmc":18},{"name":"CustomEntitiesRowActionFactoryTest","sloc":40,"wmc":3},{"name":"CustomEntitiesTableDataBuilderTest","sloc":53,"wmc":4},{"name":"AgentsManagementDataBuilderTest","sloc":22,"wmc":2},{"name":"CustomHistoryCardDataBuilderTest","sloc":101,"wmc":8},{"name":"MapTaskExecutionDataBuilderTest","sloc":38,"wmc":5},{"name":"AbstractCardDataBuilderTest","sloc":75,"wmc":5},{"name":"CustomHistoryTableDataBuilderTest","sloc":32,"wmc":2},{"name":"AbstractTableDataBuilderTest","sloc":71,"wmc":5},{"name":"TaskExecutedInWeekDataBuilder","sloc":42,"wmc":5},{"name":"CustomHistoryCardDataBuilder","sloc":70,"wmc":16},{"name":"TasksWithoutCheckOutDataBuilder","sloc":39,"wmc":6},{"name":"LastExecutedTasksDataBuilder","sloc":44,"wmc":6},{"name":"TotalDisplacementDataBuilder","sloc":47,"wmc":6},{"name":"TotalActivityExecutionsDataBuilder","sloc":25,"wmc":4},{"name":"CustomTableDataBuilder","sloc":94,"wmc":15},{"name":"AgentsWithExecutionsDataBuilder","sloc":43,"wmc":5},{"name":"TotalDistancePerDayDataBuilder","sloc":29,"wmc":4},{"name":"AgentDailyHoursDataBuilder","sloc":41,"wmc":5},{"name":"TaskExecutionsPerTeamDataBuilder","sloc":42,"wmc":5},{"name":"LocalsWithExecutionsDataBuilder","sloc":43,"wmc":5},{"name":"AgentTaskAgendaDataBuilder","sloc":30,"wmc":4},{"name":"AverageExecutionTimeDataBuilder","sloc":45,"wmc":5},{"name":"PeopleWithExecutedTasksDataBuilder","sloc":30,"wmc":5},{"name":"ActivityExecutionsPerTypeDataBuilder","sloc":53,"wmc":5},{"name":"TasksReturnedDataBuilder","sloc":29,"wmc":4},{"name":"AgentExecutedTasksDataBuilder","sloc":42,"wmc":5},{"name":"CustomEntitiesRowActionFactory","sloc":12,"wmc":3},{"name":"TasksCancelledDataBuilder","sloc":25,"wmc":4},{"name":"AgentsMobileVersionDataBuilder","sloc":45,"wmc":5},{"name":"TasksInFieldDataBuilder","sloc":25,"wmc":4},{"name":"TasksPendingDataBuilder","sloc":25,"wmc":4},{"name":"TopFiveVisitedLocalsDataBuilder","sloc":42,"wmc":5},{"name":"LocalsWithCheckoutExecutedDataBuilder","sloc":41,"wmc":5},{"name":"AgentTasksPercentageBySituation","sloc":45,"wmc":5},{"name":"AgentDailyResumeTableDataBuilder","sloc":41,"wmc":5},{"name":"AgentWithPercentualTasksTableDataBuilder","sloc":27,"wmc":4},{"name":"LocalsWithTasksDataBuilder","sloc":30,"wmc":5},{"name":"AbstractGaugeDataBuilder","sloc":15,"wmc":2},{"name":"AbstractTableDataBuilder","sloc":32,"wmc":6},{"name":"AbstractChartDataBuilder","sloc":152,"wmc":33},{"name":"AllTasksDataBuilder","sloc":61,"wmc":6},{"name":"PeopleWithTasksDataBuilder","sloc":30,"wmc":5},{"name":"LocalsWithAndWithoutExecutionsDataBuilder","sloc":41,"wmc":5},{"name":"AgentsManagementDataBuilder","sloc":39,"wmc":6},{"name":"AgentPerformanceDataBuilder","sloc":34,"wmc":5},{"name":"OnlineOfflineAgentsDataBuilder","sloc":45,"wmc":5},{"name":"NextTasksForExecutionDataBuilder","sloc":55,"wmc":6},{"name":"ImageCollectedPerActivityDataBuilder","sloc":53,"wmc":5},{"name":"AverageExecutedTasksPerAgentDataBuilder","sloc":36,"wmc":4},{"name":"AgentsWithoutExecutionsDataBuilder","sloc":44,"wmc":5},{"name":"ActivityNotExecutedDataBuilder","sloc":28,"wmc":4},{"name":"DailyExecutedActivitiesDataBuilder","sloc":32,"wmc":5},{"name":"TasksPerSituationDataBuilder","sloc":42,"wmc":5},{"name":"AgentExecutedActivitiesPercentualTableDataBuilder","sloc":29,"wmc":4},{"name":"AgentTasksBySituationTable","sloc":33,"wmc":4},{"name":"TeamsManagementDataBuilder","sloc":39,"wmc":6},{"name":"ActivityExecutionsPerTimeDataBuilder","sloc":42,"wmc":5},{"name":"CustomHistoryTableDataBuilder","sloc":27,"wmc":4},{"name":"TeamAgentLogDataBuilder","sloc":46,"wmc":5},{"name":"TimelineExecutionDataBuilder","sloc":24,"wmc":2},{"name":"PeopleWithExecutedActivitiesDataBuilder","sloc":41,"wmc":5},{"name":"TasksInPreparationDataBuilder","sloc":25,"wmc":4},{"name":"PeopleWithAndWithoutExecutionsDataBuilder","sloc":53,"wmc":5},{"name":"AgentAndLocalWithPercentualTasksTableDataBuilder","sloc":29,"wmc":4},{"name":"AgentsWithLessBatteryDataBuilder","sloc":31,"wmc":4},{"name":"LocalsWithoutExecuionsDataBuilder","sloc":30,"wmc":5},{"name":"HorizontalTimelineExecutionDataBuilder","sloc":17,"wmc":2},{"name":"CustomEntitiesTableDataBuilder","sloc":44,"wmc":7},{"name":"TaskExecutionsPerTimeDataBuilder","sloc":42,"wmc":5},{"name":"ActivityExecutionsDataBuilder","sloc":42,"wmc":5},{"name":"ImageCollectedDataBuilder","sloc":25,"wmc":4},{"name":"AbstractCardDataBuilder","sloc":51,"wmc":11},{"name":"TaskExecutionGaugeDataBuilder","sloc":33,"wmc":5},{"name":"MapRouteExpectedXExecutedDataBuilder","sloc":28,"wmc":3},{"name":"AgentTasksBySituation","sloc":46,"wmc":5},{"name":"MapTaskExecutionDataBuilder","sloc":21,"wmc":2},{"name":"AgentExecutedActivitiesDataBuilder","sloc":43,"wmc":5},{"name":"VisitedLocalsDataBuilder","sloc":36,"wmc":4},{"name":"ActivityExecutionGaugeDataBuilder","sloc":25,"wmc":4}]},{"name":"me.umov.refill.builder.widget.customtable","children":[{"name":"ItemCustomColumnTest","sloc":68,"wmc":2},{"name":"EntitiesCustomColumnTest","sloc":156,"wmc":9},{"name":"TableColumnDataBuilderTest","sloc":38,"wmc":2},{"name":"ActivityCustomColumnTest","sloc":116,"wmc":6},{"name":"TableColumnDataBuilder","sloc":20,"wmc":1},{"name":"EntitiesCustomColumn","sloc":54,"wmc":8},{"name":"ColumnDataBuilder","sloc":7,"wmc":1},{"name":"ActivityCustomColumn","sloc":41,"wmc":6}]},{"name":"me.umov.refill.builder.chart","children":[{"name":"ChartDataBuilderTest","sloc":102,"wmc":9},{"name":"ChartDataBuilder","sloc":37,"wmc":7}]},{"name":"me.umov.refill.geo","children":[{"name":"DirectionsServiceTest","sloc":50,"wmc":2},{"name":"CabralGeoProcessorTest","sloc":56,"wmc":3},{"name":"CabralGeoProcessor","sloc":39,"wmc":6},{"name":"DirectionsService","sloc":36,"wmc":2},{"name":"GeoProcessor","sloc":9,"wmc":2}]},{"name":"me.umov.refill.serialization","children":[{"name":"GraphicDataRowSerializerTest","sloc":80,"wmc":10},{"name":"SerializerTest","sloc":164,"wmc":18},{"name":"NotEmptyListAdapter","sloc":19,"wmc":4},{"name":"Serializer","sloc":34,"wmc":4},{"name":"GraphicDataRowSerializer","sloc":38,"wmc":9}]},{"name":"me.umov.refill.model.column","children":[{"name":"FieldTypesTest","sloc":12,"wmc":1},{"name":"EntityTest","sloc":41,"wmc":3},{"name":"CustomColumnsTest","sloc":194,"wmc":13},{"name":"CustomColumns","sloc":149,"wmc":34},{"name":"Entity","sloc":49,"wmc":11},{"name":"Field","sloc":85,"wmc":22}]},{"name":"me.umov.refill.model.map","children":[{"name":"MarkerTest","sloc":60,"wmc":6},{"name":"MarkerInfoTest","sloc":41,"wmc":2},{"name":"MarkerInfo","sloc":73,"wmc":20},{"name":"Route","sloc":68,"wmc":16},{"name":"Marker","sloc":192,"wmc":53}]},{"name":"me.umov.refill.model","children":[{"name":"GraphicCacheTest","sloc":99,"wmc":13},{"name":"TestModel","sloc":50,"wmc":12},{"name":"TableColumnDataTest","sloc":46,"wmc":4},{"name":"Metric","sloc":45,"wmc":10},{"name":"GraphicIcon","sloc":48,"wmc":8},{"name":"TableColumnData","sloc":133,"wmc":28},{"name":"CardData","sloc":86,"wmc":20},{"name":"TableData","sloc":47,"wmc":10},{"name":"AgentDataRow","sloc":59,"wmc":13},{"name":"ChartData","sloc":62,"wmc":15},{"name":"GraphicFilter","sloc":129,"wmc":27},{"name":"GraphicCache","sloc":179,"wmc":42},{"name":"ScheduleDBViewEnvironment","sloc":36,"wmc":7},{"name":"Model","sloc":6,"wmc":2},{"name":"GraphicGroup","sloc":89,"wmc":17},{"name":"Media","sloc":25,"wmc":4},{"name":"GraphicMetric","sloc":87,"wmc":18},{"name":"Graphic","sloc":392,"wmc":102},{"name":"OnlineFilterOption","sloc":33,"wmc":8},{"name":"OnlineFilter","sloc":80,"wmc":18},{"name":"GraphicDataRow","sloc":27,"wmc":6}]},{"name":"me.umov.refill.model.builder","children":[{"name":"TableDataBuilderTest","sloc":52,"wmc":5},{"name":"TableDataBuilder","sloc":38,"wmc":7}]},{"name":"me.umov.refill.model.customfield","children":[{"name":"CustomFieldTest","sloc":30,"wmc":4},{"name":"CustomFieldSoyDTO","sloc":16,"wmc":3},{"name":"CustomField","sloc":66,"wmc":15}]},{"name":"me.umov.refill.dao","children":[{"name":"ScheduleDBViewEnvironmentDaoTest","sloc":33,"wmc":2},{"name":"GraphicDaoTest","sloc":30,"wmc":2},{"name":"AbstractDaoTest","sloc":139,"wmc":20},{"name":"RouteDataDaoTest","sloc":23,"wmc":1},{"name":"GraphicDataDaoTest","sloc":56,"wmc":4},{"name":"TestDao","sloc":12,"wmc":1},{"name":"GraphicCacheDaoTest","sloc":94,"wmc":9},{"name":"AbstractDaoMock","sloc":124,"wmc":20},{"name":"TypeResolverTest","sloc":19,"wmc":2},{"name":"CustomFieldDao","sloc":9,"wmc":1},{"name":"ScheduleDBViewEnvironmentDao","sloc":9,"wmc":1},{"name":"AbstractOperationDao","sloc":14,"wmc":1},{"name":"GraphicDao","sloc":15,"wmc":2},{"name":"GraphicCacheDao","sloc":99,"wmc":13},{"name":"TypeResolver","sloc":13,"wmc":2},{"name":"AbstractDao","sloc":124,"wmc":31},{"name":"ActivityFieldDao","sloc":12,"wmc":1},{"name":"AbstractChartDao","sloc":14,"wmc":1},{"name":"GraphicDataDao","sloc":31,"wmc":6},{"name":"RouteDataDao","sloc":10,"wmc":1}]},{"name":"me.umov.refill","children":[{"name":"RefillTest","sloc":55,"wmc":4},{"name":"Refill","sloc":48,"wmc":7}]},{"name":"me.umov.refill.model.activity","children":[{"name":"ActivityField","sloc":75,"wmc":17},{"name":"ActivityFieldSoyDTO","sloc":23,"wmc":6}]}]}