"type","sloc","nom","npm","wmc","dep","i-dep","fan-in","fan-out","noa"
"me.umov.refill.model.Graphic",392,83,83,102,11,3,87,8,37
"me.umov.refill.fixture.GraphicFixture",210,55,55,55,13,3,25,5,1
"me.umov.refill.model.column.CustomColumnsTest",194,13,13,13,14,2,0,2,2
"me.umov.refill.model.map.Marker",192,43,42,53,14,2,26,9,12
"me.umov.refill.template.TemplateServiceTest",190,25,18,29,20,5,0,7,21
"me.umov.refill.model.GraphicCache",179,38,38,42,10,1,49,4,18
"me.umov.refill.builder.widget.AbstractChartDataBuilderTest",178,21,18,18,38,10,0,11,6
"me.umov.refill.template.SoyDataBuilderTest",173,17,16,21,20,2,0,4,0
"me.umov.refill.service.GraphicCacheServiceTest",168,13,13,13,26,8,0,8,8
"me.umov.refill.serialization.SerializerTest",164,15,9,18,26,11,0,13,13
"me.umov.refill.builder.widget.customtable.EntitiesCustomColumnTest",156,9,9,9,19,10,0,10,2
"me.umov.refill.builder.widget.AbstractChartDataBuilder",152,17,3,33,27,7,23,11,5
"me.umov.refill.model.column.CustomColumns",149,28,24,34,4,0,20,2,12
"me.umov.refill.dao.AbstractDaoTest",139,20,20,20,16,1,0,3,1
"me.umov.refill.service.GraphicDataServiceTest",135,11,11,11,29,12,0,12,3
"me.umov.refill.model.TableColumnData",133,24,24,28,5,0,41,1,10
"me.umov.refill.builder.widget.CustomTableDataBuilderTest",133,9,8,7,22,8,0,10,3
"me.umov.refill.model.GraphicFilter",129,26,26,27,8,0,4,3,12
"me.umov.refill.dao.AbstractDao",124,23,9,31,21,2,7,9,2
"me.umov.refill.dao.AbstractDaoMock",124,16,10,20,25,1,6,4,15
"me.umov.refill.builder.widget.customtable.ActivityCustomColumnTest",116,6,6,6,19,10,0,11,2
"me.umov.refill.builder.map.AbstractMapDataBuilderTest",113,11,10,10,27,14,0,14,4
"me.umov.refill.service.GraphicCacheService",113,11,6,20,15,7,6,10,7
"me.umov.refill.builder.chart.ChartDataBuilderTest",102,9,8,9,30,6,0,7,5
"me.umov.refill.core.GraphicUpdateWorkerTest",101,10,9,10,20,9,0,11,8
"me.umov.refill.builder.widget.CustomHistoryCardDataBuilderTest",101,8,8,8,17,7,0,7,2
"me.umov.refill.model.GraphicCacheTest",99,13,13,13,4,1,0,1,0
"me.umov.refill.dao.GraphicCacheDao",99,12,4,13,23,2,2,6,1
"me.umov.refill.builder.map.DeliveryTrackingMapDataBuilder",99,11,0,21,20,4,1,6,0
"me.umov.refill.fixture.GraphicCacheFixture",97,22,22,22,7,2,14,3,1
"me.umov.refill.builder.map.TrackingMapDataBuilderTest",97,10,10,10,19,7,0,7,1
"me.umov.refill.builder.widget.CustomTableDataBuilder",94,12,3,15,19,7,5,10,6
"me.umov.refill.dao.GraphicCacheDaoTest",94,9,9,9,14,2,0,4,3
"me.umov.refill.model.GraphicGroup",89,17,17,17,8,0,22,1,9
"me.umov.refill.core.GraphicUpdateQueueTest",89,9,8,10,17,0,0,4,4
"me.umov.refill.model.GraphicMetric",87,18,18,18,7,0,24,2,9
"me.umov.refill.core.Config",87,15,12,17,4,0,4,6,14
"me.umov.refill.injection.TransactionManagerTest",87,7,7,7,11,0,0,0,8
"me.umov.refill.model.CardData",86,20,20,20,1,0,2,1,9
"me.umov.refill.model.column.Field",85,18,18,22,3,0,32,1,7
"me.umov.refill.builder.DataBuilderFactoryTest",85,5,5,5,27,8,0,8,6
"me.umov.refill.core.GraphicUpdateManagerTest",83,9,9,9,21,2,0,2,3
"me.umov.refill.model.OnlineFilter",80,18,18,18,5,0,20,1,7
"me.umov.refill.serialization.GraphicDataRowSerializerTest",80,9,9,10,13,2,0,7,3
"me.umov.refill.persistence.PersistenceHelperTest",79,11,11,11,13,1,0,3,2
"me.umov.refill.template.SoyDataBuilder",78,10,10,21,12,0,0,6,0
"me.umov.refill.reflection.ReflectionUtilsTest",77,7,7,7,18,1,0,1,4
"me.umov.refill.builder.map.AbstractMapDataBuilder",76,8,1,17,14,3,2,6,3
"me.umov.refill.model.activity.ActivityField",75,14,14,17,3,1,6,4,9
"me.umov.refill.builder.widget.AbstractCardDataBuilderTest",75,7,5,5,20,6,0,6,6
"me.umov.refill.model.map.MarkerInfo",73,15,14,20,6,0,13,4,6
"me.umov.refill.fixture.MarkerFixture",72,17,16,17,7,2,9,3,1
"me.umov.refill.fixture.ActivityFieldFixture",72,15,15,15,4,1,3,1,7
"me.umov.refill.builder.widget.AbstractTableDataBuilderTest",71,7,5,5,22,7,0,7,7
"me.umov.refill.fixture.GraphicFilterFixture",70,19,19,19,3,1,2,2,1
"me.umov.refill.core.ConfigTest",70,14,14,14,7,0,0,1,1
"me.umov.refill.builder.widget.CustomHistoryCardDataBuilder",70,9,1,16,15,3,0,6,1
"me.umov.refill.fixture.GraphicGroupFixture",69,18,18,18,4,1,3,2,1
"me.umov.refill.service.GraphicDataService",69,8,6,14,18,8,8,9,2
"me.umov.refill.model.map.Route",68,15,15,16,4,2,25,4,7
"me.umov.refill.builder.widget.customtable.ItemCustomColumnTest",68,2,2,2,19,10,0,10,2
"me.umov.refill.model.customfield.CustomField",66,15,15,15,1,1,7,4,11
"me.umov.refill.builder.map.AbstractMapRouteDataBuilderTest",66,6,6,5,18,7,0,7,3
"me.umov.refill.persistence.ArrayAsListType",65,11,11,14,10,0,2,3,1
"me.umov.refill.builder.widget.AgentDailyResumeTableDataBuilderTest",63,4,4,4,26,8,0,8,2
"me.umov.refill.model.ChartData",62,15,15,15,1,0,18,0,7
"me.umov.refill.persistence.IntervalAsStringType",61,11,11,13,9,0,0,3,1
"me.umov.refill.persistence.JsonAsStringType",61,11,11,13,9,0,0,3,1
"me.umov.refill.builder.widget.AllTasksDataBuilder",61,6,1,6,27,2,1,3,0
"me.umov.refill.fixture.CustomFieldFixture",60,10,10,11,3,1,5,1,8
"me.umov.refill.model.map.MarkerTest",60,6,6,6,8,1,0,1,0
"me.umov.refill.service.AttemptServiceTest",60,5,5,5,13,3,0,3,2
"me.umov.refill.model.AgentDataRow",59,13,13,13,4,0,0,0,7
"me.umov.refill.persistence.LongArrayType",59,11,11,14,9,0,1,3,1
"me.umov.refill.core.ProcessTest",59,7,7,5,8,1,0,1,5
"me.umov.refill.fixture.GraphicMetricFixture",57,15,15,15,3,1,4,2,1
"me.umov.refill.builder.map.AgentTrackingMapDataBuilderTest",57,5,5,6,14,5,0,5,2
"me.umov.refill.dao.GraphicDataDaoTest",56,4,4,4,18,9,0,10,1
"me.umov.refill.geo.CabralGeoProcessorTest",56,3,2,3,17,2,0,3,2
"me.umov.refill.util.Miscellaneous",55,11,11,15,2,0,1,5,0
"me.umov.refill.types.GraphicEntityTest",55,10,9,10,12,0,0,1,0
"me.umov.refill.interceptor.TransactionInterceptorTest",55,6,4,6,14,2,0,4,3
"me.umov.refill.builder.widget.NextTasksForExecutionDataBuilder",55,6,1,6,24,2,0,3,0
"me.umov.refill.RefillTest",55,4,4,4,13,4,0,5,4
"me.umov.refill.builder.widget.customtable.EntitiesCustomColumn",54,5,1,8,10,5,0,7,2
"me.umov.refill.persistence.PersistenceHelper",53,6,6,12,15,1,0,5,2
"me.umov.refill.builder.widget.ActivityExecutionsPerTypeDataBuilder",53,5,1,5,24,5,0,6,0
"me.umov.refill.builder.widget.ImageCollectedPerActivityDataBuilder",53,5,1,5,24,5,0,6,0
"me.umov.refill.builder.widget.PeopleWithAndWithoutExecutionsDataBuilder",53,5,1,5,24,5,0,6,0
"me.umov.refill.builder.widget.CustomEntitiesTableDataBuilderTest",53,4,4,4,20,8,0,8,2
"me.umov.refill.model.builder.TableDataBuilderTest",52,5,5,5,15,5,0,7,0
"me.umov.refill.builder.widget.AbstractCardDataBuilder",51,5,1,11,10,4,19,6,0
"me.umov.refill.model.TestModel",50,12,12,12,3,0,8,1,6
"me.umov.refill.persistence.GraphicDataRowResultTransformerTest",50,5,4,7,7,1,0,3,1
"me.umov.refill.geo.DirectionsServiceTest",50,2,2,2,19,1,0,1,3
"me.umov.refill.model.column.Entity",49,9,8,11,4,0,8,1,4
"me.umov.refill.model.GraphicIcon",48,8,8,8,6,0,3,1,5
"me.umov.refill.Refill",48,6,2,7,7,3,1,7,5
"me.umov.refill.fixture.GraphicDataRowFixture",47,10,10,11,7,1,7,2,1
"me.umov.refill.model.TableData",47,10,10,10,4,0,2,0,5
"me.umov.refill.core.GraphicUpdateQueue",47,8,8,9,8,0,0,3,5
"me.umov.refill.builder.widget.TotalDisplacementDataBuilder",47,5,1,6,16,1,0,2,0
"me.umov.refill.validator.GeoCoordinateValidatorTest",46,7,7,7,3,0,0,0,1
"me.umov.refill.builder.widget.TeamAgentLogDataBuilder",46,5,1,5,8,2,0,3,0
"me.umov.refill.builder.widget.AgentTasksBySituation",46,5,1,5,11,5,0,6,0
"me.umov.refill.model.TableColumnDataTest",46,4,4,4,3,0,0,0,0
"me.umov.refill.service.CustomFieldServiceTest",46,2,2,2,18,5,0,5,4
"me.umov.refill.model.Metric",45,9,9,10,3,0,0,2,5
"me.umov.refill.core.Process",45,8,3,11,2,0,0,4,3
"me.umov.refill.builder.widget.AverageExecutionTimeDataBuilder",45,5,1,5,19,1,0,2,0
"me.umov.refill.builder.widget.AgentsMobileVersionDataBuilder",45,5,1,5,18,5,0,6,0
"me.umov.refill.builder.widget.AgentTasksPercentageBySituation",45,5,1,5,11,5,0,6,0
"me.umov.refill.builder.widget.OnlineOfflineAgentsDataBuilder",45,5,1,5,18,5,0,6,0
"me.umov.refill.builder.map.TrackingMapDataBuilder",45,4,0,9,11,3,2,5,1
"me.umov.refill.service.ActivityFieldServiceTest",45,3,3,3,16,5,0,5,3
"me.umov.refill.template.TemplateService",44,9,9,9,8,4,9,4,3
"me.umov.refill.builder.widget.LastExecutedTasksDataBuilder",44,6,1,6,13,2,0,3,0
"me.umov.refill.builder.widget.CustomEntitiesTableDataBuilder",44,6,1,7,10,2,0,3,0
"me.umov.refill.builder.widget.AgentsWithoutExecutionsDataBuilder",44,5,1,5,21,2,0,3,0
"me.umov.refill.builder.widget.AgentsWithExecutionsDataBuilder",43,5,1,5,19,2,0,3,0
"me.umov.refill.builder.widget.LocalsWithExecutionsDataBuilder",43,5,1,5,19,2,0,3,0
"me.umov.refill.builder.widget.AgentExecutedActivitiesDataBuilder",43,5,1,5,11,5,0,6,0
"me.umov.refill.builder.widget.TaskExecutedInWeekDataBuilder",42,5,1,5,12,5,0,6,0
"me.umov.refill.builder.widget.TaskExecutionsPerTeamDataBuilder",42,5,1,5,12,5,0,6,0
"me.umov.refill.builder.widget.AgentExecutedTasksDataBuilder",42,5,1,5,11,5,0,6,0
"me.umov.refill.builder.widget.TopFiveVisitedLocalsDataBuilder",42,5,1,5,12,5,0,6,0
"me.umov.refill.builder.widget.TasksPerSituationDataBuilder",42,5,1,5,12,5,0,6,0
"me.umov.refill.builder.widget.ActivityExecutionsPerTimeDataBuilder",42,5,1,5,12,5,0,6,0
"me.umov.refill.builder.widget.TaskExecutionsPerTimeDataBuilder",42,5,1,5,12,5,0,6,0
"me.umov.refill.builder.widget.ActivityExecutionsDataBuilder",42,5,1,5,12,5,0,6,0
"me.umov.refill.service.AbstractServiceTest",42,4,4,4,13,2,0,2,2
"me.umov.refill.core.ShutdownSigner",41,5,2,9,3,0,2,6,2
"me.umov.refill.builder.widget.AgentDailyHoursDataBuilder",41,5,1,5,8,2,0,3,0
"me.umov.refill.builder.widget.LocalsWithCheckoutExecutedDataBuilder",41,5,1,5,18,1,0,2,0
"me.umov.refill.builder.widget.AgentDailyResumeTableDataBuilder",41,5,1,5,16,2,0,3,0
"me.umov.refill.builder.widget.LocalsWithAndWithoutExecutionsDataBuilder",41,5,1,5,12,5,0,6,0
"me.umov.refill.builder.widget.PeopleWithExecutedActivitiesDataBuilder",41,5,1,5,18,1,0,2,0
"me.umov.refill.service.GraphicServiceTest",41,4,4,4,12,5,0,5,2
"me.umov.refill.model.column.EntityTest",41,3,3,3,7,2,0,2,0
"me.umov.refill.core.GraphicUpdateWorker",41,3,2,4,6,2,0,5,4
"me.umov.refill.builder.widget.customtable.ActivityCustomColumn",41,3,1,6,9,5,0,7,2
"me.umov.refill.model.map.MarkerInfoTest",41,2,2,2,6,0,0,1,0
"me.umov.refill.builder.map.AbstractMapRouteDataBuilder",40,6,0,7,6,4,3,8,2
"me.umov.refill.core.GraphicUpdateManager",40,4,1,5,6,1,2,5,3
"me.umov.refill.persistence.RouteResultTransformerTest",40,3,2,3,8,2,0,3,1
"me.umov.refill.persistence.ArrayAsListTypeTest",40,3,3,3,12,0,0,0,1
"me.umov.refill.builder.widget.CustomEntitiesRowActionFactoryTest",40,3,3,3,13,8,0,8,0
"me.umov.refill.builder.widget.TasksWithoutCheckOutDataBuilder",39,6,1,6,11,2,0,3,0
"me.umov.refill.builder.widget.AgentsManagementDataBuilder",39,6,1,6,10,2,1,3,0
"me.umov.refill.builder.widget.TeamsManagementDataBuilder",39,6,1,6,10,2,1,3,0
"me.umov.refill.core.ShutdownSignerTest",39,3,3,3,8,0,0,0,3
"me.umov.refill.geo.CabralGeoProcessor",39,3,2,6,8,2,1,4,1
"me.umov.refill.injection.TransactionManager",38,7,3,13,3,0,3,1,1
"me.umov.refill.model.builder.TableDataBuilder",38,7,6,7,6,3,2,3,1
"me.umov.refill.builder.widget.MapTaskExecutionDataBuilderTest",38,5,5,5,9,0,0,0,1
"me.umov.refill.builder.map.AgentTrackingMapDataBuilder",38,3,0,7,7,2,2,6,3
"me.umov.refill.builder.widget.customtable.TableColumnDataBuilderTest",38,2,2,2,13,4,0,4,3
"me.umov.refill.serialization.GraphicDataRowSerializer",38,2,1,9,9,1,1,5,0
"me.umov.refill.core.GraphicRemovalManagerTest",37,4,3,4,8,1,0,3,2
"me.umov.refill.builder.chart.ChartDataBuilder",37,3,1,7,11,5,1,7,1
"me.umov.refill.fixture.RouteFixture",36,8,8,8,3,2,7,3,1
"me.umov.refill.model.ScheduleDBViewEnvironment",36,6,6,7,4,0,2,1,4
"me.umov.refill.builder.widget.AverageExecutedTasksPerAgentDataBuilder",36,4,1,4,17,0,0,1,0
"me.umov.refill.builder.widget.VisitedLocalsDataBuilder",36,4,1,4,17,0,0,1,0
"me.umov.refill.service.RouteDataServiceTest",36,2,2,2,15,4,0,4,3
"me.umov.refill.geo.DirectionsService",36,2,1,2,13,1,0,3,1
"me.umov.refill.builder.widget.AgentPerformanceDataBuilder",34,5,1,5,7,2,0,3,0
"me.umov.refill.injection.SessionFactoryManagerTest",34,4,4,4,7,0,0,0,3
"me.umov.refill.serialization.Serializer",34,4,4,4,9,3,12,4,3
"me.umov.refill.persistence.RouteResultTransformer",34,2,2,7,4,2,2,3,2
"me.umov.refill.model.OnlineFilterOption",33,8,8,8,1,0,6,0,3
"me.umov.refill.fixture.FieldFixture",33,7,7,7,3,1,7,1,1
"me.umov.refill.builder.widget.TaskExecutionGaugeDataBuilder",33,5,1,5,7,1,0,2,0
"me.umov.refill.builder.widget.AgentTasksBySituationTable",33,4,1,4,7,1,0,2,0
"me.umov.refill.dao.ScheduleDBViewEnvironmentDaoTest",33,2,2,2,10,1,0,2,1
"me.umov.refill.fixture.CustomColumnsFixture",32,7,7,7,2,2,6,2,1
"me.umov.refill.types.RouteTransportModeTest",32,6,6,6,2,0,0,0,0
"me.umov.refill.builder.widget.AbstractTableDataBuilder",32,6,1,6,11,5,22,7,0
"me.umov.refill.builder.widget.DailyExecutedActivitiesDataBuilder",32,5,1,5,7,2,0,3,0
"me.umov.refill.builder.widget.CustomHistoryTableDataBuilderTest",32,2,2,2,13,2,0,2,2
"me.umov.refill.dao.GraphicDataDao",31,6,6,6,10,7,2,8,0
"me.umov.refill.validator.MarkerValidatorTest",31,4,4,4,5,2,0,2,1
"me.umov.refill.builder.widget.AgentsWithLessBatteryDataBuilder",31,4,1,4,12,1,0,2,0
"me.umov.refill.builder.widget.PeopleWithExecutedTasksDataBuilder",30,5,1,5,6,1,0,2,0
"me.umov.refill.builder.widget.LocalsWithTasksDataBuilder",30,5,1,5,6,1,0,2,0
"me.umov.refill.builder.widget.PeopleWithTasksDataBuilder",30,5,1,5,6,1,0,2,0
"me.umov.refill.builder.widget.LocalsWithoutExecuionsDataBuilder",30,5,1,5,7,2,0,3,0
"me.umov.refill.util.ListUtilsTest",30,4,4,4,7,0,0,0,0
"me.umov.refill.injection.InjectionModuleTest",30,4,4,4,10,0,0,0,1
"me.umov.refill.model.customfield.CustomFieldTest",30,4,4,4,6,1,0,1,1
"me.umov.refill.builder.widget.AgentTaskAgendaDataBuilder",30,4,1,4,12,1,0,2,0
"me.umov.refill.dao.GraphicDaoTest",30,2,2,2,11,3,0,5,1
"me.umov.refill.builder.widget.TotalDistancePerDayDataBuilder",29,4,1,4,8,1,0,2,0
"me.umov.refill.builder.widget.TasksReturnedDataBuilder",29,4,1,4,9,2,0,3,0
"me.umov.refill.builder.widget.AgentExecutedActivitiesPercentualTableDataBuilder",29,4,1,4,6,1,0,2,0
"me.umov.refill.builder.widget.AgentAndLocalWithPercentualTasksTableDataBuilder",29,4,1,4,6,1,0,2,0
"me.umov.refill.persistence.MarkerResultTransformer",29,3,3,3,5,1,3,2,2
"me.umov.refill.validator.GeoCoordinateValidator",29,3,2,5,1,0,1,4,1
"me.umov.refill.core.GraphicRemovalManager",29,3,2,4,6,1,2,5,2
"me.umov.refill.types.handler.DateEndOfDayTypeHandler",29,3,3,4,5,1,0,3,2
"me.umov.refill.persistence.RouteTransportModeTransformer",28,4,4,5,5,0,2,1,2
"me.umov.refill.builder.widget.ActivityNotExecutedDataBuilder",28,4,1,4,6,1,0,2,0
"me.umov.refill.validator.RouteValidatorTest",28,3,3,3,7,4,0,4,1
"me.umov.refill.persistence.GraphicDataRowResultTransformer",28,3,3,5,2,1,2,3,3
"me.umov.refill.types.handler.DateTypeHandler",28,3,3,4,5,1,0,3,2
"me.umov.refill.types.handler.DateAsDatetimeRangeTypeHandler",28,3,3,4,6,1,0,2,2
"me.umov.refill.builder.widget.MapRouteExpectedXExecutedDataBuilder",28,3,1,3,13,0,0,1,0
"me.umov.refill.fixture.TestModelFixture",27,6,6,6,3,1,2,2,1
"me.umov.refill.model.GraphicDataRow",27,6,6,6,3,0,18,2,3
"me.umov.refill.builder.widget.AgentWithPercentualTasksTableDataBuilder",27,4,1,4,6,1,0,2,0
"me.umov.refill.builder.widget.CustomHistoryTableDataBuilder",27,4,1,4,7,1,0,2,0
"me.umov.refill.template.TemplateEngineTest",27,3,3,3,6,0,0,0,1
"me.umov.refill.types.handler.CharArrayTypeHandler",27,3,3,5,4,1,1,2,0
"me.umov.refill.types.handler.TimeRangeTypeHandler",27,3,3,6,5,1,0,3,1
"me.umov.refill.builder.widget.AbstractGaugeDataBuilderTest",26,3,1,1,7,2,0,2,1
"me.umov.refill.service.ScheduleDBViewEnvironmentServiceTest",26,2,2,2,9,1,0,1,2
"me.umov.refill.types.handler.LongTypeHandler",25,5,5,6,1,1,0,3,1
"me.umov.refill.fixture.EntityFixture",25,4,4,6,3,2,7,2,1
"me.umov.refill.template.TemplateEngine",25,4,3,4,6,0,4,3,2
"me.umov.refill.builder.widget.TotalActivityExecutionsDataBuilder",25,4,1,4,5,0,0,1,0
"me.umov.refill.builder.widget.TasksCancelledDataBuilder",25,4,1,4,5,0,0,1,0
"me.umov.refill.builder.widget.TasksInFieldDataBuilder",25,4,1,4,5,0,0,1,0
"me.umov.refill.builder.widget.TasksPendingDataBuilder",25,4,1,4,5,0,0,1,0
"me.umov.refill.builder.widget.TasksInPreparationDataBuilder",25,4,1,4,5,0,0,1,0
"me.umov.refill.builder.widget.ImageCollectedDataBuilder",25,4,1,4,5,0,0,1,0
"me.umov.refill.builder.widget.ActivityExecutionGaugeDataBuilder",25,4,1,4,5,0,0,1,0
"me.umov.refill.model.Media",25,4,4,4,3,0,2,1,3
"me.umov.refill.types.handler.CharArrayTypeHandlerTest",25,3,3,3,5,2,0,2,1
"me.umov.refill.interceptor.TransactionInterceptor",25,1,1,2,5,1,1,2,1
"me.umov.refill.injection.InjectionModule",25,1,0,1,10,3,2,4,2
"me.umov.refill.types.handler.StringTypeHandler",24,4,4,6,1,1,0,2,1
"me.umov.refill.builder.widget.TimelineExecutionDataBuilder",24,2,1,2,13,0,0,1,0
"me.umov.refill.fixture.OnlineFilterFixture",23,5,5,5,2,1,7,2,1
"me.umov.refill.fixture.GraphicIconFixture",23,5,5,5,2,2,2,3,1
"me.umov.refill.service.AttemptService",23,3,1,6,3,2,0,3,1
"me.umov.refill.model.activity.ActivityFieldSoyDTO",23,3,3,6,2,0,3,1,2
"me.umov.refill.injection.SessionFactoryProvider",23,2,2,2,6,0,4,0,1
"me.umov.refill.util.DateTimeUtilsTest",23,1,1,1,3,0,0,0,0
"me.umov.refill.persistence.MarkerResultTransformerTest",23,1,1,1,5,1,0,1,1
"me.umov.refill.dao.RouteDataDaoTest",23,1,1,1,10,2,0,3,1
"me.umov.refill.service.ActivityFieldService",23,1,1,2,8,4,2,5,2
"me.umov.refill.persistence.OrderBySqlFormula",22,4,3,4,4,0,2,1,2
"me.umov.refill.types.handler.AnyArrayTypeHandler",22,3,3,4,3,1,1,2,0
"me.umov.refill.types.TableColumnTypeTest",22,2,2,2,2,0,0,0,0
"me.umov.refill.builder.widget.TeamsManagementDataBuilderTest",22,2,2,2,7,2,0,2,1
"me.umov.refill.builder.widget.AgentsManagementDataBuilderTest",22,2,2,2,7,2,0,2,1
"me.umov.refill.service.GraphicService",22,2,1,3,5,4,1,6,2
"me.umov.refill.injection.SessionFactoryManager",21,3,3,3,3,0,0,0,2
"me.umov.refill.builder.widget.MapTaskExecutionDataBuilder",21,2,1,2,11,0,1,1,0
"me.umov.refill.service.CustomFieldService",21,1,1,2,7,4,3,5,2
"me.umov.refill.types.handler.LongArrayTypeHandler",20,3,3,4,3,1,0,2,0
"me.umov.refill.builder.widget.customtable.TableColumnDataBuilder",20,1,1,1,6,2,3,2,2
"me.umov.refill.injection.InjectorCreatorTest",19,2,2,2,6,0,0,0,0
"me.umov.refill.types.handler.AnyArrayTypeHandlerTest",19,2,2,2,5,2,0,2,1
"me.umov.refill.builder.widget.AllTasksDataBuilderTest",19,2,2,2,7,2,0,2,1
"me.umov.refill.dao.TypeResolverTest",19,2,2,2,5,1,0,1,2
"me.umov.refill.util.FormatUtils",19,1,1,3,2,0,0,1,0
"me.umov.refill.util.DateTimeUtils",19,1,1,3,4,0,0,1,0
"me.umov.refill.builder.DataBuilderFactory",19,1,1,4,4,2,2,2,1
"me.umov.refill.serialization.NotEmptyListAdapter",19,1,1,4,6,0,1,2,0
"me.umov.refill.fixture.CardDataFixture",18,4,4,4,1,1,1,1,1
"me.umov.refill.fixture.TableColumnDataFixture",18,4,3,4,1,1,3,1,1
"me.umov.refill.service.RouteDataService",18,1,1,1,6,3,2,3,2
"me.umov.refill.builder.widget.HorizontalTimelineExecutionDataBuilder",17,2,1,2,5,0,0,1,0
"me.umov.refill.util.ListUtils",16,4,4,6,1,0,0,3,0
"me.umov.refill.service.AbstractService",16,4,3,4,3,2,3,3,0
"me.umov.refill.fixture.MediaFixture",16,3,3,3,2,1,1,1,1
"me.umov.refill.reflection.ReflectionUtils",16,3,3,3,2,0,0,3,0
"me.umov.refill.model.customfield.CustomFieldSoyDTO",16,3,3,3,1,0,3,0,2
"me.umov.refill.injection.SessionFactoryProviderTest",15,2,2,2,4,0,0,0,0
"me.umov.refill.validator.MarkerValidator",15,2,2,3,1,1,2,3,1
"me.umov.refill.builder.widget.AbstractGaugeDataBuilder",15,2,1,2,4,1,1,2,0
"me.umov.refill.dao.GraphicDao",15,2,1,2,2,1,2,2,0
"me.umov.refill.types.WidgetFontSizeTest",14,1,1,1,5,0,0,0,0
"me.umov.refill.util.MediaIconHelper",14,1,1,2,2,1,0,1,0
"me.umov.refill.dao.AbstractOperationDao",14,1,1,1,4,1,3,2,1
"me.umov.refill.dao.AbstractChartDao",14,1,1,1,4,1,4,2,1
"me.umov.refill.dao.TypeResolver",13,2,2,2,2,0,1,0,1
"me.umov.refill.persistence.CustomPostgreSQLDialectTest",13,1,1,1,4,0,0,0,0
"me.umov.refill.service.TestService",13,1,0,1,4,3,0,4,1
"me.umov.refill.persistence.CustomPostgreSQLDialect",13,1,1,1,4,0,1,1,0
"me.umov.refill.util.TestUtils",12,2,2,3,1,0,0,1,0
"me.umov.refill.validator.RouteValidator",12,2,2,2,1,1,2,2,1
"me.umov.refill.model.column.FieldTypesTest",12,1,1,1,4,0,0,0,0
"me.umov.refill.dao.TestDao",12,1,1,1,3,1,2,2,1
"me.umov.refill.builder.widget.CustomEntitiesRowActionFactory",12,1,1,3,3,1,0,1,0
"me.umov.refill.dao.ActivityFieldDao",12,1,1,1,5,1,2,2,0
"me.umov.refill.fixture.OnlineFilterOptionFixture",11,2,2,2,1,1,4,1,1
"me.umov.refill.injection.InjectorCreator",11,1,1,2,2,0,1,0,1
"me.umov.refill.injection.DirectionsProvider",11,1,1,1,4,1,0,2,0
"me.umov.refill.service.ScheduleDBViewEnvironmentService",10,1,1,1,2,1,1,1,1
"me.umov.refill.dao.RouteDataDao",10,1,1,1,4,2,2,3,0
"me.umov.refill.geo.GeoProcessor",9,2,2,2,4,2,4,2,0
"me.umov.refill.persistence.BooleanCharacterType",9,1,1,1,1,0,0,1,1
"me.umov.refill.dao.CustomFieldDao",9,1,1,1,3,1,2,2,0
"me.umov.refill.dao.ScheduleDBViewEnvironmentDao",9,1,1,1,3,1,2,2,0
"me.umov.refill.types.handler.FilterTypeHandler",7,3,3,3,1,1,9,1,0
"me.umov.refill.builder.widget.customtable.ColumnDataBuilder",7,1,1,1,3,2,2,2,0
"me.umov.refill.core.AbstractWorkerTestMock",7,0,0,1,2,1,1,1,1
"me.umov.refill.model.Model",6,2,2,2,1,0,19,0,0
"me.umov.refill.builder.GraphicDataBuilder",6,1,1,1,2,2,6,2,0
"me.umov.refill.validator.Validator",4,1,1,1,0,0,3,0,0
"me.umov.refill.util.TestException",4,0,0,1,0,0,4,1,1
