[{"type":"me.umov.refill.model.Graphic","size":392,"dependencies":["me.umov.refill.model.column.CustomColumns","me.umov.refill.model.map.Marker","me.umov.refill.model.map.Route"]},{"type":"me.umov.refill.fixture.GraphicFixture","size":210,"dependencies":["me.umov.refill.model.column.CustomColumns","me.umov.refill.model.map.Marker","me.umov.refill.model.map.Route"]},{"type":"me.umov.refill.model.column.CustomColumnsTest","size":194,"dependencies":["me.umov.refill.fixture.EntityFixture","me.umov.refill.fixture.FieldFixture"]},{"type":"me.umov.refill.model.map.Marker","size":192,"dependencies":["me.umov.refill.model.Model","me.umov.refill.validator.MarkerValidator"]},{"type":"me.umov.refill.template.TemplateServiceTest","size":190,"dependencies":["me.umov.refill.model.Graphic","me.umov.refill.model.GraphicFilter","me.umov.refill.model.GraphicGroup","me.umov.refill.model.GraphicMetric","me.umov.refill.model.map.Route"]},{"type":"me.umov.refill.model.GraphicCache","size":179,"dependencies":["me.umov.refill.serialization.Serializer"]},{"type":"me.umov.refill.builder.widget.AbstractChartDataBuilderTest","size":178,"dependencies":["me.umov.refill.fixture.GraphicCacheFixture","me.umov.refill.fixture.GraphicFixture","me.umov.refill.fixture.GraphicGroupFixture","me.umov.refill.fixture.GraphicMetricFixture","me.umov.refill.fixture.OnlineFilterFixture","me.umov.refill.model.Graphic","me.umov.refill.model.GraphicCache","me.umov.refill.model.GraphicGroup","me.umov.refill.model.GraphicMetric","me.umov.refill.service.GraphicDataService"]},{"type":"me.umov.refill.template.SoyDataBuilderTest","size":173,"dependencies":["me.umov.refill.fixture.TestModelFixture","me.umov.refill.model.TestModel"]},{"type":"me.umov.refill.service.GraphicCacheServiceTest","size":168,"dependencies":["me.umov.refill.builder.DataBuilderFactory","me.umov.refill.builder.GraphicDataBuilder","me.umov.refill.dao.GraphicCacheDao","me.umov.refill.fixture.GraphicCacheFixture","me.umov.refill.fixture.GraphicFixture","me.umov.refill.model.Graphic","me.umov.refill.model.GraphicCache","me.umov.refill.serialization.Serializer"]},{"type":"me.umov.refill.serialization.SerializerTest","size":164,"dependencies":["me.umov.refill.fixture.GraphicDataRowFixture","me.umov.refill.fixture.GraphicFilterFixture","me.umov.refill.fixture.GraphicFixture","me.umov.refill.fixture.GraphicGroupFixture","me.umov.refill.fixture.GraphicMetricFixture","me.umov.refill.model.Graphic","me.umov.refill.model.GraphicDataRow","me.umov.refill.model.GraphicFilter","me.umov.refill.model.GraphicGroup","me.umov.refill.model.GraphicMetric","me.umov.refill.model.OnlineFilter"]},{"type":"me.umov.refill.builder.widget.customtable.EntitiesCustomColumnTest","size":156,"dependencies":["me.umov.refill.fixture.CustomColumnsFixture","me.umov.refill.fixture.CustomFieldFixture","me.umov.refill.fixture.EntityFixture","me.umov.refill.fixture.FieldFixture","me.umov.refill.model.TableColumnData","me.umov.refill.model.column.CustomColumns","me.umov.refill.model.column.Entity","me.umov.refill.model.column.Field","me.umov.refill.model.customfield.CustomField","me.umov.refill.service.CustomFieldService"]},{"type":"me.umov.refill.builder.widget.AbstractChartDataBuilder","size":152,"dependencies":["me.umov.refill.builder.GraphicDataBuilder","me.umov.refill.model.Graphic","me.umov.refill.model.GraphicCache","me.umov.refill.model.GraphicGroup","me.umov.refill.model.GraphicMetric","me.umov.refill.model.OnlineFilter","me.umov.refill.service.GraphicDataService"]},{"type":"me.umov.refill.model.column.CustomColumns","size":149,"dependencies":[]},{"type":"me.umov.refill.dao.AbstractDaoTest","size":139,"dependencies":["me.umov.refill.model.TestModel"]},{"type":"me.umov.refill.service.GraphicDataServiceTest","size":135,"dependencies":["me.umov.refill.dao.GraphicDataDao","me.umov.refill.fixture.GraphicDataRowFixture","me.umov.refill.fixture.GraphicFixture","me.umov.refill.fixture.MarkerFixture","me.umov.refill.fixture.OnlineFilterOptionFixture","me.umov.refill.fixture.RouteFixture","me.umov.refill.model.Graphic","me.umov.refill.model.GraphicDataRow","me.umov.refill.model.OnlineFilterOption","me.umov.refill.model.map.Marker","me.umov.refill.model.map.Route","me.umov.refill.template.TemplateService"]},{"type":"me.umov.refill.model.TableColumnData","size":133,"dependencies":[]},{"type":"me.umov.refill.builder.widget.CustomTableDataBuilderTest","size":133,"dependencies":["me.umov.refill.builder.widget.customtable.TableColumnDataBuilder","me.umov.refill.model.Graphic","me.umov.refill.model.GraphicCache","me.umov.refill.model.GraphicDataRow","me.umov.refill.model.column.CustomColumns","me.umov.refill.model.column.Entity","me.umov.refill.model.column.Field","me.umov.refill.serialization.Serializer"]},{"type":"me.umov.refill.model.GraphicFilter","size":129,"dependencies":[]},{"type":"me.umov.refill.dao.AbstractDao","size":124,"dependencies":["me.umov.refill.model.Model","me.umov.refill.persistence.LongArrayType"]},{"type":"me.umov.refill.dao.AbstractDaoMock","size":124,"dependencies":["me.umov.refill.model.Model"]},{"type":"me.umov.refill.builder.widget.customtable.ActivityCustomColumnTest","size":116,"dependencies":["me.umov.refill.fixture.ActivityFieldFixture","me.umov.refill.fixture.CustomColumnsFixture","me.umov.refill.fixture.EntityFixture","me.umov.refill.fixture.FieldFixture","me.umov.refill.model.TableColumnData","me.umov.refill.model.activity.ActivityField","me.umov.refill.model.column.CustomColumns","me.umov.refill.model.column.Entity","me.umov.refill.model.column.Field","me.umov.refill.service.ActivityFieldService"]},{"type":"me.umov.refill.builder.map.AbstractMapDataBuilderTest","size":113,"dependencies":["me.umov.refill.fixture.GraphicCacheFixture","me.umov.refill.fixture.GraphicFixture","me.umov.refill.fixture.MarkerFixture","me.umov.refill.fixture.OnlineFilterFixture","me.umov.refill.fixture.OnlineFilterOptionFixture","me.umov.refill.fixture.RouteFixture","me.umov.refill.model.Graphic","me.umov.refill.model.GraphicCache","me.umov.refill.model.OnlineFilter","me.umov.refill.model.OnlineFilterOption","me.umov.refill.model.map.Marker","me.umov.refill.model.map.Route","me.umov.refill.serialization.Serializer","me.umov.refill.service.GraphicDataService"]},{"type":"me.umov.refill.service.GraphicCacheService","size":113,"dependencies":["me.umov.refill.builder.DataBuilderFactory","me.umov.refill.builder.GraphicDataBuilder","me.umov.refill.dao.AbstractDao","me.umov.refill.dao.GraphicCacheDao","me.umov.refill.model.Graphic","me.umov.refill.model.GraphicCache","me.umov.refill.serialization.Serializer"]},{"type":"me.umov.refill.builder.chart.ChartDataBuilderTest","size":102,"dependencies":["me.umov.refill.fixture.GraphicFixture","me.umov.refill.model.Graphic","me.umov.refill.model.GraphicCache","me.umov.refill.model.GraphicDataRow","me.umov.refill.serialization.Serializer","me.umov.refill.service.GraphicDataService"]},{"type":"me.umov.refill.core.GraphicUpdateWorkerTest","size":101,"dependencies":["me.umov.refill.builder.GraphicDataBuilder","me.umov.refill.fixture.GraphicCacheFixture","me.umov.refill.fixture.GraphicFixture","me.umov.refill.model.Graphic","me.umov.refill.model.GraphicCache","me.umov.refill.service.GraphicCacheService","me.umov.refill.service.GraphicService","me.umov.refill.service.ScheduleDBViewEnvironmentService","me.umov.refill.util.TestException"]},{"type":"me.umov.refill.builder.widget.CustomHistoryCardDataBuilderTest","size":101,"dependencies":["me.umov.refill.model.Graphic","me.umov.refill.model.GraphicCache","me.umov.refill.model.GraphicDataRow","me.umov.refill.model.column.CustomColumns","me.umov.refill.model.column.Entity","me.umov.refill.model.column.Field","me.umov.refill.serialization.Serializer"]},{"type":"me.umov.refill.model.GraphicCacheTest","size":99,"dependencies":["me.umov.refill.fixture.GraphicCacheFixture"]},{"type":"me.umov.refill.dao.GraphicCacheDao","size":99,"dependencies":["me.umov.refill.model.GraphicCache","me.umov.refill.persistence.OrderBySqlFormula"]},{"type":"me.umov.refill.builder.map.DeliveryTrackingMapDataBuilder","size":99,"dependencies":["me.umov.refill.model.Graphic","me.umov.refill.model.map.Marker","me.umov.refill.model.map.MarkerInfo","me.umov.refill.model.map.Route"]},{"type":"me.umov.refill.fixture.GraphicCacheFixture","size":97,"dependencies":["me.umov.refill.model.GraphicCache","me.umov.refill.model.OnlineFilter"]},{"type":"me.umov.refill.builder.map.TrackingMapDataBuilderTest","size":97,"dependencies":["me.umov.refill.builder.map.TrackingMapDataBuilder","me.umov.refill.fixture.GraphicFixture","me.umov.refill.fixture.GraphicIconFixture","me.umov.refill.fixture.MarkerFixture","me.umov.refill.model.Graphic","me.umov.refill.model.GraphicIcon","me.umov.refill.model.map.Marker"]},{"type":"me.umov.refill.builder.widget.CustomTableDataBuilder","size":94,"dependencies":["me.umov.refill.builder.widget.customtable.TableColumnDataBuilder","me.umov.refill.model.Graphic","me.umov.refill.model.GraphicCache","me.umov.refill.model.GraphicDataRow","me.umov.refill.model.TableColumnData","me.umov.refill.model.column.CustomColumns","me.umov.refill.serialization.Serializer"]},{"type":"me.umov.refill.dao.GraphicCacheDaoTest","size":94,"dependencies":["me.umov.refill.fixture.GraphicCacheFixture","me.umov.refill.model.GraphicCache"]},{"type":"me.umov.refill.model.GraphicGroup","size":89,"dependencies":[]},{"type":"me.umov.refill.core.GraphicUpdateQueueTest","size":89,"dependencies":[]},{"type":"me.umov.refill.model.GraphicMetric","size":87,"dependencies":[]},{"type":"me.umov.refill.core.Config","size":87,"dependencies":[]},{"type":"me.umov.refill.injection.TransactionManagerTest","size":87,"dependencies":[]},{"type":"me.umov.refill.model.CardData","size":86,"dependencies":[]},{"type":"me.umov.refill.model.column.Field","size":85,"dependencies":[]},{"type":"me.umov.refill.builder.DataBuilderFactoryTest","size":85,"dependencies":["me.umov.refill.builder.chart.ChartDataBuilder","me.umov.refill.builder.map.AgentTrackingMapDataBuilder","me.umov.refill.builder.map.DeliveryTrackingMapDataBuilder","me.umov.refill.builder.map.TrackingMapDataBuilder","me.umov.refill.fixture.GraphicCacheFixture","me.umov.refill.fixture.GraphicFixture","me.umov.refill.model.Graphic","me.umov.refill.model.GraphicCache"]},{"type":"me.umov.refill.core.GraphicUpdateManagerTest","size":83,"dependencies":["me.umov.refill.service.GraphicCacheService","me.umov.refill.util.TestException"]},{"type":"me.umov.refill.model.OnlineFilter","size":80,"dependencies":[]},{"type":"me.umov.refill.serialization.GraphicDataRowSerializerTest","size":80,"dependencies":["me.umov.refill.fixture.GraphicDataRowFixture","me.umov.refill.model.GraphicDataRow"]},{"type":"me.umov.refill.persistence.PersistenceHelperTest","size":79,"dependencies":["me.umov.refill.model.map.MarkerInfo"]},{"type":"me.umov.refill.template.SoyDataBuilder","size":78,"dependencies":[]},{"type":"me.umov.refill.reflection.ReflectionUtilsTest","size":77,"dependencies":["me.umov.refill.model.TestModel"]},{"type":"me.umov.refill.builder.map.AbstractMapDataBuilder","size":76,"dependencies":["me.umov.refill.builder.GraphicDataBuilder","me.umov.refill.serialization.Serializer","me.umov.refill.service.GraphicDataService"]},{"type":"me.umov.refill.model.activity.ActivityField","size":75,"dependencies":["me.umov.refill.model.Model"]},{"type":"me.umov.refill.builder.widget.AbstractCardDataBuilderTest","size":75,"dependencies":["me.umov.refill.fixture.GraphicCacheFixture","me.umov.refill.fixture.GraphicDataRowFixture","me.umov.refill.fixture.GraphicFixture","me.umov.refill.model.Graphic","me.umov.refill.model.GraphicCache","me.umov.refill.service.GraphicDataService"]},{"type":"me.umov.refill.model.map.MarkerInfo","size":73,"dependencies":[]},{"type":"me.umov.refill.fixture.MarkerFixture","size":72,"dependencies":["me.umov.refill.model.map.Marker","me.umov.refill.model.map.MarkerInfo"]},{"type":"me.umov.refill.fixture.ActivityFieldFixture","size":72,"dependencies":["me.umov.refill.model.activity.ActivityField"]},{"type":"me.umov.refill.builder.widget.AbstractTableDataBuilderTest","size":71,"dependencies":["me.umov.refill.fixture.GraphicCacheFixture","me.umov.refill.fixture.GraphicDataRowFixture","me.umov.refill.fixture.GraphicFixture","me.umov.refill.model.Graphic","me.umov.refill.model.GraphicCache","me.umov.refill.model.TableColumnData","me.umov.refill.service.GraphicDataService"]},{"type":"me.umov.refill.fixture.GraphicFilterFixture","size":70,"dependencies":["me.umov.refill.model.GraphicFilter"]},{"type":"me.umov.refill.core.ConfigTest","size":70,"dependencies":[]},{"type":"me.umov.refill.builder.widget.CustomHistoryCardDataBuilder","size":70,"dependencies":["me.umov.refill.model.Graphic","me.umov.refill.model.GraphicCache","me.umov.refill.serialization.Serializer"]},{"type":"me.umov.refill.fixture.GraphicGroupFixture","size":69,"dependencies":["me.umov.refill.model.GraphicGroup"]},{"type":"me.umov.refill.service.GraphicDataService","size":69,"dependencies":["me.umov.refill.dao.GraphicDataDao","me.umov.refill.model.Graphic","me.umov.refill.model.GraphicDataRow","me.umov.refill.model.GraphicFilter","me.umov.refill.model.OnlineFilterOption","me.umov.refill.model.map.Marker","me.umov.refill.model.map.Route","me.umov.refill.template.TemplateService"]},{"type":"me.umov.refill.model.map.Route","size":68,"dependencies":["me.umov.refill.model.Model","me.umov.refill.validator.RouteValidator"]},{"type":"me.umov.refill.builder.widget.customtable.ItemCustomColumnTest","size":68,"dependencies":["me.umov.refill.fixture.CustomColumnsFixture","me.umov.refill.fixture.CustomFieldFixture","me.umov.refill.fixture.EntityFixture","me.umov.refill.fixture.FieldFixture","me.umov.refill.model.TableColumnData","me.umov.refill.model.column.CustomColumns","me.umov.refill.model.column.Entity","me.umov.refill.model.column.Field","me.umov.refill.model.customfield.CustomField","me.umov.refill.service.CustomFieldService"]},{"type":"me.umov.refill.model.customfield.CustomField","size":66,"dependencies":["me.umov.refill.model.Model"]},{"type":"me.umov.refill.builder.map.AbstractMapRouteDataBuilderTest","size":66,"dependencies":["me.umov.refill.builder.map.AbstractMapRouteDataBuilder","me.umov.refill.fixture.GraphicFixture","me.umov.refill.fixture.RouteFixture","me.umov.refill.geo.GeoProcessor","me.umov.refill.model.Graphic","me.umov.refill.model.map.Route","me.umov.refill.service.RouteDataService"]},{"type":"me.umov.refill.persistence.ArrayAsListType","size":65,"dependencies":[]},{"type":"me.umov.refill.builder.widget.AgentDailyResumeTableDataBuilderTest","size":63,"dependencies":["me.umov.refill.fixture.GraphicCacheFixture","me.umov.refill.fixture.GraphicFixture","me.umov.refill.fixture.OnlineFilterFixture","me.umov.refill.model.Graphic","me.umov.refill.model.GraphicCache","me.umov.refill.model.OnlineFilter","me.umov.refill.model.column.CustomColumns","me.umov.refill.serialization.Serializer"]},{"type":"me.umov.refill.model.ChartData","size":62,"dependencies":[]},{"type":"me.umov.refill.persistence.IntervalAsStringType","size":61,"dependencies":[]},{"type":"me.umov.refill.persistence.JsonAsStringType","size":61,"dependencies":[]},{"type":"me.umov.refill.builder.widget.AllTasksDataBuilder","size":61,"dependencies":["me.umov.refill.model.Graphic","me.umov.refill.model.TableColumnData"]},{"type":"me.umov.refill.fixture.CustomFieldFixture","size":60,"dependencies":["me.umov.refill.model.customfield.CustomField"]},{"type":"me.umov.refill.model.map.MarkerTest","size":60,"dependencies":["me.umov.refill.fixture.MarkerFixture"]},{"type":"me.umov.refill.service.AttemptServiceTest","size":60,"dependencies":["me.umov.refill.core.Config","me.umov.refill.fixture.GraphicCacheFixture","me.umov.refill.model.GraphicCache"]},{"type":"me.umov.refill.model.AgentDataRow","size":59,"dependencies":[]},{"type":"me.umov.refill.persistence.LongArrayType","size":59,"dependencies":[]},{"type":"me.umov.refill.core.ProcessTest","size":59,"dependencies":["me.umov.refill.util.TestException"]},{"type":"me.umov.refill.fixture.GraphicMetricFixture","size":57,"dependencies":["me.umov.refill.model.GraphicMetric"]},{"type":"me.umov.refill.builder.map.AgentTrackingMapDataBuilderTest","size":57,"dependencies":["me.umov.refill.builder.map.AgentTrackingMapDataBuilder","me.umov.refill.fixture.GraphicFixture","me.umov.refill.fixture.MarkerFixture","me.umov.refill.model.Graphic","me.umov.refill.model.map.Marker"]},{"type":"me.umov.refill.dao.GraphicDataDaoTest","size":56,"dependencies":["me.umov.refill.fixture.GraphicFixture","me.umov.refill.fixture.MarkerFixture","me.umov.refill.fixture.OnlineFilterOptionFixture","me.umov.refill.fixture.RouteFixture","me.umov.refill.model.Graphic","me.umov.refill.model.GraphicDataRow","me.umov.refill.model.OnlineFilterOption","me.umov.refill.model.map.Marker","me.umov.refill.model.map.Route"]},{"type":"me.umov.refill.geo.CabralGeoProcessorTest","size":56,"dependencies":["me.umov.refill.model.map.Marker","me.umov.refill.model.map.Route"]},{"type":"me.umov.refill.util.Miscellaneous","size":55,"dependencies":[]},{"type":"me.umov.refill.types.GraphicEntityTest","size":55,"dependencies":[]},{"type":"me.umov.refill.interceptor.TransactionInterceptorTest","size":55,"dependencies":["me.umov.refill.injection.TransactionManager","me.umov.refill.util.TestException"]},{"type":"me.umov.refill.builder.widget.NextTasksForExecutionDataBuilder","size":55,"dependencies":["me.umov.refill.model.Graphic","me.umov.refill.model.TableColumnData"]},{"type":"me.umov.refill.RefillTest","size":55,"dependencies":["me.umov.refill.core.GraphicRemovalManager","me.umov.refill.core.GraphicUpdateManager","me.umov.refill.core.ShutdownSigner","me.umov.refill.injection.InjectorCreator"]},{"type":"me.umov.refill.builder.widget.customtable.EntitiesCustomColumn","size":54,"dependencies":["me.umov.refill.model.TableColumnData","me.umov.refill.model.column.CustomColumns","me.umov.refill.model.column.Field","me.umov.refill.model.customfield.CustomField","me.umov.refill.service.CustomFieldService"]},{"type":"me.umov.refill.persistence.PersistenceHelper","size":53,"dependencies":["me.umov.refill.model.map.MarkerInfo"]},{"type":"me.umov.refill.builder.widget.ActivityExecutionsPerTypeDataBuilder","size":53,"dependencies":["me.umov.refill.model.ChartData","me.umov.refill.model.Graphic","me.umov.refill.model.GraphicCache","me.umov.refill.model.GraphicGroup","me.umov.refill.model.GraphicMetric"]},{"type":"me.umov.refill.builder.widget.ImageCollectedPerActivityDataBuilder","size":53,"dependencies":["me.umov.refill.model.ChartData","me.umov.refill.model.Graphic","me.umov.refill.model.GraphicCache","me.umov.refill.model.GraphicGroup","me.umov.refill.model.GraphicMetric"]},{"type":"me.umov.refill.builder.widget.PeopleWithAndWithoutExecutionsDataBuilder","size":53,"dependencies":["me.umov.refill.model.ChartData","me.umov.refill.model.Graphic","me.umov.refill.model.GraphicCache","me.umov.refill.model.GraphicGroup","me.umov.refill.model.GraphicMetric"]},{"type":"me.umov.refill.builder.widget.CustomEntitiesTableDataBuilderTest","size":53,"dependencies":["me.umov.refill.fixture.GraphicCacheFixture","me.umov.refill.fixture.GraphicFixture","me.umov.refill.fixture.OnlineFilterFixture","me.umov.refill.model.Graphic","me.umov.refill.model.GraphicCache","me.umov.refill.model.OnlineFilter","me.umov.refill.model.column.CustomColumns","me.umov.refill.serialization.Serializer"]},{"type":"me.umov.refill.model.builder.TableDataBuilderTest","size":52,"dependencies":["me.umov.refill.fixture.GraphicDataRowFixture","me.umov.refill.fixture.TableColumnDataFixture","me.umov.refill.model.GraphicDataRow","me.umov.refill.model.TableColumnData","me.umov.refill.model.TableData"]},{"type":"me.umov.refill.builder.widget.AbstractCardDataBuilder","size":51,"dependencies":["me.umov.refill.model.CardData","me.umov.refill.model.Graphic","me.umov.refill.model.GraphicCache","me.umov.refill.model.GraphicMetric"]},{"type":"me.umov.refill.model.TestModel","size":50,"dependencies":[]},{"type":"me.umov.refill.persistence.GraphicDataRowResultTransformerTest","size":50,"dependencies":["me.umov.refill.model.GraphicDataRow"]},{"type":"me.umov.refill.geo.DirectionsServiceTest","size":50,"dependencies":["me.umov.refill.model.map.Marker"]},{"type":"me.umov.refill.model.column.Entity","size":49,"dependencies":[]},{"type":"me.umov.refill.model.GraphicIcon","size":48,"dependencies":[]},{"type":"me.umov.refill.Refill","size":48,"dependencies":["me.umov.refill.core.GraphicRemovalManager","me.umov.refill.core.GraphicUpdateManager","me.umov.refill.core.ShutdownSigner"]},{"type":"me.umov.refill.fixture.GraphicDataRowFixture","size":47,"dependencies":["me.umov.refill.model.GraphicDataRow"]},{"type":"me.umov.refill.model.TableData","size":47,"dependencies":[]},{"type":"me.umov.refill.core.GraphicUpdateQueue","size":47,"dependencies":[]},{"type":"me.umov.refill.builder.widget.TotalDisplacementDataBuilder","size":47,"dependencies":["me.umov.refill.model.Graphic"]},{"type":"me.umov.refill.validator.GeoCoordinateValidatorTest","size":46,"dependencies":[]},{"type":"me.umov.refill.builder.widget.TeamAgentLogDataBuilder","size":46,"dependencies":["me.umov.refill.model.Graphic","me.umov.refill.model.TableColumnData"]},{"type":"me.umov.refill.builder.widget.AgentTasksBySituation","size":46,"dependencies":["me.umov.refill.model.ChartData","me.umov.refill.model.Graphic","me.umov.refill.model.GraphicCache","me.umov.refill.model.GraphicGroup","me.umov.refill.model.GraphicMetric"]},{"type":"me.umov.refill.model.TableColumnDataTest","size":46,"dependencies":[]},{"type":"me.umov.refill.service.CustomFieldServiceTest","size":46,"dependencies":["me.umov.refill.dao.CustomFieldDao","me.umov.refill.fixture.CustomFieldFixture","me.umov.refill.model.customfield.CustomField","me.umov.refill.model.customfield.CustomFieldSoyDTO","me.umov.refill.template.TemplateService"]},{"type":"me.umov.refill.model.Metric","size":45,"dependencies":[]},{"type":"me.umov.refill.core.Process","size":45,"dependencies":[]},{"type":"me.umov.refill.builder.widget.AverageExecutionTimeDataBuilder","size":45,"dependencies":["me.umov.refill.model.Graphic"]},{"type":"me.umov.refill.builder.widget.AgentsMobileVersionDataBuilder","size":45,"dependencies":["me.umov.refill.model.ChartData","me.umov.refill.model.Graphic","me.umov.refill.model.GraphicCache","me.umov.refill.model.GraphicGroup","me.umov.refill.model.GraphicMetric"]},{"type":"me.umov.refill.builder.widget.AgentTasksPercentageBySituation","size":45,"dependencies":["me.umov.refill.model.ChartData","me.umov.refill.model.Graphic","me.umov.refill.model.GraphicCache","me.umov.refill.model.GraphicGroup","me.umov.refill.model.GraphicMetric"]},{"type":"me.umov.refill.builder.widget.OnlineOfflineAgentsDataBuilder","size":45,"dependencies":["me.umov.refill.model.ChartData","me.umov.refill.model.Graphic","me.umov.refill.model.GraphicCache","me.umov.refill.model.GraphicGroup","me.umov.refill.model.GraphicMetric"]},{"type":"me.umov.refill.builder.map.TrackingMapDataBuilder","size":45,"dependencies":["me.umov.refill.model.Graphic","me.umov.refill.model.map.Marker","me.umov.refill.model.map.Route"]},{"type":"me.umov.refill.service.ActivityFieldServiceTest","size":45,"dependencies":["me.umov.refill.dao.ActivityFieldDao","me.umov.refill.fixture.ActivityFieldFixture","me.umov.refill.model.activity.ActivityField","me.umov.refill.model.activity.ActivityFieldSoyDTO","me.umov.refill.template.TemplateService"]},{"type":"me.umov.refill.template.TemplateService","size":44,"dependencies":["me.umov.refill.model.Graphic","me.umov.refill.model.activity.ActivityFieldSoyDTO","me.umov.refill.model.customfield.CustomFieldSoyDTO","me.umov.refill.model.map.Route"]},{"type":"me.umov.refill.builder.widget.LastExecutedTasksDataBuilder","size":44,"dependencies":["me.umov.refill.model.Graphic","me.umov.refill.model.TableColumnData"]},{"type":"me.umov.refill.builder.widget.CustomEntitiesTableDataBuilder","size":44,"dependencies":["me.umov.refill.model.Graphic","me.umov.refill.model.GraphicCache"]},{"type":"me.umov.refill.builder.widget.AgentsWithoutExecutionsDataBuilder","size":44,"dependencies":["me.umov.refill.model.Graphic","me.umov.refill.model.TableColumnData"]},{"type":"me.umov.refill.builder.widget.AgentsWithExecutionsDataBuilder","size":43,"dependencies":["me.umov.refill.model.Graphic","me.umov.refill.model.TableColumnData"]},{"type":"me.umov.refill.builder.widget.LocalsWithExecutionsDataBuilder","size":43,"dependencies":["me.umov.refill.model.Graphic","me.umov.refill.model.TableColumnData"]},{"type":"me.umov.refill.builder.widget.AgentExecutedActivitiesDataBuilder","size":43,"dependencies":["me.umov.refill.model.ChartData","me.umov.refill.model.Graphic","me.umov.refill.model.GraphicCache","me.umov.refill.model.GraphicGroup","me.umov.refill.model.GraphicMetric"]},{"type":"me.umov.refill.builder.widget.TaskExecutedInWeekDataBuilder","size":42,"dependencies":["me.umov.refill.model.ChartData","me.umov.refill.model.Graphic","me.umov.refill.model.GraphicCache","me.umov.refill.model.GraphicGroup","me.umov.refill.model.GraphicMetric"]},{"type":"me.umov.refill.builder.widget.TaskExecutionsPerTeamDataBuilder","size":42,"dependencies":["me.umov.refill.model.ChartData","me.umov.refill.model.Graphic","me.umov.refill.model.GraphicCache","me.umov.refill.model.GraphicGroup","me.umov.refill.model.GraphicMetric"]},{"type":"me.umov.refill.builder.widget.AgentExecutedTasksDataBuilder","size":42,"dependencies":["me.umov.refill.model.ChartData","me.umov.refill.model.Graphic","me.umov.refill.model.GraphicCache","me.umov.refill.model.GraphicGroup","me.umov.refill.model.GraphicMetric"]},{"type":"me.umov.refill.builder.widget.TopFiveVisitedLocalsDataBuilder","size":42,"dependencies":["me.umov.refill.model.ChartData","me.umov.refill.model.Graphic","me.umov.refill.model.GraphicCache","me.umov.refill.model.GraphicGroup","me.umov.refill.model.GraphicMetric"]},{"type":"me.umov.refill.builder.widget.TasksPerSituationDataBuilder","size":42,"dependencies":["me.umov.refill.model.ChartData","me.umov.refill.model.Graphic","me.umov.refill.model.GraphicCache","me.umov.refill.model.GraphicGroup","me.umov.refill.model.GraphicMetric"]},{"type":"me.umov.refill.builder.widget.ActivityExecutionsPerTimeDataBuilder","size":42,"dependencies":["me.umov.refill.model.ChartData","me.umov.refill.model.Graphic","me.umov.refill.model.GraphicCache","me.umov.refill.model.GraphicGroup","me.umov.refill.model.GraphicMetric"]},{"type":"me.umov.refill.builder.widget.TaskExecutionsPerTimeDataBuilder","size":42,"dependencies":["me.umov.refill.model.ChartData","me.umov.refill.model.Graphic","me.umov.refill.model.GraphicCache","me.umov.refill.model.GraphicGroup","me.umov.refill.model.GraphicMetric"]},{"type":"me.umov.refill.builder.widget.ActivityExecutionsDataBuilder","size":42,"dependencies":["me.umov.refill.model.ChartData","me.umov.refill.model.Graphic","me.umov.refill.model.GraphicCache","me.umov.refill.model.GraphicGroup","me.umov.refill.model.GraphicMetric"]},{"type":"me.umov.refill.service.AbstractServiceTest","size":42,"dependencies":["me.umov.refill.dao.TestDao","me.umov.refill.model.TestModel"]},{"type":"me.umov.refill.core.ShutdownSigner","size":41,"dependencies":[]},{"type":"me.umov.refill.builder.widget.AgentDailyHoursDataBuilder","size":41,"dependencies":["me.umov.refill.model.Graphic","me.umov.refill.model.TableColumnData"]},{"type":"me.umov.refill.builder.widget.LocalsWithCheckoutExecutedDataBuilder","size":41,"dependencies":["me.umov.refill.model.Graphic"]},{"type":"me.umov.refill.builder.widget.AgentDailyResumeTableDataBuilder","size":41,"dependencies":["me.umov.refill.model.Graphic","me.umov.refill.model.GraphicCache"]},{"type":"me.umov.refill.builder.widget.LocalsWithAndWithoutExecutionsDataBuilder","size":41,"dependencies":["me.umov.refill.model.ChartData","me.umov.refill.model.Graphic","me.umov.refill.model.GraphicCache","me.umov.refill.model.GraphicGroup","me.umov.refill.model.GraphicMetric"]},{"type":"me.umov.refill.builder.widget.PeopleWithExecutedActivitiesDataBuilder","size":41,"dependencies":["me.umov.refill.model.Graphic"]},{"type":"me.umov.refill.service.GraphicServiceTest","size":41,"dependencies":["me.umov.refill.dao.GraphicDao","me.umov.refill.fixture.GraphicCacheFixture","me.umov.refill.fixture.GraphicFixture","me.umov.refill.model.Graphic","me.umov.refill.model.GraphicCache"]},{"type":"me.umov.refill.model.column.EntityTest","size":41,"dependencies":["me.umov.refill.fixture.EntityFixture","me.umov.refill.fixture.FieldFixture"]},{"type":"me.umov.refill.core.GraphicUpdateWorker","size":41,"dependencies":["me.umov.refill.model.GraphicCache","me.umov.refill.service.GraphicCacheService"]},{"type":"me.umov.refill.builder.widget.customtable.ActivityCustomColumn","size":41,"dependencies":["me.umov.refill.model.TableColumnData","me.umov.refill.model.activity.ActivityField","me.umov.refill.model.column.CustomColumns","me.umov.refill.model.column.Field","me.umov.refill.service.ActivityFieldService"]},{"type":"me.umov.refill.model.map.MarkerInfoTest","size":41,"dependencies":[]},{"type":"me.umov.refill.builder.map.AbstractMapRouteDataBuilder","size":40,"dependencies":["me.umov.refill.geo.GeoProcessor","me.umov.refill.model.Graphic","me.umov.refill.model.map.Route","me.umov.refill.service.RouteDataService"]},{"type":"me.umov.refill.core.GraphicUpdateManager","size":40,"dependencies":["me.umov.refill.service.GraphicCacheService"]},{"type":"me.umov.refill.persistence.RouteResultTransformerTest","size":40,"dependencies":["me.umov.refill.model.map.Marker","me.umov.refill.model.map.Route"]},{"type":"me.umov.refill.persistence.ArrayAsListTypeTest","size":40,"dependencies":[]},{"type":"me.umov.refill.builder.widget.CustomEntitiesRowActionFactoryTest","size":40,"dependencies":["me.umov.refill.fixture.CustomColumnsFixture","me.umov.refill.fixture.EntityFixture","me.umov.refill.fixture.FieldFixture","me.umov.refill.fixture.GraphicFixture","me.umov.refill.model.Graphic","me.umov.refill.model.column.CustomColumns","me.umov.refill.model.column.Entity","me.umov.refill.model.column.Field"]},{"type":"me.umov.refill.builder.widget.TasksWithoutCheckOutDataBuilder","size":39,"dependencies":["me.umov.refill.model.Graphic","me.umov.refill.model.TableColumnData"]},{"type":"me.umov.refill.builder.widget.AgentsManagementDataBuilder","size":39,"dependencies":["me.umov.refill.model.Graphic","me.umov.refill.model.TableColumnData"]},{"type":"me.umov.refill.builder.widget.TeamsManagementDataBuilder","size":39,"dependencies":["me.umov.refill.model.Graphic","me.umov.refill.model.TableColumnData"]},{"type":"me.umov.refill.core.ShutdownSignerTest","size":39,"dependencies":[]},{"type":"me.umov.refill.geo.CabralGeoProcessor","size":39,"dependencies":["me.umov.refill.model.map.Marker","me.umov.refill.model.map.Route"]},{"type":"me.umov.refill.injection.TransactionManager","size":38,"dependencies":[]},{"type":"me.umov.refill.model.builder.TableDataBuilder","size":38,"dependencies":["me.umov.refill.model.GraphicDataRow","me.umov.refill.model.TableColumnData","me.umov.refill.model.TableData"]},{"type":"me.umov.refill.builder.widget.MapTaskExecutionDataBuilderTest","size":38,"dependencies":[]},{"type":"me.umov.refill.builder.map.AgentTrackingMapDataBuilder","size":38,"dependencies":["me.umov.refill.model.Graphic","me.umov.refill.model.map.Marker"]},{"type":"me.umov.refill.builder.widget.customtable.TableColumnDataBuilderTest","size":38,"dependencies":["me.umov.refill.fixture.CustomColumnsFixture","me.umov.refill.fixture.TableColumnDataFixture","me.umov.refill.model.TableColumnData","me.umov.refill.model.column.CustomColumns"]},{"type":"me.umov.refill.serialization.GraphicDataRowSerializer","size":38,"dependencies":["me.umov.refill.model.GraphicDataRow"]},{"type":"me.umov.refill.core.GraphicRemovalManagerTest","size":37,"dependencies":["me.umov.refill.service.GraphicCacheService"]},{"type":"me.umov.refill.builder.chart.ChartDataBuilder","size":37,"dependencies":["me.umov.refill.builder.GraphicDataBuilder","me.umov.refill.model.Graphic","me.umov.refill.model.GraphicCache","me.umov.refill.model.GraphicDataRow","me.umov.refill.service.GraphicDataService"]},{"type":"me.umov.refill.fixture.RouteFixture","size":36,"dependencies":["me.umov.refill.model.map.Marker","me.umov.refill.model.map.Route"]},{"type":"me.umov.refill.model.ScheduleDBViewEnvironment","size":36,"dependencies":[]},{"type":"me.umov.refill.builder.widget.AverageExecutedTasksPerAgentDataBuilder","size":36,"dependencies":[]},{"type":"me.umov.refill.builder.widget.VisitedLocalsDataBuilder","size":36,"dependencies":[]},{"type":"me.umov.refill.service.RouteDataServiceTest","size":36,"dependencies":["me.umov.refill.dao.RouteDataDao","me.umov.refill.fixture.RouteFixture","me.umov.refill.model.map.Route","me.umov.refill.template.TemplateService"]},{"type":"me.umov.refill.geo.DirectionsService","size":36,"dependencies":["me.umov.refill.model.map.Marker"]},{"type":"me.umov.refill.builder.widget.AgentPerformanceDataBuilder","size":34,"dependencies":["me.umov.refill.model.Graphic","me.umov.refill.model.GraphicCache"]},{"type":"me.umov.refill.injection.SessionFactoryManagerTest","size":34,"dependencies":[]},{"type":"me.umov.refill.serialization.Serializer","size":34,"dependencies":["me.umov.refill.model.GraphicDataRow","me.umov.refill.model.OnlineFilter","me.umov.refill.model.column.CustomColumns"]},{"type":"me.umov.refill.persistence.RouteResultTransformer","size":34,"dependencies":["me.umov.refill.model.map.Marker","me.umov.refill.model.map.Route"]},{"type":"me.umov.refill.model.OnlineFilterOption","size":33,"dependencies":[]},{"type":"me.umov.refill.fixture.FieldFixture","size":33,"dependencies":["me.umov.refill.model.column.Field"]},{"type":"me.umov.refill.builder.widget.TaskExecutionGaugeDataBuilder","size":33,"dependencies":["me.umov.refill.model.Graphic"]},{"type":"me.umov.refill.builder.widget.AgentTasksBySituationTable","size":33,"dependencies":["me.umov.refill.model.TableColumnData"]},{"type":"me.umov.refill.dao.ScheduleDBViewEnvironmentDaoTest","size":33,"dependencies":["me.umov.refill.model.ScheduleDBViewEnvironment"]},{"type":"me.umov.refill.fixture.CustomColumnsFixture","size":32,"dependencies":["me.umov.refill.model.column.CustomColumns","me.umov.refill.model.column.Entity"]},{"type":"me.umov.refill.types.RouteTransportModeTest","size":32,"dependencies":[]},{"type":"me.umov.refill.builder.widget.AbstractTableDataBuilder","size":32,"dependencies":["me.umov.refill.model.Graphic","me.umov.refill.model.GraphicCache","me.umov.refill.model.GraphicMetric","me.umov.refill.model.TableColumnData","me.umov.refill.model.builder.TableDataBuilder"]},{"type":"me.umov.refill.builder.widget.DailyExecutedActivitiesDataBuilder","size":32,"dependencies":["me.umov.refill.model.Graphic","me.umov.refill.model.TableColumnData"]},{"type":"me.umov.refill.builder.widget.CustomHistoryTableDataBuilderTest","size":32,"dependencies":["me.umov.refill.builder.widget.customtable.TableColumnDataBuilder","me.umov.refill.model.TableColumnData"]},{"type":"me.umov.refill.dao.GraphicDataDao","size":31,"dependencies":["me.umov.refill.model.GraphicDataRow","me.umov.refill.model.OnlineFilterOption","me.umov.refill.model.map.Marker","me.umov.refill.model.map.Route","me.umov.refill.persistence.GraphicDataRowResultTransformer","me.umov.refill.persistence.MarkerResultTransformer","me.umov.refill.persistence.RouteResultTransformer"]},{"type":"me.umov.refill.validator.MarkerValidatorTest","size":31,"dependencies":["me.umov.refill.fixture.MarkerFixture","me.umov.refill.model.map.Marker"]},{"type":"me.umov.refill.builder.widget.AgentsWithLessBatteryDataBuilder","size":31,"dependencies":["me.umov.refill.model.TableColumnData"]},{"type":"me.umov.refill.builder.widget.PeopleWithExecutedTasksDataBuilder","size":30,"dependencies":["me.umov.refill.model.Graphic"]},{"type":"me.umov.refill.builder.widget.LocalsWithTasksDataBuilder","size":30,"dependencies":["me.umov.refill.model.Graphic"]},{"type":"me.umov.refill.builder.widget.PeopleWithTasksDataBuilder","size":30,"dependencies":["me.umov.refill.model.Graphic"]},{"type":"me.umov.refill.builder.widget.LocalsWithoutExecuionsDataBuilder","size":30,"dependencies":["me.umov.refill.model.Graphic","me.umov.refill.model.TableColumnData"]},{"type":"me.umov.refill.util.ListUtilsTest","size":30,"dependencies":[]},{"type":"me.umov.refill.injection.InjectionModuleTest","size":30,"dependencies":[]},{"type":"me.umov.refill.model.customfield.CustomFieldTest","size":30,"dependencies":["me.umov.refill.fixture.CustomFieldFixture"]},{"type":"me.umov.refill.builder.widget.AgentTaskAgendaDataBuilder","size":30,"dependencies":["me.umov.refill.model.TableColumnData"]},{"type":"me.umov.refill.dao.GraphicDaoTest","size":30,"dependencies":["me.umov.refill.fixture.GraphicFixture","me.umov.refill.fixture.GraphicMetricFixture","me.umov.refill.model.Graphic"]},{"type":"me.umov.refill.builder.widget.TotalDistancePerDayDataBuilder","size":29,"dependencies":["me.umov.refill.model.TableColumnData"]},{"type":"me.umov.refill.builder.widget.TasksReturnedDataBuilder","size":29,"dependencies":["me.umov.refill.model.ChartData","me.umov.refill.model.Graphic"]},{"type":"me.umov.refill.builder.widget.AgentExecutedActivitiesPercentualTableDataBuilder","size":29,"dependencies":["me.umov.refill.model.TableColumnData"]},{"type":"me.umov.refill.builder.widget.AgentAndLocalWithPercentualTasksTableDataBuilder","size":29,"dependencies":["me.umov.refill.model.TableColumnData"]},{"type":"me.umov.refill.persistence.MarkerResultTransformer","size":29,"dependencies":["me.umov.refill.model.map.Marker"]},{"type":"me.umov.refill.validator.GeoCoordinateValidator","size":29,"dependencies":[]},{"type":"me.umov.refill.core.GraphicRemovalManager","size":29,"dependencies":["me.umov.refill.service.GraphicCacheService"]},{"type":"me.umov.refill.types.handler.DateEndOfDayTypeHandler","size":29,"dependencies":["me.umov.refill.model.OnlineFilter"]},{"type":"me.umov.refill.persistence.RouteTransportModeTransformer","size":28,"dependencies":[]},{"type":"me.umov.refill.builder.widget.ActivityNotExecutedDataBuilder","size":28,"dependencies":["me.umov.refill.model.TableColumnData"]},{"type":"me.umov.refill.validator.RouteValidatorTest","size":28,"dependencies":["me.umov.refill.fixture.MarkerFixture","me.umov.refill.fixture.RouteFixture","me.umov.refill.model.map.Marker","me.umov.refill.model.map.Route"]},{"type":"me.umov.refill.persistence.GraphicDataRowResultTransformer","size":28,"dependencies":["me.umov.refill.model.GraphicDataRow"]},{"type":"me.umov.refill.types.handler.DateTypeHandler","size":28,"dependencies":["me.umov.refill.model.OnlineFilter"]},{"type":"me.umov.refill.types.handler.DateAsDatetimeRangeTypeHandler","size":28,"dependencies":["me.umov.refill.model.OnlineFilter"]},{"type":"me.umov.refill.builder.widget.MapRouteExpectedXExecutedDataBuilder","size":28,"dependencies":[]},{"type":"me.umov.refill.fixture.TestModelFixture","size":27,"dependencies":["me.umov.refill.model.TestModel"]},{"type":"me.umov.refill.model.GraphicDataRow","size":27,"dependencies":[]},{"type":"me.umov.refill.builder.widget.AgentWithPercentualTasksTableDataBuilder","size":27,"dependencies":["me.umov.refill.model.TableColumnData"]},{"type":"me.umov.refill.builder.widget.CustomHistoryTableDataBuilder","size":27,"dependencies":["me.umov.refill.model.TableColumnData"]},{"type":"me.umov.refill.template.TemplateEngineTest","size":27,"dependencies":[]},{"type":"me.umov.refill.types.handler.CharArrayTypeHandler","size":27,"dependencies":["me.umov.refill.model.OnlineFilter"]},{"type":"me.umov.refill.types.handler.TimeRangeTypeHandler","size":27,"dependencies":["me.umov.refill.model.OnlineFilter"]},{"type":"me.umov.refill.builder.widget.AbstractGaugeDataBuilderTest","size":26,"dependencies":["me.umov.refill.fixture.GraphicFixture","me.umov.refill.model.Graphic"]},{"type":"me.umov.refill.service.ScheduleDBViewEnvironmentServiceTest","size":26,"dependencies":["me.umov.refill.dao.ScheduleDBViewEnvironmentDao"]},{"type":"me.umov.refill.types.handler.LongTypeHandler","size":25,"dependencies":["me.umov.refill.model.OnlineFilter"]},{"type":"me.umov.refill.fixture.EntityFixture","size":25,"dependencies":["me.umov.refill.model.column.Entity","me.umov.refill.model.column.Field"]},{"type":"me.umov.refill.template.TemplateEngine","size":25,"dependencies":[]},{"type":"me.umov.refill.builder.widget.TotalActivityExecutionsDataBuilder","size":25,"dependencies":[]},{"type":"me.umov.refill.builder.widget.TasksCancelledDataBuilder","size":25,"dependencies":[]},{"type":"me.umov.refill.builder.widget.TasksInFieldDataBuilder","size":25,"dependencies":[]},{"type":"me.umov.refill.builder.widget.TasksPendingDataBuilder","size":25,"dependencies":[]},{"type":"me.umov.refill.builder.widget.TasksInPreparationDataBuilder","size":25,"dependencies":[]},{"type":"me.umov.refill.builder.widget.ImageCollectedDataBuilder","size":25,"dependencies":[]},{"type":"me.umov.refill.builder.widget.ActivityExecutionGaugeDataBuilder","size":25,"dependencies":[]},{"type":"me.umov.refill.model.Media","size":25,"dependencies":[]},{"type":"me.umov.refill.types.handler.CharArrayTypeHandlerTest","size":25,"dependencies":["me.umov.refill.fixture.OnlineFilterFixture","me.umov.refill.model.OnlineFilter"]},{"type":"me.umov.refill.interceptor.TransactionInterceptor","size":25,"dependencies":["me.umov.refill.injection.TransactionManager"]},{"type":"me.umov.refill.injection.InjectionModule","size":25,"dependencies":["me.umov.refill.geo.CabralGeoProcessor","me.umov.refill.geo.GeoProcessor","me.umov.refill.interceptor.TransactionInterceptor"]},{"type":"me.umov.refill.types.handler.StringTypeHandler","size":24,"dependencies":["me.umov.refill.model.OnlineFilter"]},{"type":"me.umov.refill.builder.widget.TimelineExecutionDataBuilder","size":24,"dependencies":[]},{"type":"me.umov.refill.fixture.OnlineFilterFixture","size":23,"dependencies":["me.umov.refill.model.OnlineFilter"]},{"type":"me.umov.refill.fixture.GraphicIconFixture","size":23,"dependencies":["me.umov.refill.model.GraphicIcon","me.umov.refill.model.Media"]},{"type":"me.umov.refill.service.AttemptService","size":23,"dependencies":["me.umov.refill.core.Config","me.umov.refill.model.GraphicCache"]},{"type":"me.umov.refill.model.activity.ActivityFieldSoyDTO","size":23,"dependencies":[]},{"type":"me.umov.refill.injection.SessionFactoryProvider","size":23,"dependencies":[]},{"type":"me.umov.refill.util.DateTimeUtilsTest","size":23,"dependencies":[]},{"type":"me.umov.refill.persistence.MarkerResultTransformerTest","size":23,"dependencies":["me.umov.refill.model.map.Marker"]},{"type":"me.umov.refill.dao.RouteDataDaoTest","size":23,"dependencies":["me.umov.refill.model.map.Route","me.umov.refill.util.Miscellaneous"]},{"type":"me.umov.refill.service.ActivityFieldService","size":23,"dependencies":["me.umov.refill.dao.ActivityFieldDao","me.umov.refill.model.activity.ActivityField","me.umov.refill.model.activity.ActivityFieldSoyDTO","me.umov.refill.template.TemplateService"]},{"type":"me.umov.refill.persistence.OrderBySqlFormula","size":22,"dependencies":[]},{"type":"me.umov.refill.types.handler.AnyArrayTypeHandler","size":22,"dependencies":["me.umov.refill.model.OnlineFilter"]},{"type":"me.umov.refill.types.TableColumnTypeTest","size":22,"dependencies":[]},{"type":"me.umov.refill.builder.widget.TeamsManagementDataBuilderTest","size":22,"dependencies":["me.umov.refill.fixture.GraphicFixture","me.umov.refill.model.Graphic"]},{"type":"me.umov.refill.builder.widget.AgentsManagementDataBuilderTest","size":22,"dependencies":["me.umov.refill.fixture.GraphicFixture","me.umov.refill.model.Graphic"]},{"type":"me.umov.refill.service.GraphicService","size":22,"dependencies":["me.umov.refill.dao.AbstractDao","me.umov.refill.dao.GraphicDao","me.umov.refill.model.Graphic","me.umov.refill.model.GraphicCache"]},{"type":"me.umov.refill.injection.SessionFactoryManager","size":21,"dependencies":[]},{"type":"me.umov.refill.builder.widget.MapTaskExecutionDataBuilder","size":21,"dependencies":[]},{"type":"me.umov.refill.service.CustomFieldService","size":21,"dependencies":["me.umov.refill.dao.CustomFieldDao","me.umov.refill.model.customfield.CustomField","me.umov.refill.model.customfield.CustomFieldSoyDTO","me.umov.refill.template.TemplateService"]},{"type":"me.umov.refill.types.handler.LongArrayTypeHandler","size":20,"dependencies":["me.umov.refill.model.OnlineFilter"]},{"type":"me.umov.refill.builder.widget.customtable.TableColumnDataBuilder","size":20,"dependencies":["me.umov.refill.model.TableColumnData","me.umov.refill.model.column.CustomColumns"]},{"type":"me.umov.refill.injection.InjectorCreatorTest","size":19,"dependencies":[]},{"type":"me.umov.refill.types.handler.AnyArrayTypeHandlerTest","size":19,"dependencies":["me.umov.refill.fixture.OnlineFilterFixture","me.umov.refill.model.OnlineFilter"]},{"type":"me.umov.refill.builder.widget.AllTasksDataBuilderTest","size":19,"dependencies":["me.umov.refill.fixture.GraphicFixture","me.umov.refill.model.Graphic"]},{"type":"me.umov.refill.dao.TypeResolverTest","size":19,"dependencies":["me.umov.refill.model.TestModel"]},{"type":"me.umov.refill.util.FormatUtils","size":19,"dependencies":[]},{"type":"me.umov.refill.util.DateTimeUtils","size":19,"dependencies":[]},{"type":"me.umov.refill.builder.DataBuilderFactory","size":19,"dependencies":["me.umov.refill.model.Graphic","me.umov.refill.model.GraphicCache"]},{"type":"me.umov.refill.serialization.NotEmptyListAdapter","size":19,"dependencies":[]},{"type":"me.umov.refill.fixture.CardDataFixture","size":18,"dependencies":["me.umov.refill.model.CardData"]},{"type":"me.umov.refill.fixture.TableColumnDataFixture","size":18,"dependencies":["me.umov.refill.model.TableColumnData"]},{"type":"me.umov.refill.service.RouteDataService","size":18,"dependencies":["me.umov.refill.dao.RouteDataDao","me.umov.refill.model.map.Route","me.umov.refill.template.TemplateService"]},{"type":"me.umov.refill.builder.widget.HorizontalTimelineExecutionDataBuilder","size":17,"dependencies":[]},{"type":"me.umov.refill.util.ListUtils","size":16,"dependencies":[]},{"type":"me.umov.refill.service.AbstractService","size":16,"dependencies":["me.umov.refill.dao.AbstractDao","me.umov.refill.model.Model"]},{"type":"me.umov.refill.fixture.MediaFixture","size":16,"dependencies":["me.umov.refill.model.Media"]},{"type":"me.umov.refill.reflection.ReflectionUtils","size":16,"dependencies":[]},{"type":"me.umov.refill.model.customfield.CustomFieldSoyDTO","size":16,"dependencies":[]},{"type":"me.umov.refill.injection.SessionFactoryProviderTest","size":15,"dependencies":[]},{"type":"me.umov.refill.validator.MarkerValidator","size":15,"dependencies":["me.umov.refill.model.map.Marker"]},{"type":"me.umov.refill.builder.widget.AbstractGaugeDataBuilder","size":15,"dependencies":["me.umov.refill.model.Graphic"]},{"type":"me.umov.refill.dao.GraphicDao","size":15,"dependencies":["me.umov.refill.model.Graphic"]},{"type":"me.umov.refill.types.WidgetFontSizeTest","size":14,"dependencies":[]},{"type":"me.umov.refill.util.MediaIconHelper","size":14,"dependencies":["me.umov.refill.model.GraphicIcon"]},{"type":"me.umov.refill.dao.AbstractOperationDao","size":14,"dependencies":["me.umov.refill.model.Model"]},{"type":"me.umov.refill.dao.AbstractChartDao","size":14,"dependencies":["me.umov.refill.model.Model"]},{"type":"me.umov.refill.dao.TypeResolver","size":13,"dependencies":[]},{"type":"me.umov.refill.persistence.CustomPostgreSQLDialectTest","size":13,"dependencies":[]},{"type":"me.umov.refill.service.TestService","size":13,"dependencies":["me.umov.refill.dao.AbstractDao","me.umov.refill.dao.TestDao","me.umov.refill.model.TestModel"]},{"type":"me.umov.refill.persistence.CustomPostgreSQLDialect","size":13,"dependencies":[]},{"type":"me.umov.refill.util.TestUtils","size":12,"dependencies":[]},{"type":"me.umov.refill.validator.RouteValidator","size":12,"dependencies":["me.umov.refill.model.map.Route"]},{"type":"me.umov.refill.model.column.FieldTypesTest","size":12,"dependencies":[]},{"type":"me.umov.refill.dao.TestDao","size":12,"dependencies":["me.umov.refill.model.TestModel"]},{"type":"me.umov.refill.builder.widget.CustomEntitiesRowActionFactory","size":12,"dependencies":["me.umov.refill.model.Graphic"]},{"type":"me.umov.refill.dao.ActivityFieldDao","size":12,"dependencies":["me.umov.refill.model.activity.ActivityField"]},{"type":"me.umov.refill.fixture.OnlineFilterOptionFixture","size":11,"dependencies":["me.umov.refill.model.OnlineFilterOption"]},{"type":"me.umov.refill.injection.InjectorCreator","size":11,"dependencies":[]},{"type":"me.umov.refill.injection.DirectionsProvider","size":11,"dependencies":["me.umov.refill.core.Config"]},{"type":"me.umov.refill.service.ScheduleDBViewEnvironmentService","size":10,"dependencies":["me.umov.refill.dao.ScheduleDBViewEnvironmentDao"]},{"type":"me.umov.refill.dao.RouteDataDao","size":10,"dependencies":["me.umov.refill.model.map.Route","me.umov.refill.persistence.RouteTransportModeTransformer"]},{"type":"me.umov.refill.geo.GeoProcessor","size":9,"dependencies":["me.umov.refill.model.map.Marker","me.umov.refill.model.map.Route"]},{"type":"me.umov.refill.persistence.BooleanCharacterType","size":9,"dependencies":[]},{"type":"me.umov.refill.dao.CustomFieldDao","size":9,"dependencies":["me.umov.refill.model.customfield.CustomField"]},{"type":"me.umov.refill.dao.ScheduleDBViewEnvironmentDao","size":9,"dependencies":["me.umov.refill.model.ScheduleDBViewEnvironment"]},{"type":"me.umov.refill.types.handler.FilterTypeHandler","size":7,"dependencies":["me.umov.refill.model.OnlineFilter"]},{"type":"me.umov.refill.builder.widget.customtable.ColumnDataBuilder","size":7,"dependencies":["me.umov.refill.model.TableColumnData","me.umov.refill.model.column.CustomColumns"]},{"type":"me.umov.refill.core.AbstractWorkerTestMock","size":7,"dependencies":["me.umov.refill.injection.TransactionManager"]},{"type":"me.umov.refill.model.Model","size":6,"dependencies":[]},{"type":"me.umov.refill.builder.GraphicDataBuilder","size":6,"dependencies":["me.umov.refill.model.Graphic","me.umov.refill.model.GraphicCache"]},{"type":"me.umov.refill.validator.Validator","size":4,"dependencies":[]},{"type":"me.umov.refill.util.TestException","size":4,"dependencies":[]}]