{"name":"variants","children":[{"name":"org.jfree.chart.annotations","children":[{"name":"AbstractAnnotation","sloc":68,"wmc":15},{"name":"AbstractXYAnnotation","sloc":79,"wmc":17},{"name":"Annotation","sloc":7,"wmc":2},{"name":"CategoryAnnotation","sloc":10,"wmc":1},{"name":"CategoryLineAnnotation","sloc":195,"wmc":29},{"name":"CategoryPointerAnnotation","sloc":238,"wmc":35},{"name":"CategoryTextAnnotation","sloc":123,"wmc":19},{"name":"TextAnnotation","sloc":138,"wmc":25},{"name":"XYAnnotation","sloc":11,"wmc":1},{"name":"XYAnnotationBoundsInfo","sloc":7,"wmc":3},{"name":"XYBoxAnnotation","sloc":151,"wmc":24},{"name":"XYDataImageAnnotation","sloc":159,"wmc":29},{"name":"XYDrawableAnnotation","sloc":123,"wmc":17},{"name":"XYImageAnnotation","sloc":134,"wmc":23},{"name":"XYLineAnnotation","sloc":159,"wmc":22},{"name":"XYPointerAnnotation","sloc":249,"wmc":38},{"name":"XYPolygonAnnotation","sloc":171,"wmc":30},{"name":"XYShapeAnnotation","sloc":152,"wmc":22},{"name":"XYTextAnnotation","sloc":278,"wmc":50},{"name":"XYTitleAnnotation","sloc":210,"wmc":37},{"name":"CategoryLineAnnotationTest","sloc":80,"wmc":5},{"name":"CategoryPointerAnnotationTest","sloc":98,"wmc":5},{"name":"CategoryTextAnnotationTest","sloc":63,"wmc":5},{"name":"TextAnnotationTest","sloc":96,"wmc":5},{"name":"XYBoxAnnotationTest","sloc":123,"wmc":6},{"name":"XYDrawableAnnotationTest","sloc":105,"wmc":11},{"name":"XYImageAnnotationTest","sloc":3,"wmc":1},{"name":"XYLineAnnotationTest","sloc":89,"wmc":5},{"name":"XYPointerAnnotationTest","sloc":98,"wmc":5},{"name":"XYPolygonAnnotationTest","sloc":93,"wmc":5},{"name":"XYShapeAnnotationTest","sloc":102,"wmc":5},{"name":"XYTextAnnotationTest","sloc":102,"wmc":5},{"name":"XYTitleAnnotationTest","sloc":91,"wmc":5}]},{"name":"org.jfree.chart.axis","children":[{"name":"Axis","sloc":787,"wmc":159},{"name":"AxisCollection","sloc":49,"wmc":10},{"name":"AxisSpace","sloc":189,"wmc":43},{"name":"AxisState","sloc":66,"wmc":17},{"name":"CategoryAxis","sloc":754,"wmc":147},{"name":"CategoryLabelPosition","sloc":99,"wmc":20},{"name":"CategoryLabelPositions","sloc":217,"wmc":21},{"name":"CategoryTick","sloc":55,"wmc":12},{"name":"CompassFormat","sloc":48,"wmc":9},{"name":"CyclicNumberAxis","sloc":654,"wmc":138},{"name":"DateAxis","sloc":1065,"wmc":170},{"name":"DateTick","sloc":42,"wmc":8},{"name":"DateTickUnit","sloc":140,"wmc":32},{"name":"ExtendedCategoryAxis","sloc":106,"wmc":22},{"name":"LogarithmicAxis","sloc":561,"wmc":140},{"name":"LogAxis","sloc":564,"wmc":97},{"name":"LogTick","sloc":14,"wmc":2},{"name":"MarkerAxisBand","sloc":140,"wmc":18},{"name":"ModuloAxis","sloc":215,"wmc":40},{"name":"MonthDateFormat","sloc":98,"wmc":19},{"name":"NumberAxis","sloc":596,"wmc":112},{"name":"NumberTick","sloc":19,"wmc":3},{"name":"NumberTickUnit","sloc":54,"wmc":12},{"name":"NumberTickUnitSource","sloc":157,"wmc":42},{"name":"PeriodAxis","sloc":664,"wmc":114},{"name":"PeriodAxisLabelInfo","sloc":158,"wmc":26},{"name":"QuarterDateFormat","sloc":81,"wmc":12},{"name":"StandardTickUnitSource","sloc":39,"wmc":7},{"name":"SubCategoryAxis","sloc":239,"wmc":41},{"name":"SymbolAxis","sloc":423,"wmc":71},{"name":"Tick","sloc":65,"wmc":14},{"name":"TickUnit","sloc":64,"wmc":16},{"name":"TickUnits","sloc":72,"wmc":14},{"name":"TickUnitSource","sloc":6,"wmc":3},{"name":"Timeline","sloc":11,"wmc":7},{"name":"ValueAxis","sloc":777,"wmc":177},{"name":"ValueTick","sloc":42,"wmc":9},{"name":"AxisLocationTest","sloc":32,"wmc":3},{"name":"AxisSpaceTest","sloc":46,"wmc":3},{"name":"AxisTest","sloc":165,"wmc":4},{"name":"CategoryAnchorTest","sloc":32,"wmc":3},{"name":"CategoryAxisTest","sloc":111,"wmc":5},{"name":"CategoryLabelPositionsTest","sloc":115,"wmc":3},{"name":"CategoryLabelPositionTest","sloc":87,"wmc":3},{"name":"CategoryLabelWidthTypeTest","sloc":30,"wmc":3},{"name":"CategoryTickTest","sloc":79,"wmc":4},{"name":"CyclicNumberAxisTest","sloc":68,"wmc":4},{"name":"DateAxisTest","sloc":842,"wmc":27},{"name":"DateTickMarkPositionTest","sloc":35,"wmc":3},{"name":"DateTickTest","sloc":75,"wmc":4},{"name":"DateTickUnitTest","sloc":28,"wmc":3},{"name":"ExtendedCategoryAxisTest","sloc":81,"wmc":5},{"name":"LogarithmicAxisTest","sloc":130,"wmc":12},{"name":"LogAxisTest","sloc":175,"wmc":12},{"name":"MarkerAxisBandTest","sloc":53,"wmc":3},{"name":"ModuloAxisTest","sloc":42,"wmc":4},{"name":"MonthDateFormatTest","sloc":76,"wmc":4},{"name":"NumberAxisTest","sloc":220,"wmc":12},{"name":"NumberTickUnitTest","sloc":43,"wmc":4},{"name":"PeriodAxisLabelInfoTest","sloc":118,"wmc":5},{"name":"PeriodAxisTest","sloc":182,"wmc":8},{"name":"QuarterDateFormatTest","sloc":64,"wmc":4},{"name":"StandardTickUnitSourceTest","sloc":19,"wmc":2},{"name":"SubCategoryAxisTest","sloc":81,"wmc":5},{"name":"SymbolAxisTest","sloc":52,"wmc":3},{"name":"TickUnitsTest","sloc":34,"wmc":3},{"name":"ValueAxisTest","sloc":141,"wmc":4}]},{"name":"org.jfree.chart.block","children":[{"name":"AbstractBlock","sloc":261,"wmc":55},{"name":"Arrangement","sloc":10,"wmc":3},{"name":"Block","sloc":14,"wmc":7},{"name":"BlockBorder","sloc":101,"wmc":19},{"name":"BlockContainer","sloc":130,"wmc":26},{"name":"BlockFrame","sloc":9,"wmc":2},{"name":"BlockParams","sloc":30,"wmc":7},{"name":"BlockResult","sloc":15,"wmc":3},{"name":"BorderArrangement","sloc":373,"wmc":58},{"name":"CenterArrangement","sloc":141,"wmc":31},{"name":"ColorBlock","sloc":66,"wmc":11},{"name":"ColumnArrangement","sloc":210,"wmc":42},{"name":"EmptyBlock","sloc":34,"wmc":5},{"name":"EntityBlockParams","sloc":4,"wmc":1},{"name":"EntityBlockResult","sloc":5,"wmc":1},{"name":"FlowArrangement","sloc":236,"wmc":46},{"name":"GridArrangement","sloc":246,"wmc":51},{"name":"LabelBlock","sloc":180,"wmc":36},{"name":"LineBorder","sloc":118,"wmc":20},{"name":"RectangleConstraint","sloc":150,"wmc":33},{"name":"AbstractBlockTest","sloc":81,"wmc":3},{"name":"BlockBorderTest","sloc":46,"wmc":3},{"name":"BlockContainerTest","sloc":40,"wmc":3},{"name":"BorderArrangementTest","sloc":525,"wmc":6},{"name":"ColorBlockTest","sloc":61,"wmc":3},{"name":"ColumnArrangementTest","sloc":55,"wmc":3},{"name":"EmptyBlockTest","sloc":45,"wmc":3},{"name":"FlowArrangementTest","sloc":55,"wmc":3},{"name":"GridArrangementTest","sloc":179,"wmc":19},{"name":"LabelBlockTest","sloc":75,"wmc":3},{"name":"LineBorderTest","sloc":52,"wmc":3},{"name":"RectangleConstraintTest","sloc":69,"wmc":1}]},{"name":"org.jfree.chart","children":[{"name":"ChartColor","sloc":70,"wmc":2},{"name":"ChartFactory","sloc":1070,"wmc":111},{"name":"ChartFrame","sloc":24,"wmc":4},{"name":"ChartHints","sloc":25,"wmc":5},{"name":"ChartMouseEvent","sloc":27,"wmc":4},{"name":"ChartMouseListener","sloc":6,"wmc":2},{"name":"ChartPanel","sloc":1634,"wmc":293},{"name":"ChartRenderingInfo","sloc":98,"wmc":21},{"name":"ChartTheme","sloc":4,"wmc":1},{"name":"ChartTransferable","sloc":104,"wmc":13},{"name":"ChartUtils","sloc":253,"wmc":33},{"name":"HashUtils","sloc":128,"wmc":34},{"name":"JFreeChart","sloc":778,"wmc":159},{"name":"LegendItem","sloc":469,"wmc":87},{"name":"LegendItemCollection","sloc":55,"wmc":12},{"name":"LegendItemSource","sloc":4,"wmc":1},{"name":"MouseWheelHandler","sloc":63,"wmc":12},{"name":"PaintMap","sloc":95,"wmc":17},{"name":"PolarChartPanel","sloc":115,"wmc":18},{"name":"StandardChartTheme","sloc":947,"wmc":199},{"name":"StrokeMap","sloc":92,"wmc":17},{"name":"AreaChartTest","sloc":95,"wmc":21},{"name":"BarChartTest","sloc":94,"wmc":21},{"name":"ChartPanelTest","sloc":205,"wmc":17},{"name":"ChartRenderingInfoTest","sloc":68,"wmc":4},{"name":"GanttChartTest","sloc":177,"wmc":24},{"name":"HashUtilsTest","sloc":17,"wmc":1},{"name":"JFreeChartTest","sloc":311,"wmc":15},{"name":"LegendItemCollectionTest","sloc":57,"wmc":3},{"name":"LegendItemTest","sloc":259,"wmc":4},{"name":"LineChartTest","sloc":88,"wmc":21},{"name":"MeterChartTest","sloc":22,"wmc":1},{"name":"PaintMapTest","sloc":88,"wmc":6},{"name":"PieChart3DTest","sloc":56,"wmc":19},{"name":"PieChartTest","sloc":39,"wmc":18},{"name":"ScatterPlotTest","sloc":85,"wmc":20},{"name":"StackedAreaChartTest","sloc":101,"wmc":21},{"name":"StackedBarChartTest","sloc":93,"wmc":21},{"name":"StandardChartThemeTest","sloc":161,"wmc":3},{"name":"StrokeMapTest","sloc":85,"wmc":6},{"name":"TestUtils","sloc":41,"wmc":5},{"name":"TimeSeriesChartTest","sloc":85,"wmc":20},{"name":"WaterfallChartTest","sloc":67,"wmc":5},{"name":"XYAreaChartTest","sloc":85,"wmc":20},{"name":"XYBarChartTest","sloc":88,"wmc":20},{"name":"XYLineChartTest","sloc":85,"wmc":20},{"name":"XYStepAreaChartTest","sloc":85,"wmc":20},{"name":"XYStepChartTest","sloc":94,"wmc":20}]},{"name":"org.jfree.chart.date","children":[{"name":"MonthConstants","sloc":15,"wmc":1},{"name":"SerialDate","sloc":355,"wmc":118},{"name":"SpreadsheetDate","sloc":175,"wmc":38}]},{"name":"org.jfree.chart.editor","children":[{"name":"ChartEditor","sloc":6,"wmc":1},{"name":"ChartEditorFactory","sloc":5,"wmc":1},{"name":"ChartEditorManager","sloc":18,"wmc":4},{"name":"DefaultAxisEditor","sloc":227,"wmc":28},{"name":"DefaultChartEditor","sloc":147,"wmc":11},{"name":"DefaultChartEditorFactory","sloc":10,"wmc":2},{"name":"DefaultLogAxisEditor","sloc":82,"wmc":12},{"name":"DefaultNumberAxisEditor","sloc":98,"wmc":12},{"name":"DefaultPlotEditor","sloc":372,"wmc":67},{"name":"DefaultPolarPlotEditor","sloc":111,"wmc":15},{"name":"DefaultTitleEditor","sloc":161,"wmc":19},{"name":"DefaultValueAxisEditor","sloc":232,"wmc":33}]},{"name":"org.jfree.chart.encoders","children":[{"name":"EncoderUtil","sloc":53,"wmc":8},{"name":"ImageEncoder","sloc":13,"wmc":6},{"name":"ImageEncoderFactory","sloc":52,"wmc":7},{"name":"ImageFormat","sloc":6,"wmc":1},{"name":"SunJPEGEncoderAdapter","sloc":59,"wmc":9},{"name":"SunPNGEncoderAdapter","sloc":36,"wmc":6}]},{"name":"org.jfree.chart.entity","children":[{"name":"AxisEntity","sloc":79,"wmc":16},{"name":"CategoryItemEntity","sloc":65,"wmc":14},{"name":"CategoryLabelEntity","sloc":45,"wmc":8},{"name":"ChartEntity","sloc":181,"wmc":38},{"name":"EntityCollection","sloc":13,"wmc":8},{"name":"JFreeChartEntity","sloc":79,"wmc":16},{"name":"LegendItemEntity","sloc":56,"wmc":13},{"name":"PieSectionEntity","sloc":81,"wmc":18},{"name":"PlotEntity","sloc":79,"wmc":16},{"name":"StandardEntityCollection","sloc":87,"wmc":17},{"name":"TickLabelEntity","sloc":10,"wmc":1},{"name":"TitleEntity","sloc":79,"wmc":16},{"name":"XYAnnotationEntity","sloc":35,"wmc":8},{"name":"XYItemEntity","sloc":56,"wmc":14},{"name":"CategoryItemEntityTest","sloc":66,"wmc":3},{"name":"CategoryLabelEntityTest","sloc":52,"wmc":3},{"name":"LegendItemEntityTest","sloc":55,"wmc":3},{"name":"PieSectionEntityTest","sloc":67,"wmc":3},{"name":"StandardEntityCollectionTest","sloc":54,"wmc":3},{"name":"TickLabelEntityTest","sloc":46,"wmc":3},{"name":"XYItemEntityTest","sloc":59,"wmc":3}]},{"name":"org.jfree.chart.event","children":[{"name":"AnnotationChangeEvent","sloc":14,"wmc":2},{"name":"AnnotationChangeListener","sloc":6,"wmc":1},{"name":"AxisChangeEvent","sloc":12,"wmc":2},{"name":"AxisChangeListener","sloc":5,"wmc":1},{"name":"ChartChangeEvent","sloc":34,"wmc":7},{"name":"ChartChangeListener","sloc":5,"wmc":1},{"name":"ChartProgressEvent","sloc":35,"wmc":7},{"name":"ChartProgressListener","sloc":5,"wmc":1},{"name":"MarkerChangeEvent","sloc":12,"wmc":2},{"name":"MarkerChangeListener","sloc":6,"wmc":1},{"name":"OverlayChangeEvent","sloc":8,"wmc":1},{"name":"OverlayChangeListener","sloc":6,"wmc":1},{"name":"PlotChangeEvent","sloc":12,"wmc":2},{"name":"PlotChangeListener","sloc":5,"wmc":1},{"name":"RendererChangeEvent","sloc":19,"wmc":4},{"name":"RendererChangeListener","sloc":5,"wmc":1},{"name":"TitleChangeEvent","sloc":12,"wmc":2},{"name":"TitleChangeListener","sloc":5,"wmc":1}]},{"name":"org.jfree.chart.imagemap","children":[{"name":"DynamicDriveToolTipTagFragmentGenerator","sloc":20,"wmc":3},{"name":"ImageMapUtils","sloc":123,"wmc":25},{"name":"OverLIBToolTipTagFragmentGenerator","sloc":13,"wmc":2},{"name":"StandardToolTipTagFragmentGenerator","sloc":12,"wmc":2},{"name":"StandardURLTagFragmentGenerator","sloc":11,"wmc":2},{"name":"ToolTipTagFragmentGenerator","sloc":4,"wmc":1},{"name":"URLTagFragmentGenerator","sloc":8,"wmc":1},{"name":"DynamicDriveToolTipTagFragmentGeneratorTest","sloc":16,"wmc":1},{"name":"ImageMapUtilsTest","sloc":59,"wmc":5},{"name":"OverLIBToolTipTagFragmentGeneratorTest","sloc":16,"wmc":1},{"name":"StandardToolTipTagFragmentGeneratorTest","sloc":14,"wmc":1},{"name":"StandardURLTagFragmentGeneratorTest","sloc":15,"wmc":1}]},{"name":"org.jfree.chart.labels","children":[{"name":"AbstractCategoryItemLabelGenerator","sloc":135,"wmc":24},{"name":"AbstractPieItemLabelGenerator","sloc":103,"wmc":20},{"name":"AbstractXYItemLabelGenerator","sloc":155,"wmc":32},{"name":"BoxAndWhiskerToolTipGenerator","sloc":52,"wmc":7},{"name":"BoxAndWhiskerXYToolTipGenerator","sloc":57,"wmc":8},{"name":"BubbleXYItemLabelGenerator","sloc":115,"wmc":19},{"name":"CategoryItemLabelGenerator","sloc":7,"wmc":3},{"name":"CategorySeriesLabelGenerator","sloc":5,"wmc":1},{"name":"CategoryToolTipGenerator","sloc":5,"wmc":1},{"name":"CrosshairLabelGenerator","sloc":5,"wmc":1},{"name":"CustomXYToolTipGenerator","sloc":77,"wmc":18},{"name":"HighLowItemLabelGenerator","sloc":106,"wmc":21},{"name":"IntervalCategoryItemLabelGenerator","sloc":54,"wmc":9},{"name":"IntervalCategoryToolTipGenerator","sloc":64,"wmc":13},{"name":"IntervalXYItemLabelGenerator","sloc":128,"wmc":26},{"name":"IntervalXYToolTipGenerator","sloc":125,"wmc":26},{"name":"ItemLabelPosition","sloc":64,"wmc":14},{"name":"MultipleXYSeriesLabelGenerator","sloc":115,"wmc":19},{"name":"PieSectionLabelGenerator","sloc":11,"wmc":2},{"name":"PieToolTipGenerator","sloc":5,"wmc":1},{"name":"StandardCategoryItemLabelGenerator","sloc":47,"wmc":9},{"name":"StandardCategorySeriesLabelGenerator","sloc":57,"wmc":10},{"name":"StandardCategoryToolTipGenerator","sloc":43,"wmc":8},{"name":"StandardCrosshairLabelGenerator","sloc":62,"wmc":13},{"name":"StandardPieSectionLabelGenerator","sloc":85,"wmc":15},{"name":"StandardPieToolTipGenerator","sloc":37,"wmc":7},{"name":"StandardXYItemLabelGenerator","sloc":58,"wmc":12},{"name":"StandardXYSeriesLabelGenerator","sloc":58,"wmc":10},{"name":"StandardXYToolTipGenerator","sloc":59,"wmc":12},{"name":"StandardXYZToolTipGenerator","sloc":110,"wmc":18},{"name":"SymbolicXYItemLabelGenerator","sloc":70,"wmc":12},{"name":"XYItemLabelGenerator","sloc":5,"wmc":1},{"name":"XYSeriesLabelGenerator","sloc":5,"wmc":1},{"name":"XYToolTipGenerator","sloc":5,"wmc":1},{"name":"XYZToolTipGenerator","sloc":5,"wmc":1},{"name":"BoxAndWhiskerToolTipGeneratorTest","sloc":57,"wmc":5},{"name":"BoxAndWhiskerXYToolTipGeneratorTest","sloc":76,"wmc":5},{"name":"BubbleXYItemLabelGeneratorTest","sloc":109,"wmc":6},{"name":"CustomXYItemLabelGeneratorTest","sloc":40,"wmc":3},{"name":"HighLowItemLabelGeneratorTest","sloc":58,"wmc":5},{"name":"IntervalCategoryItemLabelGeneratorTest","sloc":66,"wmc":5},{"name":"IntervalCategoryToolTipGeneratorTest","sloc":77,"wmc":6},{"name":"ItemLabelAnchorTest","sloc":18,"wmc":2},{"name":"ItemLabelPositionTest","sloc":18,"wmc":2},{"name":"MultipleXYSeriesLabelGeneratorTest","sloc":66,"wmc":5},{"name":"StandardCategoryItemLabelGeneratorTest","sloc":99,"wmc":7},{"name":"StandardCategorySeriesLabelGeneratorTest","sloc":67,"wmc":6},{"name":"StandardCategoryToolTipGeneratorTest","sloc":82,"wmc":6},{"name":"StandardPieSectionLabelGeneratorTest","sloc":86,"wmc":5},{"name":"StandardPieToolTipGeneratorTest","sloc":77,"wmc":5},{"name":"StandardXYItemLabelGeneratorTest","sloc":105,"wmc":5},{"name":"StandardXYSeriesLabelGeneratorTest","sloc":66,"wmc":6},{"name":"StandardXYToolTipGeneratorTest","sloc":85,"wmc":5},{"name":"StandardXYZToolTipGeneratorTest","sloc":95,"wmc":5},{"name":"SymbolicXYItemLabelGeneratorTest","sloc":44,"wmc":5}]},{"name":"org.jfree.chart.needle","children":[{"name":"ArrowNeedle","sloc":78,"wmc":14},{"name":"LineNeedle","sloc":41,"wmc":8},{"name":"LongNeedle","sloc":87,"wmc":13},{"name":"MeterNeedle","sloc":178,"wmc":41},{"name":"MiddlePinNeedle","sloc":61,"wmc":11},{"name":"PinNeedle","sloc":59,"wmc":10},{"name":"PlumNeedle","sloc":51,"wmc":9},{"name":"PointerNeedle","sloc":70,"wmc":12},{"name":"ShipNeedle","sloc":49,"wmc":10},{"name":"WindNeedle","sloc":45,"wmc":10},{"name":"ArrowNeedleTest","sloc":33,"wmc":3},{"name":"LineNeedleTest","sloc":28,"wmc":3},{"name":"LongNeedleTest","sloc":28,"wmc":3},{"name":"MeterNeedleTest","sloc":45,"wmc":1},{"name":"MiddlePinNeedleTest","sloc":28,"wmc":3},{"name":"PinNeedleTest","sloc":28,"wmc":3},{"name":"PlumNeedleTest","sloc":28,"wmc":3},{"name":"PointerNeedleTest","sloc":28,"wmc":3},{"name":"ShipNeedleTest","sloc":28,"wmc":3},{"name":"WindNeedleTest","sloc":28,"wmc":3}]},{"name":"org.jfree.chart.panel","children":[{"name":"AbstractOverlay","sloc":34,"wmc":7},{"name":"CrosshairOverlay","sloc":398,"wmc":83},{"name":"Overlay","sloc":9,"wmc":3},{"name":"CrosshairOverlayTest","sloc":42,"wmc":3}]},{"name":"org.jfree.chart.plot","children":[{"name":"AbstractPieLabelDistributor","sloc":24,"wmc":6},{"name":"CategoryCrosshairState","sloc":64,"wmc":13},{"name":"CategoryMarker","sloc":61,"wmc":13},{"name":"CategoryPlot","sloc":2422,"wmc":606},{"name":"CombinedDomainCategoryPlot","sloc":362,"wmc":72},{"name":"CombinedDomainXYPlot","sloc":387,"wmc":85},{"name":"CombinedRangeCategoryPlot","sloc":300,"wmc":62},{"name":"CombinedRangeXYPlot","sloc":362,"wmc":78},{"name":"CompassPlot","sloc":442,"wmc":91},{"name":"Crosshair","sloc":298,"wmc":57},{"name":"CrosshairState","sloc":109,"wmc":27},{"name":"DefaultDrawingSupplier","sloc":276,"wmc":44},{"name":"DrawingSupplier","sloc":12,"wmc":6},{"name":"FastScatterPlot","sloc":507,"wmc":99},{"name":"IntervalMarker","sloc":83,"wmc":17},{"name":"Marker","sloc":260,"wmc":58},{"name":"MeterInterval","sloc":89,"wmc":17},{"name":"MeterPlot","sloc":638,"wmc":125},{"name":"MultiplePiePlot","sloc":354,"wmc":49},{"name":"Pannable","sloc":12,"wmc":5},{"name":"PieLabelDistributor","sloc":106,"wmc":26},{"name":"PieLabelRecord","sloc":114,"wmc":29},{"name":"PiePlot","sloc":1577,"wmc":297},{"name":"PiePlot3D","sloc":693,"wmc":86},{"name":"PiePlotState","sloc":80,"wmc":21},{"name":"Plot","sloc":663,"wmc":159},{"name":"PlotRenderingInfo","sloc":118,"wmc":25},{"name":"PlotState","sloc":14,"wmc":2},{"name":"PolarPlot","sloc":1025,"wmc":231},{"name":"RingPlot","sloc":340,"wmc":65},{"name":"SpiderWebPlot","sloc":766,"wmc":141},{"name":"ThermometerPlot","sloc":762,"wmc":165},{"name":"ValueAxisPlot","sloc":6,"wmc":1},{"name":"ValueMarker","sloc":43,"wmc":10},{"name":"WaferMapPlot","sloc":236,"wmc":33},{"name":"XYCrosshairState","sloc":6,"wmc":1},{"name":"XYPlot","sloc":2755,"wmc":668},{"name":"Zoomable","sloc":20,"wmc":9},{"name":"CategoryMarkerTest","sloc":112,"wmc":6},{"name":"CategoryPlotTest","sloc":909,"wmc":37},{"name":"CombinedDomainCategoryPlotTest","sloc":162,"wmc":9},{"name":"CombinedDomainXYPlotTest","sloc":164,"wmc":10},{"name":"CombinedRangeCategoryPlotTest","sloc":162,"wmc":9},{"name":"CombinedRangeXYPlotTest","sloc":159,"wmc":9},{"name":"CompassPlotTest","sloc":69,"wmc":3},{"name":"CrosshairTest","sloc":113,"wmc":5},{"name":"DefaultDrawingSupplierTest","sloc":113,"wmc":3},{"name":"FastScatterPlotTest","sloc":143,"wmc":7},{"name":"IntervalMarkerTest","sloc":75,"wmc":6},{"name":"MarkerTest","sloc":247,"wmc":15},{"name":"MeterIntervalTest","sloc":45,"wmc":3},{"name":"MeterPlotTest","sloc":142,"wmc":4},{"name":"MultiplePiePlotTest","sloc":113,"wmc":6},{"name":"MyPlotChangeListener","sloc":19,"wmc":4},{"name":"PieLabelRecordTest","sloc":59,"wmc":3},{"name":"PiePlot3DTest","sloc":52,"wmc":3},{"name":"PiePlotTest","sloc":472,"wmc":18},{"name":"PlotOrientationTest","sloc":26,"wmc":2},{"name":"PlotRenderingInfoTest","sloc":58,"wmc":3},{"name":"PlotTest","sloc":90,"wmc":1},{"name":"PolarPlotTest","sloc":262,"wmc":8},{"name":"RingPlotTest","sloc":89,"wmc":3},{"name":"SpiderWebPlotTest","sloc":229,"wmc":5},{"name":"ThermometerPlotTest","sloc":112,"wmc":4},{"name":"ValueMarkerTest","sloc":143,"wmc":7},{"name":"XYPlotTest","sloc":997,"wmc":47}]},{"name":"org.jfree.chart.plot.dial","children":[{"name":"AbstractDialLayer","sloc":74,"wmc":15},{"name":"ArcDialFrame","sloc":228,"wmc":36},{"name":"DialBackground","sloc":100,"wmc":18},{"name":"DialCap","sloc":131,"wmc":23},{"name":"DialFrame","sloc":7,"wmc":1},{"name":"DialLayer","sloc":14,"wmc":6},{"name":"DialLayerChangeEvent","sloc":12,"wmc":2},{"name":"DialLayerChangeListener","sloc":5,"wmc":1},{"name":"DialPlot","sloc":373,"wmc":82},{"name":"DialPointer","sloc":279,"wmc":47},{"name":"DialScale","sloc":5,"wmc":2},{"name":"DialTextAnnotation","sloc":159,"wmc":29},{"name":"DialValueIndicator","sloc":328,"wmc":60},{"name":"StandardDialFrame","sloc":149,"wmc":24},{"name":"StandardDialRange","sloc":181,"wmc":34},{"name":"StandardDialScale","sloc":417,"wmc":84},{"name":"AbstractDialLayerTest","sloc":41,"wmc":3},{"name":"ArcDialFrameTest","sloc":81,"wmc":4},{"name":"DialBackgroundTest","sloc":78,"wmc":4},{"name":"DialCapTest","sloc":86,"wmc":4},{"name":"DialPlotTest","sloc":176,"wmc":10},{"name":"DialPointerTest","sloc":87,"wmc":7},{"name":"DialTextAnnotationTest","sloc":75,"wmc":4},{"name":"DialValueIndicatorTest","sloc":111,"wmc":4},{"name":"MyDialLayerChangeListener","sloc":8,"wmc":2},{"name":"StandardDialFrameTest","sloc":69,"wmc":4},{"name":"StandardDialRangeTest","sloc":62,"wmc":4},{"name":"StandardDialScaleTest","sloc":157,"wmc":6}]},{"name":"org.jfree.chart.renderer","children":[{"name":"AbstractRenderer","sloc":1229,"wmc":310},{"name":"DefaultPolarItemRenderer","sloc":505,"wmc":76},{"name":"GrayPaintScale","sloc":82,"wmc":18},{"name":"LookupPaintScale","sloc":179,"wmc":39},{"name":"NotOutlierException","sloc":6,"wmc":1},{"name":"Outlier","sloc":70,"wmc":18},{"name":"OutlierList","sloc":49,"wmc":11},{"name":"OutlierListCollection","sloc":49,"wmc":12},{"name":"PaintScale","sloc":8,"wmc":3},{"name":"PolarItemRenderer","sloc":35,"wmc":15},{"name":"RendererState","sloc":31,"wmc":7},{"name":"RendererUtils","sloc":153,"wmc":32},{"name":"WaferMapRenderer","sloc":204,"wmc":44},{"name":"AbstractRendererTest","sloc":534,"wmc":17},{"name":"AreaRendererEndTypeTest","sloc":20,"wmc":2},{"name":"DefaultPolarItemRendererTest","sloc":46,"wmc":4},{"name":"GrayPaintScaleTest","sloc":66,"wmc":5},{"name":"LookupPaintScaleTest","sloc":110,"wmc":6},{"name":"OutlierTest","sloc":46,"wmc":4},{"name":"RendererChangeDetector","sloc":19,"wmc":4},{"name":"RendererUtilsTest","sloc":233,"wmc":7}]},{"name":"org.jfree.chart.renderer.category","children":[{"name":"AbstractCategoryItemRenderer","sloc":934,"wmc":165},{"name":"AreaRenderer","sloc":192,"wmc":31},{"name":"BarPainter","sloc":11,"wmc":2},{"name":"BarRenderer","sloc":686,"wmc":143},{"name":"BoxAndWhiskerRenderer","sloc":574,"wmc":105},{"name":"CategoryItemRenderer","sloc":195,"wmc":135},{"name":"CategoryItemRendererState","sloc":64,"wmc":16},{"name":"CategoryStepRenderer","sloc":174,"wmc":30},{"name":"DefaultCategoryItemRenderer","sloc":7,"wmc":1},{"name":"GanttRenderer","sloc":352,"wmc":59},{"name":"GradientBarPainter","sloc":215,"wmc":34},{"name":"GroupedStackedBarRenderer","sloc":218,"wmc":39},{"name":"IntervalBarRenderer","sloc":117,"wmc":20},{"name":"LayeredBarRenderer","sloc":268,"wmc":56},{"name":"LevelRenderer","sloc":222,"wmc":36},{"name":"LineAndShapeRenderer","sloc":384,"wmc":84},{"name":"MinMaxCategoryRenderer","sloc":268,"wmc":37},{"name":"ScatterRenderer","sloc":270,"wmc":55},{"name":"StackedAreaRenderer","sloc":284,"wmc":42},{"name":"StackedBarRenderer","sloc":216,"wmc":45},{"name":"StandardBarPainter","sloc":106,"wmc":23},{"name":"StatisticalBarRenderer","sloc":343,"wmc":62},{"name":"StatisticalLineAndShapeRenderer","sloc":270,"wmc":48},{"name":"WaterfallBarRenderer","sloc":261,"wmc":45},{"name":"AbstractCategoryItemRendererTest","sloc":220,"wmc":11},{"name":"AreaRendererTest","sloc":74,"wmc":6},{"name":"BarRendererTest","sloc":183,"wmc":9},{"name":"BoxAndWhiskerRendererTest","sloc":393,"wmc":18},{"name":"CategoryStepRendererTest","sloc":64,"wmc":5},{"name":"DefaultCategoryItemRendererTest","sloc":43,"wmc":5},{"name":"GanttRendererTest","sloc":65,"wmc":5},{"name":"GradientBarPainterTest","sloc":48,"wmc":4},{"name":"GroupedStackedBarRendererTest","sloc":95,"wmc":6},{"name":"IntervalBarRendererTest","sloc":92,"wmc":7},{"name":"LayeredBarRendererTest","sloc":65,"wmc":6},{"name":"LevelRendererTest","sloc":109,"wmc":8},{"name":"LineAndShapeRendererTest","sloc":179,"wmc":20},{"name":"MinMaxCategoryRendererTest","sloc":84,"wmc":6},{"name":"ScatterRendererTest","sloc":116,"wmc":11},{"name":"StackedAreaRendererTest","sloc":68,"wmc":6},{"name":"StackedBarRendererTest","sloc":69,"wmc":6},{"name":"StandardBarPainterTest","sloc":36,"wmc":4},{"name":"StatisticalBarRendererTest","sloc":176,"wmc":11},{"name":"StatisticalLineAndShapeRendererTest","sloc":112,"wmc":8},{"name":"WaterfallBarRendererTest","sloc":71,"wmc":6}]},{"name":"org.jfree.chart.renderer.xy","children":[{"name":"AbstractXYItemRenderer","sloc":979,"wmc":160},{"name":"CandlestickRenderer","sloc":429,"wmc":77},{"name":"ClusteredXYBarRenderer","sloc":195,"wmc":38},{"name":"CyclicXYItemRenderer","sloc":257,"wmc":69},{"name":"DefaultXYItemRenderer","sloc":6,"wmc":1},{"name":"DeviationRenderer","sloc":168,"wmc":41},{"name":"GradientXYBarPainter","sloc":214,"wmc":34},{"name":"HighLowRenderer","sloc":243,"wmc":51},{"name":"SamplingXYLineRenderer","sloc":171,"wmc":34},{"name":"StackedXYAreaRenderer","sloc":335,"wmc":68},{"name":"StackedXYAreaRenderer2","sloc":325,"wmc":46},{"name":"StackedXYBarRenderer","sloc":234,"wmc":51},{"name":"StandardXYBarPainter","sloc":106,"wmc":23},{"name":"StandardXYItemRenderer","sloc":466,"wmc":116},{"name":"VectorRenderer","sloc":207,"wmc":30},{"name":"WindItemRenderer","sloc":84,"wmc":3},{"name":"XYAreaRenderer","sloc":386,"wmc":71},{"name":"XYAreaRenderer2","sloc":233,"wmc":32},{"name":"XYBarPainter","sloc":11,"wmc":2},{"name":"XYBarRenderer","sloc":626,"wmc":136},{"name":"XYBlockRenderer","sloc":258,"wmc":50},{"name":"XYBoxAndWhiskerRenderer","sloc":434,"wmc":69},{"name":"XYBubbleRenderer","sloc":192,"wmc":31},{"name":"XYDifferenceRenderer","sloc":711,"wmc":114},{"name":"XYDotRenderer","sloc":169,"wmc":30},{"name":"XYErrorRenderer","sloc":213,"wmc":37},{"name":"XYItemRenderer","sloc":183,"wmc":132},{"name":"XYItemRendererState","sloc":37,"wmc":7},{"name":"XYLineAndShapeRenderer","sloc":515,"wmc":121},{"name":"XYShapeRenderer","sloc":272,"wmc":54},{"name":"XYSplineRenderer","sloc":259,"wmc":49},{"name":"XYStepAreaRenderer","sloc":293,"wmc":69},{"name":"XYStepRenderer","sloc":167,"wmc":33},{"name":"YIntervalRenderer","sloc":143,"wmc":19},{"name":"AbstractXYItemRendererTest","sloc":100,"wmc":8},{"name":"CandlestickRendererTest","sloc":128,"wmc":7},{"name":"ClusteredXYBarRendererTest","sloc":92,"wmc":7},{"name":"DeviationRendererTest","sloc":48,"wmc":5},{"name":"GradientXYBarPainterTest","sloc":48,"wmc":4},{"name":"HighLowRendererTest","sloc":94,"wmc":6},{"name":"RendererXYPackageUtils","sloc":31,"wmc":2},{"name":"StackedXYAreaRenderer2Test","sloc":99,"wmc":7},{"name":"StackedXYAreaRendererTest","sloc":141,"wmc":8},{"name":"StackedXYBarRendererTest","sloc":95,"wmc":7},{"name":"StandardXYBarPainterTest","sloc":36,"wmc":4},{"name":"StandardXYItemRendererTest","sloc":163,"wmc":7},{"name":"VectorRendererTest","sloc":49,"wmc":5},{"name":"WindItemRendererTest","sloc":42,"wmc":5},{"name":"XYAreaRenderer2Test","sloc":120,"wmc":7},{"name":"XYAreaRendererTest","sloc":157,"wmc":7},{"name":"XYBarRendererTest","sloc":233,"wmc":11},{"name":"XYBlockRendererTest","sloc":117,"wmc":9},{"name":"XYBoxAndWhiskerRendererTest","sloc":96,"wmc":6},{"name":"XYBubbleRendererTest","sloc":92,"wmc":6},{"name":"XYDifferenceRendererTest","sloc":120,"wmc":7},{"name":"XYDotRendererTest","sloc":98,"wmc":6},{"name":"XYErrorRendererTest","sloc":100,"wmc":9},{"name":"XYLineAndShapeRendererTest","sloc":192,"wmc":9},{"name":"XYShapeRendererTest","sloc":107,"wmc":5},{"name":"XYSplineRendererTest","sloc":68,"wmc":5},{"name":"XYStepAreaRendererTest","sloc":101,"wmc":6},{"name":"XYStepRendererTest","sloc":115,"wmc":7},{"name":"YIntervalRendererTest","sloc":156,"wmc":6}]},{"name":"org.jfree.chart.resources","children":[{"name":"JFreeChartResources","sloc":15,"wmc":1}]},{"name":"org.jfree.chart.text","children":[{"name":"AttributedStringUtils","sloc":43,"wmc":9},{"name":"G2TextMeasurer","sloc":18,"wmc":2},{"name":"TextBlock","sloc":147,"wmc":38},{"name":"TextBox","sloc":205,"wmc":48},{"name":"TextFragment","sloc":132,"wmc":31},{"name":"TextLine","sloc":120,"wmc":27},{"name":"TextMeasurer","sloc":4,"wmc":1},{"name":"TextUtils","sloc":419,"wmc":82}]},{"name":"org.jfree.chart.title","children":[{"name":"CompositeTitle","sloc":92,"wmc":17},{"name":"DateTitle","sloc":37,"wmc":5},{"name":"ImageTitle","sloc":164,"wmc":29},{"name":"LegendGraphic","sloc":320,"wmc":60},{"name":"LegendItemBlockContainer","sloc":69,"wmc":11},{"name":"LegendTitle","sloc":344,"wmc":65},{"name":"PaintScaleLegend","sloc":391,"wmc":60},{"name":"ShortTextTitle","sloc":119,"wmc":12},{"name":"TextTitle","sloc":475,"wmc":96},{"name":"Title","sloc":175,"wmc":36},{"name":"CompositeTitleTest","sloc":87,"wmc":5},{"name":"DateTitleTest","sloc":57,"wmc":4},{"name":"ImageTitleTest","sloc":14,"wmc":1},{"name":"LegendGraphicTest","sloc":129,"wmc":5},{"name":"LegendTitleTest","sloc":85,"wmc":4},{"name":"PaintScaleLegendTest","sloc":96,"wmc":4},{"name":"ShortTextTitleTest","sloc":42,"wmc":4},{"name":"TextTitleTest","sloc":83,"wmc":4},{"name":"TitleTest","sloc":41,"wmc":2}]},{"name":"org.jfree.chart.ui","children":[{"name":"Align","sloc":52,"wmc":14},{"name":"ApplicationFrame","sloc":35,"wmc":9},{"name":"Drawable","sloc":6,"wmc":1},{"name":"FontChooserPanel","sloc":114,"wmc":16},{"name":"FontDisplayField","sloc":30,"wmc":5},{"name":"GradientPaintTransformer","sloc":6,"wmc":1},{"name":"LCBLayout","sloc":147,"wmc":28},{"name":"NumberCellRenderer","sloc":30,"wmc":4},{"name":"PaintSample","sloc":43,"wmc":5},{"name":"RectangleInsets","sloc":253,"wmc":61},{"name":"Size2D","sloc":64,"wmc":14},{"name":"StandardGradientPaintTransformer","sloc":79,"wmc":16},{"name":"StrokeChooserPanel","sloc":30,"wmc":4},{"name":"StrokeSample","sloc":72,"wmc":8},{"name":"UIUtils","sloc":85,"wmc":13}]},{"name":"org.jfree.chart.urls","children":[{"name":"CategoryURLGenerator","sloc":6,"wmc":1},{"name":"CustomCategoryURLGenerator","sloc":88,"wmc":22},{"name":"CustomPieURLGenerator","sloc":94,"wmc":20},{"name":"CustomXYURLGenerator","sloc":89,"wmc":22},{"name":"PieURLGenerator","sloc":5,"wmc":1},{"name":"StandardCategoryURLGenerator","sloc":88,"wmc":16},{"name":"StandardPieURLGenerator","sloc":70,"wmc":13},{"name":"StandardXYURLGenerator","sloc":60,"wmc":11},{"name":"StandardXYZURLGenerator","sloc":9,"wmc":1},{"name":"TimeSeriesURLGenerator","sloc":90,"wmc":17},{"name":"URLUtilities","sloc":28,"wmc":1},{"name":"XYURLGenerator","sloc":5,"wmc":1},{"name":"XYZURLGenerator","sloc":5,"wmc":1},{"name":"CustomCategoryURLGeneratorTest","sloc":86,"wmc":5},{"name":"CustomPieURLGeneratorTest","sloc":53,"wmc":4},{"name":"CustomXYURLGeneratorTest","sloc":86,"wmc":5},{"name":"StandardCategoryURLGeneratorTest","sloc":57,"wmc":4},{"name":"StandardPieURLGeneratorTest","sloc":61,"wmc":4},{"name":"StandardXYURLGeneratorTest","sloc":19,"wmc":2},{"name":"TimeSeriesURLGeneratorTest","sloc":67,"wmc":4}]},{"name":"org.jfree.chart.util","children":[{"name":"AbstractObjectList","sloc":120,"wmc":30},{"name":"Args","sloc":22,"wmc":7},{"name":"ArrayUtils","sloc":106,"wmc":33},{"name":"AttrStringUtils","sloc":181,"wmc":32},{"name":"BooleanList","sloc":23,"wmc":6},{"name":"CloneUtils","sloc":64,"wmc":9},{"name":"DefaultShadowGenerator","sloc":157,"wmc":28},{"name":"DirectionalGradientPaintTransformer","sloc":50,"wmc":12},{"name":"ExportUtils","sloc":136,"wmc":8},{"name":"HexNumberFormat","sloc":46,"wmc":9},{"name":"HMSNumberFormat","sloc":32,"wmc":4},{"name":"LineUtils","sloc":87,"wmc":31},{"name":"LogFormat","sloc":97,"wmc":20},{"name":"ObjectList","sloc":20,"wmc":5},{"name":"ObjectUtils","sloc":46,"wmc":11},{"name":"PaintAlpha","sloc":144,"wmc":27},{"name":"PaintList","sloc":66,"wmc":16},{"name":"PaintUtils","sloc":103,"wmc":21},{"name":"PublicCloneable","sloc":4,"wmc":1},{"name":"RelativeDateFormat","sloc":228,"wmc":48},{"name":"ResourceBundleWrapper","sloc":46,"wmc":9},{"name":"SerialUtils","sloc":402,"wmc":70},{"name":"ShadowGenerator","sloc":7,"wmc":3},{"name":"ShapeList","sloc":66,"wmc":16},{"name":"ShapeUtils","sloc":303,"wmc":63},{"name":"StringUtils","sloc":25,"wmc":6},{"name":"StrokeList","sloc":62,"wmc":15},{"name":"ArgsTest","sloc":16,"wmc":1},{"name":"HMSNumberFormatTest","sloc":15,"wmc":1},{"name":"LineUtilsTest","sloc":62,"wmc":6},{"name":"LogFormatTest","sloc":54,"wmc":4},{"name":"RelativeDateFormatTest","sloc":129,"wmc":8}]},{"name":"org.jfree.data.category","children":[{"name":"CategoryDataset","sloc":6,"wmc":1},{"name":"CategoryRangeInfo","sloc":7,"wmc":1},{"name":"CategoryToPieDataset","sloc":155,"wmc":41},{"name":"DefaultCategoryDataset","sloc":146,"wmc":35},{"name":"DefaultIntervalCategoryDataset","sloc":386,"wmc":92},{"name":"IntervalCategoryDataset","sloc":8,"wmc":4},{"name":"SlidingCategoryDataset","sloc":152,"wmc":36},{"name":"CategoryToPieDatasetTest","sloc":124,"wmc":6},{"name":"DefaultCategoryDatasetTest","sloc":250,"wmc":14},{"name":"DefaultIntervalCategoryDatasetTest","sloc":306,"wmc":20},{"name":"SlidingCategoryDatasetTest","sloc":174,"wmc":9}]},{"name":"org.jfree.data","children":[{"name":"ComparableObjectItem","sloc":56,"wmc":13},{"name":"ComparableObjectSeries","sloc":201,"wmc":49},{"name":"DataUtils","sloc":128,"wmc":32},{"name":"DefaultKeyedValue","sloc":59,"wmc":15},{"name":"DefaultKeyedValues","sloc":203,"wmc":44},{"name":"DefaultKeyedValues2D","sloc":255,"wmc":57},{"name":"DomainInfo","sloc":6,"wmc":3},{"name":"ItemKey","sloc":4,"wmc":1},{"name":"KeyedObject","sloc":57,"wmc":12},{"name":"KeyedObjects","sloc":149,"wmc":38},{"name":"KeyedObjects2D","sloc":249,"wmc":57},{"name":"KeyedValue","sloc":4,"wmc":1},{"name":"KeyedValueComparator","sloc":84,"wmc":18},{"name":"KeyedValues","sloc":8,"wmc":4},{"name":"KeyedValues2D","sloc":12,"wmc":7},{"name":"KeyedValues2DItemKey","sloc":72,"wmc":13},{"name":"KeyedValuesItemKey","sloc":49,"wmc":9},{"name":"KeyToGroupMap","sloc":170,"wmc":34},{"name":"Range","sloc":196,"wmc":52},{"name":"RangeInfo","sloc":6,"wmc":3},{"name":"UnknownKeyException","sloc":6,"wmc":1},{"name":"Value","sloc":4,"wmc":1},{"name":"Values","sloc":5,"wmc":2},{"name":"Values2D","sloc":6,"wmc":3},{"name":"ComparableObjectItemTest","sloc":62,"wmc":5},{"name":"ComparableObjectSeriesTest","sloc":115,"wmc":9},{"name":"DataUtilsTest","sloc":154,"wmc":7},{"name":"DefaultKeyedValues2DTest","sloc":213,"wmc":14},{"name":"DefaultKeyedValuesTest","sloc":316,"wmc":18},{"name":"DefaultKeyedValueTest","sloc":55,"wmc":4},{"name":"DomainOrderTest","sloc":39,"wmc":3},{"name":"KeyedObjects2DTest","sloc":266,"wmc":11},{"name":"KeyedObjectsTest","sloc":225,"wmc":10},{"name":"KeyedObjectTest","sloc":55,"wmc":4},{"name":"KeyToGroupMapTest","sloc":126,"wmc":8},{"name":"RangeTest","sloc":220,"wmc":13},{"name":"RangeTypeTest","sloc":39,"wmc":3}]},{"name":"org.jfree.data.function","children":[{"name":"Function2D","sloc":4,"wmc":1},{"name":"LineFunction2D","sloc":42,"wmc":9},{"name":"NormalDistributionFunction2D","sloc":50,"wmc":10},{"name":"PolynomialFunction2D","sloc":38,"wmc":8},{"name":"PowerFunction2D","sloc":42,"wmc":9},{"name":"LineFunction2DTest","sloc":36,"wmc":4},{"name":"NormalDistributionFunction2DTest","sloc":42,"wmc":4},{"name":"PolynomialFunction2DTest","sloc":65,"wmc":6},{"name":"PowerFunction2DTest","sloc":37,"wmc":4}]},{"name":"org.jfree.data.gantt","children":[{"name":"GanttCategoryDataset","sloc":15,"wmc":10},{"name":"SlidingGanttCategoryDataset","sloc":283,"wmc":63},{"name":"Task","sloc":100,"wmc":22},{"name":"TaskSeries","sloc":79,"wmc":17},{"name":"TaskSeriesCollection","sloc":321,"wmc":64},{"name":"XYTaskDataset","sloc":203,"wmc":44},{"name":"SlidingGanttCategoryDatasetTest","sloc":110,"wmc":6},{"name":"TaskSeriesCollectionTest","sloc":435,"wmc":27},{"name":"TaskSeriesTest","sloc":59,"wmc":4},{"name":"TaskTest","sloc":62,"wmc":4},{"name":"XYTaskDatasetTest","sloc":74,"wmc":3}]},{"name":"org.jfree.data.general","children":[{"name":"AbstractDataset","sloc":87,"wmc":18},{"name":"AbstractSeriesDataset","sloc":28,"wmc":7},{"name":"Dataset","sloc":7,"wmc":4},{"name":"DatasetChangeEvent","sloc":11,"wmc":2},{"name":"DatasetChangeListener","sloc":5,"wmc":1},{"name":"DatasetGroup","sloc":43,"wmc":9},{"name":"DatasetUtils","sloc":1459,"wmc":344},{"name":"DefaultHeatMapDataset","sloc":136,"wmc":36},{"name":"DefaultKeyedValueDataset","sloc":78,"wmc":21},{"name":"DefaultKeyedValues2DDataset","sloc":7,"wmc":1},{"name":"DefaultKeyedValuesDataset","sloc":5,"wmc":1},{"name":"DefaultPieDataset","sloc":131,"wmc":30},{"name":"DefaultValueDataset","sloc":42,"wmc":10},{"name":"HeatMapDataset","sloc":13,"wmc":10},{"name":"HeatMapUtils","sloc":50,"wmc":7},{"name":"KeyedValueDataset","sloc":4,"wmc":1},{"name":"KeyedValues2DDataset","sloc":4,"wmc":1},{"name":"KeyedValuesDataset","sloc":4,"wmc":1},{"name":"PieDataset","sloc":5,"wmc":1},{"name":"Series","sloc":145,"wmc":32},{"name":"SeriesChangeEvent","sloc":9,"wmc":1},{"name":"SeriesChangeListener","sloc":5,"wmc":1},{"name":"SeriesDataset","sloc":11,"wmc":3},{"name":"SeriesException","sloc":8,"wmc":1},{"name":"ValueDataset","sloc":4,"wmc":1},{"name":"WaferMapDataset","sloc":109,"wmc":29},{"name":"DatasetGroupTest","sloc":12,"wmc":1},{"name":"DatasetUtilsTest","sloc":1045,"wmc":65},{"name":"DefaultHeatMapDatasetTest","sloc":112,"wmc":5},{"name":"DefaultKeyedValueDatasetTest","sloc":47,"wmc":4},{"name":"DefaultKeyedValues2DDatasetTest","sloc":29,"wmc":2},{"name":"DefaultKeyedValuesDatasetTest","sloc":28,"wmc":2},{"name":"DefaultPieDatasetTest","sloc":90,"wmc":6},{"name":"IntervalDataItem","sloc":20,"wmc":4},{"name":"TestIntervalCategoryDataset","sloc":193,"wmc":43},{"name":"TestIntervalXYZDataset","sloc":96,"wmc":22}]},{"name":"org.jfree.data.io","children":[{"name":"CSV","sloc":96,"wmc":16}]},{"name":"org.jfree.data.jdbc","children":[{"name":"JDBCCategoryDataset","sloc":140,"wmc":32},{"name":"JDBCPieDataset","sloc":106,"wmc":21},{"name":"JDBCXYDataset","sloc":263,"wmc":67}]},{"name":"org.jfree.data.json.impl","children":[{"name":"JSONArray","sloc":72,"wmc":13},{"name":"JSONAware","sloc":4,"wmc":1},{"name":"JSONObject","sloc":85,"wmc":14},{"name":"JSONStreamAware","sloc":6,"wmc":1},{"name":"JSONValue","sloc":156,"wmc":48}]},{"name":"org.jfree.data.json","children":[{"name":"JSONUtils","sloc":104,"wmc":14}]},{"name":"org.jfree.data.resources","children":[{"name":"DataPackageResources","sloc":12,"wmc":1},{"name":"DataPackageResources_de","sloc":12,"wmc":1},{"name":"DataPackageResources_es","sloc":12,"wmc":1},{"name":"DataPackageResources_fr","sloc":12,"wmc":1},{"name":"DataPackageResources_pl","sloc":12,"wmc":1},{"name":"DataPackageResources_ru","sloc":12,"wmc":1}]},{"name":"org.jfree.data.statistics","children":[{"name":"BoxAndWhiskerCalculator","sloc":114,"wmc":21},{"name":"BoxAndWhiskerCategoryDataset","sloc":24,"wmc":18},{"name":"BoxAndWhiskerItem","sloc":128,"wmc":26},{"name":"BoxAndWhiskerXYDataset","sloc":17,"wmc":11},{"name":"DefaultBoxAndWhiskerCategoryDataset","sloc":413,"wmc":90},{"name":"DefaultBoxAndWhiskerXYDataset","sloc":240,"wmc":49},{"name":"DefaultMultiValueCategoryDataset","sloc":196,"wmc":44},{"name":"DefaultStatisticalCategoryDataset","sloc":363,"wmc":86},{"name":"HistogramBin","sloc":62,"wmc":13},{"name":"HistogramDataset","sloc":214,"wmc":45},{"name":"MeanAndStandardDeviation","sloc":67,"wmc":15},{"name":"MultiValueCategoryDataset","sloc":8,"wmc":2},{"name":"Regression","sloc":223,"wmc":37},{"name":"SimpleHistogramBin","sloc":130,"wmc":35},{"name":"SimpleHistogramDataset","sloc":188,"wmc":43},{"name":"StatisticalCategoryDataset","sloc":9,"wmc":4},{"name":"Statistics","sloc":237,"wmc":47},{"name":"BoxAndWhiskerCalculatorTest","sloc":93,"wmc":4},{"name":"BoxAndWhiskerItemTest","sloc":24,"wmc":2},{"name":"DefaultBoxAndWhiskerCategoryDatasetTest","sloc":174,"wmc":9},{"name":"DefaultBoxAndWhiskerXYDatasetTest","sloc":99,"wmc":6},{"name":"DefaultMultiValueCategoryDatasetTest","sloc":155,"wmc":8},{"name":"DefaultStatisticalCategoryDatasetTest","sloc":163,"wmc":11},{"name":"HistogramBinTest","sloc":34,"wmc":3},{"name":"HistogramDatasetTest","sloc":144,"wmc":11},{"name":"MeanAndStandardDeviationTest","sloc":34,"wmc":3},{"name":"RegressionTest","sloc":134,"wmc":14},{"name":"SimpleHistogramBinTest","sloc":91,"wmc":5},{"name":"SimpleHistogramDatasetTest","sloc":56,"wmc":5},{"name":"StatisticsTest","sloc":296,"wmc":12}]},{"name":"org.jfree.data.time","children":[{"name":"DateRange","sloc":44,"wmc":9},{"name":"Day","sloc":177,"wmc":29},{"name":"DynamicTimeSeriesCollection","sloc":403,"wmc":94},{"name":"FixedMillisecond","sloc":111,"wmc":24},{"name":"Hour","sloc":189,"wmc":37},{"name":"Millisecond","sloc":178,"wmc":35},{"name":"Minute","sloc":197,"wmc":37},{"name":"Month","sloc":233,"wmc":48},{"name":"MovingAverage","sloc":165,"wmc":32},{"name":"Quarter","sloc":191,"wmc":36},{"name":"RegularTimePeriod","sloc":90,"wmc":26},{"name":"Second","sloc":194,"wmc":40},{"name":"SimpleTimePeriod","sloc":91,"wmc":20},{"name":"TimePeriod","sloc":6,"wmc":2},{"name":"TimePeriodFormatException","sloc":6,"wmc":1},{"name":"TimePeriodValue","sloc":66,"wmc":17},{"name":"TimePeriodValues","sloc":257,"wmc":53},{"name":"TimePeriodValuesCollection","sloc":211,"wmc":42},{"name":"TimeSeries","sloc":648,"wmc":149},{"name":"TimeSeriesCollection","sloc":337,"wmc":72},{"name":"TimeSeriesDataItem","sloc":66,"wmc":15},{"name":"TimeSeriesTableModel","sloc":127,"wmc":27},{"name":"TimeTableXYDataset","sloc":230,"wmc":52},{"name":"Week","sloc":283,"wmc":55},{"name":"Year","sloc":136,"wmc":26},{"name":"DateRangeTest","sloc":45,"wmc":4},{"name":"DayTest","sloc":229,"wmc":23},{"name":"FixedMillisecondTest","sloc":36,"wmc":4},{"name":"HourTest","sloc":223,"wmc":22},{"name":"MillisecondTest","sloc":216,"wmc":18},{"name":"MinuteTest","sloc":209,"wmc":18},{"name":"MonthTest","sloc":250,"wmc":23},{"name":"MovingAverageTest","sloc":41,"wmc":2},{"name":"QuarterTest","sloc":266,"wmc":24},{"name":"SecondTest","sloc":200,"wmc":17},{"name":"SimpleTimePeriodTest","sloc":97,"wmc":7},{"name":"TimePeriodAnchorTest","sloc":18,"wmc":2},{"name":"TimePeriodValuesCollectionTest","sloc":112,"wmc":6},{"name":"TimePeriodValuesTest","sloc":219,"wmc":17},{"name":"TimePeriodValueTest","sloc":34,"wmc":4},{"name":"TimeSeriesCollectionTest","sloc":307,"wmc":13},{"name":"TimeSeriesDataItemTest","sloc":34,"wmc":3},{"name":"TimeSeriesTest","sloc":847,"wmc":46},{"name":"TimeTableXYDatasetTest","sloc":87,"wmc":6},{"name":"WeekTest","sloc":328,"wmc":25},{"name":"YearTest","sloc":239,"wmc":22}]},{"name":"org.jfree.data.time.ohlc","children":[{"name":"OHLC","sloc":59,"wmc":13},{"name":"OHLCItem","sloc":51,"wmc":11},{"name":"OHLCSeries","sloc":38,"wmc":8},{"name":"OHLCSeriesCollection","sloc":186,"wmc":41},{"name":"OHLCItemTest","sloc":70,"wmc":5},{"name":"OHLCSeriesCollectionTest","sloc":143,"wmc":9},{"name":"OHLCSeriesTest","sloc":150,"wmc":12},{"name":"OHLCTest","sloc":50,"wmc":4}]},{"name":"org.jfree.data.xml","children":[{"name":"CategoryDatasetHandler","sloc":48,"wmc":9},{"name":"CategorySeriesHandler","sloc":58,"wmc":9},{"name":"DatasetReader","sloc":83,"wmc":7},{"name":"DatasetTags","sloc":9,"wmc":1},{"name":"ItemHandler","sloc":62,"wmc":11},{"name":"KeyHandler","sloc":53,"wmc":9},{"name":"PieDatasetHandler","sloc":45,"wmc":9},{"name":"RootHandler","sloc":39,"wmc":10},{"name":"ValueHandler","sloc":60,"wmc":10}]},{"name":"org.jfree.data.xy","children":[{"name":"AbstractIntervalXYDataset","sloc":41,"wmc":8},{"name":"AbstractXYDataset","sloc":28,"wmc":5},{"name":"AbstractXYZDataset","sloc":13,"wmc":2},{"name":"CategoryTableXYDataset","sloc":143,"wmc":33},{"name":"DefaultHighLowDataset","sloc":155,"wmc":34},{"name":"DefaultIntervalXYDataset","sloc":197,"wmc":38},{"name":"DefaultOHLCDataset","sloc":128,"wmc":29},{"name":"DefaultTableXYDataset","sloc":296,"wmc":69},{"name":"DefaultWindDataset","sloc":186,"wmc":28},{"name":"DefaultXYDataset","sloc":148,"wmc":30},{"name":"DefaultXYZDataset","sloc":158,"wmc":30},{"name":"IntervalXYDataset","sloc":11,"wmc":8},{"name":"IntervalXYDelegate","sloc":182,"wmc":43},{"name":"IntervalXYZDataset","sloc":10,"wmc":6},{"name":"MatrixSeries","sloc":75,"wmc":20},{"name":"MatrixSeriesCollection","sloc":108,"wmc":23},{"name":"NormalizedMatrixSeries","sloc":35,"wmc":6},{"name":"OHLCDataItem","sloc":77,"wmc":17},{"name":"OHLCDataset","sloc":13,"wmc":10},{"name":"TableXYDataset","sloc":4,"wmc":1},{"name":"Vector","sloc":48,"wmc":11},{"name":"VectorDataItem","sloc":36,"wmc":8},{"name":"VectorSeries","sloc":44,"wmc":10},{"name":"VectorSeriesCollection","sloc":115,"wmc":22},{"name":"VectorXYDataset","sloc":6,"wmc":3},{"name":"WindDataset","sloc":5,"wmc":2},{"name":"XIntervalDataItem","sloc":37,"wmc":8},{"name":"XIntervalSeries","sloc":40,"wmc":9},{"name":"XIntervalSeriesCollection","sloc":126,"wmc":24},{"name":"XisSymbolic","sloc":6,"wmc":3},{"name":"XYBarDataset","sloc":125,"wmc":29},{"name":"XYCoordinate","sloc":71,"wmc":17},{"name":"XYDataItem","sloc":93,"wmc":21},{"name":"XYDataset","sloc":11,"wmc":6},{"name":"XYDatasetTableModel","sloc":73,"wmc":17},{"name":"XYDomainInfo","sloc":7,"wmc":1},{"name":"XYInterval","sloc":58,"wmc":14},{"name":"XYIntervalDataItem","sloc":56,"wmc":12},{"name":"XYIntervalSeries","sloc":49,"wmc":11},{"name":"XYIntervalSeriesCollection","sloc":132,"wmc":28},{"name":"XYItemKey","sloc":70,"wmc":13},{"name":"XYRangeInfo","sloc":7,"wmc":1},{"name":"XYSeries","sloc":425,"wmc":102},{"name":"XYSeriesCollection","sloc":361,"wmc":78},{"name":"XYZDataset","sloc":5,"wmc":2},{"name":"YInterval","sloc":41,"wmc":10},{"name":"YIntervalDataItem","sloc":37,"wmc":8},{"name":"YIntervalSeries","sloc":39,"wmc":9},{"name":"YIntervalSeriesCollection","sloc":121,"wmc":24},{"name":"YisSymbolic","sloc":6,"wmc":3},{"name":"YWithXInterval","sloc":41,"wmc":10},{"name":"CategoryTableXYDatasetTest","sloc":103,"wmc":6},{"name":"DefaultHighLowDatasetTest","sloc":113,"wmc":4},{"name":"DefaultIntervalXYDatasetTest","sloc":222,"wmc":17},{"name":"DefaultOHLCDatasetTest","sloc":80,"wmc":6},{"name":"DefaultTableXYDatasetTest","sloc":113,"wmc":6},{"name":"DefaultWindDatasetTest","sloc":95,"wmc":8},{"name":"DefaultXYDatasetTest","sloc":127,"wmc":8},{"name":"DefaultXYZDatasetTest","sloc":133,"wmc":8},{"name":"IntervalXYDelegateTest","sloc":58,"wmc":3},{"name":"MatrixSeriesCollectionTest","sloc":54,"wmc":4},{"name":"MatrixSeriesTest","sloc":90,"wmc":6},{"name":"OHLCDataItemTest","sloc":27,"wmc":3},{"name":"TableXYDatasetTest","sloc":141,"wmc":13},{"name":"VectorDataItemTest","sloc":55,"wmc":4},{"name":"VectorSeriesCollectionTest","sloc":73,"wmc":5},{"name":"VectorSeriesTest","sloc":162,"wmc":12},{"name":"VectorTest","sloc":43,"wmc":4},{"name":"XIntervalDataItemTest","sloc":55,"wmc":4},{"name":"XIntervalSeriesCollectionTest","sloc":93,"wmc":6},{"name":"XIntervalSeriesTest","sloc":178,"wmc":14},{"name":"XYBarDatasetTest","sloc":67,"wmc":4},{"name":"XYCoordinateTest","sloc":43,"wmc":4},{"name":"XYDataItemTest","sloc":34,"wmc":3},{"name":"XYIntervalDataItemTest","sloc":70,"wmc":4},{"name":"XYIntervalSeriesCollectionTest","sloc":98,"wmc":6},{"name":"XYIntervalSeriesTest","sloc":173,"wmc":13},{"name":"XYIntervalTest","sloc":45,"wmc":3},{"name":"XYSeriesCollectionTest","sloc":342,"wmc":18},{"name":"XYSeriesTest","sloc":542,"wmc":37},{"name":"YIntervalDataItemTest","sloc":55,"wmc":4},{"name":"YIntervalSeriesCollectionTest","sloc":94,"wmc":6},{"name":"YIntervalSeriesTest","sloc":162,"wmc":12},{"name":"YIntervalTest","sloc":37,"wmc":3},{"name":"YWithXIntervalTest","sloc":37,"wmc":3}]}]}