{"name":"variants","children":[{"name":"epayment.adapters","children":[{"name":"ABCGatewayAdapter","sloc":34,"wmc":7},{"name":"XYZGatewayAdapter","sloc":33,"wmc":7}]},{"name":"epayment.commands","children":[{"name":"AuthorizeCommand","sloc":11,"wmc":2},{"name":"CaptureCommand","sloc":11,"wmc":2},{"name":"CreditCommand","sloc":11,"wmc":2},{"name":"SaleCommand","sloc":11,"wmc":2},{"name":"VoidSaleCommand","sloc":11,"wmc":2}]},{"name":"epayment.framework","children":[{"name":"AbstractPaymentCommand","sloc":12,"wmc":3},{"name":"IGatewayAdapter","sloc":14,"wmc":6},{"name":"IPaymentCommand","sloc":5,"wmc":1},{"name":"IPaymentRequest","sloc":10,"wmc":6},{"name":"IPaymentResponse","sloc":6,"wmc":2},{"name":"PaymentException","sloc":6,"wmc":1}]},{"name":"epayment.processor","children":[{"name":"PaymentProcessor","sloc":35,"wmc":6},{"name":"PaymentProcessorConfigurator","sloc":10,"wmc":2}]},{"name":"epayment.request","children":[{"name":"PaymentRequest","sloc":63,"wmc":14}]},{"name":"epayment.response","children":[{"name":"PaymentResponse","sloc":28,"wmc":6}]},{"name":"jdepend.framework","children":[{"name":"AbstractParser","sloc":38,"wmc":11},{"name":"ClassFileParser","sloc":572,"wmc":137},{"name":"DependencyConstraint","sloc":85,"wmc":25},{"name":"FileManager","sloc":86,"wmc":26},{"name":"JavaClass","sloc":65,"wmc":16},{"name":"JavaClassBuilder","sloc":84,"wmc":13},{"name":"JavaPackage","sloc":161,"wmc":46},{"name":"JDepend","sloc":129,"wmc":34},{"name":"PackageComparator","sloc":28,"wmc":6},{"name":"PackageFilter","sloc":45,"wmc":12},{"name":"ParserListener","sloc":4,"wmc":1},{"name":"PropertyConfigurator","sloc":89,"wmc":17},{"name":"AllTests","sloc":23,"wmc":2},{"name":"ClassFileParserTest","sloc":120,"wmc":11},{"name":"CollectAllCyclesTest","sloc":135,"wmc":9},{"name":"ComponentTest","sloc":83,"wmc":9},{"name":"ConstraintTest","sloc":72,"wmc":5},{"name":"CycleTest","sloc":147,"wmc":12},{"name":"ExampleAbstractClass","sloc":17,"wmc":5},{"name":"ExampleConcreteClass","sloc":49,"wmc":8},{"name":"ExampleInterface","sloc":8,"wmc":4},{"name":"ExampleTest","sloc":85,"wmc":10},{"name":"FileManagerTest","sloc":71,"wmc":13},{"name":"FilterTest","sloc":52,"wmc":8},{"name":"JarFileParserTest","sloc":89,"wmc":12},{"name":"JDependTestCase","sloc":45,"wmc":9},{"name":"MetricTest","sloc":101,"wmc":11},{"name":"ProfilingHarness","sloc":16,"wmc":3},{"name":"PropertyConfiguratorTest","sloc":46,"wmc":7}]},{"name":"jdepend.swingui","children":[{"name":"AboutDialog","sloc":59,"wmc":3},{"name":"AfferentNode","sloc":21,"wmc":5},{"name":"DependTree","sloc":56,"wmc":11},{"name":"DependTreeModel","sloc":68,"wmc":19},{"name":"EfferentNode","sloc":29,"wmc":8},{"name":"JDepend","sloc":346,"wmc":59},{"name":"PackageNode","sloc":81,"wmc":17},{"name":"StatusPanel","sloc":16,"wmc":2}]},{"name":"jdepend.textui","children":[{"name":"JDepend","sloc":359,"wmc":77}]},{"name":"jdepend.xmlui","children":[{"name":"JDepend","sloc":135,"wmc":30}]}]}