{"nodes":[{"name":"br.com.trevisantecnologia.umov.watcher.model","label":"br.com.trevisantecnologia.umov.watcher.model","id":"br.com.trevisantecnologia.umov.watcher.model","size":62},{"name":"br.com.trevisantecnologia.umov.watcher.dao.impl","label":"br.com.trevisantecnologia.umov.watcher.dao.impl","id":"br.com.trevisantecnologia.umov.watcher.dao.impl","size":37},{"name":"br.com.trevisantecnologia.umov.watcher.types","label":"br.com.trevisantecnologia.umov.watcher.types","id":"br.com.trevisantecnologia.umov.watcher.types","size":23},{"name":"br.com.trevisantecnologia.umov.watcher.service","label":"br.com.trevisantecnologia.umov.watcher.service","id":"br.com.trevisantecnologia.umov.watcher.service","size":21},{"name":"br.com.trevisantecnologia.umov.watcher.exception","label":"br.com.trevisantecnologia.umov.watcher.exception","id":"br.com.trevisantecnologia.umov.watcher.exception","size":21},{"name":"br.com.trevisantecnologia.umov.watcher.task","label":"br.com.trevisantecnologia.umov.watcher.task","id":"br.com.trevisantecnologia.umov.watcher.task","size":15},{"name":"br.com.trevisantecnologia.umov.watcher.monitor","label":"br.com.trevisantecnologia.umov.watcher.monitor","id":"br.com.trevisantecnologia.umov.watcher.monitor","size":11},{"name":"br.com.trevisantecnologia.umov.watcher.mapping","label":"br.com.trevisantecnologia.umov.watcher.mapping","id":"br.com.trevisantecnologia.umov.watcher.mapping","size":11},{"name":"br.com.trevisantecnologia.umov.watcher.feeder.domain.model","label":"br.com.trevisantecnologia.umov.watcher.feeder.domain.model","id":"br.com.trevisantecnologia.umov.watcher.feeder.domain.model","size":11},{"name":"br.com.trevisantecnologia.umov.watcher.serialize","label":"br.com.trevisantecnologia.umov.watcher.serialize","id":"br.com.trevisantecnologia.umov.watcher.serialize","size":10},{"name":"br.com.trevisantecnologia.umov.watcher.tasksfinisher.domain","label":"br.com.trevisantecnologia.umov.watcher.tasksfinisher.domain","id":"br.com.trevisantecnologia.umov.watcher.tasksfinisher.domain","size":9},{"name":"br.com.trevisantecnologia.umov.watcher.eca.connector.task","label":"br.com.trevisantecnologia.umov.watcher.eca.connector.task","id":"br.com.trevisantecnologia.umov.watcher.eca.connector.task","size":8},{"name":"br.com.trevisantecnologia.umov.watcher.feeder.domain.port","label":"br.com.trevisantecnologia.umov.watcher.feeder.domain.port","id":"br.com.trevisantecnologia.umov.watcher.feeder.domain.port","size":8},{"name":"br.com.trevisantecnologia.umov.watcher.feeder.domain.operations","label":"br.com.trevisantecnologia.umov.watcher.feeder.domain.operations","id":"br.com.trevisantecnologia.umov.watcher.feeder.domain.operations","size":6},{"name":"br.com.trevisantecnologia.umov.watcher.model.schedule.notification.smartpush.notification.param","label":"br.com.trevisantecnologia.umov.watcher.model.schedule.notification.smartpush.notification.param","id":"br.com.trevisantecnologia.umov.watcher.model.schedule.notification.smartpush.notification.param","size":6},{"name":"br.com.trevisantecnologia.umov.watcher.tasksfinisher.domain.actions","label":"br.com.trevisantecnologia.umov.watcher.tasksfinisher.domain.actions","id":"br.com.trevisantecnologia.umov.watcher.tasksfinisher.domain.actions","size":6},{"name":"br.com.trevisantecnologia.umov.watcher.ioc.guice","label":"br.com.trevisantecnologia.umov.watcher.ioc.guice","id":"br.com.trevisantecnologia.umov.watcher.ioc.guice","size":5},{"name":"br.com.trevisantecnologia.umov.watcher.feeder.domain.builder","label":"br.com.trevisantecnologia.umov.watcher.feeder.domain.builder","id":"br.com.trevisantecnologia.umov.watcher.feeder.domain.builder","size":5},{"name":"br.com.trevisantecnologia.umov.watcher.feeder.domain.builder.criteria","label":"br.com.trevisantecnologia.umov.watcher.feeder.domain.builder.criteria","id":"br.com.trevisantecnologia.umov.watcher.feeder.domain.builder.criteria","size":5},{"name":"br.com.trevisantecnologia.umov.watcher.io","label":"br.com.trevisantecnologia.umov.watcher.io","id":"br.com.trevisantecnologia.umov.watcher.io","size":5},{"name":"br.com.trevisantecnologia.umov.watcher.dao","label":"br.com.trevisantecnologia.umov.watcher.dao","id":"br.com.trevisantecnologia.umov.watcher.dao","size":5},{"name":"br.com.trevisantecnologia.umov.watcher.feeder.oldway","label":"br.com.trevisantecnologia.umov.watcher.feeder.oldway","id":"br.com.trevisantecnologia.umov.watcher.feeder.oldway","size":4},{"name":"br.com.trevisantecnologia.umov.watcher.feeder.domain.operations.handler","label":"br.com.trevisantecnologia.umov.watcher.feeder.domain.operations.handler","id":"br.com.trevisantecnologia.umov.watcher.feeder.domain.operations.handler","size":4},{"name":"br.com.trevisantecnologia.umov.watcher.log","label":"br.com.trevisantecnologia.umov.watcher.log","id":"br.com.trevisantecnologia.umov.watcher.log","size":4},{"name":"br.com.trevisantecnologia.umov.watcher.builder","label":"br.com.trevisantecnologia.umov.watcher.builder","id":"br.com.trevisantecnologia.umov.watcher.builder","size":4},{"name":"br.com.trevisantecnologia.umov.watcher.tasksfinisher.domain.model","label":"br.com.trevisantecnologia.umov.watcher.tasksfinisher.domain.model","id":"br.com.trevisantecnologia.umov.watcher.tasksfinisher.domain.model","size":4},{"name":"br.com.trevisantecnologia.umov.watcher.http","label":"br.com.trevisantecnologia.umov.watcher.http","id":"br.com.trevisantecnologia.umov.watcher.http","size":3},{"name":"br.com.trevisantecnologia.umov.watcher.model.schedule.notification.smartpush.notification","label":"br.com.trevisantecnologia.umov.watcher.model.schedule.notification.smartpush.notification","id":"br.com.trevisantecnologia.umov.watcher.model.schedule.notification.smartpush.notification","size":3},{"name":"br.com.trevisantecnologia.umov.watcher.template","label":"br.com.trevisantecnologia.umov.watcher.template","id":"br.com.trevisantecnologia.umov.watcher.template","size":2},{"name":"br.com.trevisantecnologia.umov.watcher.interceptor","label":"br.com.trevisantecnologia.umov.watcher.interceptor","id":"br.com.trevisantecnologia.umov.watcher.interceptor","size":2},{"name":"br.com.trevisantecnologia.umov.watcher.eca.connector.task.observer","label":"br.com.trevisantecnologia.umov.watcher.eca.connector.task.observer","id":"br.com.trevisantecnologia.umov.watcher.eca.connector.task.observer","size":2},{"name":"br.com.trevisantecnologia.umov.watcher.eca.action.schedule.notification","label":"br.com.trevisantecnologia.umov.watcher.eca.action.schedule.notification","id":"br.com.trevisantecnologia.umov.watcher.eca.action.schedule.notification","size":2},{"name":"br.com.trevisantecnologia.umov.watcher.eca.action","label":"br.com.trevisantecnologia.umov.watcher.eca.action","id":"br.com.trevisantecnologia.umov.watcher.eca.action","size":2},{"name":"br.com.trevisantecnologia.umov.watcher.feeder.domain.exceptions","label":"br.com.trevisantecnologia.umov.watcher.feeder.domain.exceptions","id":"br.com.trevisantecnologia.umov.watcher.feeder.domain.exceptions","size":2},{"name":"br.com.trevisantecnologia.umov.watcher.feeder.aplication","label":"br.com.trevisantecnologia.umov.watcher.feeder.aplication","id":"br.com.trevisantecnologia.umov.watcher.feeder.aplication","size":2},{"name":"br.com.trevisantecnologia.umov.watcher.validators","label":"br.com.trevisantecnologia.umov.watcher.validators","id":"br.com.trevisantecnologia.umov.watcher.validators","size":2},{"name":"br.com.trevisantecnologia.umov.watcher.model.schedule.notification.smartpush","label":"br.com.trevisantecnologia.umov.watcher.model.schedule.notification.smartpush","id":"br.com.trevisantecnologia.umov.watcher.model.schedule.notification.smartpush","size":2},{"name":"br.com.trevisantecnologia.umov.watcher.model.schedule.notification.smartpush.filter","label":"br.com.trevisantecnologia.umov.watcher.model.schedule.notification.smartpush.filter","id":"br.com.trevisantecnologia.umov.watcher.model.schedule.notification.smartpush.filter","size":2},{"name":"br.com.trevisantecnologia.umov.watcher.monitor.schedule.notification","label":"br.com.trevisantecnologia.umov.watcher.monitor.schedule.notification","id":"br.com.trevisantecnologia.umov.watcher.monitor.schedule.notification","size":1},{"name":"br.com.trevisantecnologia.umov.watcher.task.schedule.notification","label":"br.com.trevisantecnologia.umov.watcher.task.schedule.notification","id":"br.com.trevisantecnologia.umov.watcher.task.schedule.notification","size":1},{"name":"br.com.trevisantecnologia.umov.watcher.persistence","label":"br.com.trevisantecnologia.umov.watcher.persistence","id":"br.com.trevisantecnologia.umov.watcher.persistence","size":1},{"name":"br.com.trevisantecnologia.umov.watcher","label":"br.com.trevisantecnologia.umov.watcher","id":"br.com.trevisantecnologia.umov.watcher","size":1},{"name":"br.com.trevisantecnologia.umov.watcher.eca","label":"br.com.trevisantecnologia.umov.watcher.eca","id":"br.com.trevisantecnologia.umov.watcher.eca","size":1},{"name":"br.com.trevisantecnologia.umov.watcher.eca.adapter.impl","label":"br.com.trevisantecnologia.umov.watcher.eca.adapter.impl","id":"br.com.trevisantecnologia.umov.watcher.eca.adapter.impl","size":1},{"name":"br.com.trevisantecnologia.umov.watcher.eca.action.manager.impl","label":"br.com.trevisantecnologia.umov.watcher.eca.action.manager.impl","id":"br.com.trevisantecnologia.umov.watcher.eca.action.manager.impl","size":1},{"name":"br.com.trevisantecnologia.umov.watcher.eca.action.manager","label":"br.com.trevisantecnologia.umov.watcher.eca.action.manager","id":"br.com.trevisantecnologia.umov.watcher.eca.action.manager","size":1},{"name":"br.com.trevisantecnologia.umov.watcher.eca.action.schedule.notification.parse","label":"br.com.trevisantecnologia.umov.watcher.eca.action.schedule.notification.parse","id":"br.com.trevisantecnologia.umov.watcher.eca.action.schedule.notification.parse","size":1},{"name":"br.com.trevisantecnologia.umov.watcher.eca.action.schedule.notification.smartpush","label":"br.com.trevisantecnologia.umov.watcher.eca.action.schedule.notification.smartpush","id":"br.com.trevisantecnologia.umov.watcher.eca.action.schedule.notification.smartpush","size":1},{"name":"br.com.trevisantecnologia.umov.watcher.cache","label":"br.com.trevisantecnologia.umov.watcher.cache","id":"br.com.trevisantecnologia.umov.watcher.cache","size":1},{"name":"br.com.trevisantecnologia.umov.watcher.feeder.domain","label":"br.com.trevisantecnologia.umov.watcher.feeder.domain","id":"br.com.trevisantecnologia.umov.watcher.feeder.domain","size":1},{"name":"br.com.trevisantecnologia.umov.watcher.annotation","label":"br.com.trevisantecnologia.umov.watcher.annotation","id":"br.com.trevisantecnologia.umov.watcher.annotation","size":1},{"name":"br.com.trevisantecnologia.umov.watcher.model.schedule.notification","label":"br.com.trevisantecnologia.umov.watcher.model.schedule.notification","id":"br.com.trevisantecnologia.umov.watcher.model.schedule.notification","size":1},{"name":"br.com.trevisantecnologia.umov.watcher.tasksfinisher.domain.DomainEvents","label":"br.com.trevisantecnologia.umov.watcher.tasksfinisher.domain.DomainEvents","id":"br.com.trevisantecnologia.umov.watcher.tasksfinisher.domain.DomainEvents","size":1},{"name":"br.com.trevisantecnologia.umov.watcher.tasksfinisher.domain.exceptions","label":"br.com.trevisantecnologia.umov.watcher.tasksfinisher.domain.exceptions","id":"br.com.trevisantecnologia.umov.watcher.tasksfinisher.domain.exceptions","size":1},{"name":"br.com.trevisantecnologia.umov.watcher.tasksfinisher.aplication","label":"br.com.trevisantecnologia.umov.watcher.tasksfinisher.aplication","id":"br.com.trevisantecnologia.umov.watcher.tasksfinisher.aplication","size":1},{"name":"me.umov.photo.serialize","label":"me.umov.photo.serialize","id":"me.umov.photo.serialize","size":1}],"links":[{"source":"br.com.trevisantecnologia.umov.watcher.model","target":"br.com.trevisantecnologia.umov.watcher.feeder.domain.model"},{"source":"br.com.trevisantecnologia.umov.watcher.model","target":"br.com.trevisantecnologia.umov.watcher.tasksfinisher.domain"},{"source":"br.com.trevisantecnologia.umov.watcher.model","target":"br.com.trevisantecnologia.umov.watcher.types"},{"source":"br.com.trevisantecnologia.umov.watcher.dao.impl","target":"br.com.trevisantecnologia.umov.watcher.dao"},{"source":"br.com.trevisantecnologia.umov.watcher.dao.impl","target":"br.com.trevisantecnologia.umov.watcher.exception"},{"source":"br.com.trevisantecnologia.umov.watcher.dao.impl","target":"br.com.trevisantecnologia.umov.watcher.feeder.domain.builder.criteria"},{"source":"br.com.trevisantecnologia.umov.watcher.dao.impl","target":"br.com.trevisantecnologia.umov.watcher.feeder.domain.model"},{"source":"br.com.trevisantecnologia.umov.watcher.dao.impl","target":"br.com.trevisantecnologia.umov.watcher.model"},{"source":"br.com.trevisantecnologia.umov.watcher.dao.impl","target":"br.com.trevisantecnologia.umov.watcher.model.schedule.notification"},{"source":"br.com.trevisantecnologia.umov.watcher.dao.impl","target":"br.com.trevisantecnologia.umov.watcher.tasksfinisher.domain"},{"source":"br.com.trevisantecnologia.umov.watcher.dao.impl","target":"br.com.trevisantecnologia.umov.watcher.tasksfinisher.domain.exceptions"},{"source":"br.com.trevisantecnologia.umov.watcher.dao.impl","target":"br.com.trevisantecnologia.umov.watcher.tasksfinisher.domain.model"},{"source":"br.com.trevisantecnologia.umov.watcher.types","target":"br.com.trevisantecnologia.umov.watcher.feeder.domain.model"},{"source":"br.com.trevisantecnologia.umov.watcher.service","target":"br.com.trevisantecnologia.umov.watcher.dao"},{"source":"br.com.trevisantecnologia.umov.watcher.service","target":"br.com.trevisantecnologia.umov.watcher.dao.impl"},{"source":"br.com.trevisantecnologia.umov.watcher.service","target":"br.com.trevisantecnologia.umov.watcher.eca.action"},{"source":"br.com.trevisantecnologia.umov.watcher.service","target":"br.com.trevisantecnologia.umov.watcher.exception"},{"source":"br.com.trevisantecnologia.umov.watcher.service","target":"br.com.trevisantecnologia.umov.watcher.feeder.domain.builder.criteria"},{"source":"br.com.trevisantecnologia.umov.watcher.service","target":"br.com.trevisantecnologia.umov.watcher.feeder.domain.exceptions"},{"source":"br.com.trevisantecnologia.umov.watcher.service","target":"br.com.trevisantecnologia.umov.watcher.feeder.domain.model"},{"source":"br.com.trevisantecnologia.umov.watcher.service","target":"br.com.trevisantecnologia.umov.watcher.feeder.domain.port"},{"source":"br.com.trevisantecnologia.umov.watcher.service","target":"br.com.trevisantecnologia.umov.watcher.log"},{"source":"br.com.trevisantecnologia.umov.watcher.service","target":"br.com.trevisantecnologia.umov.watcher.model"},{"source":"br.com.trevisantecnologia.umov.watcher.service","target":"br.com.trevisantecnologia.umov.watcher.model.schedule.notification"},{"source":"br.com.trevisantecnologia.umov.watcher.task","target":"br.com.trevisantecnologia.umov.watcher.builder"},{"source":"br.com.trevisantecnologia.umov.watcher.task","target":"br.com.trevisantecnologia.umov.watcher.dao.impl"},{"source":"br.com.trevisantecnologia.umov.watcher.task","target":"br.com.trevisantecnologia.umov.watcher.eca"},{"source":"br.com.trevisantecnologia.umov.watcher.task","target":"br.com.trevisantecnologia.umov.watcher.eca.action"},{"source":"br.com.trevisantecnologia.umov.watcher.task","target":"br.com.trevisantecnologia.umov.watcher.eca.action.manager"},{"source":"br.com.trevisantecnologia.umov.watcher.task","target":"br.com.trevisantecnologia.umov.watcher.eca.connector.task"},{"source":"br.com.trevisantecnologia.umov.watcher.task","target":"br.com.trevisantecnologia.umov.watcher.exception"},{"source":"br.com.trevisantecnologia.umov.watcher.task","target":"br.com.trevisantecnologia.umov.watcher.feeder.aplication"},{"source":"br.com.trevisantecnologia.umov.watcher.task","target":"br.com.trevisantecnologia.umov.watcher.http"},{"source":"br.com.trevisantecnologia.umov.watcher.task","target":"br.com.trevisantecnologia.umov.watcher.io"},{"source":"br.com.trevisantecnologia.umov.watcher.task","target":"br.com.trevisantecnologia.umov.watcher.log"},{"source":"br.com.trevisantecnologia.umov.watcher.task","target":"br.com.trevisantecnologia.umov.watcher.model"},{"source":"br.com.trevisantecnologia.umov.watcher.task","target":"br.com.trevisantecnologia.umov.watcher.serialize"},{"source":"br.com.trevisantecnologia.umov.watcher.task","target":"br.com.trevisantecnologia.umov.watcher.service"},{"source":"br.com.trevisantecnologia.umov.watcher.task","target":"br.com.trevisantecnologia.umov.watcher.tasksfinisher.domain"},{"source":"br.com.trevisantecnologia.umov.watcher.task","target":"br.com.trevisantecnologia.umov.watcher.validators"},{"source":"br.com.trevisantecnologia.umov.watcher.monitor","target":"br.com.trevisantecnologia.umov.watcher.io"},{"source":"br.com.trevisantecnologia.umov.watcher.monitor","target":"br.com.trevisantecnologia.umov.watcher.service"},{"source":"br.com.trevisantecnologia.umov.watcher.monitor","target":"br.com.trevisantecnologia.umov.watcher.task"},{"source":"br.com.trevisantecnologia.umov.watcher.mapping","target":"br.com.trevisantecnologia.umov.watcher.dao.impl"},{"source":"br.com.trevisantecnologia.umov.watcher.mapping","target":"br.com.trevisantecnologia.umov.watcher.exception"},{"source":"br.com.trevisantecnologia.umov.watcher.mapping","target":"br.com.trevisantecnologia.umov.watcher.model"},{"source":"br.com.trevisantecnologia.umov.watcher.mapping","target":"br.com.trevisantecnologia.umov.watcher.service"},{"source":"br.com.trevisantecnologia.umov.watcher.feeder.domain.model","target":"br.com.trevisantecnologia.umov.watcher.feeder.domain.builder"},{"source":"br.com.trevisantecnologia.umov.watcher.feeder.domain.model","target":"br.com.trevisantecnologia.umov.watcher.feeder.domain.exceptions"},{"source":"br.com.trevisantecnologia.umov.watcher.feeder.domain.model","target":"br.com.trevisantecnologia.umov.watcher.feeder.domain.port"},{"source":"br.com.trevisantecnologia.umov.watcher.feeder.domain.model","target":"br.com.trevisantecnologia.umov.watcher.ioc.guice"},{"source":"br.com.trevisantecnologia.umov.watcher.serialize","target":"br.com.trevisantecnologia.umov.watcher.model"},{"source":"br.com.trevisantecnologia.umov.watcher.tasksfinisher.domain","target":"br.com.trevisantecnologia.umov.watcher.dao.impl"},{"source":"br.com.trevisantecnologia.umov.watcher.tasksfinisher.domain","target":"br.com.trevisantecnologia.umov.watcher.eca.action"},{"source":"br.com.trevisantecnologia.umov.watcher.tasksfinisher.domain","target":"br.com.trevisantecnologia.umov.watcher.exception"},{"source":"br.com.trevisantecnologia.umov.watcher.tasksfinisher.domain","target":"br.com.trevisantecnologia.umov.watcher.model"},{"source":"br.com.trevisantecnologia.umov.watcher.tasksfinisher.domain","target":"br.com.trevisantecnologia.umov.watcher.tasksfinisher.aplication"},{"source":"br.com.trevisantecnologia.umov.watcher.tasksfinisher.domain","target":"br.com.trevisantecnologia.umov.watcher.tasksfinisher.domain.DomainEvents"},{"source":"br.com.trevisantecnologia.umov.watcher.tasksfinisher.domain","target":"br.com.trevisantecnologia.umov.watcher.tasksfinisher.domain.actions"},{"source":"br.com.trevisantecnologia.umov.watcher.tasksfinisher.domain","target":"br.com.trevisantecnologia.umov.watcher.tasksfinisher.domain.exceptions"},{"source":"br.com.trevisantecnologia.umov.watcher.tasksfinisher.domain","target":"br.com.trevisantecnologia.umov.watcher.tasksfinisher.domain.model"},{"source":"br.com.trevisantecnologia.umov.watcher.eca.connector.task","target":"br.com.trevisantecnologia.umov.watcher.cache"},{"source":"br.com.trevisantecnologia.umov.watcher.eca.connector.task","target":"br.com.trevisantecnologia.umov.watcher.dao.impl"},{"source":"br.com.trevisantecnologia.umov.watcher.eca.connector.task","target":"br.com.trevisantecnologia.umov.watcher.eca.action"},{"source":"br.com.trevisantecnologia.umov.watcher.eca.connector.task","target":"br.com.trevisantecnologia.umov.watcher.eca.connector.task.observer"},{"source":"br.com.trevisantecnologia.umov.watcher.eca.connector.task","target":"br.com.trevisantecnologia.umov.watcher.exception"},{"source":"br.com.trevisantecnologia.umov.watcher.eca.connector.task","target":"br.com.trevisantecnologia.umov.watcher.io"},{"source":"br.com.trevisantecnologia.umov.watcher.eca.connector.task","target":"br.com.trevisantecnologia.umov.watcher.model"},{"source":"br.com.trevisantecnologia.umov.watcher.eca.connector.task","target":"br.com.trevisantecnologia.umov.watcher.service"},{"source":"br.com.trevisantecnologia.umov.watcher.eca.connector.task","target":"br.com.trevisantecnologia.umov.watcher.task"},{"source":"br.com.trevisantecnologia.umov.watcher.feeder.domain.port","target":"br.com.trevisantecnologia.umov.watcher.feeder.domain.builder.criteria"},{"source":"br.com.trevisantecnologia.umov.watcher.feeder.domain.port","target":"br.com.trevisantecnologia.umov.watcher.feeder.domain.model"},{"source":"br.com.trevisantecnologia.umov.watcher.feeder.domain.port","target":"br.com.trevisantecnologia.umov.watcher.model"},{"source":"br.com.trevisantecnologia.umov.watcher.feeder.domain.port","target":"br.com.trevisantecnologia.umov.watcher.service"},{"source":"br.com.trevisantecnologia.umov.watcher.feeder.domain.operations","target":"br.com.trevisantecnologia.umov.watcher.feeder.domain.builder"},{"source":"br.com.trevisantecnologia.umov.watcher.feeder.domain.operations","target":"br.com.trevisantecnologia.umov.watcher.feeder.domain.model"},{"source":"br.com.trevisantecnologia.umov.watcher.feeder.domain.operations","target":"br.com.trevisantecnologia.umov.watcher.feeder.domain.operations.handler"},{"source":"br.com.trevisantecnologia.umov.watcher.feeder.domain.operations","target":"br.com.trevisantecnologia.umov.watcher.model"},{"source":"br.com.trevisantecnologia.umov.watcher.model.schedule.notification.smartpush.notification.param","target":"br.com.trevisantecnologia.umov.watcher.model.schedule.notification"},{"source":"br.com.trevisantecnologia.umov.watcher.model.schedule.notification.smartpush.notification.param","target":"br.com.trevisantecnologia.umov.watcher.model.schedule.notification.smartpush"},{"source":"br.com.trevisantecnologia.umov.watcher.tasksfinisher.domain.actions","target":"br.com.trevisantecnologia.umov.watcher.tasksfinisher.domain"},{"source":"br.com.trevisantecnologia.umov.watcher.tasksfinisher.domain.actions","target":"br.com.trevisantecnologia.umov.watcher.tasksfinisher.domain.exceptions"},{"source":"br.com.trevisantecnologia.umov.watcher.tasksfinisher.domain.actions","target":"br.com.trevisantecnologia.umov.watcher.tasksfinisher.domain.model"},{"source":"br.com.trevisantecnologia.umov.watcher.ioc.guice","target":"br.com.trevisantecnologia.umov.watcher.dao"},{"source":"br.com.trevisantecnologia.umov.watcher.ioc.guice","target":"br.com.trevisantecnologia.umov.watcher.interceptor"},{"source":"br.com.trevisantecnologia.umov.watcher.ioc.guice","target":"br.com.trevisantecnologia.umov.watcher.io"},{"source":"br.com.trevisantecnologia.umov.watcher.ioc.guice","target":"br.com.trevisantecnologia.umov.watcher.model"},{"source":"br.com.trevisantecnologia.umov.watcher.ioc.guice","target":"br.com.trevisantecnologia.umov.watcher.service"},{"source":"br.com.trevisantecnologia.umov.watcher.feeder.domain.builder","target":"br.com.trevisantecnologia.umov.watcher.exception"},{"source":"br.com.trevisantecnologia.umov.watcher.feeder.domain.builder","target":"br.com.trevisantecnologia.umov.watcher.feeder.domain.builder.criteria"},{"source":"br.com.trevisantecnologia.umov.watcher.feeder.domain.builder","target":"br.com.trevisantecnologia.umov.watcher.feeder.domain.exceptions"},{"source":"br.com.trevisantecnologia.umov.watcher.feeder.domain.builder","target":"br.com.trevisantecnologia.umov.watcher.feeder.domain.model"},{"source":"br.com.trevisantecnologia.umov.watcher.feeder.domain.builder","target":"br.com.trevisantecnologia.umov.watcher.feeder.domain.port"},{"source":"br.com.trevisantecnologia.umov.watcher.feeder.domain.builder","target":"br.com.trevisantecnologia.umov.watcher.model"},{"source":"br.com.trevisantecnologia.umov.watcher.feeder.domain.builder.criteria","target":"br.com.trevisantecnologia.umov.watcher.feeder.domain.exceptions"},{"source":"br.com.trevisantecnologia.umov.watcher.feeder.domain.builder.criteria","target":"br.com.trevisantecnologia.umov.watcher.feeder.domain.model"},{"source":"br.com.trevisantecnologia.umov.watcher.feeder.domain.builder.criteria","target":"br.com.trevisantecnologia.umov.watcher.feeder.domain.port"},{"source":"br.com.trevisantecnologia.umov.watcher.feeder.domain.builder.criteria","target":"br.com.trevisantecnologia.umov.watcher.model"},{"source":"br.com.trevisantecnologia.umov.watcher.io","target":"br.com.trevisantecnologia.umov.watcher"},{"source":"br.com.trevisantecnologia.umov.watcher.io","target":"br.com.trevisantecnologia.umov.watcher.exception"},{"source":"br.com.trevisantecnologia.umov.watcher.io","target":"br.com.trevisantecnologia.umov.watcher.log"},{"source":"br.com.trevisantecnologia.umov.watcher.dao","target":"br.com.trevisantecnologia.umov.watcher.exception"},{"source":"br.com.trevisantecnologia.umov.watcher.dao","target":"br.com.trevisantecnologia.umov.watcher.model"},{"source":"br.com.trevisantecnologia.umov.watcher.dao","target":"br.com.trevisantecnologia.umov.watcher.types"},{"source":"br.com.trevisantecnologia.umov.watcher.feeder.oldway","target":"br.com.trevisantecnologia.umov.watcher.dao.impl"},{"source":"br.com.trevisantecnologia.umov.watcher.feeder.oldway","target":"br.com.trevisantecnologia.umov.watcher.exception"},{"source":"br.com.trevisantecnologia.umov.watcher.feeder.oldway","target":"br.com.trevisantecnologia.umov.watcher.io"},{"source":"br.com.trevisantecnologia.umov.watcher.feeder.oldway","target":"br.com.trevisantecnologia.umov.watcher.model"},{"source":"br.com.trevisantecnologia.umov.watcher.feeder.oldway","target":"br.com.trevisantecnologia.umov.watcher.service"},{"source":"br.com.trevisantecnologia.umov.watcher.feeder.domain.operations.handler","target":"br.com.trevisantecnologia.umov.watcher.feeder.domain.builder"},{"source":"br.com.trevisantecnologia.umov.watcher.feeder.domain.operations.handler","target":"br.com.trevisantecnologia.umov.watcher.feeder.domain.model"},{"source":"br.com.trevisantecnologia.umov.watcher.feeder.domain.operations.handler","target":"br.com.trevisantecnologia.umov.watcher.feeder.domain.port"},{"source":"br.com.trevisantecnologia.umov.watcher.feeder.domain.operations.handler","target":"br.com.trevisantecnologia.umov.watcher.model"},{"source":"br.com.trevisantecnologia.umov.watcher.builder","target":"br.com.trevisantecnologia.umov.watcher.eca.action"},{"source":"br.com.trevisantecnologia.umov.watcher.builder","target":"br.com.trevisantecnologia.umov.watcher.exception"},{"source":"br.com.trevisantecnologia.umov.watcher.builder","target":"br.com.trevisantecnologia.umov.watcher.io"},{"source":"br.com.trevisantecnologia.umov.watcher.builder","target":"br.com.trevisantecnologia.umov.watcher.log"},{"source":"br.com.trevisantecnologia.umov.watcher.builder","target":"br.com.trevisantecnologia.umov.watcher.mapping"},{"source":"br.com.trevisantecnologia.umov.watcher.builder","target":"br.com.trevisantecnologia.umov.watcher.model"},{"source":"br.com.trevisantecnologia.umov.watcher.builder","target":"br.com.trevisantecnologia.umov.watcher.service"},{"source":"br.com.trevisantecnologia.umov.watcher.tasksfinisher.domain.model","target":"br.com.trevisantecnologia.umov.watcher.dao.impl"},{"source":"br.com.trevisantecnologia.umov.watcher.tasksfinisher.domain.model","target":"br.com.trevisantecnologia.umov.watcher.model"},{"source":"br.com.trevisantecnologia.umov.watcher.tasksfinisher.domain.model","target":"br.com.trevisantecnologia.umov.watcher.tasksfinisher.domain.exceptions"},{"source":"br.com.trevisantecnologia.umov.watcher.http","target":"br.com.trevisantecnologia.umov.watcher.eca.action.schedule.notification"},{"source":"br.com.trevisantecnologia.umov.watcher.http","target":"br.com.trevisantecnologia.umov.watcher.exception"},{"source":"br.com.trevisantecnologia.umov.watcher.http","target":"br.com.trevisantecnologia.umov.watcher.io"},{"source":"br.com.trevisantecnologia.umov.watcher.http","target":"br.com.trevisantecnologia.umov.watcher.model"},{"source":"br.com.trevisantecnologia.umov.watcher.model.schedule.notification.smartpush.notification","target":"br.com.trevisantecnologia.umov.watcher.model.schedule.notification"},{"source":"br.com.trevisantecnologia.umov.watcher.model.schedule.notification.smartpush.notification","target":"br.com.trevisantecnologia.umov.watcher.model.schedule.notification.smartpush"},{"source":"br.com.trevisantecnologia.umov.watcher.model.schedule.notification.smartpush.notification","target":"br.com.trevisantecnologia.umov.watcher.model.schedule.notification.smartpush.notification.param"},{"source":"br.com.trevisantecnologia.umov.watcher.eca.connector.task.observer","target":"br.com.trevisantecnologia.umov.watcher.dao.impl"},{"source":"br.com.trevisantecnologia.umov.watcher.eca.connector.task.observer","target":"br.com.trevisantecnologia.umov.watcher.model"},{"source":"br.com.trevisantecnologia.umov.watcher.eca.action.schedule.notification","target":"br.com.trevisantecnologia.umov.watcher.dao.impl"},{"source":"br.com.trevisantecnologia.umov.watcher.eca.action.schedule.notification","target":"br.com.trevisantecnologia.umov.watcher.eca.action.schedule.notification.smartpush"},{"source":"br.com.trevisantecnologia.umov.watcher.eca.action.schedule.notification","target":"br.com.trevisantecnologia.umov.watcher.model"},{"source":"br.com.trevisantecnologia.umov.watcher.eca.action.schedule.notification","target":"br.com.trevisantecnologia.umov.watcher.model.schedule.notification"},{"source":"br.com.trevisantecnologia.umov.watcher.eca.action.schedule.notification","target":"br.com.trevisantecnologia.umov.watcher.model.schedule.notification.smartpush"},{"source":"br.com.trevisantecnologia.umov.watcher.eca.action","target":"br.com.trevisantecnologia.umov.watcher.model"},{"source":"br.com.trevisantecnologia.umov.watcher.eca.action","target":"br.com.trevisantecnologia.umov.watcher.serialize"},{"source":"br.com.trevisantecnologia.umov.watcher.feeder.aplication","target":"br.com.trevisantecnologia.umov.watcher.feeder.domain"},{"source":"br.com.trevisantecnologia.umov.watcher.feeder.aplication","target":"br.com.trevisantecnologia.umov.watcher.feeder.domain.exceptions"},{"source":"br.com.trevisantecnologia.umov.watcher.feeder.aplication","target":"br.com.trevisantecnologia.umov.watcher.feeder.domain.model"},{"source":"br.com.trevisantecnologia.umov.watcher.feeder.aplication","target":"br.com.trevisantecnologia.umov.watcher.feeder.oldway"},{"source":"br.com.trevisantecnologia.umov.watcher.feeder.aplication","target":"br.com.trevisantecnologia.umov.watcher.model"},{"source":"br.com.trevisantecnologia.umov.watcher.feeder.aplication","target":"br.com.trevisantecnologia.umov.watcher.service"},{"source":"br.com.trevisantecnologia.umov.watcher.validators","target":"br.com.trevisantecnologia.umov.watcher.exception"},{"source":"br.com.trevisantecnologia.umov.watcher.validators","target":"br.com.trevisantecnologia.umov.watcher.model"},{"source":"br.com.trevisantecnologia.umov.watcher.model.schedule.notification.smartpush","target":"br.com.trevisantecnologia.umov.watcher.model"},{"source":"br.com.trevisantecnologia.umov.watcher.model.schedule.notification.smartpush","target":"br.com.trevisantecnologia.umov.watcher.model.schedule.notification"},{"source":"br.com.trevisantecnologia.umov.watcher.model.schedule.notification.smartpush","target":"br.com.trevisantecnologia.umov.watcher.model.schedule.notification.smartpush.filter"},{"source":"br.com.trevisantecnologia.umov.watcher.model.schedule.notification.smartpush","target":"br.com.trevisantecnologia.umov.watcher.model.schedule.notification.smartpush.notification"},{"source":"br.com.trevisantecnologia.umov.watcher.model.schedule.notification.smartpush.filter","target":"br.com.trevisantecnologia.umov.watcher.model.schedule.notification"},{"source":"br.com.trevisantecnologia.umov.watcher.model.schedule.notification.smartpush.filter","target":"br.com.trevisantecnologia.umov.watcher.model.schedule.notification.smartpush"},{"source":"br.com.trevisantecnologia.umov.watcher.monitor.schedule.notification","target":"br.com.trevisantecnologia.umov.watcher.monitor"},{"source":"br.com.trevisantecnologia.umov.watcher.monitor.schedule.notification","target":"br.com.trevisantecnologia.umov.watcher.task"},{"source":"br.com.trevisantecnologia.umov.watcher.monitor.schedule.notification","target":"br.com.trevisantecnologia.umov.watcher.task.schedule.notification"},{"source":"br.com.trevisantecnologia.umov.watcher.task.schedule.notification","target":"br.com.trevisantecnologia.umov.watcher.eca.action.schedule.notification"},{"source":"br.com.trevisantecnologia.umov.watcher.task.schedule.notification","target":"br.com.trevisantecnologia.umov.watcher.eca.action.schedule.notification.smartpush"},{"source":"br.com.trevisantecnologia.umov.watcher.task.schedule.notification","target":"br.com.trevisantecnologia.umov.watcher.http"},{"source":"br.com.trevisantecnologia.umov.watcher.task.schedule.notification","target":"br.com.trevisantecnologia.umov.watcher.model.schedule.notification"},{"source":"br.com.trevisantecnologia.umov.watcher.task.schedule.notification","target":"br.com.trevisantecnologia.umov.watcher.service"},{"source":"br.com.trevisantecnologia.umov.watcher.task.schedule.notification","target":"br.com.trevisantecnologia.umov.watcher.task"},{"source":"br.com.trevisantecnologia.umov.watcher","target":"br.com.trevisantecnologia.umov.watcher.io"},{"source":"br.com.trevisantecnologia.umov.watcher","target":"br.com.trevisantecnologia.umov.watcher.ioc.guice"},{"source":"br.com.trevisantecnologia.umov.watcher","target":"br.com.trevisantecnologia.umov.watcher.monitor"},{"source":"br.com.trevisantecnologia.umov.watcher","target":"br.com.trevisantecnologia.umov.watcher.monitor.schedule.notification"},{"source":"br.com.trevisantecnologia.umov.watcher.eca","target":"br.com.trevisantecnologia.umov.watcher.model"},{"source":"br.com.trevisantecnologia.umov.watcher.eca.adapter.impl","target":"br.com.trevisantecnologia.umov.watcher.dao.impl"},{"source":"br.com.trevisantecnologia.umov.watcher.eca.action.manager.impl","target":"br.com.trevisantecnologia.umov.watcher.dao.impl"},{"source":"br.com.trevisantecnologia.umov.watcher.eca.action.manager.impl","target":"br.com.trevisantecnologia.umov.watcher.eca.adapter.impl"},{"source":"br.com.trevisantecnologia.umov.watcher.eca.action.manager","target":"br.com.trevisantecnologia.umov.watcher.cache"},{"source":"br.com.trevisantecnologia.umov.watcher.eca.action.manager","target":"br.com.trevisantecnologia.umov.watcher.dao.impl"},{"source":"br.com.trevisantecnologia.umov.watcher.eca.action.manager","target":"br.com.trevisantecnologia.umov.watcher.eca.action"},{"source":"br.com.trevisantecnologia.umov.watcher.eca.action.manager","target":"br.com.trevisantecnologia.umov.watcher.eca.action.manager.impl"},{"source":"br.com.trevisantecnologia.umov.watcher.eca.action.manager","target":"br.com.trevisantecnologia.umov.watcher.eca.connector.task"},{"source":"br.com.trevisantecnologia.umov.watcher.eca.action.manager","target":"br.com.trevisantecnologia.umov.watcher.exception"},{"source":"br.com.trevisantecnologia.umov.watcher.eca.action.manager","target":"br.com.trevisantecnologia.umov.watcher.io"},{"source":"br.com.trevisantecnologia.umov.watcher.eca.action.manager","target":"br.com.trevisantecnologia.umov.watcher.model"},{"source":"br.com.trevisantecnologia.umov.watcher.eca.action.schedule.notification.parse","target":"br.com.trevisantecnologia.umov.watcher.eca.action.schedule.notification"},{"source":"br.com.trevisantecnologia.umov.watcher.eca.action.schedule.notification.parse","target":"br.com.trevisantecnologia.umov.watcher.model"},{"source":"br.com.trevisantecnologia.umov.watcher.eca.action.schedule.notification.parse","target":"br.com.trevisantecnologia.umov.watcher.model.schedule.notification"},{"source":"br.com.trevisantecnologia.umov.watcher.eca.action.schedule.notification.parse","target":"br.com.trevisantecnologia.umov.watcher.serialize"},{"source":"br.com.trevisantecnologia.umov.watcher.eca.action.schedule.notification.smartpush","target":"br.com.trevisantecnologia.umov.watcher.eca.action.schedule.notification"},{"source":"br.com.trevisantecnologia.umov.watcher.eca.action.schedule.notification.smartpush","target":"br.com.trevisantecnologia.umov.watcher.model.schedule.notification"},{"source":"br.com.trevisantecnologia.umov.watcher.eca.action.schedule.notification.smartpush","target":"br.com.trevisantecnologia.umov.watcher.model.schedule.notification.smartpush"},{"source":"br.com.trevisantecnologia.umov.watcher.feeder.domain","target":"br.com.trevisantecnologia.umov.watcher.feeder.domain.exceptions"},{"source":"br.com.trevisantecnologia.umov.watcher.feeder.domain","target":"br.com.trevisantecnologia.umov.watcher.feeder.domain.model"},{"source":"br.com.trevisantecnologia.umov.watcher.feeder.domain","target":"br.com.trevisantecnologia.umov.watcher.feeder.domain.operations"},{"source":"br.com.trevisantecnologia.umov.watcher.feeder.domain","target":"br.com.trevisantecnologia.umov.watcher.feeder.domain.port"},{"source":"br.com.trevisantecnologia.umov.watcher.feeder.domain","target":"br.com.trevisantecnologia.umov.watcher.model"},{"source":"br.com.trevisantecnologia.umov.watcher.model.schedule.notification","target":"br.com.trevisantecnologia.umov.watcher.model"},{"source":"br.com.trevisantecnologia.umov.watcher.tasksfinisher.domain.DomainEvents","target":"br.com.trevisantecnologia.umov.watcher.tasksfinisher.domain.model"},{"source":"br.com.trevisantecnologia.umov.watcher.tasksfinisher.aplication","target":"br.com.trevisantecnologia.umov.watcher.tasksfinisher.domain"},{"source":"br.com.trevisantecnologia.umov.watcher.tasksfinisher.aplication","target":"br.com.trevisantecnologia.umov.watcher.tasksfinisher.domain.DomainEvents"},{"source":"br.com.trevisantecnologia.umov.watcher.tasksfinisher.aplication","target":"br.com.trevisantecnologia.umov.watcher.tasksfinisher.domain.model"}]}