[{"type":"br.com.trevisantecnologia.umov.watcher.model.ConnectorImpl","size":390,"dependencies":[]},{"type":"br.com.trevisantecnologia.umov.watcher.dao.impl.ScheduleDaoImpl","size":311,"dependencies":["br.com.trevisantecnologia.umov.watcher.dao.AbstractDao","br.com.trevisantecnologia.umov.watcher.exception.FindByCriteriaException","br.com.trevisantecnologia.umov.watcher.model.AnalyzeScheduleContext","br.com.trevisantecnologia.umov.watcher.model.Schedule","br.com.trevisantecnologia.umov.watcher.model.ScheduleActivity","br.com.trevisantecnologia.umov.watcher.model.ScheduleGPSContext","br.com.trevisantecnologia.umov.watcher.tasksfinisher.domain.TasksReturnFromField","br.com.trevisantecnologia.umov.watcher.tasksfinisher.domain.TasksToCancel","br.com.trevisantecnologia.umov.watcher.tasksfinisher.domain.UpdateTasks","br.com.trevisantecnologia.umov.watcher.tasksfinisher.domain.model.ClientSettings","br.com.trevisantecnologia.umov.watcher.tasksfinisher.domain.model.Task","br.com.trevisantecnologia.umov.watcher.tasksfinisher.domain.model.TaskFinalized"]},{"type":"br.com.trevisantecnologia.umov.watcher.model.Schedule","size":302,"dependencies":[]},{"type":"br.com.trevisantecnologia.umov.watcher.eca.connector.task.ScheduleService","size":189,"dependencies":["br.com.trevisantecnologia.umov.watcher.dao.impl.AgentDaoImpl","br.com.trevisantecnologia.umov.watcher.dao.impl.ScheduleDaoImpl","br.com.trevisantecnologia.umov.watcher.eca.connector.task.observer.Observer","br.com.trevisantecnologia.umov.watcher.exception.EventConditionException","br.com.trevisantecnologia.umov.watcher.model.AnalyzeScheduleContext","br.com.trevisantecnologia.umov.watcher.model.Event","br.com.trevisantecnologia.umov.watcher.model.Schedule","br.com.trevisantecnologia.umov.watcher.model.ScheduleSituation","br.com.trevisantecnologia.umov.watcher.service.AuditService"]},{"type":"br.com.trevisantecnologia.umov.watcher.eca.connector.task.ScheduleImportService","size":189,"dependencies":["br.com.trevisantecnologia.umov.watcher.cache.ImportCacheManager","br.com.trevisantecnologia.umov.watcher.dao.impl.DefaultSystemSettingsDaoImpl","br.com.trevisantecnologia.umov.watcher.dao.impl.ScheduleImportDaoImpl","br.com.trevisantecnologia.umov.watcher.dao.impl.SystemParameterDaoImpl","br.com.trevisantecnologia.umov.watcher.exception.FtpDirectoryNotFoundException","br.com.trevisantecnologia.umov.watcher.exception.NextImportPackageNumberException","br.com.trevisantecnologia.umov.watcher.exception.SaveException","br.com.trevisantecnologia.umov.watcher.io.FileChecksumGenerator","br.com.trevisantecnologia.umov.watcher.io.FileSystemManager","br.com.trevisantecnologia.umov.watcher.model.DefaultSystemSettings","br.com.trevisantecnologia.umov.watcher.model.ScheduleImport","br.com.trevisantecnologia.umov.watcher.model.SystemParameter"]},{"type":"br.com.trevisantecnologia.umov.watcher.eca.connector.task.FinishScheduleBaseOnGPSService","size":186,"dependencies":["br.com.trevisantecnologia.umov.watcher.dao.impl.ActivityHistoryDaoImpl","br.com.trevisantecnologia.umov.watcher.dao.impl.HistoryItemDaoImpl","br.com.trevisantecnologia.umov.watcher.dao.impl.ScheduleDaoImpl","br.com.trevisantecnologia.umov.watcher.dao.impl.SectionDaoImpl","br.com.trevisantecnologia.umov.watcher.dao.impl.SectionFieldDaoImpl","br.com.trevisantecnologia.umov.watcher.dao.impl.SystemParameterDaoImpl","br.com.trevisantecnologia.umov.watcher.exception.EventConditionException","br.com.trevisantecnologia.umov.watcher.io.PropertiesLoader","br.com.trevisantecnologia.umov.watcher.model.ActivityHistory","br.com.trevisantecnologia.umov.watcher.model.Event","br.com.trevisantecnologia.umov.watcher.model.HistoryItem","br.com.trevisantecnologia.umov.watcher.model.Schedule","br.com.trevisantecnologia.umov.watcher.model.ScheduleActivity","br.com.trevisantecnologia.umov.watcher.model.ScheduleGPSContext","br.com.trevisantecnologia.umov.watcher.model.Section","br.com.trevisantecnologia.umov.watcher.model.SectionField","br.com.trevisantecnologia.umov.watcher.model.SystemParameter"]},{"type":"br.com.trevisantecnologia.umov.watcher.model.ScheduleReportRequest","size":184,"dependencies":[]},{"type":"br.com.trevisantecnologia.umov.watcher.builder.ScheduleReportMailBuilder","size":167,"dependencies":["br.com.trevisantecnologia.umov.watcher.exception.EventConditionException","br.com.trevisantecnologia.umov.watcher.exception.ScheduleSendEmailException","br.com.trevisantecnologia.umov.watcher.io.FileSystemManager","br.com.trevisantecnologia.umov.watcher.mapping.EntityConditionMapper","br.com.trevisantecnologia.umov.watcher.model.Activity","br.com.trevisantecnologia.umov.watcher.model.Mail","br.com.trevisantecnologia.umov.watcher.model.ScheduleReportRequest","br.com.trevisantecnologia.umov.watcher.model.Subject","br.com.trevisantecnologia.umov.watcher.service.ActivityHistoryService"]},{"type":"br.com.trevisantecnologia.umov.watcher.model.ActivityHistory","size":165,"dependencies":[]},{"type":"br.com.trevisantecnologia.umov.watcher.service.ScheduleService","size":156,"dependencies":["br.com.trevisantecnologia.umov.watcher.dao.AbstractDao","br.com.trevisantecnologia.umov.watcher.dao.ActivityDaoImpl","br.com.trevisantecnologia.umov.watcher.dao.impl.AgentDaoImpl","br.com.trevisantecnologia.umov.watcher.dao.impl.CustomFieldDaoImpl","br.com.trevisantecnologia.umov.watcher.dao.impl.CustomFieldValueDaoImpl","br.com.trevisantecnologia.umov.watcher.dao.impl.ScheduleDaoImpl","br.com.trevisantecnologia.umov.watcher.dao.impl.ServiceLocalDaoImpl","br.com.trevisantecnologia.umov.watcher.exception.BusinessValidation","br.com.trevisantecnologia.umov.watcher.model.Activity","br.com.trevisantecnologia.umov.watcher.model.ActivityHistory","br.com.trevisantecnologia.umov.watcher.model.Agent","br.com.trevisantecnologia.umov.watcher.model.Client","br.com.trevisantecnologia.umov.watcher.model.CustomField","br.com.trevisantecnologia.umov.watcher.model.CustomFieldValue","br.com.trevisantecnologia.umov.watcher.model.Feed","br.com.trevisantecnologia.umov.watcher.model.HistoryItem","br.com.trevisantecnologia.umov.watcher.model.Schedule","br.com.trevisantecnologia.umov.watcher.model.ScheduleActivity","br.com.trevisantecnologia.umov.watcher.model.ScheduleSituation"]},{"type":"br.com.trevisantecnologia.umov.watcher.feeder.domain.model.FeedRuleMapping","size":153,"dependencies":["br.com.trevisantecnologia.umov.watcher.feeder.domain.builder.Builder","br.com.trevisantecnologia.umov.watcher.feeder.domain.exceptions.CriteriasNotFoundException","br.com.trevisantecnologia.umov.watcher.feeder.domain.port.IFeederService","br.com.trevisantecnologia.umov.watcher.ioc.guice.WatcherInjector"]},{"type":"br.com.trevisantecnologia.umov.watcher.model.schedule.notification.ScheduleNotification","size":152,"dependencies":["br.com.trevisantecnologia.umov.watcher.model.Client"]},{"type":"br.com.trevisantecnologia.umov.watcher.dao.AbstractDao","size":147,"dependencies":["br.com.trevisantecnologia.umov.watcher.exception.AlternativeIdentifierDuplicationException","br.com.trevisantecnologia.umov.watcher.exception.FindByCriteriaException","br.com.trevisantecnologia.umov.watcher.exception.RowCountException","br.com.trevisantecnologia.umov.watcher.exception.SaveOrUpdateException","br.com.trevisantecnologia.umov.watcher.exception.SearchEventViewException","br.com.trevisantecnologia.umov.watcher.model.Agent","br.com.trevisantecnologia.umov.watcher.types.TypeResolver"]},{"type":"br.com.trevisantecnologia.umov.watcher.model.LogEca","size":141,"dependencies":[]},{"type":"br.com.trevisantecnologia.umov.watcher.task.ApiCallbackTask","size":138,"dependencies":["br.com.trevisantecnologia.umov.watcher.dao.impl.EventDaoImpl","br.com.trevisantecnologia.umov.watcher.eca.action.ActionParameterTranslator","br.com.trevisantecnologia.umov.watcher.eca.action.ScheduleTranslator","br.com.trevisantecnologia.umov.watcher.exception.EventConditionException","br.com.trevisantecnologia.umov.watcher.http.RESTClientProvider","br.com.trevisantecnologia.umov.watcher.io.FileSystemManager","br.com.trevisantecnologia.umov.watcher.model.ActionImpl","br.com.trevisantecnologia.umov.watcher.model.ApiCallback","br.com.trevisantecnologia.umov.watcher.model.Client","br.com.trevisantecnologia.umov.watcher.model.CustomFieldValue","br.com.trevisantecnologia.umov.watcher.model.Event","br.com.trevisantecnologia.umov.watcher.model.RESTRequest","br.com.trevisantecnologia.umov.watcher.model.Schedule","br.com.trevisantecnologia.umov.watcher.service.CustomFieldValueService","br.com.trevisantecnologia.umov.watcher.service.ScheduleService"]},{"type":"br.com.trevisantecnologia.umov.watcher.model.SystemParameter","size":136,"dependencies":["br.com.trevisantecnologia.umov.watcher.types.BooleanChar"]},{"type":"br.com.trevisantecnologia.umov.watcher.io.FileSystemManager","size":136,"dependencies":["br.com.trevisantecnologia.umov.watcher.exception.FtpDirectoryNotFoundException","br.com.trevisantecnologia.umov.watcher.exception.PropertyNotFoundException"]},{"type":"br.com.trevisantecnologia.umov.watcher.eca.connector.task.ScheduleExportService","size":131,"dependencies":["br.com.trevisantecnologia.umov.watcher.dao.impl.ActivityHistoryDaoImpl","br.com.trevisantecnologia.umov.watcher.dao.impl.ExportLayoutActivityDaoImpl","br.com.trevisantecnologia.umov.watcher.dao.impl.ExportLayoutDaoImpl","br.com.trevisantecnologia.umov.watcher.dao.impl.ScheduleExportDaoImpl","br.com.trevisantecnologia.umov.watcher.exception.SaveException","br.com.trevisantecnologia.umov.watcher.model.Activity","br.com.trevisantecnologia.umov.watcher.model.ExportLayout","br.com.trevisantecnologia.umov.watcher.model.ExportLayoutActivity","br.com.trevisantecnologia.umov.watcher.model.ScheduleExport"]},{"type":"br.com.trevisantecnologia.umov.watcher.model.ScheduleFeed","size":128,"dependencies":["br.com.trevisantecnologia.umov.watcher.feeder.domain.model.ExecuteInformation"]},{"type":"br.com.trevisantecnologia.umov.watcher.model.AnalyzeScheduleContext","size":127,"dependencies":[]},{"type":"br.com.trevisantecnologia.umov.watcher.model.CustomField","size":127,"dependencies":[]},{"type":"br.com.trevisantecnologia.umov.watcher.model.ScheduleImport","size":123,"dependencies":[]},{"type":"br.com.trevisantecnologia.umov.watcher.model.GeoCoordinate","size":122,"dependencies":[]},{"type":"br.com.trevisantecnologia.umov.watcher.dao.impl.LogEcaDaoImpl","size":121,"dependencies":["br.com.trevisantecnologia.umov.watcher.dao.AbstractDao","br.com.trevisantecnologia.umov.watcher.model.ActionImpl","br.com.trevisantecnologia.umov.watcher.model.ConnectorImpl","br.com.trevisantecnologia.umov.watcher.model.Event","br.com.trevisantecnologia.umov.watcher.model.LogEca"]},{"type":"br.com.trevisantecnologia.umov.watcher.model.schedule.notification.smartpush.SmartPushProperties","size":117,"dependencies":["br.com.trevisantecnologia.umov.watcher.model.SystemParameter"]},{"type":"br.com.trevisantecnologia.umov.watcher.eca.action.ActionParameterTranslator","size":115,"dependencies":["br.com.trevisantecnologia.umov.watcher.model.Activity","br.com.trevisantecnologia.umov.watcher.model.AnalyzeScheduleContext","br.com.trevisantecnologia.umov.watcher.model.ApiCallback","br.com.trevisantecnologia.umov.watcher.model.Authentication","br.com.trevisantecnologia.umov.watcher.model.Body","br.com.trevisantecnologia.umov.watcher.model.Event","br.com.trevisantecnologia.umov.watcher.model.Mail","br.com.trevisantecnologia.umov.watcher.model.Recipients","br.com.trevisantecnologia.umov.watcher.model.ScheduleGPSContext","br.com.trevisantecnologia.umov.watcher.model.ScheduleReportRequest","br.com.trevisantecnologia.umov.watcher.model.SmsRecipients","br.com.trevisantecnologia.umov.watcher.model.Subject","br.com.trevisantecnologia.umov.watcher.serialize.ActivityConverter","br.com.trevisantecnologia.umov.watcher.serialize.BodyConverter","br.com.trevisantecnologia.umov.watcher.serialize.ConditionConverter","br.com.trevisantecnologia.umov.watcher.serialize.JodaDateTimeConverter","br.com.trevisantecnologia.umov.watcher.serialize.MailConverter","br.com.trevisantecnologia.umov.watcher.serialize.SmsConverter","br.com.trevisantecnologia.umov.watcher.serialize.SubjectConverter"]},{"type":"br.com.trevisantecnologia.umov.watcher.http.RESTClientProvider","size":112,"dependencies":["br.com.trevisantecnologia.umov.watcher.eca.action.schedule.notification.Translator","br.com.trevisantecnologia.umov.watcher.io.FileSystemManager","br.com.trevisantecnologia.umov.watcher.model.RESTRequest"]},{"type":"br.com.trevisantecnologia.umov.watcher.task.SendSmsTask","size":112,"dependencies":["br.com.trevisantecnologia.umov.watcher.builder.ScheduleReportSmsBuilder","br.com.trevisantecnologia.umov.watcher.dao.impl.SystemParameterDaoImpl","br.com.trevisantecnologia.umov.watcher.http.HttpUtil","br.com.trevisantecnologia.umov.watcher.io.FileSystemManager","br.com.trevisantecnologia.umov.watcher.model.ActivityHistory","br.com.trevisantecnologia.umov.watcher.model.Body","br.com.trevisantecnologia.umov.watcher.model.Entity","br.com.trevisantecnologia.umov.watcher.model.Event","br.com.trevisantecnologia.umov.watcher.model.Schedule","br.com.trevisantecnologia.umov.watcher.model.ScheduleReportRequest","br.com.trevisantecnologia.umov.watcher.model.Sms","br.com.trevisantecnologia.umov.watcher.model.SmsDTO","br.com.trevisantecnologia.umov.watcher.model.SystemParameter","br.com.trevisantecnologia.umov.watcher.service.ActivityHistoryService","br.com.trevisantecnologia.umov.watcher.service.SmsService"]},{"type":"br.com.trevisantecnologia.umov.watcher.feeder.oldway.ItemFeeder","size":102,"dependencies":["br.com.trevisantecnologia.umov.watcher.dao.impl.CustomFieldDaoImpl","br.com.trevisantecnologia.umov.watcher.dao.impl.SubGrouDaoImpl","br.com.trevisantecnologia.umov.watcher.dao.impl.SystemParameterDaoImpl","br.com.trevisantecnologia.umov.watcher.io.FileSystemManager","br.com.trevisantecnologia.umov.watcher.model.CustomField","br.com.trevisantecnologia.umov.watcher.model.CustomFieldValue","br.com.trevisantecnologia.umov.watcher.model.Feed","br.com.trevisantecnologia.umov.watcher.model.HistoryItem","br.com.trevisantecnologia.umov.watcher.model.Item","br.com.trevisantecnologia.umov.watcher.model.ScheduleFeed","br.com.trevisantecnologia.umov.watcher.model.SystemParameter","br.com.trevisantecnologia.umov.watcher.service.HistoryItemService","br.com.trevisantecnologia.umov.watcher.service.ItemService"]},{"type":"br.com.trevisantecnologia.umov.watcher.eca.connector.task.ScheduleSendMailService","size":100,"dependencies":["br.com.trevisantecnologia.umov.watcher.dao.impl.ActivityHistoryDaoImpl","br.com.trevisantecnologia.umov.watcher.dao.impl.ScheduleDaoImpl","br.com.trevisantecnologia.umov.watcher.dao.impl.SystemParameterDaoImpl","br.com.trevisantecnologia.umov.watcher.model.Schedule","br.com.trevisantecnologia.umov.watcher.model.SystemParameter","br.com.trevisantecnologia.umov.watcher.task.SendMailTask"]},{"type":"br.com.trevisantecnologia.umov.watcher.model.Item","size":98,"dependencies":[]},{"type":"br.com.trevisantecnologia.umov.watcher.model.Event","size":98,"dependencies":[]},{"type":"br.com.trevisantecnologia.umov.watcher.builder.ReportRequest","size":98,"dependencies":["br.com.trevisantecnologia.umov.watcher.eca.action.ActionParameterTranslator","br.com.trevisantecnologia.umov.watcher.exception.EventConditionException","br.com.trevisantecnologia.umov.watcher.log.LogManager","br.com.trevisantecnologia.umov.watcher.mapping.AbstractEntityMapper","br.com.trevisantecnologia.umov.watcher.mapping.EntityMapperFactory","br.com.trevisantecnologia.umov.watcher.model.ActivityHistory","br.com.trevisantecnologia.umov.watcher.model.Body","br.com.trevisantecnologia.umov.watcher.model.Entity","br.com.trevisantecnologia.umov.watcher.model.Schedule","br.com.trevisantecnologia.umov.watcher.model.ScheduleReportRequest"]},{"type":"br.com.trevisantecnologia.umov.watcher.dao.impl.ActivityHistoryDaoImpl","size":98,"dependencies":["br.com.trevisantecnologia.umov.watcher.dao.AbstractDao","br.com.trevisantecnologia.umov.watcher.exception.FindByCriteriaException","br.com.trevisantecnologia.umov.watcher.model.ActivityHistory","br.com.trevisantecnologia.umov.watcher.model.Client","br.com.trevisantecnologia.umov.watcher.model.ExportLayout","br.com.trevisantecnologia.umov.watcher.model.Schedule"]},{"type":"br.com.trevisantecnologia.umov.watcher.model.ScheduleExport","size":97,"dependencies":[]},{"type":"br.com.trevisantecnologia.umov.watcher.task.SendReportScheduleExecutionTask","size":95,"dependencies":["br.com.trevisantecnologia.umov.watcher.builder.ReportRequest","br.com.trevisantecnologia.umov.watcher.exception.EventConditionException","br.com.trevisantecnologia.umov.watcher.exception.ScheduleSendEmailException","br.com.trevisantecnologia.umov.watcher.model.ActionImpl","br.com.trevisantecnologia.umov.watcher.model.Client","br.com.trevisantecnologia.umov.watcher.model.Event","br.com.trevisantecnologia.umov.watcher.model.Schedule","br.com.trevisantecnologia.umov.watcher.model.ScheduleReportRequest","br.com.trevisantecnologia.umov.watcher.service.ClientService","br.com.trevisantecnologia.umov.watcher.service.ScheduleService"]},{"type":"br.com.trevisantecnologia.umov.watcher.model.ActionImpl","size":94,"dependencies":[]},{"type":"br.com.trevisantecnologia.umov.watcher.dao.impl.HistoryItemDaoImpl","size":94,"dependencies":["br.com.trevisantecnologia.umov.watcher.dao.AbstractDao","br.com.trevisantecnologia.umov.watcher.feeder.domain.model.ExecuteInformation","br.com.trevisantecnologia.umov.watcher.feeder.domain.model.FeedRuleMapping","br.com.trevisantecnologia.umov.watcher.model.HistoryItem","br.com.trevisantecnologia.umov.watcher.model.ItemFilterDTO","br.com.trevisantecnologia.umov.watcher.model.ScheduleFeed","br.com.trevisantecnologia.umov.watcher.model.SystemParameter"]},{"type":"br.com.trevisantecnologia.umov.watcher.model.Feed","size":92,"dependencies":[]},{"type":"br.com.trevisantecnologia.umov.watcher.service.HistoryItemService","size":92,"dependencies":["br.com.trevisantecnologia.umov.watcher.dao.impl.HistoryItemDaoImpl","br.com.trevisantecnologia.umov.watcher.feeder.domain.exceptions.CustomEntityEntryFeederException","br.com.trevisantecnologia.umov.watcher.feeder.domain.model.ExecuteInformation","br.com.trevisantecnologia.umov.watcher.feeder.domain.model.FeedField","br.com.trevisantecnologia.umov.watcher.feeder.domain.model.FeedRuleMapping","br.com.trevisantecnologia.umov.watcher.feeder.domain.port.IHistoryItemFeed","br.com.trevisantecnologia.umov.watcher.log.LogManager","br.com.trevisantecnologia.umov.watcher.model.HistoryItem","br.com.trevisantecnologia.umov.watcher.model.ItemFilterDTO","br.com.trevisantecnologia.umov.watcher.model.ScheduleFeed"]},{"type":"br.com.trevisantecnologia.umov.watcher.tasksfinisher.domain.model.ClientSettings","size":91,"dependencies":["br.com.trevisantecnologia.umov.watcher.model.Event","br.com.trevisantecnologia.umov.watcher.tasksfinisher.domain.exceptions.TaskFinisherException"]},{"type":"br.com.trevisantecnologia.umov.watcher.service.CustomFieldValueService","size":89,"dependencies":["br.com.trevisantecnologia.umov.watcher.dao.SessionVariableDao","br.com.trevisantecnologia.umov.watcher.dao.impl.CustomFieldValueDaoImpl","br.com.trevisantecnologia.umov.watcher.feeder.domain.exceptions.CustomEntityEntryFeederException","br.com.trevisantecnologia.umov.watcher.feeder.domain.model.ExecuteInformation","br.com.trevisantecnologia.umov.watcher.feeder.domain.model.FeedFieldRule","br.com.trevisantecnologia.umov.watcher.feeder.domain.model.FeedRuleMapping","br.com.trevisantecnologia.umov.watcher.feeder.domain.port.ICustomFieldValueFeed","br.com.trevisantecnologia.umov.watcher.model.CustomField","br.com.trevisantecnologia.umov.watcher.model.CustomFieldValue","br.com.trevisantecnologia.umov.watcher.model.HistoryItem","br.com.trevisantecnologia.umov.watcher.model.ItemFilterDTO","br.com.trevisantecnologia.umov.watcher.model.Schedule"]},{"type":"br.com.trevisantecnologia.umov.watcher.model.CustomFieldValue","size":85,"dependencies":[]},{"type":"br.com.trevisantecnologia.umov.watcher.eca.action.schedule.notification.parse.ParseTranslator","size":85,"dependencies":["br.com.trevisantecnologia.umov.watcher.eca.action.schedule.notification.Translator","br.com.trevisantecnologia.umov.watcher.model.SystemParameter","br.com.trevisantecnologia.umov.watcher.model.schedule.notification.ScheduleNotification","br.com.trevisantecnologia.umov.watcher.serialize.GsonSerializer"]},{"type":"br.com.trevisantecnologia.umov.watcher.model.Agent","size":84,"dependencies":[]},{"type":"br.com.trevisantecnologia.umov.watcher.model.HistoryItem","size":82,"dependencies":[]},{"type":"br.com.trevisantecnologia.umov.watcher.model.Activity","size":82,"dependencies":["br.com.trevisantecnologia.umov.watcher.feeder.domain.model.FeedRuleMapping"]},{"type":"br.com.trevisantecnologia.umov.watcher.model.ArrayLongToListLongType","size":79,"dependencies":[]},{"type":"br.com.trevisantecnologia.umov.watcher.feeder.domain.builder.CustomEntityBuilder","size":79,"dependencies":["br.com.trevisantecnologia.umov.watcher.feeder.domain.builder.criteria.FeedCriteriaFactory","br.com.trevisantecnologia.umov.watcher.feeder.domain.builder.criteria.FeedCriteriaService","br.com.trevisantecnologia.umov.watcher.feeder.domain.builder.criteria.FeedWhere","br.com.trevisantecnologia.umov.watcher.feeder.domain.model.ExecuteInformation","br.com.trevisantecnologia.umov.watcher.feeder.domain.model.FeedCriteria","br.com.trevisantecnologia.umov.watcher.feeder.domain.model.FeedRuleMapping","br.com.trevisantecnologia.umov.watcher.feeder.domain.port.ICustomEntityEntryFeed","br.com.trevisantecnologia.umov.watcher.feeder.domain.port.ICustomEntityFeed","br.com.trevisantecnologia.umov.watcher.feeder.domain.port.ServiceDependencyFactory","br.com.trevisantecnologia.umov.watcher.model.CustomEntity","br.com.trevisantecnologia.umov.watcher.model.CustomEntityEntry","br.com.trevisantecnologia.umov.watcher.model.HistoryItem","br.com.trevisantecnologia.umov.watcher.model.ItemFilterDTO"]},{"type":"br.com.trevisantecnologia.umov.watcher.eca.action.manager.ActionManagerFactory","size":79,"dependencies":["br.com.trevisantecnologia.umov.watcher.cache.ImportCacheManager","br.com.trevisantecnologia.umov.watcher.dao.impl.ActivityHistoryDaoImpl","br.com.trevisantecnologia.umov.watcher.dao.impl.DefaultSystemSettingsDaoImpl","br.com.trevisantecnologia.umov.watcher.dao.impl.ExportLayoutActivityDaoImpl","br.com.trevisantecnologia.umov.watcher.dao.impl.ExportLayoutDaoImpl","br.com.trevisantecnologia.umov.watcher.dao.impl.LogEcaDaoImpl","br.com.trevisantecnologia.umov.watcher.dao.impl.ScheduleExportDaoImpl","br.com.trevisantecnologia.umov.watcher.dao.impl.ScheduleImportDaoImpl","br.com.trevisantecnologia.umov.watcher.dao.impl.SystemParameterDaoImpl","br.com.trevisantecnologia.umov.watcher.eca.action.ActionParameterTranslator","br.com.trevisantecnologia.umov.watcher.eca.action.manager.impl.ActionManagerImpl","br.com.trevisantecnologia.umov.watcher.eca.connector.task.ScheduleExportService","br.com.trevisantecnologia.umov.watcher.eca.connector.task.ScheduleImportService","br.com.trevisantecnologia.umov.watcher.exception.EventConditionException","br.com.trevisantecnologia.umov.watcher.io.FileChecksumGenerator","br.com.trevisantecnologia.umov.watcher.io.FileSystemManager","br.com.trevisantecnologia.umov.watcher.model.ActionImpl","br.com.trevisantecnologia.umov.watcher.model.EventExportView","br.com.trevisantecnologia.umov.watcher.model.EventImportView","br.com.trevisantecnologia.umov.watcher.model.ScheduleGPSContext"]},{"type":"br.com.trevisantecnologia.umov.watcher.model.CustomEntityEntry","size":77,"dependencies":[]},{"type":"br.com.trevisantecnologia.umov.watcher.eca.connector.task.ScheduleServiceFactory","size":77,"dependencies":["br.com.trevisantecnologia.umov.watcher.eca.action.ActionParameterTranslator","br.com.trevisantecnologia.umov.watcher.exception.EventConditionException","br.com.trevisantecnologia.umov.watcher.model.ActionImpl","br.com.trevisantecnologia.umov.watcher.model.AnalyzeScheduleContext","br.com.trevisantecnologia.umov.watcher.model.Event","br.com.trevisantecnologia.umov.watcher.model.EventAutoFinishScheduleView","br.com.trevisantecnologia.umov.watcher.model.ScheduleSituation"]},{"type":"br.com.trevisantecnologia.umov.watcher.io.PropertiesLoader","size":77,"dependencies":["br.com.trevisantecnologia.umov.watcher.Watcher","br.com.trevisantecnologia.umov.watcher.log.LogManager"]},{"type":"br.com.trevisantecnologia.umov.watcher.model.ExportLayout","size":74,"dependencies":[]},{"type":"br.com.trevisantecnologia.umov.watcher.model.DefaultSystemSettings","size":74,"dependencies":[]},{"type":"br.com.trevisantecnologia.umov.watcher.task.AnalyzeScheduleTask","size":74,"dependencies":["br.com.trevisantecnologia.umov.watcher.dao.impl.EventDaoImpl","br.com.trevisantecnologia.umov.watcher.dao.impl.LogEcaDaoImpl","br.com.trevisantecnologia.umov.watcher.eca.connector.task.ScheduleService","br.com.trevisantecnologia.umov.watcher.eca.connector.task.ScheduleServiceFactory","br.com.trevisantecnologia.umov.watcher.exception.EventConditionException","br.com.trevisantecnologia.umov.watcher.model.ActionImpl","br.com.trevisantecnologia.umov.watcher.model.AnalyzeScheduleContext","br.com.trevisantecnologia.umov.watcher.model.Event","br.com.trevisantecnologia.umov.watcher.service.ConnectorService"]},{"type":"br.com.trevisantecnologia.umov.watcher.model.Client","size":73,"dependencies":[]},{"type":"br.com.trevisantecnologia.umov.watcher.model.schedule.notification.smartpush.Push","size":73,"dependencies":["br.com.trevisantecnologia.umov.watcher.model.schedule.notification.ScheduleNotification","br.com.trevisantecnologia.umov.watcher.model.schedule.notification.smartpush.filter.Filter","br.com.trevisantecnologia.umov.watcher.model.schedule.notification.smartpush.notification.Notification","br.com.trevisantecnologia.umov.watcher.model.schedule.notification.smartpush.notification.NotificationFactory"]},{"type":"br.com.trevisantecnologia.umov.watcher.model.EventAutoFinishScheduleView","size":71,"dependencies":["br.com.trevisantecnologia.umov.watcher.tasksfinisher.domain.FinishTaskDTO"]},{"type":"br.com.trevisantecnologia.umov.watcher.model.Media","size":69,"dependencies":[]},{"type":"br.com.trevisantecnologia.umov.watcher.model.CustomEntity","size":69,"dependencies":[]},{"type":"br.com.trevisantecnologia.umov.watcher.eca.ContextBuilder","size":68,"dependencies":["br.com.trevisantecnologia.umov.watcher.model.EventAutoFinishScheduleView","br.com.trevisantecnologia.umov.watcher.model.EventExportView","br.com.trevisantecnologia.umov.watcher.model.EventImportView"]},{"type":"br.com.trevisantecnologia.umov.watcher.monitor.Monitor","size":67,"dependencies":["br.com.trevisantecnologia.umov.watcher.io.FileSystemManager","br.com.trevisantecnologia.umov.watcher.service.WatcherEventService","br.com.trevisantecnologia.umov.watcher.task.WatcherTask"]},{"type":"br.com.trevisantecnologia.umov.watcher.task.FinishScheduleBaseOnGPSTask","size":67,"dependencies":["br.com.trevisantecnologia.umov.watcher.dao.impl.ActionImplDaoImpl","br.com.trevisantecnologia.umov.watcher.eca.action.ActionParameterTranslator","br.com.trevisantecnologia.umov.watcher.eca.connector.task.FinishScheduleBaseOnGPSService","br.com.trevisantecnologia.umov.watcher.exception.EventConditionException","br.com.trevisantecnologia.umov.watcher.model.ActionImpl","br.com.trevisantecnologia.umov.watcher.model.Event","br.com.trevisantecnologia.umov.watcher.model.ScheduleGPSContext","br.com.trevisantecnologia.umov.watcher.service.WatcherEventService"]},{"type":"br.com.trevisantecnologia.umov.watcher.types.JSONFeedRuleMappingType","size":66,"dependencies":["br.com.trevisantecnologia.umov.watcher.feeder.domain.model.FeedRuleMapping"]},{"type":"br.com.trevisantecnologia.umov.watcher.dao.impl.AgentDaoImpl","size":66,"dependencies":["br.com.trevisantecnologia.umov.watcher.dao.AbstractDao","br.com.trevisantecnologia.umov.watcher.model.Agent","br.com.trevisantecnologia.umov.watcher.tasksfinisher.domain.UpdateAgents","br.com.trevisantecnologia.umov.watcher.tasksfinisher.domain.model.TaskFinalized"]},{"type":"br.com.trevisantecnologia.umov.watcher.model.EventImportView","size":65,"dependencies":[]},{"type":"br.com.trevisantecnologia.umov.watcher.tasksfinisher.domain.model.Task","size":62,"dependencies":[]},{"type":"br.com.trevisantecnologia.umov.watcher.model.EventExportView","size":62,"dependencies":[]},{"type":"br.com.trevisantecnologia.umov.watcher.Watcher","size":61,"dependencies":["br.com.trevisantecnologia.umov.watcher.io.FileSystemManager","br.com.trevisantecnologia.umov.watcher.ioc.guice.WatcherInjector","br.com.trevisantecnologia.umov.watcher.monitor.AnalyzeOverdueScheduleMonitor","br.com.trevisantecnologia.umov.watcher.monitor.AnalyzeScheduleMonitor","br.com.trevisantecnologia.umov.watcher.monitor.ApiCallbackMonitor","br.com.trevisantecnologia.umov.watcher.monitor.ExportingMonitor","br.com.trevisantecnologia.umov.watcher.monitor.FeederMonitor","br.com.trevisantecnologia.umov.watcher.monitor.FinishScheduleBaseOnGPSMonitor","br.com.trevisantecnologia.umov.watcher.monitor.ImportingMonitor","br.com.trevisantecnologia.umov.watcher.monitor.Monitor","br.com.trevisantecnologia.umov.watcher.monitor.ScheduleImageImportMonitor","br.com.trevisantecnologia.umov.watcher.monitor.SchedulePhotoToUploadMonitor","br.com.trevisantecnologia.umov.watcher.monitor.SendReportScheduleExecutionMonitor","br.com.trevisantecnologia.umov.watcher.monitor.schedule.notification.ScheduleNotificationMonitor"]},{"type":"br.com.trevisantecnologia.umov.watcher.tasksfinisher.domain.actions.FilterTasksToRun","size":60,"dependencies":["br.com.trevisantecnologia.umov.watcher.tasksfinisher.domain.model.ClientSettings","br.com.trevisantecnologia.umov.watcher.tasksfinisher.domain.model.Task"]},{"type":"br.com.trevisantecnologia.umov.watcher.task.SchedulePhotoToUploadTask","size":60,"dependencies":["br.com.trevisantecnologia.umov.watcher.dao.impl.ActivityHistoryPhotoDaoImpl","br.com.trevisantecnologia.umov.watcher.model.ActivityHistoryPhoto","br.com.trevisantecnologia.umov.watcher.model.SchedulePhotoUpload","br.com.trevisantecnologia.umov.watcher.serialize.GsonSerializer"]},{"type":"br.com.trevisantecnologia.umov.watcher.feeder.oldway.ScheduleFeeder","size":59,"dependencies":["br.com.trevisantecnologia.umov.watcher.dao.impl.HistoryItemDaoImpl","br.com.trevisantecnologia.umov.watcher.exception.EventConditionException","br.com.trevisantecnologia.umov.watcher.model.Feed","br.com.trevisantecnologia.umov.watcher.model.HistoryItem","br.com.trevisantecnologia.umov.watcher.model.Schedule","br.com.trevisantecnologia.umov.watcher.model.ScheduleFeed","br.com.trevisantecnologia.umov.watcher.service.ScheduleActivityService","br.com.trevisantecnologia.umov.watcher.service.ScheduleService"]},{"type":"br.com.trevisantecnologia.umov.watcher.dao.impl.EventDaoImpl","size":59,"dependencies":["br.com.trevisantecnologia.umov.watcher.dao.AbstractDao","br.com.trevisantecnologia.umov.watcher.exception.FindByCriteriaException","br.com.trevisantecnologia.umov.watcher.model.ActionImpl","br.com.trevisantecnologia.umov.watcher.model.Event"]},{"type":"br.com.trevisantecnologia.umov.watcher.model.RESTRequest","size":57,"dependencies":[]},{"type":"br.com.trevisantecnologia.umov.watcher.io.ImporterFileSorter","size":57,"dependencies":[]},{"type":"br.com.trevisantecnologia.umov.watcher.model.Sms","size":56,"dependencies":[]},{"type":"br.com.trevisantecnologia.umov.watcher.model.ServiceLocalItem","size":55,"dependencies":[]},{"type":"br.com.trevisantecnologia.umov.watcher.model.ScheduleActivity","size":55,"dependencies":[]},{"type":"br.com.trevisantecnologia.umov.watcher.model.SectionField","size":55,"dependencies":[]},{"type":"br.com.trevisantecnologia.umov.watcher.log.LogManager","size":55,"dependencies":[]},{"type":"br.com.trevisantecnologia.umov.watcher.dao.impl.FilterDAO","size":55,"dependencies":["br.com.trevisantecnologia.umov.watcher.tasksfinisher.domain.model.ClientSettings"]},{"type":"br.com.trevisantecnologia.umov.watcher.task.schedule.notification.ScheduleNotificationTask","size":55,"dependencies":["br.com.trevisantecnologia.umov.watcher.eca.action.schedule.notification.Translator","br.com.trevisantecnologia.umov.watcher.eca.action.schedule.notification.TranslatorFactory","br.com.trevisantecnologia.umov.watcher.eca.action.schedule.notification.smartpush.SmartPushTranslator","br.com.trevisantecnologia.umov.watcher.http.RESTClientProvider","br.com.trevisantecnologia.umov.watcher.model.schedule.notification.ScheduleNotification","br.com.trevisantecnologia.umov.watcher.service.ScheduleNotificationService","br.com.trevisantecnologia.umov.watcher.task.WatcherTask"]},{"type":"br.com.trevisantecnologia.umov.watcher.model.schedule.notification.smartpush.notification.param.APS","size":54,"dependencies":["br.com.trevisantecnologia.umov.watcher.model.schedule.notification.ScheduleNotification","br.com.trevisantecnologia.umov.watcher.model.schedule.notification.smartpush.SmartPushProperties"]},{"type":"br.com.trevisantecnologia.umov.watcher.tasksfinisher.domain.TasksFinisherFactory","size":54,"dependencies":["br.com.trevisantecnologia.umov.watcher.eca.action.ActionParameterTranslator","br.com.trevisantecnologia.umov.watcher.exception.EventConditionException","br.com.trevisantecnologia.umov.watcher.model.ActionImpl","br.com.trevisantecnologia.umov.watcher.model.AnalyzeScheduleContext","br.com.trevisantecnologia.umov.watcher.model.Event","br.com.trevisantecnologia.umov.watcher.tasksfinisher.aplication.UnavailableAgents","br.com.trevisantecnologia.umov.watcher.tasksfinisher.domain.actions.ActionFactory","br.com.trevisantecnologia.umov.watcher.tasksfinisher.domain.model.ClientSettings"]},{"type":"br.com.trevisantecnologia.umov.watcher.model.ServiceLocal","size":53,"dependencies":[]},{"type":"br.com.trevisantecnologia.umov.watcher.task.FeederTask","size":53,"dependencies":["br.com.trevisantecnologia.umov.watcher.dao.impl.ScheduleFeedDaoImpl","br.com.trevisantecnologia.umov.watcher.feeder.aplication.FeederService","br.com.trevisantecnologia.umov.watcher.model.ScheduleFeed"]},{"type":"br.com.trevisantecnologia.umov.watcher.feeder.domain.model.FeedFieldRule","size":52,"dependencies":[]},{"type":"br.com.trevisantecnologia.umov.watcher.model.ActivityHistoryPhoto","size":52,"dependencies":[]},{"type":"br.com.trevisantecnologia.umov.watcher.model.Recipients","size":52,"dependencies":[]},{"type":"br.com.trevisantecnologia.umov.watcher.mapping.EntityMailMapper","size":51,"dependencies":["br.com.trevisantecnologia.umov.watcher.dao.impl.CustomFieldValueDaoImpl","br.com.trevisantecnologia.umov.watcher.model.CustomField","br.com.trevisantecnologia.umov.watcher.model.CustomFieldValue","br.com.trevisantecnologia.umov.watcher.model.Entity","br.com.trevisantecnologia.umov.watcher.model.Mail","br.com.trevisantecnologia.umov.watcher.model.Schedule","br.com.trevisantecnologia.umov.watcher.model.ScheduleReportRequest"]},{"type":"br.com.trevisantecnologia.umov.watcher.task.ScheduleExportTask","size":51,"dependencies":["br.com.trevisantecnologia.umov.watcher.dao.impl.EventExportViewDaoImpl","br.com.trevisantecnologia.umov.watcher.eca.ContextBuilder","br.com.trevisantecnologia.umov.watcher.eca.action.manager.ActionManagerFactory","br.com.trevisantecnologia.umov.watcher.model.EventExportView"]},{"type":"br.com.trevisantecnologia.umov.watcher.eca.adapter.impl.InternalConnector","size":51,"dependencies":["br.com.trevisantecnologia.umov.watcher.dao.impl.LogEcaDaoImpl"]},{"type":"br.com.trevisantecnologia.umov.watcher.model.schedule.notification.smartpush.notification.Notification","size":51,"dependencies":["br.com.trevisantecnologia.umov.watcher.model.schedule.notification.ScheduleNotification","br.com.trevisantecnologia.umov.watcher.model.schedule.notification.smartpush.SmartPushProperties","br.com.trevisantecnologia.umov.watcher.model.schedule.notification.smartpush.notification.param.Param","br.com.trevisantecnologia.umov.watcher.model.schedule.notification.smartpush.notification.param.ParamFactory"]},{"type":"br.com.trevisantecnologia.umov.watcher.http.UmovCenterAdapter","size":49,"dependencies":["br.com.trevisantecnologia.umov.watcher.exception.SendEmailException","br.com.trevisantecnologia.umov.watcher.io.FileSystemManager","br.com.trevisantecnologia.umov.watcher.model.ScheduleReportRequest"]},{"type":"br.com.trevisantecnologia.umov.watcher.task.ScheduleImportTask","size":49,"dependencies":["br.com.trevisantecnologia.umov.watcher.dao.impl.EventImportViewDaoImpl","br.com.trevisantecnologia.umov.watcher.eca.ContextBuilder","br.com.trevisantecnologia.umov.watcher.eca.action.manager.ActionManagerFactory","br.com.trevisantecnologia.umov.watcher.model.EventImportView"]},{"type":"br.com.trevisantecnologia.umov.watcher.service.CustomFieldService","size":49,"dependencies":["br.com.trevisantecnologia.umov.watcher.dao.impl.CustomFieldDaoImpl","br.com.trevisantecnologia.umov.watcher.feeder.domain.exceptions.CustomEntityEntryFeederException","br.com.trevisantecnologia.umov.watcher.feeder.domain.model.ExecuteInformation","br.com.trevisantecnologia.umov.watcher.feeder.domain.model.FeedFieldRule","br.com.trevisantecnologia.umov.watcher.feeder.domain.model.FeedRuleMapping","br.com.trevisantecnologia.umov.watcher.feeder.domain.port.ICustomFieldFeed","br.com.trevisantecnologia.umov.watcher.model.CustomField","br.com.trevisantecnologia.umov.watcher.model.CustomFieldValue","br.com.trevisantecnologia.umov.watcher.model.EntityModel","br.com.trevisantecnologia.umov.watcher.model.ItemFilterDTO"]},{"type":"br.com.trevisantecnologia.umov.watcher.dao.impl.CustomFieldValueDaoImpl","size":49,"dependencies":["br.com.trevisantecnologia.umov.watcher.dao.AbstractDao","br.com.trevisantecnologia.umov.watcher.model.CustomField","br.com.trevisantecnologia.umov.watcher.model.CustomFieldValue","br.com.trevisantecnologia.umov.watcher.model.Item","br.com.trevisantecnologia.umov.watcher.model.Schedule"]},{"type":"br.com.trevisantecnologia.umov.watcher.tasksfinisher.domain.TasksFinisher","size":47,"dependencies":["br.com.trevisantecnologia.umov.watcher.tasksfinisher.domain.DomainEvents.ItWasFinisherTasks","br.com.trevisantecnologia.umov.watcher.tasksfinisher.domain.actions.ActionFactory","br.com.trevisantecnologia.umov.watcher.tasksfinisher.domain.actions.ActionHandler","br.com.trevisantecnologia.umov.watcher.tasksfinisher.domain.exceptions.TaskFinisherException","br.com.trevisantecnologia.umov.watcher.tasksfinisher.domain.model.ClientSettings","br.com.trevisantecnologia.umov.watcher.tasksfinisher.domain.model.TaskFinalized"]},{"type":"br.com.trevisantecnologia.umov.watcher.task.ScheduleImageImportTask","size":47,"dependencies":["br.com.trevisantecnologia.umov.watcher.dao.impl.MediaDaoImpl","br.com.trevisantecnologia.umov.watcher.log.LogManager","br.com.trevisantecnologia.umov.watcher.model.Media","br.com.trevisantecnologia.umov.watcher.serialize.GsonSerializer","br.com.trevisantecnologia.umov.watcher.validators.ScheduleImageImportValidator"]},{"type":"br.com.trevisantecnologia.umov.watcher.task.AnalyzeOverdueScheduleTask","size":47,"dependencies":["br.com.trevisantecnologia.umov.watcher.dao.impl.EventAnalyzeOverdueScheduleViewDaoImpl","br.com.trevisantecnologia.umov.watcher.dao.impl.LogEcaDaoImpl","br.com.trevisantecnologia.umov.watcher.model.Event","br.com.trevisantecnologia.umov.watcher.model.EventAutoFinishScheduleView","br.com.trevisantecnologia.umov.watcher.tasksfinisher.domain.Finisher","br.com.trevisantecnologia.umov.watcher.tasksfinisher.domain.TasksFinisherFactory"]},{"type":"br.com.trevisantecnologia.umov.watcher.builder.ScheduleReportSmsBuilder","size":46,"dependencies":["br.com.trevisantecnologia.umov.watcher.exception.EventConditionException","br.com.trevisantecnologia.umov.watcher.io.FileSystemManager","br.com.trevisantecnologia.umov.watcher.model.ScheduleReportRequest"]},{"type":"br.com.trevisantecnologia.umov.watcher.feeder.domain.builder.ServiceLocalItemBuilder","size":46,"dependencies":["br.com.trevisantecnologia.umov.watcher.exception.BusinessException","br.com.trevisantecnologia.umov.watcher.feeder.domain.model.ExecuteInformation","br.com.trevisantecnologia.umov.watcher.feeder.domain.model.FeedRuleMapping","br.com.trevisantecnologia.umov.watcher.feeder.domain.port.IServiceLocalItemFeed","br.com.trevisantecnologia.umov.watcher.feeder.domain.port.ServiceDependencyFactory","br.com.trevisantecnologia.umov.watcher.model.ItemFilterDTO","br.com.trevisantecnologia.umov.watcher.model.ServiceLocalItem"]},{"type":"br.com.trevisantecnologia.umov.watcher.model.ExportLayoutActivity","size":45,"dependencies":[]},{"type":"br.com.trevisantecnologia.umov.watcher.service.AbstractService","size":45,"dependencies":["br.com.trevisantecnologia.umov.watcher.dao.GenericDao","br.com.trevisantecnologia.umov.watcher.dao.SessionVariableDao","br.com.trevisantecnologia.umov.watcher.feeder.domain.model.FeedRuleMapping","br.com.trevisantecnologia.umov.watcher.feeder.domain.port.IFeederService"]},{"type":"br.com.trevisantecnologia.umov.watcher.model.Section","size":44,"dependencies":[]},{"type":"br.com.trevisantecnologia.umov.watcher.eca.action.schedule.notification.smartpush.SmartPushTranslator","size":44,"dependencies":["br.com.trevisantecnologia.umov.watcher.eca.action.schedule.notification.Translator","br.com.trevisantecnologia.umov.watcher.model.schedule.notification.ScheduleNotification","br.com.trevisantecnologia.umov.watcher.model.schedule.notification.smartpush.Push","br.com.trevisantecnologia.umov.watcher.model.schedule.notification.smartpush.SmartPushProperties"]},{"type":"br.com.trevisantecnologia.umov.watcher.tasksfinisher.domain.actions.ActionHandler","size":44,"dependencies":["br.com.trevisantecnologia.umov.watcher.tasksfinisher.domain.UpdateTasks","br.com.trevisantecnologia.umov.watcher.tasksfinisher.domain.exceptions.TaskFinisherException","br.com.trevisantecnologia.umov.watcher.tasksfinisher.domain.model.ClientSettings","br.com.trevisantecnologia.umov.watcher.tasksfinisher.domain.model.Task","br.com.trevisantecnologia.umov.watcher.tasksfinisher.domain.model.TaskFinalized"]},{"type":"br.com.trevisantecnologia.umov.watcher.feeder.domain.builder.criteria.FeedCriteriaCustomFieldService","size":44,"dependencies":["br.com.trevisantecnologia.umov.watcher.feeder.domain.model.FeedCriteria","br.com.trevisantecnologia.umov.watcher.feeder.domain.port.ICustomFieldFeed","br.com.trevisantecnologia.umov.watcher.feeder.domain.port.ICustomFieldValueFeed","br.com.trevisantecnologia.umov.watcher.feeder.domain.port.ServiceDependencyFactory","br.com.trevisantecnologia.umov.watcher.model.CustomField","br.com.trevisantecnologia.umov.watcher.model.CustomFieldValue","br.com.trevisantecnologia.umov.watcher.model.HistoryItem"]},{"type":"br.com.trevisantecnologia.umov.watcher.ioc.guice.WatcherInjectionModule","size":43,"dependencies":["br.com.trevisantecnologia.umov.watcher.dao.AbstractDao","br.com.trevisantecnologia.umov.watcher.interceptor.TransactionAnnotationInterceptor","br.com.trevisantecnologia.umov.watcher.interceptor.TransactionInterceptor","br.com.trevisantecnologia.umov.watcher.io.PropertiesLoader"]},{"type":"br.com.trevisantecnologia.umov.watcher.feeder.domain.builder.EntryFillerService","size":42,"dependencies":["br.com.trevisantecnologia.umov.watcher.feeder.domain.exceptions.CustomEntityEntryFeederException","br.com.trevisantecnologia.umov.watcher.feeder.domain.model.ExecuteInformation","br.com.trevisantecnologia.umov.watcher.feeder.domain.model.FeedField","br.com.trevisantecnologia.umov.watcher.feeder.domain.model.FeedFieldRule","br.com.trevisantecnologia.umov.watcher.feeder.domain.model.FeedRuleMapping","br.com.trevisantecnologia.umov.watcher.feeder.domain.port.ServiceDependencyFactory","br.com.trevisantecnologia.umov.watcher.model.HistoryItem","br.com.trevisantecnologia.umov.watcher.model.ItemFilterDTO"]},{"type":"br.com.trevisantecnologia.umov.watcher.model.Entity","size":41,"dependencies":[]},{"type":"br.com.trevisantecnologia.umov.watcher.feeder.aplication.EntityFeederRuleMappingService","size":41,"dependencies":["br.com.trevisantecnologia.umov.watcher.feeder.domain.Feeder","br.com.trevisantecnologia.umov.watcher.feeder.domain.exceptions.CustomEntityEntryFeederException","br.com.trevisantecnologia.umov.watcher.feeder.domain.model.FeedRuleMapping","br.com.trevisantecnologia.umov.watcher.model.Activity","br.com.trevisantecnologia.umov.watcher.model.ScheduleFeed"]},{"type":"br.com.trevisantecnologia.umov.watcher.log.LogAppender","size":41,"dependencies":[]},{"type":"br.com.trevisantecnologia.umov.watcher.feeder.domain.model.FeedOperation","size":40,"dependencies":[]},{"type":"br.com.trevisantecnologia.umov.watcher.eca.connector.task.ScheduleAutoFinishService","size":40,"dependencies":["br.com.trevisantecnologia.umov.watcher.dao.impl.ScheduleDaoImpl","br.com.trevisantecnologia.umov.watcher.eca.connector.task.observer.AgentUnavailableObserver","br.com.trevisantecnologia.umov.watcher.model.Schedule"]},{"type":"br.com.trevisantecnologia.umov.watcher.eca.connector.task.ScheduleAutoCancelService","size":40,"dependencies":["br.com.trevisantecnologia.umov.watcher.dao.impl.ScheduleDaoImpl","br.com.trevisantecnologia.umov.watcher.eca.connector.task.observer.AgentUnavailableObserver","br.com.trevisantecnologia.umov.watcher.model.Schedule"]},{"type":"br.com.trevisantecnologia.umov.watcher.feeder.domain.port.ServiceDependencyFactory","size":40,"dependencies":["br.com.trevisantecnologia.umov.watcher.service.CustomEntityEntryService","br.com.trevisantecnologia.umov.watcher.service.CustomEntityService","br.com.trevisantecnologia.umov.watcher.service.CustomFieldService","br.com.trevisantecnologia.umov.watcher.service.CustomFieldValueService","br.com.trevisantecnologia.umov.watcher.service.HistoryItemService","br.com.trevisantecnologia.umov.watcher.service.ServiceLocalItemService"]},{"type":"br.com.trevisantecnologia.umov.watcher.model.ApiCallback","size":37,"dependencies":[]},{"type":"br.com.trevisantecnologia.umov.watcher.tasksfinisher.domain.model.TaskFinalized","size":37,"dependencies":["br.com.trevisantecnologia.umov.watcher.tasksfinisher.domain.exceptions.TaskFinisherException"]},{"type":"br.com.trevisantecnologia.umov.watcher.cache.ImportCacheManager","size":37,"dependencies":[]},{"type":"br.com.trevisantecnologia.umov.watcher.service.WatcherEventService","size":37,"dependencies":["br.com.trevisantecnologia.umov.watcher.dao.impl.EventDaoImpl","br.com.trevisantecnologia.umov.watcher.model.Event"]},{"type":"br.com.trevisantecnologia.umov.watcher.feeder.oldway.FeederStrategy","size":37,"dependencies":["br.com.trevisantecnologia.umov.watcher.model.Feed","br.com.trevisantecnologia.umov.watcher.model.ScheduleFeed"]},{"type":"br.com.trevisantecnologia.umov.watcher.feeder.domain.builder.criteria.FeedWhere","size":36,"dependencies":[]},{"type":"br.com.trevisantecnologia.umov.watcher.service.CustomEntityEntryService","size":36,"dependencies":["br.com.trevisantecnologia.umov.watcher.dao.GenericDao","br.com.trevisantecnologia.umov.watcher.dao.impl.CustomEntityEntryDaoImpl","br.com.trevisantecnologia.umov.watcher.feeder.domain.builder.criteria.FeedWhere","br.com.trevisantecnologia.umov.watcher.feeder.domain.exceptions.CustomEntityEntryFeederException","br.com.trevisantecnologia.umov.watcher.feeder.domain.model.ExecuteInformation","br.com.trevisantecnologia.umov.watcher.feeder.domain.port.ICustomEntityEntryFeed","br.com.trevisantecnologia.umov.watcher.model.CustomEntity","br.com.trevisantecnologia.umov.watcher.model.CustomEntityEntry"]},{"type":"br.com.trevisantecnologia.umov.watcher.model.schedule.notification.smartpush.notification.param.ParamIOS","size":35,"dependencies":["br.com.trevisantecnologia.umov.watcher.model.schedule.notification.ScheduleNotification","br.com.trevisantecnologia.umov.watcher.model.schedule.notification.smartpush.SmartPushProperties"]},{"type":"br.com.trevisantecnologia.umov.watcher.model.schedule.notification.smartpush.notification.NotificationFactory","size":35,"dependencies":["br.com.trevisantecnologia.umov.watcher.model.schedule.notification.ScheduleNotification","br.com.trevisantecnologia.umov.watcher.model.schedule.notification.smartpush.SmartPushProperties"]},{"type":"br.com.trevisantecnologia.umov.watcher.dao.impl.ScheduleImportDaoImpl","size":35,"dependencies":["br.com.trevisantecnologia.umov.watcher.dao.AbstractDao","br.com.trevisantecnologia.umov.watcher.exception.NextImportPackageNumberException","br.com.trevisantecnologia.umov.watcher.exception.SaveException","br.com.trevisantecnologia.umov.watcher.model.ScheduleImport"]},{"type":"br.com.trevisantecnologia.umov.watcher.feeder.domain.Feeder","size":35,"dependencies":["br.com.trevisantecnologia.umov.watcher.feeder.domain.exceptions.CustomEntityEntryFeederException","br.com.trevisantecnologia.umov.watcher.feeder.domain.model.FeedRuleMapping","br.com.trevisantecnologia.umov.watcher.feeder.domain.operations.Operation","br.com.trevisantecnologia.umov.watcher.feeder.domain.operations.OperationFactory","br.com.trevisantecnologia.umov.watcher.feeder.domain.port.ServiceDependencyFactory","br.com.trevisantecnologia.umov.watcher.model.ItemFilterDTO"]},{"type":"br.com.trevisantecnologia.umov.watcher.model.schedule.notification.smartpush.notification.param.ParamAndroid","size":34,"dependencies":["br.com.trevisantecnologia.umov.watcher.model.schedule.notification.ScheduleNotification"]},{"type":"br.com.trevisantecnologia.umov.watcher.feeder.domain.operations.Operation","size":33,"dependencies":["br.com.trevisantecnologia.umov.watcher.feeder.domain.builder.Builder","br.com.trevisantecnologia.umov.watcher.feeder.domain.model.FeedRuleMapping","br.com.trevisantecnologia.umov.watcher.feeder.domain.operations.handler.OperantionHandler","br.com.trevisantecnologia.umov.watcher.feeder.domain.operations.handler.OperationHandlerFactory","br.com.trevisantecnologia.umov.watcher.model.ItemFilterDTO"]},{"type":"br.com.trevisantecnologia.umov.watcher.serialize.ConditionConverter","size":33,"dependencies":["br.com.trevisantecnologia.umov.watcher.model.Condition"]},{"type":"br.com.trevisantecnologia.umov.watcher.service.ItemService","size":33,"dependencies":["br.com.trevisantecnologia.umov.watcher.dao.GenericDao","br.com.trevisantecnologia.umov.watcher.dao.impl.CustomFieldValueDaoImpl","br.com.trevisantecnologia.umov.watcher.dao.impl.ItemDaoImpl","br.com.trevisantecnologia.umov.watcher.model.Item","br.com.trevisantecnologia.umov.watcher.model.ScheduleFeed"]},{"type":"br.com.trevisantecnologia.umov.watcher.serialize.ScheduleConverter","size":33,"dependencies":["br.com.trevisantecnologia.umov.watcher.model.ActivityHistory","br.com.trevisantecnologia.umov.watcher.model.Schedule"]},{"type":"br.com.trevisantecnologia.umov.watcher.http.HttpUtil","size":33,"dependencies":[]},{"type":"br.com.trevisantecnologia.umov.watcher.feeder.domain.operations.OperationFactory","size":33,"dependencies":["br.com.trevisantecnologia.umov.watcher.feeder.domain.model.FeedRuleMapping"]},{"type":"br.com.trevisantecnologia.umov.watcher.model.SubGroup","size":32,"dependencies":[]},{"type":"br.com.trevisantecnologia.umov.watcher.task.SendMailTask","size":32,"dependencies":["br.com.trevisantecnologia.umov.watcher.builder.ScheduleReportMailBuilder","br.com.trevisantecnologia.umov.watcher.exception.NoRecipientFoundException","br.com.trevisantecnologia.umov.watcher.http.UmovCenterAdapter","br.com.trevisantecnologia.umov.watcher.model.Schedule","br.com.trevisantecnologia.umov.watcher.model.ScheduleReportRequest"]},{"type":"br.com.trevisantecnologia.umov.watcher.service.ServiceLocalItemService","size":32,"dependencies":["br.com.trevisantecnologia.umov.watcher.dao.GenericDao","br.com.trevisantecnologia.umov.watcher.dao.impl.ServiceLocalItemDao","br.com.trevisantecnologia.umov.watcher.feeder.domain.model.ExecuteInformation","br.com.trevisantecnologia.umov.watcher.feeder.domain.port.IServiceLocalItemFeed","br.com.trevisantecnologia.umov.watcher.model.Item","br.com.trevisantecnologia.umov.watcher.model.ItemFilterDTO","br.com.trevisantecnologia.umov.watcher.model.ServiceLocal","br.com.trevisantecnologia.umov.watcher.model.ServiceLocalItem"]},{"type":"br.com.trevisantecnologia.umov.watcher.serialize.JodaDateTimeConverter","size":32,"dependencies":[]},{"type":"br.com.trevisantecnologia.umov.watcher.service.ClientService","size":32,"dependencies":["br.com.trevisantecnologia.umov.watcher.dao.GenericDao","br.com.trevisantecnologia.umov.watcher.dao.impl.ClientDaoImpl","br.com.trevisantecnologia.umov.watcher.model.Client","br.com.trevisantecnologia.umov.watcher.model.Event"]},{"type":"br.com.trevisantecnologia.umov.watcher.dao.impl.ScheduleExportDaoImpl","size":32,"dependencies":["br.com.trevisantecnologia.umov.watcher.dao.AbstractDao","br.com.trevisantecnologia.umov.watcher.exception.SaveException","br.com.trevisantecnologia.umov.watcher.model.ScheduleExport"]},{"type":"br.com.trevisantecnologia.umov.watcher.dao.impl.ClientDaoImpl","size":32,"dependencies":["br.com.trevisantecnologia.umov.watcher.dao.AbstractDao","br.com.trevisantecnologia.umov.watcher.exception.FindByCriteriaException","br.com.trevisantecnologia.umov.watcher.model.Client"]},{"type":"br.com.trevisantecnologia.umov.watcher.task.SendTaskFactory","size":31,"dependencies":["br.com.trevisantecnologia.umov.watcher.exception.EventConditionException","br.com.trevisantecnologia.umov.watcher.model.ActionImpl","br.com.trevisantecnologia.umov.watcher.service.ConnectorService"]},{"type":"br.com.trevisantecnologia.umov.watcher.serialize.MailConverter","size":30,"dependencies":["br.com.trevisantecnologia.umov.watcher.model.Entity","br.com.trevisantecnologia.umov.watcher.model.Mail"]},{"type":"br.com.trevisantecnologia.umov.watcher.eca.action.manager.impl.ActionManagerImpl","size":30,"dependencies":["br.com.trevisantecnologia.umov.watcher.dao.impl.LogEcaDaoImpl","br.com.trevisantecnologia.umov.watcher.eca.adapter.impl.InternalConnector"]},{"type":"br.com.trevisantecnologia.umov.watcher.feeder.domain.builder.ServiceLocalBuilder","size":30,"dependencies":["br.com.trevisantecnologia.umov.watcher.feeder.domain.model.FeedRuleMapping","br.com.trevisantecnologia.umov.watcher.feeder.domain.port.IFeederService","br.com.trevisantecnologia.umov.watcher.model.ItemFilterDTO","br.com.trevisantecnologia.umov.watcher.model.ServiceLocal"]},{"type":"br.com.trevisantecnologia.umov.watcher.ioc.guice.HibernateSessionProvider","size":30,"dependencies":["br.com.trevisantecnologia.umov.watcher.io.FileSystemManager","br.com.trevisantecnologia.umov.watcher.io.ImporterFileSorter","br.com.trevisantecnologia.umov.watcher.io.PropertiesLoader"]},{"type":"br.com.trevisantecnologia.umov.watcher.feeder.aplication.FeederService","size":30,"dependencies":["br.com.trevisantecnologia.umov.watcher.feeder.oldway.FeederFactory","br.com.trevisantecnologia.umov.watcher.feeder.oldway.FeederStrategy","br.com.trevisantecnologia.umov.watcher.model.Feed","br.com.trevisantecnologia.umov.watcher.model.ScheduleFeed","br.com.trevisantecnologia.umov.watcher.service.EntityFeederService"]},{"type":"br.com.trevisantecnologia.umov.watcher.mapping.EntityMapperFactory","size":29,"dependencies":["br.com.trevisantecnologia.umov.watcher.exception.EntityNotMappedException","br.com.trevisantecnologia.umov.watcher.model.Entity"]},{"type":"br.com.trevisantecnologia.umov.watcher.dao.impl.CustomEntityEntryDaoImpl","size":29,"dependencies":["br.com.trevisantecnologia.umov.watcher.dao.AbstractDao","br.com.trevisantecnologia.umov.watcher.feeder.domain.builder.criteria.FeedWhere","br.com.trevisantecnologia.umov.watcher.model.CustomEntity","br.com.trevisantecnologia.umov.watcher.model.CustomEntityEntry"]},{"type":"br.com.trevisantecnologia.umov.watcher.interceptor.TransactionAnnotationInterceptor","size":29,"dependencies":[]},{"type":"br.com.trevisantecnologia.umov.watcher.service.ActivityHistoryService","size":27,"dependencies":["br.com.trevisantecnologia.umov.watcher.dao.impl.ActivityHistoryDaoImpl","br.com.trevisantecnologia.umov.watcher.model.ActivityHistory","br.com.trevisantecnologia.umov.watcher.model.Client","br.com.trevisantecnologia.umov.watcher.model.Schedule"]},{"type":"br.com.trevisantecnologia.umov.watcher.model.schedule.notification.smartpush.filter.RulesFactory","size":27,"dependencies":["br.com.trevisantecnologia.umov.watcher.model.schedule.notification.ScheduleNotification","br.com.trevisantecnologia.umov.watcher.model.schedule.notification.smartpush.SmartPushProperties"]},{"type":"br.com.trevisantecnologia.umov.watcher.io.ImporterFileFilter","size":26,"dependencies":[]},{"type":"br.com.trevisantecnologia.umov.watcher.monitor.FeederMonitor","size":26,"dependencies":["br.com.trevisantecnologia.umov.watcher.task.FeederTask","br.com.trevisantecnologia.umov.watcher.task.WatcherTask"]},{"type":"br.com.trevisantecnologia.umov.watcher.mapping.AbstractEntityMapper","size":26,"dependencies":["br.com.trevisantecnologia.umov.watcher.model.Entity","br.com.trevisantecnologia.umov.watcher.model.ScheduleReportRequest","br.com.trevisantecnologia.umov.watcher.service.HistoryItemService"]},{"type":"br.com.trevisantecnologia.umov.watcher.serialize.ActivityConverter","size":26,"dependencies":["br.com.trevisantecnologia.umov.watcher.model.Activity"]},{"type":"br.com.trevisantecnologia.umov.watcher.service.ConnectorService","size":26,"dependencies":["br.com.trevisantecnologia.umov.watcher.eca.action.ActionParameterTranslator","br.com.trevisantecnologia.umov.watcher.exception.EventConditionException","br.com.trevisantecnologia.umov.watcher.model.ActionImpl"]},{"type":"br.com.trevisantecnologia.umov.watcher.serialize.EntityConverter","size":25,"dependencies":["br.com.trevisantecnologia.umov.watcher.model.Entity"]},{"type":"br.com.trevisantecnologia.umov.watcher.model.ScheduleGPSContext","size":25,"dependencies":[]},{"type":"br.com.trevisantecnologia.umov.watcher.model.Authentication","size":25,"dependencies":[]},{"type":"br.com.trevisantecnologia.umov.watcher.serialize.BodyConverter","size":25,"dependencies":["br.com.trevisantecnologia.umov.watcher.model.Body"]},{"type":"br.com.trevisantecnologia.umov.watcher.serialize.SmsConverter","size":25,"dependencies":["br.com.trevisantecnologia.umov.watcher.model.SmsDTO"]},{"type":"br.com.trevisantecnologia.umov.watcher.serialize.SubjectConverter","size":25,"dependencies":["br.com.trevisantecnologia.umov.watcher.model.Subject"]},{"type":"br.com.trevisantecnologia.umov.watcher.service.CustomEntityService","size":25,"dependencies":["br.com.trevisantecnologia.umov.watcher.dao.GenericDao","br.com.trevisantecnologia.umov.watcher.dao.impl.CustomEntityDaoImpl","br.com.trevisantecnologia.umov.watcher.feeder.domain.exceptions.CustomEntityEntryFeederException","br.com.trevisantecnologia.umov.watcher.feeder.domain.model.FeedRuleMapping","br.com.trevisantecnologia.umov.watcher.feeder.domain.port.ICustomEntityFeed","br.com.trevisantecnologia.umov.watcher.model.CustomEntity"]},{"type":"br.com.trevisantecnologia.umov.watcher.interceptor.TransactionInterceptor","size":25,"dependencies":[]},{"type":"br.com.trevisantecnologia.umov.watcher.feeder.domain.model.FeedCriteria","size":24,"dependencies":[]},{"type":"br.com.trevisantecnologia.umov.watcher.validators.ScheduleImageImportValidator","size":24,"dependencies":["br.com.trevisantecnologia.umov.watcher.exception.BusinessException","br.com.trevisantecnologia.umov.watcher.model.Media"]},{"type":"br.com.trevisantecnologia.umov.watcher.model.Partner","size":24,"dependencies":[]},{"type":"br.com.trevisantecnologia.umov.watcher.monitor.schedule.notification.ScheduleNotificationMonitor","size":24,"dependencies":["br.com.trevisantecnologia.umov.watcher.monitor.Monitor","br.com.trevisantecnologia.umov.watcher.task.WatcherTask","br.com.trevisantecnologia.umov.watcher.task.schedule.notification.ScheduleNotificationTask"]},{"type":"br.com.trevisantecnologia.umov.watcher.feeder.domain.operations.InsertOrUpdate","size":24,"dependencies":["br.com.trevisantecnologia.umov.watcher.feeder.domain.model.FeedRuleMapping","br.com.trevisantecnologia.umov.watcher.model.ItemFilterDTO"]},{"type":"br.com.trevisantecnologia.umov.watcher.eca.action.schedule.notification.TranslatorFactory","size":24,"dependencies":["br.com.trevisantecnologia.umov.watcher.dao.impl.SystemParameterDaoImpl","br.com.trevisantecnologia.umov.watcher.eca.action.schedule.notification.smartpush.SmartPushTranslator","br.com.trevisantecnologia.umov.watcher.model.SystemParameter","br.com.trevisantecnologia.umov.watcher.model.schedule.notification.ScheduleNotification","br.com.trevisantecnologia.umov.watcher.model.schedule.notification.smartpush.SmartPushProperties"]},{"type":"br.com.trevisantecnologia.umov.watcher.dao.impl.ItemDaoImpl","size":23,"dependencies":["br.com.trevisantecnologia.umov.watcher.dao.AbstractDao","br.com.trevisantecnologia.umov.watcher.model.Item","br.com.trevisantecnologia.umov.watcher.model.ScheduleFeed"]},{"type":"br.com.trevisantecnologia.umov.watcher.mapping.ActivityConditionMapper","size":22,"dependencies":["br.com.trevisantecnologia.umov.watcher.model.Condition","br.com.trevisantecnologia.umov.watcher.model.Schedule"]},{"type":"br.com.trevisantecnologia.umov.watcher.tasksfinisher.domain.InfrastructureFactory","size":22,"dependencies":["br.com.trevisantecnologia.umov.watcher.dao.impl.AgentDaoImpl","br.com.trevisantecnologia.umov.watcher.dao.impl.ScheduleDaoImpl"]},{"type":"br.com.trevisantecnologia.umov.watcher.monitor.FinishScheduleBaseOnGPSMonitor","size":22,"dependencies":["br.com.trevisantecnologia.umov.watcher.service.WatcherEventService","br.com.trevisantecnologia.umov.watcher.task.FinishScheduleBaseOnGPSTask","br.com.trevisantecnologia.umov.watcher.task.WatcherTask"]},{"type":"br.com.trevisantecnologia.umov.watcher.tasksfinisher.domain.model.FilterReturnFromField","size":22,"dependencies":["br.com.trevisantecnologia.umov.watcher.dao.impl.FilterDAO"]},{"type":"br.com.trevisantecnologia.umov.watcher.model.ScheduleSituation","size":21,"dependencies":[]},{"type":"br.com.trevisantecnologia.umov.watcher.template.TemplateEngine","size":21,"dependencies":[]},{"type":"br.com.trevisantecnologia.umov.watcher.builder.XStreamBuilder","size":21,"dependencies":[]},{"type":"br.com.trevisantecnologia.umov.watcher.dao.impl.FilterCancel","size":21,"dependencies":["br.com.trevisantecnologia.umov.watcher.tasksfinisher.domain.model.ClientSettings"]},{"type":"br.com.trevisantecnologia.umov.watcher.tasksfinisher.domain.actions.Action","size":20,"dependencies":["br.com.trevisantecnologia.umov.watcher.tasksfinisher.domain.InfrastructureFactory","br.com.trevisantecnologia.umov.watcher.tasksfinisher.domain.model.ClientSettings","br.com.trevisantecnologia.umov.watcher.tasksfinisher.domain.model.Task"]},{"type":"br.com.trevisantecnologia.umov.watcher.service.ScheduleActivityService","size":20,"dependencies":["br.com.trevisantecnologia.umov.watcher.dao.GenericDao","br.com.trevisantecnologia.umov.watcher.dao.impl.ScheduleActivityDaoImpl","br.com.trevisantecnologia.umov.watcher.model.Schedule","br.com.trevisantecnologia.umov.watcher.model.ScheduleActivity"]},{"type":"br.com.trevisantecnologia.umov.watcher.model.Body","size":20,"dependencies":[]},{"type":"br.com.trevisantecnologia.umov.watcher.dao.impl.MediaDaoImpl","size":20,"dependencies":["br.com.trevisantecnologia.umov.watcher.dao.AbstractDao","br.com.trevisantecnologia.umov.watcher.model.Media"]},{"type":"br.com.trevisantecnologia.umov.watcher.feeder.oldway.FeederFactory","size":20,"dependencies":["br.com.trevisantecnologia.umov.watcher.exception.NotFoundFeederStrategyException","br.com.trevisantecnologia.umov.watcher.model.Feed"]},{"type":"br.com.trevisantecnologia.umov.watcher.tasksfinisher.domain.actions.ActionFactory","size":20,"dependencies":["br.com.trevisantecnologia.umov.watcher.tasksfinisher.domain.InfrastructureFactory","br.com.trevisantecnologia.umov.watcher.tasksfinisher.domain.exceptions.TaskFinisherException","br.com.trevisantecnologia.umov.watcher.tasksfinisher.domain.model.ClientSettings"]},{"type":"br.com.trevisantecnologia.umov.watcher.dao.impl.ServiceLocalItemDao","size":19,"dependencies":["br.com.trevisantecnologia.umov.watcher.dao.AbstractDao","br.com.trevisantecnologia.umov.watcher.model.ServiceLocalItem"]},{"type":"br.com.trevisantecnologia.umov.watcher.io.FileChecksumGenerator","size":19,"dependencies":[]},{"type":"br.com.trevisantecnologia.umov.watcher.dao.impl.ScheduleActivityDaoImpl","size":19,"dependencies":["br.com.trevisantecnologia.umov.watcher.dao.AbstractDao","br.com.trevisantecnologia.umov.watcher.model.Schedule","br.com.trevisantecnologia.umov.watcher.model.ScheduleActivity"]},{"type":"br.com.trevisantecnologia.umov.watcher.model.schedule.notification.smartpush.filter.Filter","size":18,"dependencies":["br.com.trevisantecnologia.umov.watcher.model.schedule.notification.ScheduleNotification","br.com.trevisantecnologia.umov.watcher.model.schedule.notification.smartpush.SmartPushProperties"]},{"type":"br.com.trevisantecnologia.umov.watcher.monitor.ExportingMonitor","size":18,"dependencies":["br.com.trevisantecnologia.umov.watcher.task.ScheduleExportTask","br.com.trevisantecnologia.umov.watcher.task.WatcherTask"]},{"type":"br.com.trevisantecnologia.umov.watcher.monitor.AnalyzeOverdueScheduleMonitor","size":18,"dependencies":["br.com.trevisantecnologia.umov.watcher.task.AnalyzeOverdueScheduleTask","br.com.trevisantecnologia.umov.watcher.task.WatcherTask"]},{"type":"br.com.trevisantecnologia.umov.watcher.monitor.SendReportScheduleExecutionMonitor","size":18,"dependencies":["br.com.trevisantecnologia.umov.watcher.task.SendReportScheduleExecutionTask","br.com.trevisantecnologia.umov.watcher.task.WatcherTask"]},{"type":"br.com.trevisantecnologia.umov.watcher.monitor.ScheduleImageImportMonitor","size":18,"dependencies":["br.com.trevisantecnologia.umov.watcher.task.ScheduleImageImportTask","br.com.trevisantecnologia.umov.watcher.task.WatcherTask"]},{"type":"br.com.trevisantecnologia.umov.watcher.monitor.SchedulePhotoToUploadMonitor","size":18,"dependencies":["br.com.trevisantecnologia.umov.watcher.task.SchedulePhotoToUploadTask","br.com.trevisantecnologia.umov.watcher.task.WatcherTask"]},{"type":"br.com.trevisantecnologia.umov.watcher.dao.impl.CustomFieldDaoImpl","size":18,"dependencies":["br.com.trevisantecnologia.umov.watcher.dao.AbstractDao","br.com.trevisantecnologia.umov.watcher.model.CustomField"]},{"type":"br.com.trevisantecnologia.umov.watcher.service.EntityFeederService","size":18,"dependencies":["br.com.trevisantecnologia.umov.watcher.dao.impl.FeedDaoImpl","br.com.trevisantecnologia.umov.watcher.model.Feed"]},{"type":"br.com.trevisantecnologia.umov.watcher.dao.impl.FilterFactory","size":18,"dependencies":["br.com.trevisantecnologia.umov.watcher.tasksfinisher.domain.exceptions.TaskFinisherException","br.com.trevisantecnologia.umov.watcher.tasksfinisher.domain.model.ClientSettings","br.com.trevisantecnologia.umov.watcher.tasksfinisher.domain.model.FilterReturnFromField"]},{"type":"br.com.trevisantecnologia.umov.watcher.model.RemoteChangePasswordResult","size":17,"dependencies":[]},{"type":"br.com.trevisantecnologia.umov.watcher.model.SchedulePhotoUpload","size":17,"dependencies":[]},{"type":"br.com.trevisantecnologia.umov.watcher.template.MailTemplateBuilder","size":17,"dependencies":[]},{"type":"br.com.trevisantecnologia.umov.watcher.monitor.AnalyzeScheduleMonitor","size":17,"dependencies":["br.com.trevisantecnologia.umov.watcher.task.AnalyzeScheduleTask","br.com.trevisantecnologia.umov.watcher.task.WatcherTask"]},{"type":"br.com.trevisantecnologia.umov.watcher.monitor.ApiCallbackMonitor","size":17,"dependencies":["br.com.trevisantecnologia.umov.watcher.task.ApiCallbackTask","br.com.trevisantecnologia.umov.watcher.task.WatcherTask"]},{"type":"br.com.trevisantecnologia.umov.watcher.monitor.ImportingMonitor","size":17,"dependencies":["br.com.trevisantecnologia.umov.watcher.task.ScheduleImportTask","br.com.trevisantecnologia.umov.watcher.task.WatcherTask"]},{"type":"br.com.trevisantecnologia.umov.watcher.service.EventService","size":17,"dependencies":["br.com.trevisantecnologia.umov.watcher.dao.GenericDao","br.com.trevisantecnologia.umov.watcher.dao.impl.EventDaoImpl","br.com.trevisantecnologia.umov.watcher.model.Event"]},{"type":"br.com.trevisantecnologia.umov.watcher.service.ScheduleNotificationService","size":17,"dependencies":["br.com.trevisantecnologia.umov.watcher.dao.GenericDao","br.com.trevisantecnologia.umov.watcher.dao.impl.ScheduleNotificationDaoImpl","br.com.trevisantecnologia.umov.watcher.model.schedule.notification.ScheduleNotification"]},{"type":"br.com.trevisantecnologia.umov.watcher.mapping.ActivityEntityMapper","size":17,"dependencies":["br.com.trevisantecnologia.umov.watcher.model.Entity","br.com.trevisantecnologia.umov.watcher.model.HistoryItem","br.com.trevisantecnologia.umov.watcher.model.ScheduleReportRequest"]},{"type":"br.com.trevisantecnologia.umov.watcher.feeder.domain.builder.criteria.FeedCriteriaFactory","size":17,"dependencies":["br.com.trevisantecnologia.umov.watcher.feeder.domain.exceptions.CustomEntityEntryFeederException"]},{"type":"br.com.trevisantecnologia.umov.watcher.model.schedule.notification.smartpush.notification.param.ParamFactory","size":17,"dependencies":["br.com.trevisantecnologia.umov.watcher.model.schedule.notification.ScheduleNotification","br.com.trevisantecnologia.umov.watcher.model.schedule.notification.smartpush.SmartPushProperties"]},{"type":"br.com.trevisantecnologia.umov.watcher.dao.impl.EventAnalyzeOverdueScheduleViewDaoImpl","size":17,"dependencies":["br.com.trevisantecnologia.umov.watcher.dao.AbstractDao","br.com.trevisantecnologia.umov.watcher.dao.EventViewDao","br.com.trevisantecnologia.umov.watcher.model.ActionImpl","br.com.trevisantecnologia.umov.watcher.model.EventAutoFinishScheduleView"]},{"type":"br.com.trevisantecnologia.umov.watcher.dao.impl.EventExportViewDaoImpl","size":17,"dependencies":["br.com.trevisantecnologia.umov.watcher.dao.AbstractDao","br.com.trevisantecnologia.umov.watcher.dao.EventViewDao","br.com.trevisantecnologia.umov.watcher.model.ActionImpl","br.com.trevisantecnologia.umov.watcher.model.EventExportView"]},{"type":"br.com.trevisantecnologia.umov.watcher.dao.impl.EventImportViewDaoImpl","size":17,"dependencies":["br.com.trevisantecnologia.umov.watcher.dao.AbstractDao","br.com.trevisantecnologia.umov.watcher.dao.EventViewDao","br.com.trevisantecnologia.umov.watcher.model.ActionImpl","br.com.trevisantecnologia.umov.watcher.model.EventImportView"]},{"type":"br.com.trevisantecnologia.umov.watcher.mapping.ServiceLocalMapper","size":16,"dependencies":[]},{"type":"br.com.trevisantecnologia.umov.watcher.mapping.ScheduleMapper","size":16,"dependencies":[]},{"type":"br.com.trevisantecnologia.umov.watcher.mapping.AgentMapper","size":16,"dependencies":[]},{"type":"br.com.trevisantecnologia.umov.watcher.feeder.domain.operations.handler.DeleteHandler","size":16,"dependencies":["br.com.trevisantecnologia.umov.watcher.feeder.domain.builder.Builder","br.com.trevisantecnologia.umov.watcher.feeder.domain.model.FeedRuleMapping","br.com.trevisantecnologia.umov.watcher.feeder.domain.port.ICustomFieldFeed","br.com.trevisantecnologia.umov.watcher.model.ItemFilterDTO"]},{"type":"br.com.trevisantecnologia.umov.watcher.feeder.domain.operations.handler.SaveHandler","size":16,"dependencies":["br.com.trevisantecnologia.umov.watcher.feeder.domain.builder.Builder","br.com.trevisantecnologia.umov.watcher.feeder.domain.model.FeedRuleMapping","br.com.trevisantecnologia.umov.watcher.feeder.domain.port.ICustomFieldFeed","br.com.trevisantecnologia.umov.watcher.model.ItemFilterDTO"]},{"type":"br.com.trevisantecnologia.umov.watcher.dao.impl.ScheduleNotificationDaoImpl","size":16,"dependencies":["br.com.trevisantecnologia.umov.watcher.dao.AbstractDao","br.com.trevisantecnologia.umov.watcher.model.schedule.notification.ScheduleNotification"]},{"type":"br.com.trevisantecnologia.umov.watcher.dao.impl.ActivityHistoryPhotoDaoImpl","size":16,"dependencies":["br.com.trevisantecnologia.umov.watcher.dao.AbstractDao","br.com.trevisantecnologia.umov.watcher.model.ActivityHistoryPhoto"]},{"type":"br.com.trevisantecnologia.umov.watcher.dao.impl.ExportLayoutDaoImpl","size":16,"dependencies":["br.com.trevisantecnologia.umov.watcher.dao.AbstractDao","br.com.trevisantecnologia.umov.watcher.model.ExportLayout"]},{"type":"br.com.trevisantecnologia.umov.watcher.dao.impl.SectionFieldDaoImpl","size":16,"dependencies":["br.com.trevisantecnologia.umov.watcher.dao.AbstractDao","br.com.trevisantecnologia.umov.watcher.model.Section","br.com.trevisantecnologia.umov.watcher.model.SectionField"]},{"type":"br.com.trevisantecnologia.umov.watcher.model.ItemFilterDTO","size":15,"dependencies":[]},{"type":"br.com.trevisantecnologia.umov.watcher.mapping.EntityConditionMapper","size":15,"dependencies":["br.com.trevisantecnologia.umov.watcher.model.Condition","br.com.trevisantecnologia.umov.watcher.model.Schedule","br.com.trevisantecnologia.umov.watcher.service.HistoryItemService"]},{"type":"br.com.trevisantecnologia.umov.watcher.ioc.guice.WatcherInjector","size":15,"dependencies":[]},{"type":"br.com.trevisantecnologia.umov.watcher.feeder.domain.operations.handler.OperantionHandler","size":15,"dependencies":["br.com.trevisantecnologia.umov.watcher.feeder.domain.builder.Builder","br.com.trevisantecnologia.umov.watcher.feeder.domain.model.FeedRuleMapping","br.com.trevisantecnologia.umov.watcher.feeder.domain.port.ServiceDependencyFactory","br.com.trevisantecnologia.umov.watcher.model.ItemFilterDTO"]},{"type":"br.com.trevisantecnologia.umov.watcher.serialize.GsonSerializer","size":15,"dependencies":[]},{"type":"me.umov.photo.serialize.GsonSerializer","size":15,"dependencies":[]},{"type":"br.com.trevisantecnologia.umov.watcher.ioc.guice.AWSClientSQSImageImporterProvider","size":15,"dependencies":["br.com.trevisantecnologia.umov.watcher.model.DefaultSystemSettings","br.com.trevisantecnologia.umov.watcher.service.DefaultSystemSettingsService"]},{"type":"br.com.trevisantecnologia.umov.watcher.ioc.guice.AWSClientSQSPhotoManagerProvider","size":15,"dependencies":["br.com.trevisantecnologia.umov.watcher.model.DefaultSystemSettings","br.com.trevisantecnologia.umov.watcher.service.DefaultSystemSettingsService"]},{"type":"br.com.trevisantecnologia.umov.watcher.service.DefaultSystemSettingsService","size":15,"dependencies":["br.com.trevisantecnologia.umov.watcher.dao.impl.DefaultSystemSettingsDaoImpl","br.com.trevisantecnologia.umov.watcher.model.DefaultSystemSettings"]},{"type":"br.com.trevisantecnologia.umov.watcher.dao.impl.ScheduleFeedDaoImpl","size":15,"dependencies":["br.com.trevisantecnologia.umov.watcher.dao.AbstractDao","br.com.trevisantecnologia.umov.watcher.model.ScheduleFeed"]},{"type":"br.com.trevisantecnologia.umov.watcher.dao.impl.FeedDaoImpl","size":15,"dependencies":["br.com.trevisantecnologia.umov.watcher.dao.AbstractDao","br.com.trevisantecnologia.umov.watcher.model.Feed"]},{"type":"br.com.trevisantecnologia.umov.watcher.dao.impl.ExportLayoutActivityDaoImpl","size":15,"dependencies":["br.com.trevisantecnologia.umov.watcher.dao.AbstractDao","br.com.trevisantecnologia.umov.watcher.model.ExportLayout","br.com.trevisantecnologia.umov.watcher.model.ExportLayoutActivity"]},{"type":"br.com.trevisantecnologia.umov.watcher.dao.impl.SectionDaoImpl","size":15,"dependencies":["br.com.trevisantecnologia.umov.watcher.dao.AbstractDao","br.com.trevisantecnologia.umov.watcher.model.Section"]},{"type":"br.com.trevisantecnologia.umov.watcher.tasksfinisher.aplication.UnavailableAgents","size":15,"dependencies":["br.com.trevisantecnologia.umov.watcher.tasksfinisher.domain.DomainEvents.ItWasFinisherTasks","br.com.trevisantecnologia.umov.watcher.tasksfinisher.domain.InfrastructureFactory","br.com.trevisantecnologia.umov.watcher.tasksfinisher.domain.UpdateAgents","br.com.trevisantecnologia.umov.watcher.tasksfinisher.domain.model.TaskFinalized"]},{"type":"br.com.trevisantecnologia.umov.watcher.eca.connector.task.observer.AgentUnavailableObserver","size":14,"dependencies":["br.com.trevisantecnologia.umov.watcher.dao.impl.ScheduleActivityDaoImpl","br.com.trevisantecnologia.umov.watcher.model.Schedule"]},{"type":"br.com.trevisantecnologia.umov.watcher.eca.action.ScheduleTranslator","size":14,"dependencies":["br.com.trevisantecnologia.umov.watcher.model.ActivityHistory","br.com.trevisantecnologia.umov.watcher.model.Schedule","br.com.trevisantecnologia.umov.watcher.serialize.ScheduleConverter"]},{"type":"br.com.trevisantecnologia.umov.watcher.feeder.domain.operations.handler.OperationHandlerFactory","size":14,"dependencies":[]},{"type":"br.com.trevisantecnologia.umov.watcher.model.Condition","size":13,"dependencies":[]},{"type":"br.com.trevisantecnologia.umov.watcher.tasksfinisher.domain.exceptions.TaskFinisherException","size":13,"dependencies":[]},{"type":"br.com.trevisantecnologia.umov.watcher.types.TypeResolver","size":13,"dependencies":[]},{"type":"br.com.trevisantecnologia.umov.watcher.service.ServiceLocalService","size":13,"dependencies":["br.com.trevisantecnologia.umov.watcher.dao.GenericDao","br.com.trevisantecnologia.umov.watcher.dao.impl.ServiceLocalDaoImpl","br.com.trevisantecnologia.umov.watcher.model.ServiceLocal"]},{"type":"br.com.trevisantecnologia.umov.watcher.service.SmsService","size":13,"dependencies":["br.com.trevisantecnologia.umov.watcher.dao.GenericDao","br.com.trevisantecnologia.umov.watcher.dao.impl.SmsDaoImpl","br.com.trevisantecnologia.umov.watcher.model.Sms"]},{"type":"br.com.trevisantecnologia.umov.watcher.feeder.domain.model.ExecuteInformation","size":12,"dependencies":[]},{"type":"br.com.trevisantecnologia.umov.watcher.tasksfinisher.domain.FinishTaskDTO","size":12,"dependencies":["br.com.trevisantecnologia.umov.watcher.model.ActionImpl","br.com.trevisantecnologia.umov.watcher.model.Client"]},{"type":"br.com.trevisantecnologia.umov.watcher.feeder.domain.port.IHistoryItemFeed","size":12,"dependencies":["br.com.trevisantecnologia.umov.watcher.feeder.domain.model.ExecuteInformation","br.com.trevisantecnologia.umov.watcher.feeder.domain.model.FeedField","br.com.trevisantecnologia.umov.watcher.feeder.domain.model.FeedRuleMapping","br.com.trevisantecnologia.umov.watcher.model.HistoryItem","br.com.trevisantecnologia.umov.watcher.model.ItemFilterDTO"]},{"type":"br.com.trevisantecnologia.umov.watcher.feeder.domain.port.ICustomFieldFeed","size":12,"dependencies":["br.com.trevisantecnologia.umov.watcher.feeder.domain.model.ExecuteInformation","br.com.trevisantecnologia.umov.watcher.feeder.domain.model.FeedRuleMapping","br.com.trevisantecnologia.umov.watcher.model.CustomField","br.com.trevisantecnologia.umov.watcher.model.EntityModel","br.com.trevisantecnologia.umov.watcher.model.ItemFilterDTO"]},{"type":"br.com.trevisantecnologia.umov.watcher.feeder.domain.builder.criteria.FeedCriteriaService","size":12,"dependencies":["br.com.trevisantecnologia.umov.watcher.feeder.domain.model.FeedCriteria","br.com.trevisantecnologia.umov.watcher.model.HistoryItem"]},{"type":"br.com.trevisantecnologia.umov.watcher.dao.SessionVariableDao","size":12,"dependencies":["br.com.trevisantecnologia.umov.watcher.model.SessionVariable"]},{"type":"br.com.trevisantecnologia.umov.watcher.persistence.CustomPostgreSQLDialect","size":12,"dependencies":[]},{"type":"br.com.trevisantecnologia.umov.watcher.service.AuditService","size":12,"dependencies":["br.com.trevisantecnologia.umov.watcher.model.Schedule"]},{"type":"br.com.trevisantecnologia.umov.watcher.types.BooleanCharacterType","size":12,"dependencies":[]},{"type":"br.com.trevisantecnologia.umov.watcher.dao.impl.DefaultSystemSettingsDaoImpl","size":12,"dependencies":["br.com.trevisantecnologia.umov.watcher.dao.AbstractDao","br.com.trevisantecnologia.umov.watcher.model.DefaultSystemSettings"]},{"type":"br.com.trevisantecnologia.umov.watcher.tasksfinisher.domain.actions.ReturnFromField","size":12,"dependencies":["br.com.trevisantecnologia.umov.watcher.tasksfinisher.domain.TasksReturnFromField","br.com.trevisantecnologia.umov.watcher.tasksfinisher.domain.model.ClientSettings","br.com.trevisantecnologia.umov.watcher.tasksfinisher.domain.model.Task"]},{"type":"br.com.trevisantecnologia.umov.watcher.tasksfinisher.domain.actions.Cancel","size":12,"dependencies":["br.com.trevisantecnologia.umov.watcher.tasksfinisher.domain.TasksToCancel","br.com.trevisantecnologia.umov.watcher.tasksfinisher.domain.model.ClientSettings","br.com.trevisantecnologia.umov.watcher.tasksfinisher.domain.model.Task"]},{"type":"br.com.trevisantecnologia.umov.watcher.dao.GenericDao","size":11,"dependencies":[]},{"type":"br.com.trevisantecnologia.umov.watcher.feeder.domain.port.ICustomEntityEntryFeed","size":11,"dependencies":["br.com.trevisantecnologia.umov.watcher.feeder.domain.builder.criteria.FeedWhere","br.com.trevisantecnologia.umov.watcher.feeder.domain.model.ExecuteInformation","br.com.trevisantecnologia.umov.watcher.model.CustomEntity","br.com.trevisantecnologia.umov.watcher.model.CustomEntityEntry"]},{"type":"br.com.trevisantecnologia.umov.watcher.dao.impl.SystemParameterDaoImpl","size":11,"dependencies":["br.com.trevisantecnologia.umov.watcher.dao.AbstractDao","br.com.trevisantecnologia.umov.watcher.model.SystemParameter"]},{"type":"br.com.trevisantecnologia.umov.watcher.feeder.domain.builder.Builder","size":10,"dependencies":["br.com.trevisantecnologia.umov.watcher.feeder.domain.model.FeedRuleMapping","br.com.trevisantecnologia.umov.watcher.model.ItemFilterDTO"]},{"type":"br.com.trevisantecnologia.umov.watcher.feeder.domain.port.IServiceLocalItemFeed","size":10,"dependencies":["br.com.trevisantecnologia.umov.watcher.feeder.domain.model.ExecuteInformation","br.com.trevisantecnologia.umov.watcher.model.ItemFilterDTO","br.com.trevisantecnologia.umov.watcher.model.ServiceLocalItem"]},{"type":"br.com.trevisantecnologia.umov.watcher.model.SmsRecipients","size":10,"dependencies":[]},{"type":"br.com.trevisantecnologia.umov.watcher.feeder.domain.builder.criteria.FeedCriteriaPropertyService","size":9,"dependencies":["br.com.trevisantecnologia.umov.watcher.feeder.domain.model.FeedCriteria","br.com.trevisantecnologia.umov.watcher.model.HistoryItem"]},{"type":"br.com.trevisantecnologia.umov.watcher.feeder.domain.operations.Delete","size":9,"dependencies":["br.com.trevisantecnologia.umov.watcher.feeder.domain.model.FeedRuleMapping","br.com.trevisantecnologia.umov.watcher.model.ItemFilterDTO"]},{"type":"br.com.trevisantecnologia.umov.watcher.feeder.domain.operations.Insert","size":9,"dependencies":["br.com.trevisantecnologia.umov.watcher.feeder.domain.model.FeedRuleMapping","br.com.trevisantecnologia.umov.watcher.model.ItemFilterDTO"]},{"type":"br.com.trevisantecnologia.umov.watcher.feeder.domain.operations.Update","size":9,"dependencies":["br.com.trevisantecnologia.umov.watcher.feeder.domain.model.FeedRuleMapping","br.com.trevisantecnologia.umov.watcher.model.ItemFilterDTO"]},{"type":"br.com.trevisantecnologia.umov.watcher.feeder.domain.port.IFeederService","size":8,"dependencies":["br.com.trevisantecnologia.umov.watcher.feeder.domain.model.FeedRuleMapping"]},{"type":"br.com.trevisantecnologia.umov.watcher.mapping.ArchaicEntityMapper","size":8,"dependencies":["br.com.trevisantecnologia.umov.watcher.model.Entity","br.com.trevisantecnologia.umov.watcher.model.ScheduleReportRequest"]},{"type":"br.com.trevisantecnologia.umov.watcher.types.BooleanChar","size":8,"dependencies":[]},{"type":"br.com.trevisantecnologia.umov.watcher.model.schedule.notification.smartpush.notification.param.ParamNotExistsException","size":8,"dependencies":[]},{"type":"br.com.trevisantecnologia.umov.watcher.exception.SaveException","size":8,"dependencies":[]},{"type":"br.com.trevisantecnologia.umov.watcher.exception.NextImportPackageNumberException","size":8,"dependencies":[]},{"type":"br.com.trevisantecnologia.umov.watcher.exception.FtpDirectoryNotFoundException","size":8,"dependencies":[]},{"type":"br.com.trevisantecnologia.umov.watcher.eca.action.schedule.notification.Translator","size":7,"dependencies":[]},{"type":"br.com.trevisantecnologia.umov.watcher.tasksfinisher.domain.Finisher","size":7,"dependencies":["br.com.trevisantecnologia.umov.watcher.tasksfinisher.domain.DomainEvents.ItWasFinisherTasks"]},{"type":"br.com.trevisantecnologia.umov.watcher.feeder.domain.port.ICustomFieldValueFeed","size":7,"dependencies":["br.com.trevisantecnologia.umov.watcher.model.CustomField","br.com.trevisantecnologia.umov.watcher.model.CustomFieldValue"]},{"type":"br.com.trevisantecnologia.umov.watcher.feeder.domain.exceptions.CustomEntityEntryFeederException","size":7,"dependencies":[]},{"type":"br.com.trevisantecnologia.umov.watcher.tasksfinisher.domain.TasksReturnFromField","size":7,"dependencies":["br.com.trevisantecnologia.umov.watcher.tasksfinisher.domain.model.ClientSettings","br.com.trevisantecnologia.umov.watcher.tasksfinisher.domain.model.Task"]},{"type":"br.com.trevisantecnologia.umov.watcher.tasksfinisher.domain.TasksToCancel","size":7,"dependencies":["br.com.trevisantecnologia.umov.watcher.tasksfinisher.domain.model.ClientSettings","br.com.trevisantecnologia.umov.watcher.tasksfinisher.domain.model.Task"]},{"type":"br.com.trevisantecnologia.umov.watcher.exception.RowCountException","size":7,"dependencies":[]},{"type":"br.com.trevisantecnologia.umov.watcher.exception.SendEmailException","size":7,"dependencies":[]},{"type":"br.com.trevisantecnologia.umov.watcher.exception.BusinessValidation","size":7,"dependencies":[]},{"type":"br.com.trevisantecnologia.umov.watcher.exception.MissingRequiredParameterToChangePasswordException","size":7,"dependencies":[]},{"type":"br.com.trevisantecnologia.umov.watcher.exception.PropertyNotFoundException","size":7,"dependencies":[]},{"type":"br.com.trevisantecnologia.umov.watcher.exception.ScheduleSendEmailException","size":7,"dependencies":[]},{"type":"br.com.trevisantecnologia.umov.watcher.exception.SaveOrUpdateException","size":7,"dependencies":[]},{"type":"br.com.trevisantecnologia.umov.watcher.exception.SearchEventViewException","size":7,"dependencies":[]},{"type":"br.com.trevisantecnologia.umov.watcher.exception.EventConditionException","size":7,"dependencies":[]},{"type":"br.com.trevisantecnologia.umov.watcher.exception.BusinessException","size":7,"dependencies":[]},{"type":"br.com.trevisantecnologia.umov.watcher.exception.EntityNotMappedException","size":7,"dependencies":[]},{"type":"br.com.trevisantecnologia.umov.watcher.exception.NoRecipientFoundException","size":7,"dependencies":[]},{"type":"br.com.trevisantecnologia.umov.watcher.exception.FindByCriteriaException","size":7,"dependencies":[]},{"type":"br.com.trevisantecnologia.umov.watcher.exception.AlternativeIdentifierDuplicationException","size":7,"dependencies":[]},{"type":"br.com.trevisantecnologia.umov.watcher.exception.CustomerDoNotAllowedToChangePasswordException","size":7,"dependencies":[]},{"type":"br.com.trevisantecnologia.umov.watcher.task.SendTask","size":6,"dependencies":["br.com.trevisantecnologia.umov.watcher.model.Event","br.com.trevisantecnologia.umov.watcher.model.Schedule"]},{"type":"br.com.trevisantecnologia.umov.watcher.feeder.domain.port.ICustomEntityFeed","size":6,"dependencies":["br.com.trevisantecnologia.umov.watcher.feeder.domain.model.FeedRuleMapping","br.com.trevisantecnologia.umov.watcher.model.CustomEntity"]},{"type":"br.com.trevisantecnologia.umov.watcher.model.Verbas","size":5,"dependencies":[]},{"type":"br.com.trevisantecnologia.umov.watcher.mapping.EntityMapper","size":5,"dependencies":["br.com.trevisantecnologia.umov.watcher.model.Schedule"]},{"type":"br.com.trevisantecnologia.umov.watcher.eca.connector.task.observer.Observer","size":5,"dependencies":["br.com.trevisantecnologia.umov.watcher.model.Schedule"]},{"type":"br.com.trevisantecnologia.umov.watcher.dao.EventViewDao","size":5,"dependencies":[]},{"type":"br.com.trevisantecnologia.umov.watcher.tasksfinisher.domain.UpdateAgents","size":5,"dependencies":["br.com.trevisantecnologia.umov.watcher.tasksfinisher.domain.model.TaskFinalized"]},{"type":"br.com.trevisantecnologia.umov.watcher.tasksfinisher.domain.UpdateTasks","size":5,"dependencies":["br.com.trevisantecnologia.umov.watcher.tasksfinisher.domain.model.TaskFinalized"]},{"type":"br.com.trevisantecnologia.umov.watcher.tasksfinisher.domain.DomainEvents.ItWasFinisherTasks","size":5,"dependencies":["br.com.trevisantecnologia.umov.watcher.tasksfinisher.domain.model.TaskFinalized"]},{"type":"br.com.trevisantecnologia.umov.watcher.dao.impl.SubGrouDaoImpl","size":5,"dependencies":["br.com.trevisantecnologia.umov.watcher.dao.AbstractDao","br.com.trevisantecnologia.umov.watcher.model.SubGroup"]},{"type":"br.com.trevisantecnologia.umov.watcher.dao.impl.SmsDaoImpl","size":5,"dependencies":["br.com.trevisantecnologia.umov.watcher.dao.AbstractDao","br.com.trevisantecnologia.umov.watcher.model.Sms"]},{"type":"br.com.trevisantecnologia.umov.watcher.dao.impl.ActionImplDaoImpl","size":5,"dependencies":["br.com.trevisantecnologia.umov.watcher.dao.AbstractDao","br.com.trevisantecnologia.umov.watcher.model.ActionImpl"]},{"type":"br.com.trevisantecnologia.umov.watcher.dao.impl.CustomEntityDaoImpl","size":5,"dependencies":["br.com.trevisantecnologia.umov.watcher.dao.AbstractDao","br.com.trevisantecnologia.umov.watcher.model.CustomEntity"]},{"type":"br.com.trevisantecnologia.umov.watcher.dao.impl.ServiceLocalDaoImpl","size":5,"dependencies":["br.com.trevisantecnologia.umov.watcher.dao.AbstractDao","br.com.trevisantecnologia.umov.watcher.model.ServiceLocal"]},{"type":"br.com.trevisantecnologia.umov.watcher.task.WatcherTask","size":4,"dependencies":[]},{"type":"br.com.trevisantecnologia.umov.watcher.feeder.domain.model.FeedField","size":4,"dependencies":[]},{"type":"br.com.trevisantecnologia.umov.watcher.validators.WatcherValidator","size":4,"dependencies":[]},{"type":"br.com.trevisantecnologia.umov.watcher.model.EntityModel","size":4,"dependencies":[]},{"type":"br.com.trevisantecnologia.umov.watcher.feeder.domain.exceptions.CriteriasNotFoundException","size":4,"dependencies":[]},{"type":"br.com.trevisantecnologia.umov.watcher.dao.ActivityDaoImpl","size":4,"dependencies":["br.com.trevisantecnologia.umov.watcher.model.Activity"]},{"type":"br.com.trevisantecnologia.umov.watcher.exception.NotFoundFeederStrategyException","size":4,"dependencies":[]},{"type":"br.com.trevisantecnologia.umov.watcher.exception.FailedChangePassowordAttemptException","size":4,"dependencies":[]},{"type":"br.com.trevisantecnologia.umov.watcher.exception.AdapterNotImplementedException","size":4,"dependencies":[]},{"type":"br.com.trevisantecnologia.umov.watcher.model.SmsDTO","size":3,"dependencies":[]},{"type":"br.com.trevisantecnologia.umov.watcher.model.schedule.notification.smartpush.notification.param.Param","size":3,"dependencies":[]},{"type":"br.com.trevisantecnologia.umov.watcher.model.SessionVariable","size":3,"dependencies":[]},{"type":"br.com.trevisantecnologia.umov.watcher.model.Subject","size":3,"dependencies":[]},{"type":"br.com.trevisantecnologia.umov.watcher.model.Mail","size":3,"dependencies":[]}]