{"name":"variants","children":[{"name":"br.com.trevisantecnologia.umov.watcher.monitor","children":[{"name":"AnalyzeScheduleMonitor","sloc":17,"wmc":2},{"name":"FeederMonitor","sloc":26,"wmc":4},{"name":"FinishScheduleBaseOnGPSMonitor","sloc":22,"wmc":3},{"name":"ExportingMonitor","sloc":18,"wmc":2},{"name":"ApiCallbackMonitor","sloc":17,"wmc":2},{"name":"AnalyzeOverdueScheduleMonitor","sloc":18,"wmc":2},{"name":"Monitor","sloc":67,"wmc":13},{"name":"SendReportScheduleExecutionMonitor","sloc":18,"wmc":2},{"name":"ScheduleImageImportMonitor","sloc":18,"wmc":2},{"name":"SchedulePhotoToUploadMonitor","sloc":18,"wmc":2},{"name":"ImportingMonitor","sloc":17,"wmc":2}]},{"name":"br.com.trevisantecnologia.umov.watcher.monitor.schedule.notification","children":[{"name":"ScheduleNotificationMonitor","sloc":24,"wmc":3}]},{"name":"br.com.trevisantecnologia.umov.watcher.template","children":[{"name":"MailTemplateBuilder","sloc":17,"wmc":3},{"name":"TemplateEngine","sloc":21,"wmc":3}]},{"name":"br.com.trevisantecnologia.umov.watcher.interceptor","children":[{"name":"TransactionAnnotationInterceptor","sloc":29,"wmc":3},{"name":"TransactionInterceptor","sloc":25,"wmc":2}]},{"name":"br.com.trevisantecnologia.umov.watcher.mapping","children":[{"name":"EntityMapperFactory","sloc":29,"wmc":9},{"name":"ServiceLocalMapper","sloc":16,"wmc":3},{"name":"ActivityEntityMapper","sloc":17,"wmc":4},{"name":"ScheduleMapper","sloc":16,"wmc":3},{"name":"ActivityConditionMapper","sloc":22,"wmc":4},{"name":"ArchaicEntityMapper","sloc":8,"wmc":1},{"name":"AgentMapper","sloc":16,"wmc":3},{"name":"EntityMailMapper","sloc":51,"wmc":11},{"name":"AbstractEntityMapper","sloc":26,"wmc":5},{"name":"EntityMapper","sloc":5,"wmc":1},{"name":"EntityConditionMapper","sloc":15,"wmc":2}]},{"name":"br.com.trevisantecnologia.umov.watcher.http","children":[{"name":"HttpUtil","sloc":33,"wmc":3},{"name":"UmovCenterAdapter","sloc":49,"wmc":6},{"name":"RESTClientProvider","sloc":112,"wmc":15}]},{"name":"br.com.trevisantecnologia.umov.watcher.ioc.guice","children":[{"name":"AWSClientSQSImageImporterProvider","sloc":15,"wmc":1},{"name":"WatcherInjectionModule","sloc":43,"wmc":1},{"name":"HibernateSessionProvider","sloc":30,"wmc":3},{"name":"AWSClientSQSPhotoManagerProvider","sloc":15,"wmc":1},{"name":"WatcherInjector","sloc":15,"wmc":4}]},{"name":"br.com.trevisantecnologia.umov.watcher.task","children":[{"name":"FeederTask","sloc":53,"wmc":5},{"name":"SchedulePhotoToUploadTask","sloc":60,"wmc":5},{"name":"SendReportScheduleExecutionTask","sloc":95,"wmc":17},{"name":"AnalyzeScheduleTask","sloc":74,"wmc":13},{"name":"ApiCallbackTask","sloc":138,"wmc":23},{"name":"WatcherTask","sloc":4,"wmc":1},{"name":"ScheduleImageImportTask","sloc":47,"wmc":4},{"name":"SendSmsTask","sloc":112,"wmc":16},{"name":"AnalyzeOverdueScheduleTask","sloc":47,"wmc":3},{"name":"FinishScheduleBaseOnGPSTask","sloc":67,"wmc":15},{"name":"ScheduleImportTask","sloc":49,"wmc":5},{"name":"SendTaskFactory","sloc":31,"wmc":6},{"name":"ScheduleExportTask","sloc":51,"wmc":5},{"name":"SendTask","sloc":6,"wmc":1},{"name":"SendMailTask","sloc":32,"wmc":5}]},{"name":"br.com.trevisantecnologia.umov.watcher.task.schedule.notification","children":[{"name":"ScheduleNotificationTask","sloc":55,"wmc":7}]},{"name":"br.com.trevisantecnologia.umov.watcher.persistence","children":[{"name":"CustomPostgreSQLDialect","sloc":12,"wmc":1}]},{"name":"br.com.trevisantecnologia.umov.watcher","children":[{"name":"Watcher","sloc":61,"wmc":7}]},{"name":"br.com.trevisantecnologia.umov.watcher.eca.connector.task","children":[{"name":"FinishScheduleBaseOnGPSService","sloc":186,"wmc":39},{"name":"ScheduleImportService","sloc":189,"wmc":32},{"name":"ScheduleAutoFinishService","sloc":40,"wmc":6},{"name":"ScheduleExportService","sloc":131,"wmc":23},{"name":"ScheduleServiceFactory","sloc":77,"wmc":18},{"name":"ScheduleService","sloc":189,"wmc":49},{"name":"ScheduleSendMailService","sloc":100,"wmc":21},{"name":"ScheduleAutoCancelService","sloc":40,"wmc":6}]},{"name":"br.com.trevisantecnologia.umov.watcher.eca.connector.task.observer","children":[{"name":"AgentUnavailableObserver","sloc":14,"wmc":2},{"name":"Observer","sloc":5,"wmc":1}]},{"name":"br.com.trevisantecnologia.umov.watcher.eca","children":[{"name":"ContextBuilder","sloc":68,"wmc":8}]},{"name":"br.com.trevisantecnologia.umov.watcher.eca.adapter.impl","children":[{"name":"InternalConnector","sloc":51,"wmc":8}]},{"name":"br.com.trevisantecnologia.umov.watcher.eca.action.manager.impl","children":[{"name":"ActionManagerImpl","sloc":30,"wmc":4}]},{"name":"br.com.trevisantecnologia.umov.watcher.eca.action.manager","children":[{"name":"ActionManagerFactory","sloc":79,"wmc":7}]},{"name":"br.com.trevisantecnologia.umov.watcher.eca.action.schedule.notification","children":[{"name":"TranslatorFactory","sloc":24,"wmc":3},{"name":"Translator","sloc":7,"wmc":3}]},{"name":"br.com.trevisantecnologia.umov.watcher.eca.action.schedule.notification.parse","children":[{"name":"ParseTranslator","sloc":85,"wmc":13}]},{"name":"br.com.trevisantecnologia.umov.watcher.eca.action.schedule.notification.smartpush","children":[{"name":"SmartPushTranslator","sloc":44,"wmc":6}]},{"name":"br.com.trevisantecnologia.umov.watcher.eca.action","children":[{"name":"ActionParameterTranslator","sloc":115,"wmc":10},{"name":"ScheduleTranslator","sloc":14,"wmc":1}]},{"name":"br.com.trevisantecnologia.umov.watcher.cache","children":[{"name":"ImportCacheManager","sloc":37,"wmc":10}]},{"name":"br.com.trevisantecnologia.umov.watcher.feeder.oldway","children":[{"name":"FeederStrategy","sloc":37,"wmc":5},{"name":"FeederFactory","sloc":20,"wmc":3},{"name":"ItemFeeder","sloc":102,"wmc":14},{"name":"ScheduleFeeder","sloc":59,"wmc":9}]},{"name":"br.com.trevisantecnologia.umov.watcher.feeder.domain.port","children":[{"name":"IHistoryItemFeed","sloc":12,"wmc":3},{"name":"ICustomFieldFeed","sloc":12,"wmc":3},{"name":"ICustomEntityEntryFeed","sloc":11,"wmc":3},{"name":"ICustomFieldValueFeed","sloc":7,"wmc":1},{"name":"IFeederService","sloc":8,"wmc":3},{"name":"ServiceDependencyFactory","sloc":40,"wmc":6},{"name":"ICustomEntityFeed","sloc":6,"wmc":1},{"name":"IServiceLocalItemFeed","sloc":10,"wmc":3}]},{"name":"br.com.trevisantecnologia.umov.watcher.feeder.domain.builder","children":[{"name":"Builder","sloc":10,"wmc":4},{"name":"ServiceLocalBuilder","sloc":30,"wmc":5},{"name":"EntryFillerService","sloc":42,"wmc":8},{"name":"CustomEntityBuilder","sloc":79,"wmc":12},{"name":"ServiceLocalItemBuilder","sloc":46,"wmc":7}]},{"name":"br.com.trevisantecnologia.umov.watcher.feeder.domain.builder.criteria","children":[{"name":"FeedCriteriaCustomFieldService","sloc":44,"wmc":6},{"name":"FeedCriteriaService","sloc":12,"wmc":2},{"name":"FeedCriteriaPropertyService","sloc":9,"wmc":1},{"name":"FeedWhere","sloc":36,"wmc":9},{"name":"FeedCriteriaFactory","sloc":17,"wmc":3}]},{"name":"br.com.trevisantecnologia.umov.watcher.feeder.domain.exceptions","children":[{"name":"CriteriasNotFoundException","sloc":4,"wmc":1},{"name":"CustomEntityEntryFeederException","sloc":7,"wmc":1}]},{"name":"br.com.trevisantecnologia.umov.watcher.feeder.domain","children":[{"name":"Feeder","sloc":35,"wmc":2}]},{"name":"br.com.trevisantecnologia.umov.watcher.feeder.domain.operations","children":[{"name":"Delete","sloc":9,"wmc":1},{"name":"Insert","sloc":9,"wmc":1},{"name":"Update","sloc":9,"wmc":1},{"name":"Operation","sloc":33,"wmc":6},{"name":"OperationFactory","sloc":33,"wmc":5},{"name":"InsertOrUpdate","sloc":24,"wmc":4}]},{"name":"br.com.trevisantecnologia.umov.watcher.feeder.domain.operations.handler","children":[{"name":"OperantionHandler","sloc":15,"wmc":2},{"name":"OperationHandlerFactory","sloc":14,"wmc":2},{"name":"DeleteHandler","sloc":16,"wmc":2},{"name":"SaveHandler","sloc":16,"wmc":2}]},{"name":"br.com.trevisantecnologia.umov.watcher.feeder.domain.model","children":[{"name":"FeedCriteria","sloc":24,"wmc":6},{"name":"FeedRuleMapping","sloc":153,"wmc":45},{"name":"FeedFieldRule","sloc":52,"wmc":16},{"name":"ExecuteInformation","sloc":12,"wmc":9},{"name":"FeedOperation","sloc":40,"wmc":12},{"name":"FeedField","sloc":4,"wmc":1}]},{"name":"br.com.trevisantecnologia.umov.watcher.feeder.aplication","children":[{"name":"FeederService","sloc":30,"wmc":3},{"name":"EntityFeederRuleMappingService","sloc":41,"wmc":6}]},{"name":"br.com.trevisantecnologia.umov.watcher.log","children":[{"name":"LogManager","sloc":55,"wmc":10},{"name":"LogAppender","sloc":41,"wmc":10}]},{"name":"br.com.trevisantecnologia.umov.watcher.serialize","children":[{"name":"GsonSerializer","sloc":15,"wmc":2},{"name":"JodaDateTimeConverter","sloc":32,"wmc":3},{"name":"ActivityConverter","sloc":26,"wmc":4},{"name":"BodyConverter","sloc":25,"wmc":4},{"name":"SmsConverter","sloc":25,"wmc":4},{"name":"ConditionConverter","sloc":33,"wmc":6},{"name":"MailConverter","sloc":30,"wmc":5},{"name":"ScheduleConverter","sloc":33,"wmc":5},{"name":"SubjectConverter","sloc":25,"wmc":4},{"name":"EntityConverter","sloc":25,"wmc":6}]},{"name":"br.com.trevisantecnologia.umov.watcher.service","children":[{"name":"EventService","sloc":17,"wmc":2},{"name":"AuditService","sloc":12,"wmc":1},{"name":"CustomEntityService","sloc":25,"wmc":5},{"name":"CustomFieldService","sloc":49,"wmc":11},{"name":"ScheduleActivityService","sloc":20,"wmc":3},{"name":"ConnectorService","sloc":26,"wmc":7},{"name":"WatcherEventService","sloc":37,"wmc":7},{"name":"DefaultSystemSettingsService","sloc":15,"wmc":2},{"name":"HistoryItemService","sloc":92,"wmc":17},{"name":"CustomEntityEntryService","sloc":36,"wmc":6},{"name":"ServiceLocalService","sloc":13,"wmc":1},{"name":"ServiceLocalItemService","sloc":32,"wmc":4},{"name":"ItemService","sloc":33,"wmc":5},{"name":"ScheduleNotificationService","sloc":17,"wmc":2},{"name":"CustomFieldValueService","sloc":89,"wmc":15},{"name":"SmsService","sloc":13,"wmc":1},{"name":"ClientService","sloc":32,"wmc":5},{"name":"AbstractService","sloc":45,"wmc":10},{"name":"ScheduleService","sloc":156,"wmc":32},{"name":"ActivityHistoryService","sloc":27,"wmc":5},{"name":"EntityFeederService","sloc":18,"wmc":2}]},{"name":"br.com.trevisantecnologia.umov.watcher.types","children":[{"name":"BooleanCharacterType","sloc":12,"wmc":1},{"name":"JSONFeedRuleMappingType","sloc":66,"wmc":14},{"name":"TypeResolver","sloc":13,"wmc":2},{"name":"BooleanChar","sloc":8,"wmc":1}]},{"name":"br.com.trevisantecnologia.umov.watcher.io","children":[{"name":"FileChecksumGenerator","sloc":19,"wmc":1},{"name":"PropertiesLoader","sloc":77,"wmc":8},{"name":"ImporterFileFilter","sloc":26,"wmc":5},{"name":"FileSystemManager","sloc":136,"wmc":36},{"name":"ImporterFileSorter","sloc":57,"wmc":2}]},{"name":"br.com.trevisantecnologia.umov.watcher.builder","children":[{"name":"ReportRequest","sloc":98,"wmc":20},{"name":"XStreamBuilder","sloc":21,"wmc":1},{"name":"ScheduleReportSmsBuilder","sloc":46,"wmc":10},{"name":"ScheduleReportMailBuilder","sloc":167,"wmc":44}]},{"name":"br.com.trevisantecnologia.umov.watcher.validators","children":[{"name":"ScheduleImageImportValidator","sloc":24,"wmc":7},{"name":"WatcherValidator","sloc":4,"wmc":1}]},{"name":"br.com.trevisantecnologia.umov.watcher.model","children":[{"name":"SmsDTO","sloc":3,"wmc":1},{"name":"ScheduleExport","sloc":97,"wmc":20},{"name":"RESTRequest","sloc":57,"wmc":16},{"name":"SystemParameter","sloc":136,"wmc":33},{"name":"EventAutoFinishScheduleView","sloc":71,"wmc":14},{"name":"ConnectorImpl","sloc":390,"wmc":82},{"name":"ScheduleSituation","sloc":21,"wmc":4},{"name":"LogEca","sloc":141,"wmc":31},{"name":"ItemFilterDTO","sloc":15,"wmc":4},{"name":"ScheduleFeed","sloc":128,"wmc":31},{"name":"ExportLayout","sloc":74,"wmc":18},{"name":"ApiCallback","sloc":37,"wmc":7},{"name":"Activity","sloc":82,"wmc":17},{"name":"Sms","sloc":56,"wmc":12},{"name":"Partner","sloc":24,"wmc":4},{"name":"Item","sloc":98,"wmc":23},{"name":"ActivityHistory","sloc":165,"wmc":35},{"name":"ArrayLongToListLongType","sloc":79,"wmc":18},{"name":"ActivityHistoryPhoto","sloc":52,"wmc":11},{"name":"Feed","sloc":92,"wmc":20},{"name":"SessionVariable","sloc":3,"wmc":1},{"name":"ServiceLocalItem","sloc":55,"wmc":10},{"name":"EventExportView","sloc":62,"wmc":12},{"name":"ScheduleGPSContext","sloc":25,"wmc":6},{"name":"Event","sloc":98,"wmc":24},{"name":"EventImportView","sloc":65,"wmc":13},{"name":"HistoryItem","sloc":82,"wmc":16},{"name":"Subject","sloc":3,"wmc":1},{"name":"EntityModel","sloc":4,"wmc":1},{"name":"ScheduleActivity","sloc":55,"wmc":10},{"name":"Agent","sloc":84,"wmc":18},{"name":"CustomEntity","sloc":69,"wmc":12},{"name":"GeoCoordinate","sloc":122,"wmc":26},{"name":"ActionImpl","sloc":94,"wmc":20},{"name":"CustomFieldValue","sloc":85,"wmc":17},{"name":"Authentication","sloc":25,"wmc":6},{"name":"Schedule","sloc":302,"wmc":70},{"name":"CustomField","sloc":127,"wmc":32},{"name":"Section","sloc":44,"wmc":8},{"name":"AnalyzeScheduleContext","sloc":127,"wmc":38},{"name":"Media","sloc":69,"wmc":16},{"name":"CustomEntityEntry","sloc":77,"wmc":14},{"name":"Recipients","sloc":52,"wmc":15},{"name":"RemoteChangePasswordResult","sloc":17,"wmc":4},{"name":"ScheduleReportRequest","sloc":184,"wmc":53},{"name":"SchedulePhotoUpload","sloc":17,"wmc":4},{"name":"Mail","sloc":3,"wmc":1},{"name":"SubGroup","sloc":32,"wmc":6},{"name":"Verbas","sloc":5,"wmc":2},{"name":"SmsRecipients","sloc":10,"wmc":2},{"name":"ServiceLocal","sloc":53,"wmc":12},{"name":"ScheduleImport","sloc":123,"wmc":27},{"name":"ExportLayoutActivity","sloc":45,"wmc":8},{"name":"DefaultSystemSettings","sloc":74,"wmc":16},{"name":"SectionField","sloc":55,"wmc":10},{"name":"Client","sloc":73,"wmc":17},{"name":"Body","sloc":20,"wmc":4},{"name":"Condition","sloc":13,"wmc":3},{"name":"Entity","sloc":41,"wmc":11}]},{"name":"br.com.trevisantecnologia.umov.watcher.model.schedule.notification.smartpush","children":[{"name":"SmartPushProperties","sloc":117,"wmc":21},{"name":"Push","sloc":73,"wmc":26}]},{"name":"br.com.trevisantecnologia.umov.watcher.model.schedule.notification.smartpush.notification.param","children":[{"name":"ParamAndroid","sloc":34,"wmc":11},{"name":"ParamIOS","sloc":35,"wmc":11},{"name":"Param","sloc":3,"wmc":1},{"name":"APS","sloc":54,"wmc":18},{"name":"ParamFactory","sloc":17,"wmc":3},{"name":"ParamNotExistsException","sloc":8,"wmc":1}]},{"name":"br.com.trevisantecnologia.umov.watcher.model.schedule.notification.smartpush.notification","children":[{"name":"NotificationFactory","sloc":35,"wmc":6},{"name":"Notification","sloc":51,"wmc":18}]},{"name":"br.com.trevisantecnologia.umov.watcher.model.schedule.notification.smartpush.filter","children":[{"name":"RulesFactory","sloc":27,"wmc":5},{"name":"Filter","sloc":18,"wmc":3}]},{"name":"br.com.trevisantecnologia.umov.watcher.model.schedule.notification","children":[{"name":"ScheduleNotification","sloc":152,"wmc":34}]},{"name":"br.com.trevisantecnologia.umov.watcher.dao.impl","children":[{"name":"SubGrouDaoImpl","sloc":5,"wmc":1},{"name":"ScheduleDaoImpl","sloc":311,"wmc":48},{"name":"HistoryItemDaoImpl","sloc":94,"wmc":14},{"name":"ScheduleNotificationDaoImpl","sloc":16,"wmc":1},{"name":"EventDaoImpl","sloc":59,"wmc":7},{"name":"ScheduleFeedDaoImpl","sloc":15,"wmc":1},{"name":"CustomFieldDaoImpl","sloc":18,"wmc":3},{"name":"LogEcaDaoImpl","sloc":121,"wmc":23},{"name":"DefaultSystemSettingsDaoImpl","sloc":12,"wmc":1},{"name":"ClientDaoImpl","sloc":32,"wmc":2},{"name":"FeedDaoImpl","sloc":15,"wmc":1},{"name":"EventAnalyzeOverdueScheduleViewDaoImpl","sloc":17,"wmc":2},{"name":"ExportLayoutActivityDaoImpl","sloc":15,"wmc":1},{"name":"CustomEntityEntryDaoImpl","sloc":29,"wmc":5},{"name":"ActivityHistoryDaoImpl","sloc":98,"wmc":11},{"name":"SmsDaoImpl","sloc":5,"wmc":1},{"name":"ScheduleImportDaoImpl","sloc":35,"wmc":3},{"name":"CustomFieldValueDaoImpl","sloc":49,"wmc":10},{"name":"EventExportViewDaoImpl","sloc":17,"wmc":2},{"name":"MediaDaoImpl","sloc":20,"wmc":2},{"name":"SectionDaoImpl","sloc":15,"wmc":2},{"name":"EventImportViewDaoImpl","sloc":17,"wmc":2},{"name":"ScheduleExportDaoImpl","sloc":32,"wmc":4},{"name":"ActivityHistoryPhotoDaoImpl","sloc":16,"wmc":1},{"name":"FilterFactory","sloc":18,"wmc":3},{"name":"ItemDaoImpl","sloc":23,"wmc":2},{"name":"ExportLayoutDaoImpl","sloc":16,"wmc":1},{"name":"SystemParameterDaoImpl","sloc":11,"wmc":2},{"name":"ActionImplDaoImpl","sloc":5,"wmc":1},{"name":"FilterDAO","sloc":55,"wmc":9},{"name":"CustomEntityDaoImpl","sloc":5,"wmc":1},{"name":"ServiceLocalItemDao","sloc":19,"wmc":3},{"name":"FilterCancel","sloc":21,"wmc":4},{"name":"AgentDaoImpl","sloc":66,"wmc":5},{"name":"ServiceLocalDaoImpl","sloc":5,"wmc":1},{"name":"ScheduleActivityDaoImpl","sloc":19,"wmc":1},{"name":"SectionFieldDaoImpl","sloc":16,"wmc":2}]},{"name":"br.com.trevisantecnologia.umov.watcher.dao","children":[{"name":"GenericDao","sloc":11,"wmc":6},{"name":"EventViewDao","sloc":5,"wmc":1},{"name":"SessionVariableDao","sloc":12,"wmc":2},{"name":"ActivityDaoImpl","sloc":4,"wmc":1},{"name":"AbstractDao","sloc":147,"wmc":30}]},{"name":"br.com.trevisantecnologia.umov.watcher.tasksfinisher.domain","children":[{"name":"UpdateAgents","sloc":5,"wmc":1},{"name":"TasksReturnFromField","sloc":7,"wmc":1},{"name":"UpdateTasks","sloc":5,"wmc":1},{"name":"FinishTaskDTO","sloc":12,"wmc":6},{"name":"InfrastructureFactory","sloc":22,"wmc":4},{"name":"TasksFinisher","sloc":47,"wmc":9},{"name":"TasksToCancel","sloc":7,"wmc":1},{"name":"Finisher","sloc":7,"wmc":3},{"name":"TasksFinisherFactory","sloc":54,"wmc":6}]},{"name":"br.com.trevisantecnologia.umov.watcher.tasksfinisher.domain.DomainEvents","children":[{"name":"ItWasFinisherTasks","sloc":5,"wmc":1}]},{"name":"br.com.trevisantecnologia.umov.watcher.tasksfinisher.domain.exceptions","children":[{"name":"TaskFinisherException","sloc":13,"wmc":3}]},{"name":"br.com.trevisantecnologia.umov.watcher.tasksfinisher.domain.model","children":[{"name":"FilterReturnFromField","sloc":22,"wmc":4},{"name":"Task","sloc":62,"wmc":16},{"name":"ClientSettings","sloc":91,"wmc":29},{"name":"TaskFinalized","sloc":37,"wmc":10}]},{"name":"br.com.trevisantecnologia.umov.watcher.tasksfinisher.domain.actions","children":[{"name":"FilterTasksToRun","sloc":60,"wmc":15},{"name":"ReturnFromField","sloc":12,"wmc":1},{"name":"ActionHandler","sloc":44,"wmc":10},{"name":"ActionFactory","sloc":20,"wmc":3},{"name":"Action","sloc":20,"wmc":3},{"name":"Cancel","sloc":12,"wmc":1}]},{"name":"br.com.trevisantecnologia.umov.watcher.tasksfinisher.aplication","children":[{"name":"UnavailableAgents","sloc":15,"wmc":1}]},{"name":"br.com.trevisantecnologia.umov.watcher.exception","children":[{"name":"RowCountException","sloc":7,"wmc":1},{"name":"SaveException","sloc":8,"wmc":1},{"name":"NextImportPackageNumberException","sloc":8,"wmc":1},{"name":"NotFoundFeederStrategyException","sloc":4,"wmc":1},{"name":"SendEmailException","sloc":7,"wmc":1},{"name":"BusinessValidation","sloc":7,"wmc":1},{"name":"MissingRequiredParameterToChangePasswordException","sloc":7,"wmc":1},{"name":"FailedChangePassowordAttemptException","sloc":4,"wmc":1},{"name":"PropertyNotFoundException","sloc":7,"wmc":1},{"name":"ScheduleSendEmailException","sloc":7,"wmc":1},{"name":"SaveOrUpdateException","sloc":7,"wmc":1},{"name":"SearchEventViewException","sloc":7,"wmc":1},{"name":"EventConditionException","sloc":7,"wmc":1},{"name":"BusinessException","sloc":7,"wmc":1},{"name":"EntityNotMappedException","sloc":7,"wmc":1},{"name":"NoRecipientFoundException","sloc":7,"wmc":1},{"name":"FindByCriteriaException","sloc":7,"wmc":1},{"name":"FtpDirectoryNotFoundException","sloc":8,"wmc":1},{"name":"AlternativeIdentifierDuplicationException","sloc":7,"wmc":1},{"name":"AdapterNotImplementedException","sloc":4,"wmc":1},{"name":"CustomerDoNotAllowedToChangePasswordException","sloc":7,"wmc":1}]},{"name":"me.umov.photo.serialize","children":[{"name":"GsonSerializer","sloc":15,"wmc":2}]}]}