"type","sloc","nom","npm","wmc","dep","i-dep","fan-in","fan-out","noa"
"br.com.trevisantecnologia.umov.watcher.model.ConnectorImpl",390,80,80,82,5,0,1,3,40
"br.com.trevisantecnologia.umov.watcher.dao.impl.ScheduleDaoImpl",311,24,10,48,34,12,7,20,10
"br.com.trevisantecnologia.umov.watcher.model.Schedule",302,67,67,70,19,0,29,1,32
"br.com.trevisantecnologia.umov.watcher.eca.connector.task.ScheduleService",189,31,7,49,24,9,5,14,5
"br.com.trevisantecnologia.umov.watcher.eca.connector.task.ScheduleImportService",189,18,13,32,26,12,1,17,18
"br.com.trevisantecnologia.umov.watcher.eca.connector.task.FinishScheduleBaseOnGPSService",186,24,5,39,28,17,1,21,14
"br.com.trevisantecnologia.umov.watcher.model.ScheduleReportRequest",184,45,45,53,3,0,13,2,19
"br.com.trevisantecnologia.umov.watcher.builder.ScheduleReportMailBuilder",167,27,3,44,17,9,1,13,5
"br.com.trevisantecnologia.umov.watcher.model.ActivityHistory",165,34,34,35,15,0,8,1,19
"br.com.trevisantecnologia.umov.watcher.service.ScheduleService",156,16,10,32,27,19,3,22,11
"br.com.trevisantecnologia.umov.watcher.feeder.domain.model.FeedRuleMapping",153,37,36,45,7,4,28,8,11
"br.com.trevisantecnologia.umov.watcher.model.schedule.notification.ScheduleNotification",152,28,28,34,18,1,15,2,13
"br.com.trevisantecnologia.umov.watcher.dao.AbstractDao",147,21,12,30,17,7,38,14,2
"br.com.trevisantecnologia.umov.watcher.model.LogEca",141,30,30,31,10,0,1,1,16
"br.com.trevisantecnologia.umov.watcher.task.ApiCallbackTask",138,11,2,23,27,15,1,21,7
"br.com.trevisantecnologia.umov.watcher.model.SystemParameter",136,30,30,33,7,1,10,2,14
"br.com.trevisantecnologia.umov.watcher.io.FileSystemManager",136,26,26,36,9,2,12,8,11
"br.com.trevisantecnologia.umov.watcher.eca.connector.task.ScheduleExportService",131,12,4,23,22,9,1,12,8
"br.com.trevisantecnologia.umov.watcher.model.ScheduleFeed",128,27,27,31,11,1,11,4,11
"br.com.trevisantecnologia.umov.watcher.model.AnalyzeScheduleContext",127,30,30,38,8,0,6,4,11
"br.com.trevisantecnologia.umov.watcher.model.CustomField",127,29,29,32,10,0,10,1,12
"br.com.trevisantecnologia.umov.watcher.model.ScheduleImport",123,27,27,27,9,0,2,0,12
"br.com.trevisantecnologia.umov.watcher.model.GeoCoordinate",122,26,26,26,9,0,0,0,13
"br.com.trevisantecnologia.umov.watcher.dao.impl.LogEcaDaoImpl",121,10,3,23,17,5,5,10,0
"br.com.trevisantecnologia.umov.watcher.model.schedule.notification.smartpush.SmartPushProperties",117,19,18,21,7,1,9,3,11
"br.com.trevisantecnologia.umov.watcher.eca.action.ActionParameterTranslator",115,12,10,10,24,19,7,22,1
"br.com.trevisantecnologia.umov.watcher.http.RESTClientProvider",112,14,9,15,28,3,2,8,3
"br.com.trevisantecnologia.umov.watcher.task.SendSmsTask",112,7,1,16,25,15,0,19,5
"br.com.trevisantecnologia.umov.watcher.feeder.oldway.ItemFeeder",102,8,3,14,19,13,0,16,10
"br.com.trevisantecnologia.umov.watcher.eca.connector.task.ScheduleSendMailService",100,11,1,21,14,6,0,11,6
"br.com.trevisantecnologia.umov.watcher.model.Item",98,20,20,23,15,0,5,0,8
"br.com.trevisantecnologia.umov.watcher.model.Event",98,19,19,24,10,0,18,1,10
"br.com.trevisantecnologia.umov.watcher.builder.ReportRequest",98,16,6,20,14,10,3,12,10
"br.com.trevisantecnologia.umov.watcher.dao.impl.ActivityHistoryDaoImpl",98,11,7,11,22,6,5,11,2
"br.com.trevisantecnologia.umov.watcher.model.ScheduleExport",97,20,20,20,9,0,2,0,10
"br.com.trevisantecnologia.umov.watcher.task.SendReportScheduleExecutionTask",95,9,4,17,18,10,1,15,8
"br.com.trevisantecnologia.umov.watcher.model.ActionImpl",94,17,17,20,8,0,16,4,10
"br.com.trevisantecnologia.umov.watcher.dao.impl.HistoryItemDaoImpl",94,10,6,14,20,7,3,9,1
"br.com.trevisantecnologia.umov.watcher.model.Feed",92,20,20,20,6,0,8,0,10
"br.com.trevisantecnologia.umov.watcher.service.HistoryItemService",92,9,7,17,18,10,4,15,1
"br.com.trevisantecnologia.umov.watcher.tasksfinisher.domain.model.ClientSettings",91,22,21,29,5,2,14,5,9
"br.com.trevisantecnologia.umov.watcher.service.CustomFieldValueService",89,11,9,15,14,12,2,16,4
"br.com.trevisantecnologia.umov.watcher.model.CustomFieldValue",85,17,17,17,10,0,10,2,7
"br.com.trevisantecnologia.umov.watcher.eca.action.schedule.notification.parse.ParseTranslator",85,10,5,13,11,4,0,8,8
"br.com.trevisantecnologia.umov.watcher.model.Agent",84,18,18,18,8,0,3,2,8
"br.com.trevisantecnologia.umov.watcher.model.HistoryItem",82,16,16,16,9,0,14,0,8
"br.com.trevisantecnologia.umov.watcher.model.Activity",82,15,15,17,11,1,7,1,10
"br.com.trevisantecnologia.umov.watcher.model.ArrayLongToListLongType",79,13,11,18,11,0,0,5,1
"br.com.trevisantecnologia.umov.watcher.feeder.domain.builder.CustomEntityBuilder",79,10,4,12,17,13,0,15,4
"br.com.trevisantecnologia.umov.watcher.eca.action.manager.ActionManagerFactory",79,5,3,7,26,20,2,21,12
"br.com.trevisantecnologia.umov.watcher.model.CustomEntityEntry",77,14,14,14,11,0,4,2,7
"br.com.trevisantecnologia.umov.watcher.eca.connector.task.ScheduleServiceFactory",77,9,4,18,10,7,1,8,4
"br.com.trevisantecnologia.umov.watcher.io.PropertiesLoader",77,5,3,8,9,2,4,7,8
"br.com.trevisantecnologia.umov.watcher.model.ExportLayout",74,16,16,18,5,0,4,1,10
"br.com.trevisantecnologia.umov.watcher.model.DefaultSystemSettings",74,16,16,16,3,0,5,0,9
"br.com.trevisantecnologia.umov.watcher.task.AnalyzeScheduleTask",74,6,1,13,16,9,1,13,5
"br.com.trevisantecnologia.umov.watcher.model.Client",73,16,16,17,6,0,10,1,9
"br.com.trevisantecnologia.umov.watcher.model.schedule.notification.smartpush.Push",73,6,6,26,5,4,1,6,5
"br.com.trevisantecnologia.umov.watcher.model.EventAutoFinishScheduleView",71,13,13,14,9,1,4,2,6
"br.com.trevisantecnologia.umov.watcher.model.Media",69,14,14,16,7,0,3,0,7
"br.com.trevisantecnologia.umov.watcher.model.CustomEntity",69,12,12,12,11,0,7,0,6
"br.com.trevisantecnologia.umov.watcher.eca.ContextBuilder",68,8,4,8,7,3,2,4,0
"br.com.trevisantecnologia.umov.watcher.monitor.Monitor",67,11,3,13,9,3,12,9,1
"br.com.trevisantecnologia.umov.watcher.task.FinishScheduleBaseOnGPSTask",67,9,1,15,12,8,1,11,3
"br.com.trevisantecnologia.umov.watcher.types.JSONFeedRuleMappingType",66,11,11,14,12,1,0,4,2
"br.com.trevisantecnologia.umov.watcher.dao.impl.AgentDaoImpl",66,2,2,5,7,4,3,8,4
"br.com.trevisantecnologia.umov.watcher.model.EventImportView",65,12,12,13,9,0,4,0,6
"br.com.trevisantecnologia.umov.watcher.tasksfinisher.domain.model.Task",62,16,16,16,2,0,8,0,9
"br.com.trevisantecnologia.umov.watcher.model.EventExportView",62,12,12,12,8,0,4,0,6
"br.com.trevisantecnologia.umov.watcher.Watcher",61,5,2,7,17,14,2,17,2
"br.com.trevisantecnologia.umov.watcher.tasksfinisher.domain.actions.FilterTasksToRun",60,6,1,15,10,2,0,4,0
"br.com.trevisantecnologia.umov.watcher.task.SchedulePhotoToUploadTask",60,2,1,5,14,4,1,8,2
"br.com.trevisantecnologia.umov.watcher.feeder.oldway.ScheduleFeeder",59,4,1,9,13,8,0,11,5
"br.com.trevisantecnologia.umov.watcher.dao.impl.EventDaoImpl",59,4,3,7,8,4,4,8,0
"br.com.trevisantecnologia.umov.watcher.model.RESTRequest",57,12,11,16,3,0,2,1,3
"br.com.trevisantecnologia.umov.watcher.io.ImporterFileSorter",57,7,2,2,4,0,1,5,0
"br.com.trevisantecnologia.umov.watcher.model.Sms",56,12,12,12,3,0,3,0,6
"br.com.trevisantecnologia.umov.watcher.model.ServiceLocalItem",55,10,10,10,8,0,4,1,4
"br.com.trevisantecnologia.umov.watcher.model.ScheduleActivity",55,10,10,10,9,0,5,0,4
"br.com.trevisantecnologia.umov.watcher.model.SectionField",55,10,10,10,7,0,2,0,5
"br.com.trevisantecnologia.umov.watcher.log.LogManager",55,8,6,10,2,0,4,3,1
"br.com.trevisantecnologia.umov.watcher.dao.impl.FilterDAO",55,7,3,9,1,1,2,4,0
"br.com.trevisantecnologia.umov.watcher.task.schedule.notification.ScheduleNotificationTask",55,3,1,7,14,7,1,10,4
"br.com.trevisantecnologia.umov.watcher.model.schedule.notification.smartpush.notification.param.APS",54,6,6,18,2,2,1,4,3
"br.com.trevisantecnologia.umov.watcher.tasksfinisher.domain.TasksFinisherFactory",54,5,2,6,10,8,1,9,3
"br.com.trevisantecnologia.umov.watcher.model.ServiceLocal",53,12,12,12,3,0,4,1,5
"br.com.trevisantecnologia.umov.watcher.task.FeederTask",53,3,1,5,15,3,1,6,2
"br.com.trevisantecnologia.umov.watcher.feeder.domain.model.FeedFieldRule",52,13,13,16,0,0,3,3,6
"br.com.trevisantecnologia.umov.watcher.model.ActivityHistoryPhoto",52,10,10,11,6,0,2,0,5
"br.com.trevisantecnologia.umov.watcher.model.Recipients",52,10,9,15,5,0,2,1,2
"br.com.trevisantecnologia.umov.watcher.mapping.EntityMailMapper",51,10,3,11,9,7,3,10,3
"br.com.trevisantecnologia.umov.watcher.task.ScheduleExportTask",51,4,4,5,15,4,1,8,3
"br.com.trevisantecnologia.umov.watcher.eca.adapter.impl.InternalConnector",51,4,1,8,13,1,1,4,1
"br.com.trevisantecnologia.umov.watcher.model.schedule.notification.smartpush.notification.Notification",51,3,2,18,4,4,3,6,3
"br.com.trevisantecnologia.umov.watcher.http.UmovCenterAdapter",49,5,4,6,9,3,1,5,2
"br.com.trevisantecnologia.umov.watcher.task.ScheduleImportTask",49,4,4,5,14,4,1,8,3
"br.com.trevisantecnologia.umov.watcher.service.CustomFieldService",49,4,3,11,12,10,1,14,2
"br.com.trevisantecnologia.umov.watcher.dao.impl.CustomFieldValueDaoImpl",49,4,4,10,9,5,4,7,0
"br.com.trevisantecnologia.umov.watcher.tasksfinisher.domain.TasksFinisher",47,6,4,9,8,6,1,8,3
"br.com.trevisantecnologia.umov.watcher.task.ScheduleImageImportTask",47,2,1,4,13,5,1,9,3
"br.com.trevisantecnologia.umov.watcher.task.AnalyzeOverdueScheduleTask",47,2,1,3,12,6,1,10,3
"br.com.trevisantecnologia.umov.watcher.builder.ScheduleReportSmsBuilder",46,7,2,10,6,3,1,5,1
"br.com.trevisantecnologia.umov.watcher.feeder.domain.builder.ServiceLocalItemBuilder",46,6,4,7,11,7,0,9,2
"br.com.trevisantecnologia.umov.watcher.model.ExportLayoutActivity",45,8,8,8,6,0,2,0,4
"br.com.trevisantecnologia.umov.watcher.service.AbstractService",45,7,6,10,6,4,11,8,2
"br.com.trevisantecnologia.umov.watcher.model.Section",44,8,8,8,6,0,3,0,4
"br.com.trevisantecnologia.umov.watcher.eca.action.schedule.notification.smartpush.SmartPushTranslator",44,6,5,6,8,4,2,7,4
"br.com.trevisantecnologia.umov.watcher.tasksfinisher.domain.actions.ActionHandler",44,6,2,10,9,5,3,7,3
"br.com.trevisantecnologia.umov.watcher.feeder.domain.builder.criteria.FeedCriteriaCustomFieldService",44,5,1,6,12,7,0,11,2
"br.com.trevisantecnologia.umov.watcher.ioc.guice.WatcherInjectionModule",43,2,1,1,14,4,1,7,0
"br.com.trevisantecnologia.umov.watcher.feeder.domain.builder.EntryFillerService",42,3,1,8,10,8,0,13,0
"br.com.trevisantecnologia.umov.watcher.model.Entity",41,10,10,11,1,0,15,0,5
"br.com.trevisantecnologia.umov.watcher.feeder.aplication.EntityFeederRuleMappingService",41,3,1,6,11,5,0,6,1
"br.com.trevisantecnologia.umov.watcher.log.LogAppender",41,2,2,10,1,0,1,0,1
"br.com.trevisantecnologia.umov.watcher.feeder.domain.model.FeedOperation",40,8,8,12,2,0,0,1,3
"br.com.trevisantecnologia.umov.watcher.eca.connector.task.ScheduleAutoFinishService",40,6,1,6,9,3,0,5,2
"br.com.trevisantecnologia.umov.watcher.eca.connector.task.ScheduleAutoCancelService",40,6,1,6,9,3,0,5,2
"br.com.trevisantecnologia.umov.watcher.feeder.domain.port.ServiceDependencyFactory",40,6,6,6,7,6,6,6,6
"br.com.trevisantecnologia.umov.watcher.model.ApiCallback",37,7,7,7,3,0,2,2,3
"br.com.trevisantecnologia.umov.watcher.tasksfinisher.domain.model.TaskFinalized",37,7,6,10,3,1,8,3,2
"br.com.trevisantecnologia.umov.watcher.cache.ImportCacheManager",37,6,5,10,3,0,2,3,1
"br.com.trevisantecnologia.umov.watcher.service.WatcherEventService",37,6,1,7,8,2,3,5,1
"br.com.trevisantecnologia.umov.watcher.feeder.oldway.FeederStrategy",37,4,3,5,7,2,3,7,2
"br.com.trevisantecnologia.umov.watcher.feeder.domain.builder.criteria.FeedWhere",36,9,9,9,3,0,6,1,3
"br.com.trevisantecnologia.umov.watcher.service.CustomEntityEntryService",36,4,4,6,11,8,1,10,1
"br.com.trevisantecnologia.umov.watcher.model.schedule.notification.smartpush.notification.param.ParamIOS",35,4,3,11,2,2,1,4,1
"br.com.trevisantecnologia.umov.watcher.model.schedule.notification.smartpush.notification.NotificationFactory",35,4,2,6,7,2,1,4,2
"br.com.trevisantecnologia.umov.watcher.dao.impl.ScheduleImportDaoImpl",35,2,2,3,10,4,2,7,1
"br.com.trevisantecnologia.umov.watcher.feeder.domain.Feeder",35,1,1,2,12,6,1,6,2
"br.com.trevisantecnologia.umov.watcher.model.schedule.notification.smartpush.notification.param.ParamAndroid",34,4,3,11,1,1,1,4,1
"br.com.trevisantecnologia.umov.watcher.feeder.domain.operations.Operation",33,6,1,6,6,5,5,6,2
"br.com.trevisantecnologia.umov.watcher.serialize.ConditionConverter",33,6,3,6,6,1,1,4,0
"br.com.trevisantecnologia.umov.watcher.service.ItemService",33,4,3,5,8,5,1,6,2
"br.com.trevisantecnologia.umov.watcher.serialize.ScheduleConverter",33,3,3,5,7,2,1,4,0
"br.com.trevisantecnologia.umov.watcher.http.HttpUtil",33,2,1,3,6,0,1,3,0
"br.com.trevisantecnologia.umov.watcher.feeder.domain.operations.OperationFactory",33,1,1,5,3,1,1,2,4
"br.com.trevisantecnologia.umov.watcher.model.SubGroup",32,6,6,6,3,0,1,0,3
"br.com.trevisantecnologia.umov.watcher.task.SendMailTask",32,4,2,5,7,5,1,7,2
"br.com.trevisantecnologia.umov.watcher.service.ServiceLocalItemService",32,4,4,4,10,8,1,10,1
"br.com.trevisantecnologia.umov.watcher.serialize.JodaDateTimeConverter",32,3,3,3,9,0,1,3,3
"br.com.trevisantecnologia.umov.watcher.service.ClientService",32,3,3,5,7,4,1,6,2
"br.com.trevisantecnologia.umov.watcher.dao.impl.ScheduleExportDaoImpl",32,3,2,4,9,3,2,8,0
"br.com.trevisantecnologia.umov.watcher.dao.impl.ClientDaoImpl",32,2,1,2,5,3,1,7,0
"br.com.trevisantecnologia.umov.watcher.task.SendTaskFactory",31,2,1,6,5,3,0,4,3
"br.com.trevisantecnologia.umov.watcher.serialize.MailConverter",30,5,3,5,7,2,1,6,0
"br.com.trevisantecnologia.umov.watcher.eca.action.manager.impl.ActionManagerImpl",30,4,4,4,8,2,1,3,2
"br.com.trevisantecnologia.umov.watcher.feeder.domain.builder.ServiceLocalBuilder",30,4,4,5,6,4,0,6,1
"br.com.trevisantecnologia.umov.watcher.ioc.guice.HibernateSessionProvider",30,2,1,3,10,3,0,5,1
"br.com.trevisantecnologia.umov.watcher.feeder.aplication.FeederService",30,2,1,3,7,5,1,6,3
"br.com.trevisantecnologia.umov.watcher.mapping.EntityMapperFactory",29,2,2,9,4,2,1,3,1
"br.com.trevisantecnologia.umov.watcher.dao.impl.CustomEntityEntryDaoImpl",29,2,1,5,9,4,1,8,0
"br.com.trevisantecnologia.umov.watcher.interceptor.TransactionAnnotationInterceptor",29,1,1,3,6,0,1,1,1
"br.com.trevisantecnologia.umov.watcher.service.ActivityHistoryService",27,5,5,5,7,4,2,4,1
"br.com.trevisantecnologia.umov.watcher.model.schedule.notification.smartpush.filter.RulesFactory",27,2,2,5,5,2,1,4,3
"br.com.trevisantecnologia.umov.watcher.io.ImporterFileFilter",26,5,2,5,3,0,1,3,3
"br.com.trevisantecnologia.umov.watcher.monitor.FeederMonitor",26,4,3,4,5,2,1,3,1
"br.com.trevisantecnologia.umov.watcher.mapping.AbstractEntityMapper",26,4,1,5,5,3,4,5,1
"br.com.trevisantecnologia.umov.watcher.serialize.ActivityConverter",26,4,3,4,6,1,1,5,0
"br.com.trevisantecnologia.umov.watcher.service.ConnectorService",26,3,1,7,6,3,2,4,1
"br.com.trevisantecnologia.umov.watcher.serialize.EntityConverter",25,6,0,6,2,1,4,2,0
"br.com.trevisantecnologia.umov.watcher.model.ScheduleGPSContext",25,6,6,6,1,0,5,0,3
"br.com.trevisantecnologia.umov.watcher.model.Authentication",25,6,6,6,1,0,1,0,3
"br.com.trevisantecnologia.umov.watcher.serialize.BodyConverter",25,3,3,4,7,1,1,4,0
"br.com.trevisantecnologia.umov.watcher.serialize.SmsConverter",25,3,3,4,7,1,1,4,0
"br.com.trevisantecnologia.umov.watcher.serialize.SubjectConverter",25,3,3,4,7,1,1,4,0
"br.com.trevisantecnologia.umov.watcher.service.CustomEntityService",25,3,3,5,7,6,1,10,1
"br.com.trevisantecnologia.umov.watcher.interceptor.TransactionInterceptor",25,1,1,2,5,0,1,1,1
"br.com.trevisantecnologia.umov.watcher.feeder.domain.model.FeedCriteria",24,6,6,6,0,0,4,1,3
"br.com.trevisantecnologia.umov.watcher.validators.ScheduleImageImportValidator",24,4,4,7,3,2,1,4,0
"br.com.trevisantecnologia.umov.watcher.model.Partner",24,4,4,4,3,0,0,0,2
"br.com.trevisantecnologia.umov.watcher.monitor.schedule.notification.ScheduleNotificationMonitor",24,3,2,3,6,3,1,4,2
"br.com.trevisantecnologia.umov.watcher.feeder.domain.operations.InsertOrUpdate",24,3,0,4,3,2,0,4,2
"br.com.trevisantecnologia.umov.watcher.eca.action.schedule.notification.TranslatorFactory",24,2,1,3,6,5,1,6,2
"br.com.trevisantecnologia.umov.watcher.dao.impl.ItemDaoImpl",23,1,1,2,7,3,1,5,0
"br.com.trevisantecnologia.umov.watcher.mapping.ActivityConditionMapper",22,4,1,4,2,2,0,5,0
"br.com.trevisantecnologia.umov.watcher.tasksfinisher.domain.InfrastructureFactory",22,4,4,4,3,2,3,2,2
"br.com.trevisantecnologia.umov.watcher.monitor.FinishScheduleBaseOnGPSMonitor",22,3,2,3,5,3,1,4,1
"br.com.trevisantecnologia.umov.watcher.tasksfinisher.domain.model.FilterReturnFromField",22,2,1,4,1,1,1,3,1
"br.com.trevisantecnologia.umov.watcher.model.ScheduleSituation",21,4,4,4,3,0,3,0,1
"br.com.trevisantecnologia.umov.watcher.template.TemplateEngine",21,3,2,3,5,0,1,3,2
"br.com.trevisantecnologia.umov.watcher.builder.XStreamBuilder",21,3,2,1,2,0,0,0,0
"br.com.trevisantecnologia.umov.watcher.dao.impl.FilterCancel",21,2,1,4,1,1,0,3,1
"br.com.trevisantecnologia.umov.watcher.tasksfinisher.domain.actions.Action",20,3,1,3,5,3,2,4,2
"br.com.trevisantecnologia.umov.watcher.service.ScheduleActivityService",20,2,2,3,5,4,1,6,1
"br.com.trevisantecnologia.umov.watcher.model.Body",20,2,2,4,3,0,4,1,1
"br.com.trevisantecnologia.umov.watcher.dao.impl.MediaDaoImpl",20,2,2,2,7,2,1,3,0
"br.com.trevisantecnologia.umov.watcher.feeder.oldway.FeederFactory",20,1,1,3,6,2,1,2,1
"br.com.trevisantecnologia.umov.watcher.tasksfinisher.domain.actions.ActionFactory",20,1,1,3,4,3,2,3,3
"br.com.trevisantecnologia.umov.watcher.dao.impl.ServiceLocalItemDao",19,3,2,3,5,2,1,4,0
"br.com.trevisantecnologia.umov.watcher.io.FileChecksumGenerator",19,1,1,1,6,0,2,1,0
"br.com.trevisantecnologia.umov.watcher.dao.impl.ScheduleActivityDaoImpl",19,1,1,1,6,3,2,4,0
"br.com.trevisantecnologia.umov.watcher.model.schedule.notification.smartpush.filter.Filter",18,3,3,3,3,2,1,2,2
"br.com.trevisantecnologia.umov.watcher.monitor.ExportingMonitor",18,2,2,2,5,2,1,3,1
"br.com.trevisantecnologia.umov.watcher.monitor.AnalyzeOverdueScheduleMonitor",18,2,2,2,5,2,1,3,1
"br.com.trevisantecnologia.umov.watcher.monitor.SendReportScheduleExecutionMonitor",18,2,2,2,5,2,1,3,1
"br.com.trevisantecnologia.umov.watcher.monitor.ScheduleImageImportMonitor",18,2,2,2,5,2,1,3,1
"br.com.trevisantecnologia.umov.watcher.monitor.SchedulePhotoToUploadMonitor",18,2,2,2,5,2,1,3,1
"br.com.trevisantecnologia.umov.watcher.dao.impl.CustomFieldDaoImpl",18,2,2,3,6,2,3,3,0
"br.com.trevisantecnologia.umov.watcher.service.EntityFeederService",18,1,1,2,5,2,1,2,1
"br.com.trevisantecnologia.umov.watcher.dao.impl.FilterFactory",18,1,1,3,4,3,0,3,2
"br.com.trevisantecnologia.umov.watcher.model.RemoteChangePasswordResult",17,4,4,4,0,0,0,0,2
"br.com.trevisantecnologia.umov.watcher.model.SchedulePhotoUpload",17,4,4,4,0,0,1,0,2
"br.com.trevisantecnologia.umov.watcher.template.MailTemplateBuilder",17,3,3,3,3,0,0,0,1
"br.com.trevisantecnologia.umov.watcher.monitor.AnalyzeScheduleMonitor",17,2,2,2,4,2,1,3,1
"br.com.trevisantecnologia.umov.watcher.monitor.ApiCallbackMonitor",17,2,2,2,4,2,1,3,1
"br.com.trevisantecnologia.umov.watcher.monitor.ImportingMonitor",17,2,2,2,4,2,1,3,1
"br.com.trevisantecnologia.umov.watcher.service.EventService",17,2,2,2,5,3,0,4,1
"br.com.trevisantecnologia.umov.watcher.service.ScheduleNotificationService",17,2,2,2,5,3,1,4,1
"br.com.trevisantecnologia.umov.watcher.mapping.ActivityEntityMapper",17,1,0,4,3,3,0,4,0
"br.com.trevisantecnologia.umov.watcher.feeder.domain.builder.criteria.FeedCriteriaFactory",17,1,1,3,3,1,1,2,3
"br.com.trevisantecnologia.umov.watcher.model.schedule.notification.smartpush.notification.param.ParamFactory",17,1,1,3,3,2,1,2,0
"br.com.trevisantecnologia.umov.watcher.dao.impl.EventAnalyzeOverdueScheduleViewDaoImpl",17,1,0,2,5,4,1,6,0
"br.com.trevisantecnologia.umov.watcher.dao.impl.EventExportViewDaoImpl",17,1,0,2,5,4,1,6,0
"br.com.trevisantecnologia.umov.watcher.dao.impl.EventImportViewDaoImpl",17,1,0,2,5,4,1,6,0
"br.com.trevisantecnologia.umov.watcher.mapping.ServiceLocalMapper",16,3,3,3,0,0,0,1,1
"br.com.trevisantecnologia.umov.watcher.mapping.ScheduleMapper",16,3,3,3,0,0,0,1,1
"br.com.trevisantecnologia.umov.watcher.mapping.AgentMapper",16,3,3,3,0,0,0,1,1
"br.com.trevisantecnologia.umov.watcher.feeder.domain.operations.handler.DeleteHandler",16,1,1,2,4,4,0,5,0
"br.com.trevisantecnologia.umov.watcher.feeder.domain.operations.handler.SaveHandler",16,1,1,2,4,4,0,5,0
"br.com.trevisantecnologia.umov.watcher.dao.impl.ScheduleNotificationDaoImpl",16,1,1,1,6,2,1,3,0
"br.com.trevisantecnologia.umov.watcher.dao.impl.ActivityHistoryPhotoDaoImpl",16,1,1,1,7,2,1,3,0
"br.com.trevisantecnologia.umov.watcher.dao.impl.ExportLayoutDaoImpl",16,1,1,1,7,2,2,3,0
"br.com.trevisantecnologia.umov.watcher.dao.impl.SectionFieldDaoImpl",16,1,1,2,5,3,1,4,0
"br.com.trevisantecnologia.umov.watcher.model.ItemFilterDTO",15,4,4,4,0,0,22,0,1
"br.com.trevisantecnologia.umov.watcher.mapping.EntityConditionMapper",15,2,2,2,4,3,2,5,1
"br.com.trevisantecnologia.umov.watcher.ioc.guice.WatcherInjector",15,2,1,4,2,0,2,1,2
"br.com.trevisantecnologia.umov.watcher.feeder.domain.operations.handler.OperantionHandler",15,2,1,2,5,4,3,4,1
"br.com.trevisantecnologia.umov.watcher.serialize.GsonSerializer",15,2,2,2,2,0,3,0,1
"me.umov.photo.serialize.GsonSerializer",15,2,2,2,2,0,0,0,1
"br.com.trevisantecnologia.umov.watcher.ioc.guice.AWSClientSQSImageImporterProvider",15,1,1,1,5,2,0,3,1
"br.com.trevisantecnologia.umov.watcher.ioc.guice.AWSClientSQSPhotoManagerProvider",15,1,1,1,5,2,0,3,1
"br.com.trevisantecnologia.umov.watcher.service.DefaultSystemSettingsService",15,1,1,2,3,2,2,2,2
"br.com.trevisantecnologia.umov.watcher.dao.impl.ScheduleFeedDaoImpl",15,1,1,1,6,2,1,3,1
"br.com.trevisantecnologia.umov.watcher.dao.impl.FeedDaoImpl",15,1,1,1,6,2,1,3,0
"br.com.trevisantecnologia.umov.watcher.dao.impl.ExportLayoutActivityDaoImpl",15,1,1,1,6,3,2,4,0
"br.com.trevisantecnologia.umov.watcher.dao.impl.SectionDaoImpl",15,1,1,2,4,2,1,4,0
"br.com.trevisantecnologia.umov.watcher.tasksfinisher.aplication.UnavailableAgents",15,1,1,1,5,4,1,5,1
"br.com.trevisantecnologia.umov.watcher.eca.connector.task.observer.AgentUnavailableObserver",14,1,1,2,3,2,2,3,1
"br.com.trevisantecnologia.umov.watcher.eca.action.ScheduleTranslator",14,1,1,1,4,3,1,3,0
"br.com.trevisantecnologia.umov.watcher.feeder.domain.operations.handler.OperationHandlerFactory",14,1,1,2,2,0,1,0,2
"br.com.trevisantecnologia.umov.watcher.model.Condition",13,3,3,3,0,0,3,2,1
"br.com.trevisantecnologia.umov.watcher.tasksfinisher.domain.exceptions.TaskFinisherException",13,3,3,3,0,0,6,1,1
"br.com.trevisantecnologia.umov.watcher.types.TypeResolver",13,2,2,2,2,0,1,0,1
"br.com.trevisantecnologia.umov.watcher.service.ServiceLocalService",13,1,1,1,4,3,0,4,1
"br.com.trevisantecnologia.umov.watcher.service.SmsService",13,1,1,1,4,3,1,4,1
"br.com.trevisantecnologia.umov.watcher.feeder.domain.model.ExecuteInformation",12,9,9,9,0,0,14,0,0
"br.com.trevisantecnologia.umov.watcher.tasksfinisher.domain.FinishTaskDTO",12,6,6,6,3,2,1,2,0
"br.com.trevisantecnologia.umov.watcher.feeder.domain.port.IHistoryItemFeed",12,3,3,3,6,5,1,5,0
"br.com.trevisantecnologia.umov.watcher.feeder.domain.port.ICustomFieldFeed",12,3,3,3,6,5,4,5,0
"br.com.trevisantecnologia.umov.watcher.feeder.domain.builder.criteria.FeedCriteriaService",12,2,1,2,2,2,3,2,0
"br.com.trevisantecnologia.umov.watcher.dao.SessionVariableDao",12,2,1,2,2,1,2,5,0
"br.com.trevisantecnologia.umov.watcher.persistence.CustomPostgreSQLDialect",12,1,1,1,3,0,0,1,0
"br.com.trevisantecnologia.umov.watcher.service.AuditService",12,1,1,1,2,1,1,1,1
"br.com.trevisantecnologia.umov.watcher.types.BooleanCharacterType",12,1,1,1,3,0,0,1,3
"br.com.trevisantecnologia.umov.watcher.dao.impl.DefaultSystemSettingsDaoImpl",12,1,1,1,4,2,3,3,0
"br.com.trevisantecnologia.umov.watcher.tasksfinisher.domain.actions.ReturnFromField",12,1,0,1,4,3,0,4,0
"br.com.trevisantecnologia.umov.watcher.tasksfinisher.domain.actions.Cancel",12,1,0,1,4,3,0,4,0
"br.com.trevisantecnologia.umov.watcher.dao.GenericDao",11,6,6,6,2,0,12,0,0
"br.com.trevisantecnologia.umov.watcher.feeder.domain.port.ICustomEntityEntryFeed",11,3,3,3,5,4,2,4,0
"br.com.trevisantecnologia.umov.watcher.dao.impl.SystemParameterDaoImpl",11,1,1,2,4,2,7,3,0
"br.com.trevisantecnologia.umov.watcher.feeder.domain.builder.Builder",10,4,4,4,3,2,8,2,0
"br.com.trevisantecnologia.umov.watcher.feeder.domain.port.IServiceLocalItemFeed",10,3,3,3,4,3,2,3,0
"br.com.trevisantecnologia.umov.watcher.model.SmsRecipients",10,2,2,2,0,0,1,0,1
"br.com.trevisantecnologia.umov.watcher.feeder.domain.builder.criteria.FeedCriteriaPropertyService",9,1,1,1,2,2,0,3,0
"br.com.trevisantecnologia.umov.watcher.feeder.domain.operations.Delete",9,1,0,1,2,2,0,3,0
"br.com.trevisantecnologia.umov.watcher.feeder.domain.operations.Insert",9,1,0,1,2,2,0,3,0
"br.com.trevisantecnologia.umov.watcher.feeder.domain.operations.Update",9,1,0,1,2,2,0,3,0
"br.com.trevisantecnologia.umov.watcher.feeder.domain.port.IFeederService",8,3,3,3,2,1,3,1,0
"br.com.trevisantecnologia.umov.watcher.mapping.ArchaicEntityMapper",8,1,0,1,2,2,0,3,0
"br.com.trevisantecnologia.umov.watcher.types.BooleanChar",8,1,1,1,0,0,1,1,2
"br.com.trevisantecnologia.umov.watcher.model.schedule.notification.smartpush.notification.param.ParamNotExistsException",8,1,1,1,1,0,1,1,1
"br.com.trevisantecnologia.umov.watcher.exception.SaveException",8,1,1,1,0,0,4,2,2
"br.com.trevisantecnologia.umov.watcher.exception.NextImportPackageNumberException",8,1,1,1,0,0,2,2,2
"br.com.trevisantecnologia.umov.watcher.exception.FtpDirectoryNotFoundException",8,1,1,1,0,0,2,2,2
"br.com.trevisantecnologia.umov.watcher.eca.action.schedule.notification.Translator",7,3,3,3,1,0,4,0,0
"br.com.trevisantecnologia.umov.watcher.tasksfinisher.domain.Finisher",7,3,3,3,1,1,2,1,0
"br.com.trevisantecnologia.umov.watcher.feeder.domain.port.ICustomFieldValueFeed",7,1,1,1,3,2,2,2,0
"br.com.trevisantecnologia.umov.watcher.feeder.domain.exceptions.CustomEntityEntryFeederException",7,1,1,1,0,0,9,1,1
"br.com.trevisantecnologia.umov.watcher.tasksfinisher.domain.TasksReturnFromField",7,1,1,1,3,2,2,2,0
"br.com.trevisantecnologia.umov.watcher.tasksfinisher.domain.TasksToCancel",7,1,1,1,3,2,2,2,0
"br.com.trevisantecnologia.umov.watcher.exception.RowCountException",7,1,1,1,0,0,1,2,1
"br.com.trevisantecnologia.umov.watcher.exception.SendEmailException",7,1,1,1,0,0,1,1,1
"br.com.trevisantecnologia.umov.watcher.exception.BusinessValidation",7,1,1,1,0,0,1,1,1
"br.com.trevisantecnologia.umov.watcher.exception.MissingRequiredParameterToChangePasswordException",7,1,1,1,0,0,0,1,1
"br.com.trevisantecnologia.umov.watcher.exception.PropertyNotFoundException",7,1,1,1,0,0,1,1,1
"br.com.trevisantecnologia.umov.watcher.exception.ScheduleSendEmailException",7,1,1,1,0,0,2,1,1
"br.com.trevisantecnologia.umov.watcher.exception.SaveOrUpdateException",7,1,1,1,0,0,1,3,1
"br.com.trevisantecnologia.umov.watcher.exception.SearchEventViewException",7,1,1,1,0,0,1,2,1
"br.com.trevisantecnologia.umov.watcher.exception.EventConditionException",7,1,1,1,0,0,15,1,1
"br.com.trevisantecnologia.umov.watcher.exception.BusinessException",7,1,1,1,0,0,2,1,1
"br.com.trevisantecnologia.umov.watcher.exception.EntityNotMappedException",7,1,1,1,0,0,1,2,1
"br.com.trevisantecnologia.umov.watcher.exception.NoRecipientFoundException",7,1,1,1,0,0,1,1,1
"br.com.trevisantecnologia.umov.watcher.exception.FindByCriteriaException",7,1,1,1,0,0,5,2,1
"br.com.trevisantecnologia.umov.watcher.exception.AlternativeIdentifierDuplicationException",7,1,1,1,0,0,1,2,1
"br.com.trevisantecnologia.umov.watcher.exception.CustomerDoNotAllowedToChangePasswordException",7,1,1,1,0,0,0,1,1
"br.com.trevisantecnologia.umov.watcher.task.SendTask",6,1,1,1,2,2,2,2,0
"br.com.trevisantecnologia.umov.watcher.feeder.domain.port.ICustomEntityFeed",6,1,1,1,2,2,2,2,0
"br.com.trevisantecnologia.umov.watcher.model.Verbas",5,2,2,2,0,0,2,0,0
"br.com.trevisantecnologia.umov.watcher.mapping.EntityMapper",5,1,1,1,1,1,1,1,0
"br.com.trevisantecnologia.umov.watcher.eca.connector.task.observer.Observer",5,1,1,1,1,1,2,1,0
"br.com.trevisantecnologia.umov.watcher.dao.EventViewDao",5,1,1,1,1,0,3,0,0
"br.com.trevisantecnologia.umov.watcher.tasksfinisher.domain.UpdateAgents",5,1,1,1,1,1,2,1,0
"br.com.trevisantecnologia.umov.watcher.tasksfinisher.domain.UpdateTasks",5,1,1,1,1,1,2,1,0
"br.com.trevisantecnologia.umov.watcher.tasksfinisher.domain.DomainEvents.ItWasFinisherTasks",5,1,1,1,1,1,3,1,0
"br.com.trevisantecnologia.umov.watcher.dao.impl.SubGrouDaoImpl",5,0,0,1,2,2,1,3,0
"br.com.trevisantecnologia.umov.watcher.dao.impl.SmsDaoImpl",5,0,0,1,2,2,1,3,0
"br.com.trevisantecnologia.umov.watcher.dao.impl.ActionImplDaoImpl",5,0,0,1,2,2,1,3,0
"br.com.trevisantecnologia.umov.watcher.dao.impl.CustomEntityDaoImpl",5,0,0,1,2,2,1,3,0
"br.com.trevisantecnologia.umov.watcher.dao.impl.ServiceLocalDaoImpl",5,0,0,1,2,2,2,3,0
"br.com.trevisantecnologia.umov.watcher.task.WatcherTask",4,1,1,1,0,0,22,0,0
"br.com.trevisantecnologia.umov.watcher.feeder.domain.model.FeedField",4,1,1,1,0,0,5,0,0
"br.com.trevisantecnologia.umov.watcher.validators.WatcherValidator",4,1,1,1,0,0,1,0,0
"br.com.trevisantecnologia.umov.watcher.model.EntityModel",4,1,1,1,0,0,5,0,0
"br.com.trevisantecnologia.umov.watcher.feeder.domain.exceptions.CriteriasNotFoundException",4,0,0,1,0,0,1,1,1
"br.com.trevisantecnologia.umov.watcher.dao.ActivityDaoImpl",4,0,0,1,1,1,1,2,0
"br.com.trevisantecnologia.umov.watcher.exception.NotFoundFeederStrategyException",4,0,0,1,0,0,1,1,1
"br.com.trevisantecnologia.umov.watcher.exception.FailedChangePassowordAttemptException",4,0,0,1,0,0,0,1,1
"br.com.trevisantecnologia.umov.watcher.exception.AdapterNotImplementedException",4,0,0,1,0,0,0,1,1
"br.com.trevisantecnologia.umov.watcher.model.SmsDTO",3,0,0,1,0,0,2,1,0
"br.com.trevisantecnologia.umov.watcher.model.schedule.notification.smartpush.notification.param.Param",3,0,0,1,0,0,3,0,0
"br.com.trevisantecnologia.umov.watcher.model.SessionVariable",3,0,0,1,0,0,1,1,0
"br.com.trevisantecnologia.umov.watcher.model.Subject",3,0,0,1,0,0,3,1,0
"br.com.trevisantecnologia.umov.watcher.model.Mail",3,0,0,1,0,0,4,1,0
