"type","dep","i-dep","fan-in","fan-out"
"br.com.trevisantecnologia.umov.watcher.model.ConnectorImpl",5,0,1,3
"br.com.trevisantecnologia.umov.watcher.dao.impl.ScheduleDaoImpl",34,12,7,20
"br.com.trevisantecnologia.umov.watcher.model.Schedule",19,0,29,1
"br.com.trevisantecnologia.umov.watcher.eca.connector.task.ScheduleService",24,9,5,14
"br.com.trevisantecnologia.umov.watcher.eca.connector.task.ScheduleImportService",26,12,1,17
"br.com.trevisantecnologia.umov.watcher.eca.connector.task.FinishScheduleBaseOnGPSService",28,17,1,21
"br.com.trevisantecnologia.umov.watcher.model.ScheduleReportRequest",3,0,13,2
"br.com.trevisantecnologia.umov.watcher.builder.ScheduleReportMailBuilder",17,9,1,13
"br.com.trevisantecnologia.umov.watcher.model.ActivityHistory",15,0,8,1
"br.com.trevisantecnologia.umov.watcher.service.ScheduleService",27,19,3,22
"br.com.trevisantecnologia.umov.watcher.feeder.domain.model.FeedRuleMapping",7,4,28,8
"br.com.trevisantecnologia.umov.watcher.model.schedule.notification.ScheduleNotification",18,1,15,2
"br.com.trevisantecnologia.umov.watcher.dao.AbstractDao",17,7,38,14
"br.com.trevisantecnologia.umov.watcher.model.LogEca",10,0,1,1
"br.com.trevisantecnologia.umov.watcher.task.ApiCallbackTask",27,15,1,21
"br.com.trevisantecnologia.umov.watcher.model.SystemParameter",7,1,10,2
"br.com.trevisantecnologia.umov.watcher.io.FileSystemManager",9,2,12,8
"br.com.trevisantecnologia.umov.watcher.eca.connector.task.ScheduleExportService",22,9,1,12
"br.com.trevisantecnologia.umov.watcher.model.ScheduleFeed",11,1,11,4
"br.com.trevisantecnologia.umov.watcher.model.AnalyzeScheduleContext",8,0,6,4
"br.com.trevisantecnologia.umov.watcher.model.CustomField",10,0,10,1
"br.com.trevisantecnologia.umov.watcher.model.ScheduleImport",9,0,2,0
"br.com.trevisantecnologia.umov.watcher.model.GeoCoordinate",9,0,0,0
"br.com.trevisantecnologia.umov.watcher.dao.impl.LogEcaDaoImpl",17,5,5,10
"br.com.trevisantecnologia.umov.watcher.model.schedule.notification.smartpush.SmartPushProperties",7,1,9,3
"br.com.trevisantecnologia.umov.watcher.eca.action.ActionParameterTranslator",24,19,7,22
"br.com.trevisantecnologia.umov.watcher.http.RESTClientProvider",28,3,2,8
"br.com.trevisantecnologia.umov.watcher.task.SendSmsTask",25,15,0,19
"br.com.trevisantecnologia.umov.watcher.feeder.oldway.ItemFeeder",19,13,0,16
"br.com.trevisantecnologia.umov.watcher.eca.connector.task.ScheduleSendMailService",14,6,0,11
"br.com.trevisantecnologia.umov.watcher.model.Item",15,0,5,0
"br.com.trevisantecnologia.umov.watcher.model.Event",10,0,18,1
"br.com.trevisantecnologia.umov.watcher.builder.ReportRequest",14,10,3,12
"br.com.trevisantecnologia.umov.watcher.dao.impl.ActivityHistoryDaoImpl",22,6,5,11
"br.com.trevisantecnologia.umov.watcher.model.ScheduleExport",9,0,2,0
"br.com.trevisantecnologia.umov.watcher.task.SendReportScheduleExecutionTask",18,10,1,15
"br.com.trevisantecnologia.umov.watcher.model.ActionImpl",8,0,16,4
"br.com.trevisantecnologia.umov.watcher.dao.impl.HistoryItemDaoImpl",20,7,3,9
"br.com.trevisantecnologia.umov.watcher.model.Feed",6,0,8,0
"br.com.trevisantecnologia.umov.watcher.service.HistoryItemService",18,10,4,15
"br.com.trevisantecnologia.umov.watcher.tasksfinisher.domain.model.ClientSettings",5,2,14,5
"br.com.trevisantecnologia.umov.watcher.service.CustomFieldValueService",14,12,2,16
"br.com.trevisantecnologia.umov.watcher.model.CustomFieldValue",10,0,10,2
"br.com.trevisantecnologia.umov.watcher.eca.action.schedule.notification.parse.ParseTranslator",11,4,0,8
"br.com.trevisantecnologia.umov.watcher.model.Agent",8,0,3,2
"br.com.trevisantecnologia.umov.watcher.model.HistoryItem",9,0,14,0
"br.com.trevisantecnologia.umov.watcher.model.Activity",11,1,7,1
"br.com.trevisantecnologia.umov.watcher.model.ArrayLongToListLongType",11,0,0,5
"br.com.trevisantecnologia.umov.watcher.feeder.domain.builder.CustomEntityBuilder",17,13,0,15
"br.com.trevisantecnologia.umov.watcher.eca.action.manager.ActionManagerFactory",26,20,2,21
"br.com.trevisantecnologia.umov.watcher.model.CustomEntityEntry",11,0,4,2
"br.com.trevisantecnologia.umov.watcher.eca.connector.task.ScheduleServiceFactory",10,7,1,8
"br.com.trevisantecnologia.umov.watcher.io.PropertiesLoader",9,2,4,7
"br.com.trevisantecnologia.umov.watcher.model.ExportLayout",5,0,4,1
"br.com.trevisantecnologia.umov.watcher.model.DefaultSystemSettings",3,0,5,0
"br.com.trevisantecnologia.umov.watcher.task.AnalyzeScheduleTask",16,9,1,13
"br.com.trevisantecnologia.umov.watcher.model.Client",6,0,10,1
"br.com.trevisantecnologia.umov.watcher.model.schedule.notification.smartpush.Push",5,4,1,6
"br.com.trevisantecnologia.umov.watcher.model.EventAutoFinishScheduleView",9,1,4,2
"br.com.trevisantecnologia.umov.watcher.model.Media",7,0,3,0
"br.com.trevisantecnologia.umov.watcher.model.CustomEntity",11,0,7,0
"br.com.trevisantecnologia.umov.watcher.eca.ContextBuilder",7,3,2,4
"br.com.trevisantecnologia.umov.watcher.monitor.Monitor",9,3,12,9
"br.com.trevisantecnologia.umov.watcher.task.FinishScheduleBaseOnGPSTask",12,8,1,11
"br.com.trevisantecnologia.umov.watcher.types.JSONFeedRuleMappingType",12,1,0,4
"br.com.trevisantecnologia.umov.watcher.dao.impl.AgentDaoImpl",7,4,3,8
"br.com.trevisantecnologia.umov.watcher.model.EventImportView",9,0,4,0
"br.com.trevisantecnologia.umov.watcher.tasksfinisher.domain.model.Task",2,0,8,0
"br.com.trevisantecnologia.umov.watcher.model.EventExportView",8,0,4,0
"br.com.trevisantecnologia.umov.watcher.Watcher",17,14,2,17
"br.com.trevisantecnologia.umov.watcher.tasksfinisher.domain.actions.FilterTasksToRun",10,2,0,4
"br.com.trevisantecnologia.umov.watcher.task.SchedulePhotoToUploadTask",14,4,1,8
"br.com.trevisantecnologia.umov.watcher.feeder.oldway.ScheduleFeeder",13,8,0,11
"br.com.trevisantecnologia.umov.watcher.dao.impl.EventDaoImpl",8,4,4,8
"br.com.trevisantecnologia.umov.watcher.model.RESTRequest",3,0,2,1
"br.com.trevisantecnologia.umov.watcher.io.ImporterFileSorter",4,0,1,5
"br.com.trevisantecnologia.umov.watcher.model.Sms",3,0,3,0
"br.com.trevisantecnologia.umov.watcher.model.ServiceLocalItem",8,0,4,1
"br.com.trevisantecnologia.umov.watcher.model.ScheduleActivity",9,0,5,0
"br.com.trevisantecnologia.umov.watcher.model.SectionField",7,0,2,0
"br.com.trevisantecnologia.umov.watcher.log.LogManager",2,0,4,3
"br.com.trevisantecnologia.umov.watcher.dao.impl.FilterDAO",1,1,2,4
"br.com.trevisantecnologia.umov.watcher.task.schedule.notification.ScheduleNotificationTask",14,7,1,10
"br.com.trevisantecnologia.umov.watcher.model.schedule.notification.smartpush.notification.param.APS",2,2,1,4
"br.com.trevisantecnologia.umov.watcher.tasksfinisher.domain.TasksFinisherFactory",10,8,1,9
"br.com.trevisantecnologia.umov.watcher.model.ServiceLocal",3,0,4,1
"br.com.trevisantecnologia.umov.watcher.task.FeederTask",15,3,1,6
"br.com.trevisantecnologia.umov.watcher.feeder.domain.model.FeedFieldRule",0,0,3,3
"br.com.trevisantecnologia.umov.watcher.model.ActivityHistoryPhoto",6,0,2,0
"br.com.trevisantecnologia.umov.watcher.model.Recipients",5,0,2,1
"br.com.trevisantecnologia.umov.watcher.mapping.EntityMailMapper",9,7,3,10
"br.com.trevisantecnologia.umov.watcher.task.ScheduleExportTask",15,4,1,8
"br.com.trevisantecnologia.umov.watcher.eca.adapter.impl.InternalConnector",13,1,1,4
"br.com.trevisantecnologia.umov.watcher.model.schedule.notification.smartpush.notification.Notification",4,4,3,6
"br.com.trevisantecnologia.umov.watcher.http.UmovCenterAdapter",9,3,1,5
"br.com.trevisantecnologia.umov.watcher.task.ScheduleImportTask",14,4,1,8
"br.com.trevisantecnologia.umov.watcher.service.CustomFieldService",12,10,1,14
"br.com.trevisantecnologia.umov.watcher.dao.impl.CustomFieldValueDaoImpl",9,5,4,7
"br.com.trevisantecnologia.umov.watcher.tasksfinisher.domain.TasksFinisher",8,6,1,8
"br.com.trevisantecnologia.umov.watcher.task.ScheduleImageImportTask",13,5,1,9
"br.com.trevisantecnologia.umov.watcher.task.AnalyzeOverdueScheduleTask",12,6,1,10
"br.com.trevisantecnologia.umov.watcher.builder.ScheduleReportSmsBuilder",6,3,1,5
"br.com.trevisantecnologia.umov.watcher.feeder.domain.builder.ServiceLocalItemBuilder",11,7,0,9
"br.com.trevisantecnologia.umov.watcher.model.ExportLayoutActivity",6,0,2,0
"br.com.trevisantecnologia.umov.watcher.service.AbstractService",6,4,11,8
"br.com.trevisantecnologia.umov.watcher.model.Section",6,0,3,0
"br.com.trevisantecnologia.umov.watcher.eca.action.schedule.notification.smartpush.SmartPushTranslator",8,4,2,7
"br.com.trevisantecnologia.umov.watcher.tasksfinisher.domain.actions.ActionHandler",9,5,3,7
"br.com.trevisantecnologia.umov.watcher.feeder.domain.builder.criteria.FeedCriteriaCustomFieldService",12,7,0,11
"br.com.trevisantecnologia.umov.watcher.ioc.guice.WatcherInjectionModule",14,4,1,7
"br.com.trevisantecnologia.umov.watcher.feeder.domain.builder.EntryFillerService",10,8,0,13
"br.com.trevisantecnologia.umov.watcher.model.Entity",1,0,15,0
"br.com.trevisantecnologia.umov.watcher.feeder.aplication.EntityFeederRuleMappingService",11,5,0,6
"br.com.trevisantecnologia.umov.watcher.log.LogAppender",1,0,1,0
"br.com.trevisantecnologia.umov.watcher.feeder.domain.model.FeedOperation",2,0,0,1
"br.com.trevisantecnologia.umov.watcher.eca.connector.task.ScheduleAutoFinishService",9,3,0,5
"br.com.trevisantecnologia.umov.watcher.eca.connector.task.ScheduleAutoCancelService",9,3,0,5
"br.com.trevisantecnologia.umov.watcher.feeder.domain.port.ServiceDependencyFactory",7,6,6,6
"br.com.trevisantecnologia.umov.watcher.model.ApiCallback",3,0,2,2
"br.com.trevisantecnologia.umov.watcher.tasksfinisher.domain.model.TaskFinalized",3,1,8,3
"br.com.trevisantecnologia.umov.watcher.cache.ImportCacheManager",3,0,2,3
"br.com.trevisantecnologia.umov.watcher.service.WatcherEventService",8,2,3,5
"br.com.trevisantecnologia.umov.watcher.feeder.oldway.FeederStrategy",7,2,3,7
"br.com.trevisantecnologia.umov.watcher.feeder.domain.builder.criteria.FeedWhere",3,0,6,1
"br.com.trevisantecnologia.umov.watcher.service.CustomEntityEntryService",11,8,1,10
"br.com.trevisantecnologia.umov.watcher.model.schedule.notification.smartpush.notification.param.ParamIOS",2,2,1,4
"br.com.trevisantecnologia.umov.watcher.model.schedule.notification.smartpush.notification.NotificationFactory",7,2,1,4
"br.com.trevisantecnologia.umov.watcher.dao.impl.ScheduleImportDaoImpl",10,4,2,7
"br.com.trevisantecnologia.umov.watcher.feeder.domain.Feeder",12,6,1,6
"br.com.trevisantecnologia.umov.watcher.model.schedule.notification.smartpush.notification.param.ParamAndroid",1,1,1,4
"br.com.trevisantecnologia.umov.watcher.feeder.domain.operations.Operation",6,5,5,6
"br.com.trevisantecnologia.umov.watcher.serialize.ConditionConverter",6,1,1,4
"br.com.trevisantecnologia.umov.watcher.service.ItemService",8,5,1,6
"br.com.trevisantecnologia.umov.watcher.serialize.ScheduleConverter",7,2,1,4
"br.com.trevisantecnologia.umov.watcher.http.HttpUtil",6,0,1,3
"br.com.trevisantecnologia.umov.watcher.feeder.domain.operations.OperationFactory",3,1,1,2
"br.com.trevisantecnologia.umov.watcher.model.SubGroup",3,0,1,0
"br.com.trevisantecnologia.umov.watcher.task.SendMailTask",7,5,1,7
"br.com.trevisantecnologia.umov.watcher.service.ServiceLocalItemService",10,8,1,10
"br.com.trevisantecnologia.umov.watcher.serialize.JodaDateTimeConverter",9,0,1,3
"br.com.trevisantecnologia.umov.watcher.service.ClientService",7,4,1,6
"br.com.trevisantecnologia.umov.watcher.dao.impl.ScheduleExportDaoImpl",9,3,2,8
"br.com.trevisantecnologia.umov.watcher.dao.impl.ClientDaoImpl",5,3,1,7
"br.com.trevisantecnologia.umov.watcher.task.SendTaskFactory",5,3,0,4
"br.com.trevisantecnologia.umov.watcher.serialize.MailConverter",7,2,1,6
"br.com.trevisantecnologia.umov.watcher.eca.action.manager.impl.ActionManagerImpl",8,2,1,3
"br.com.trevisantecnologia.umov.watcher.feeder.domain.builder.ServiceLocalBuilder",6,4,0,6
"br.com.trevisantecnologia.umov.watcher.ioc.guice.HibernateSessionProvider",10,3,0,5
"br.com.trevisantecnologia.umov.watcher.feeder.aplication.FeederService",7,5,1,6
"br.com.trevisantecnologia.umov.watcher.mapping.EntityMapperFactory",4,2,1,3
"br.com.trevisantecnologia.umov.watcher.dao.impl.CustomEntityEntryDaoImpl",9,4,1,8
"br.com.trevisantecnologia.umov.watcher.interceptor.TransactionAnnotationInterceptor",6,0,1,1
"br.com.trevisantecnologia.umov.watcher.service.ActivityHistoryService",7,4,2,4
"br.com.trevisantecnologia.umov.watcher.model.schedule.notification.smartpush.filter.RulesFactory",5,2,1,4
"br.com.trevisantecnologia.umov.watcher.io.ImporterFileFilter",3,0,1,3
"br.com.trevisantecnologia.umov.watcher.monitor.FeederMonitor",5,2,1,3
"br.com.trevisantecnologia.umov.watcher.mapping.AbstractEntityMapper",5,3,4,5
"br.com.trevisantecnologia.umov.watcher.serialize.ActivityConverter",6,1,1,5
"br.com.trevisantecnologia.umov.watcher.service.ConnectorService",6,3,2,4
"br.com.trevisantecnologia.umov.watcher.serialize.EntityConverter",2,1,4,2
"br.com.trevisantecnologia.umov.watcher.model.ScheduleGPSContext",1,0,5,0
"br.com.trevisantecnologia.umov.watcher.model.Authentication",1,0,1,0
"br.com.trevisantecnologia.umov.watcher.serialize.BodyConverter",7,1,1,4
"br.com.trevisantecnologia.umov.watcher.serialize.SmsConverter",7,1,1,4
"br.com.trevisantecnologia.umov.watcher.serialize.SubjectConverter",7,1,1,4
"br.com.trevisantecnologia.umov.watcher.service.CustomEntityService",7,6,1,10
"br.com.trevisantecnologia.umov.watcher.interceptor.TransactionInterceptor",5,0,1,1
"br.com.trevisantecnologia.umov.watcher.feeder.domain.model.FeedCriteria",0,0,4,1
"br.com.trevisantecnologia.umov.watcher.validators.ScheduleImageImportValidator",3,2,1,4
"br.com.trevisantecnologia.umov.watcher.model.Partner",3,0,0,0
"br.com.trevisantecnologia.umov.watcher.monitor.schedule.notification.ScheduleNotificationMonitor",6,3,1,4
"br.com.trevisantecnologia.umov.watcher.feeder.domain.operations.InsertOrUpdate",3,2,0,4
"br.com.trevisantecnologia.umov.watcher.eca.action.schedule.notification.TranslatorFactory",6,5,1,6
"br.com.trevisantecnologia.umov.watcher.dao.impl.ItemDaoImpl",7,3,1,5
"br.com.trevisantecnologia.umov.watcher.mapping.ActivityConditionMapper",2,2,0,5
"br.com.trevisantecnologia.umov.watcher.tasksfinisher.domain.InfrastructureFactory",3,2,3,2
"br.com.trevisantecnologia.umov.watcher.monitor.FinishScheduleBaseOnGPSMonitor",5,3,1,4
"br.com.trevisantecnologia.umov.watcher.tasksfinisher.domain.model.FilterReturnFromField",1,1,1,3
"br.com.trevisantecnologia.umov.watcher.model.ScheduleSituation",3,0,3,0
"br.com.trevisantecnologia.umov.watcher.template.TemplateEngine",5,0,1,3
"br.com.trevisantecnologia.umov.watcher.builder.XStreamBuilder",2,0,0,0
"br.com.trevisantecnologia.umov.watcher.dao.impl.FilterCancel",1,1,0,3
"br.com.trevisantecnologia.umov.watcher.tasksfinisher.domain.actions.Action",5,3,2,4
"br.com.trevisantecnologia.umov.watcher.service.ScheduleActivityService",5,4,1,6
"br.com.trevisantecnologia.umov.watcher.model.Body",3,0,4,1
"br.com.trevisantecnologia.umov.watcher.dao.impl.MediaDaoImpl",7,2,1,3
"br.com.trevisantecnologia.umov.watcher.feeder.oldway.FeederFactory",6,2,1,2
"br.com.trevisantecnologia.umov.watcher.tasksfinisher.domain.actions.ActionFactory",4,3,2,3
"br.com.trevisantecnologia.umov.watcher.dao.impl.ServiceLocalItemDao",5,2,1,4
"br.com.trevisantecnologia.umov.watcher.io.FileChecksumGenerator",6,0,2,1
"br.com.trevisantecnologia.umov.watcher.dao.impl.ScheduleActivityDaoImpl",6,3,2,4
"br.com.trevisantecnologia.umov.watcher.model.schedule.notification.smartpush.filter.Filter",3,2,1,2
"br.com.trevisantecnologia.umov.watcher.monitor.ExportingMonitor",5,2,1,3
"br.com.trevisantecnologia.umov.watcher.monitor.AnalyzeOverdueScheduleMonitor",5,2,1,3
"br.com.trevisantecnologia.umov.watcher.monitor.SendReportScheduleExecutionMonitor",5,2,1,3
"br.com.trevisantecnologia.umov.watcher.monitor.ScheduleImageImportMonitor",5,2,1,3
"br.com.trevisantecnologia.umov.watcher.monitor.SchedulePhotoToUploadMonitor",5,2,1,3
"br.com.trevisantecnologia.umov.watcher.dao.impl.CustomFieldDaoImpl",6,2,3,3
"br.com.trevisantecnologia.umov.watcher.service.EntityFeederService",5,2,1,2
"br.com.trevisantecnologia.umov.watcher.dao.impl.FilterFactory",4,3,0,3
"br.com.trevisantecnologia.umov.watcher.model.RemoteChangePasswordResult",0,0,0,0
"br.com.trevisantecnologia.umov.watcher.model.SchedulePhotoUpload",0,0,1,0
"br.com.trevisantecnologia.umov.watcher.template.MailTemplateBuilder",3,0,0,0
"br.com.trevisantecnologia.umov.watcher.monitor.AnalyzeScheduleMonitor",4,2,1,3
"br.com.trevisantecnologia.umov.watcher.monitor.ApiCallbackMonitor",4,2,1,3
"br.com.trevisantecnologia.umov.watcher.monitor.ImportingMonitor",4,2,1,3
"br.com.trevisantecnologia.umov.watcher.service.EventService",5,3,0,4
"br.com.trevisantecnologia.umov.watcher.service.ScheduleNotificationService",5,3,1,4
"br.com.trevisantecnologia.umov.watcher.mapping.ActivityEntityMapper",3,3,0,4
"br.com.trevisantecnologia.umov.watcher.feeder.domain.builder.criteria.FeedCriteriaFactory",3,1,1,2
"br.com.trevisantecnologia.umov.watcher.model.schedule.notification.smartpush.notification.param.ParamFactory",3,2,1,2
"br.com.trevisantecnologia.umov.watcher.dao.impl.EventAnalyzeOverdueScheduleViewDaoImpl",5,4,1,6
"br.com.trevisantecnologia.umov.watcher.dao.impl.EventExportViewDaoImpl",5,4,1,6
"br.com.trevisantecnologia.umov.watcher.dao.impl.EventImportViewDaoImpl",5,4,1,6
"br.com.trevisantecnologia.umov.watcher.mapping.ServiceLocalMapper",0,0,0,1
"br.com.trevisantecnologia.umov.watcher.mapping.ScheduleMapper",0,0,0,1
"br.com.trevisantecnologia.umov.watcher.mapping.AgentMapper",0,0,0,1
"br.com.trevisantecnologia.umov.watcher.feeder.domain.operations.handler.DeleteHandler",4,4,0,5
"br.com.trevisantecnologia.umov.watcher.feeder.domain.operations.handler.SaveHandler",4,4,0,5
"br.com.trevisantecnologia.umov.watcher.dao.impl.ScheduleNotificationDaoImpl",6,2,1,3
"br.com.trevisantecnologia.umov.watcher.dao.impl.ActivityHistoryPhotoDaoImpl",7,2,1,3
"br.com.trevisantecnologia.umov.watcher.dao.impl.ExportLayoutDaoImpl",7,2,2,3
"br.com.trevisantecnologia.umov.watcher.dao.impl.SectionFieldDaoImpl",5,3,1,4
"br.com.trevisantecnologia.umov.watcher.model.ItemFilterDTO",0,0,22,0
"br.com.trevisantecnologia.umov.watcher.mapping.EntityConditionMapper",4,3,2,5
"br.com.trevisantecnologia.umov.watcher.ioc.guice.WatcherInjector",2,0,2,1
"br.com.trevisantecnologia.umov.watcher.feeder.domain.operations.handler.OperantionHandler",5,4,3,4
"br.com.trevisantecnologia.umov.watcher.serialize.GsonSerializer",2,0,3,0
"me.umov.photo.serialize.GsonSerializer",2,0,0,0
"br.com.trevisantecnologia.umov.watcher.ioc.guice.AWSClientSQSImageImporterProvider",5,2,0,3
"br.com.trevisantecnologia.umov.watcher.ioc.guice.AWSClientSQSPhotoManagerProvider",5,2,0,3
"br.com.trevisantecnologia.umov.watcher.service.DefaultSystemSettingsService",3,2,2,2
"br.com.trevisantecnologia.umov.watcher.dao.impl.ScheduleFeedDaoImpl",6,2,1,3
"br.com.trevisantecnologia.umov.watcher.dao.impl.FeedDaoImpl",6,2,1,3
"br.com.trevisantecnologia.umov.watcher.dao.impl.ExportLayoutActivityDaoImpl",6,3,2,4
"br.com.trevisantecnologia.umov.watcher.dao.impl.SectionDaoImpl",4,2,1,4
"br.com.trevisantecnologia.umov.watcher.tasksfinisher.aplication.UnavailableAgents",5,4,1,5
"br.com.trevisantecnologia.umov.watcher.eca.connector.task.observer.AgentUnavailableObserver",3,2,2,3
"br.com.trevisantecnologia.umov.watcher.eca.action.ScheduleTranslator",4,3,1,3
"br.com.trevisantecnologia.umov.watcher.feeder.domain.operations.handler.OperationHandlerFactory",2,0,1,0
"br.com.trevisantecnologia.umov.watcher.model.Condition",0,0,3,2
"br.com.trevisantecnologia.umov.watcher.tasksfinisher.domain.exceptions.TaskFinisherException",0,0,6,1
"br.com.trevisantecnologia.umov.watcher.types.TypeResolver",2,0,1,0
"br.com.trevisantecnologia.umov.watcher.service.ServiceLocalService",4,3,0,4
"br.com.trevisantecnologia.umov.watcher.service.SmsService",4,3,1,4
"br.com.trevisantecnologia.umov.watcher.feeder.domain.model.ExecuteInformation",0,0,14,0
"br.com.trevisantecnologia.umov.watcher.tasksfinisher.domain.FinishTaskDTO",3,2,1,2
"br.com.trevisantecnologia.umov.watcher.feeder.domain.port.IHistoryItemFeed",6,5,1,5
"br.com.trevisantecnologia.umov.watcher.feeder.domain.port.ICustomFieldFeed",6,5,4,5
"br.com.trevisantecnologia.umov.watcher.feeder.domain.builder.criteria.FeedCriteriaService",2,2,3,2
"br.com.trevisantecnologia.umov.watcher.dao.SessionVariableDao",2,1,2,5
"br.com.trevisantecnologia.umov.watcher.persistence.CustomPostgreSQLDialect",3,0,0,1
"br.com.trevisantecnologia.umov.watcher.service.AuditService",2,1,1,1
"br.com.trevisantecnologia.umov.watcher.types.BooleanCharacterType",3,0,0,1
"br.com.trevisantecnologia.umov.watcher.dao.impl.DefaultSystemSettingsDaoImpl",4,2,3,3
"br.com.trevisantecnologia.umov.watcher.tasksfinisher.domain.actions.ReturnFromField",4,3,0,4
"br.com.trevisantecnologia.umov.watcher.tasksfinisher.domain.actions.Cancel",4,3,0,4
"br.com.trevisantecnologia.umov.watcher.dao.GenericDao",2,0,12,0
"br.com.trevisantecnologia.umov.watcher.feeder.domain.port.ICustomEntityEntryFeed",5,4,2,4
"br.com.trevisantecnologia.umov.watcher.dao.impl.SystemParameterDaoImpl",4,2,7,3
"br.com.trevisantecnologia.umov.watcher.feeder.domain.builder.Builder",3,2,8,2
"br.com.trevisantecnologia.umov.watcher.feeder.domain.port.IServiceLocalItemFeed",4,3,2,3
"br.com.trevisantecnologia.umov.watcher.model.SmsRecipients",0,0,1,0
"br.com.trevisantecnologia.umov.watcher.feeder.domain.builder.criteria.FeedCriteriaPropertyService",2,2,0,3
"br.com.trevisantecnologia.umov.watcher.feeder.domain.operations.Delete",2,2,0,3
"br.com.trevisantecnologia.umov.watcher.feeder.domain.operations.Insert",2,2,0,3
"br.com.trevisantecnologia.umov.watcher.feeder.domain.operations.Update",2,2,0,3
"br.com.trevisantecnologia.umov.watcher.feeder.domain.port.IFeederService",2,1,3,1
"br.com.trevisantecnologia.umov.watcher.mapping.ArchaicEntityMapper",2,2,0,3
"br.com.trevisantecnologia.umov.watcher.types.BooleanChar",0,0,1,1
"br.com.trevisantecnologia.umov.watcher.model.schedule.notification.smartpush.notification.param.ParamNotExistsException",1,0,1,1
"br.com.trevisantecnologia.umov.watcher.exception.SaveException",0,0,4,2
"br.com.trevisantecnologia.umov.watcher.exception.NextImportPackageNumberException",0,0,2,2
"br.com.trevisantecnologia.umov.watcher.exception.FtpDirectoryNotFoundException",0,0,2,2
"br.com.trevisantecnologia.umov.watcher.eca.action.schedule.notification.Translator",1,0,4,0
"br.com.trevisantecnologia.umov.watcher.tasksfinisher.domain.Finisher",1,1,2,1
"br.com.trevisantecnologia.umov.watcher.feeder.domain.port.ICustomFieldValueFeed",3,2,2,2
"br.com.trevisantecnologia.umov.watcher.feeder.domain.exceptions.CustomEntityEntryFeederException",0,0,9,1
"br.com.trevisantecnologia.umov.watcher.tasksfinisher.domain.TasksReturnFromField",3,2,2,2
"br.com.trevisantecnologia.umov.watcher.tasksfinisher.domain.TasksToCancel",3,2,2,2
"br.com.trevisantecnologia.umov.watcher.exception.RowCountException",0,0,1,2
"br.com.trevisantecnologia.umov.watcher.exception.SendEmailException",0,0,1,1
"br.com.trevisantecnologia.umov.watcher.exception.BusinessValidation",0,0,1,1
"br.com.trevisantecnologia.umov.watcher.exception.MissingRequiredParameterToChangePasswordException",0,0,0,1
"br.com.trevisantecnologia.umov.watcher.exception.PropertyNotFoundException",0,0,1,1
"br.com.trevisantecnologia.umov.watcher.exception.ScheduleSendEmailException",0,0,2,1
"br.com.trevisantecnologia.umov.watcher.exception.SaveOrUpdateException",0,0,1,3
"br.com.trevisantecnologia.umov.watcher.exception.SearchEventViewException",0,0,1,2
"br.com.trevisantecnologia.umov.watcher.exception.EventConditionException",0,0,15,1
"br.com.trevisantecnologia.umov.watcher.exception.BusinessException",0,0,2,1
"br.com.trevisantecnologia.umov.watcher.exception.EntityNotMappedException",0,0,1,2
"br.com.trevisantecnologia.umov.watcher.exception.NoRecipientFoundException",0,0,1,1
"br.com.trevisantecnologia.umov.watcher.exception.FindByCriteriaException",0,0,5,2
"br.com.trevisantecnologia.umov.watcher.exception.AlternativeIdentifierDuplicationException",0,0,1,2
"br.com.trevisantecnologia.umov.watcher.exception.CustomerDoNotAllowedToChangePasswordException",0,0,0,1
"br.com.trevisantecnologia.umov.watcher.task.SendTask",2,2,2,2
"br.com.trevisantecnologia.umov.watcher.feeder.domain.port.ICustomEntityFeed",2,2,2,2
"br.com.trevisantecnologia.umov.watcher.model.Verbas",0,0,2,0
"br.com.trevisantecnologia.umov.watcher.mapping.EntityMapper",1,1,1,1
"br.com.trevisantecnologia.umov.watcher.eca.connector.task.observer.Observer",1,1,2,1
"br.com.trevisantecnologia.umov.watcher.dao.EventViewDao",1,0,3,0
"br.com.trevisantecnologia.umov.watcher.tasksfinisher.domain.UpdateAgents",1,1,2,1
"br.com.trevisantecnologia.umov.watcher.tasksfinisher.domain.UpdateTasks",1,1,2,1
"br.com.trevisantecnologia.umov.watcher.tasksfinisher.domain.DomainEvents.ItWasFinisherTasks",1,1,3,1
"br.com.trevisantecnologia.umov.watcher.dao.impl.SubGrouDaoImpl",2,2,1,3
"br.com.trevisantecnologia.umov.watcher.dao.impl.SmsDaoImpl",2,2,1,3
"br.com.trevisantecnologia.umov.watcher.dao.impl.ActionImplDaoImpl",2,2,1,3
"br.com.trevisantecnologia.umov.watcher.dao.impl.CustomEntityDaoImpl",2,2,1,3
"br.com.trevisantecnologia.umov.watcher.dao.impl.ServiceLocalDaoImpl",2,2,2,3
"br.com.trevisantecnologia.umov.watcher.task.WatcherTask",0,0,22,0
"br.com.trevisantecnologia.umov.watcher.feeder.domain.model.FeedField",0,0,5,0
"br.com.trevisantecnologia.umov.watcher.validators.WatcherValidator",0,0,1,0
"br.com.trevisantecnologia.umov.watcher.model.EntityModel",0,0,5,0
"br.com.trevisantecnologia.umov.watcher.feeder.domain.exceptions.CriteriasNotFoundException",0,0,1,1
"br.com.trevisantecnologia.umov.watcher.dao.ActivityDaoImpl",1,1,1,2
"br.com.trevisantecnologia.umov.watcher.exception.NotFoundFeederStrategyException",0,0,1,1
"br.com.trevisantecnologia.umov.watcher.exception.FailedChangePassowordAttemptException",0,0,0,1
"br.com.trevisantecnologia.umov.watcher.exception.AdapterNotImplementedException",0,0,0,1
"br.com.trevisantecnologia.umov.watcher.model.SmsDTO",0,0,2,1
"br.com.trevisantecnologia.umov.watcher.model.schedule.notification.smartpush.notification.param.Param",0,0,3,0
"br.com.trevisantecnologia.umov.watcher.model.SessionVariable",0,0,1,1
"br.com.trevisantecnologia.umov.watcher.model.Subject",0,0,3,1
"br.com.trevisantecnologia.umov.watcher.model.Mail",0,0,4,1
