{"nodes":[{"name":"org.jfree.data.xy","label":"org.jfree.data.xy","id":"org.jfree.data.xy","size":85},{"name":"org.jfree.chart.axis","label":"org.jfree.chart.axis","id":"org.jfree.chart.axis","size":74},{"name":"org.jfree.chart.plot","label":"org.jfree.chart.plot","id":"org.jfree.chart.plot","size":73},{"name":"org.jfree.chart.renderer.xy","label":"org.jfree.chart.renderer.xy","id":"org.jfree.chart.renderer.xy","size":63},{"name":"org.jfree.chart.labels","label":"org.jfree.chart.labels","id":"org.jfree.chart.labels","size":56},{"name":"org.jfree.chart","label":"org.jfree.chart","id":"org.jfree.chart","size":49},{"name":"org.jfree.data.time","label":"org.jfree.data.time","id":"org.jfree.data.time","size":47},{"name":"org.jfree.chart.renderer.category","label":"org.jfree.chart.renderer.category","id":"org.jfree.chart.renderer.category","size":45},{"name":"org.jfree.data","label":"org.jfree.data","id":"org.jfree.data","size":40},{"name":"org.jfree.chart.util","label":"org.jfree.chart.util","id":"org.jfree.chart.util","size":37},{"name":"org.jfree.data.general","label":"org.jfree.data.general","id":"org.jfree.data.general","size":36},{"name":"org.jfree.chart.annotations","label":"org.jfree.chart.annotations","id":"org.jfree.chart.annotations","size":33},{"name":"org.jfree.chart.block","label":"org.jfree.chart.block","id":"org.jfree.chart.block","size":33},{"name":"org.jfree.data.statistics","label":"org.jfree.data.statistics","id":"org.jfree.data.statistics","size":31},{"name":"org.jfree.chart.plot.dial","label":"org.jfree.chart.plot.dial","id":"org.jfree.chart.plot.dial","size":28},{"name":"org.jfree.chart.ui","label":"org.jfree.chart.ui","id":"org.jfree.chart.ui","size":23},{"name":"org.jfree.chart.renderer","label":"org.jfree.chart.renderer","id":"org.jfree.chart.renderer","size":22},{"name":"org.jfree.chart.entity","label":"org.jfree.chart.entity","id":"org.jfree.chart.entity","size":21},{"name":"org.jfree.chart.event","label":"org.jfree.chart.event","id":"org.jfree.chart.event","size":20},{"name":"org.jfree.chart.needle","label":"org.jfree.chart.needle","id":"org.jfree.chart.needle","size":20},{"name":"org.jfree.chart.urls","label":"org.jfree.chart.urls","id":"org.jfree.chart.urls","size":20},{"name":"org.jfree.chart.title","label":"org.jfree.chart.title","id":"org.jfree.chart.title","size":19},{"name":"org.jfree.chart.editor","label":"org.jfree.chart.editor","id":"org.jfree.chart.editor","size":12},{"name":"org.jfree.chart.imagemap","label":"org.jfree.chart.imagemap","id":"org.jfree.chart.imagemap","size":12},{"name":"org.jfree.data.category","label":"org.jfree.data.category","id":"org.jfree.data.category","size":11},{"name":"org.jfree.data.gantt","label":"org.jfree.data.gantt","id":"org.jfree.data.gantt","size":11},{"name":"org.jfree.chart.text","label":"org.jfree.chart.text","id":"org.jfree.chart.text","size":10},{"name":"org.jfree.data.function","label":"org.jfree.data.function","id":"org.jfree.data.function","size":9},{"name":"org.jfree.data.xml","label":"org.jfree.data.xml","id":"org.jfree.data.xml","size":9},{"name":"org.jfree.data.time.ohlc","label":"org.jfree.data.time.ohlc","id":"org.jfree.data.time.ohlc","size":8},{"name":"org.jfree.chart.encoders","label":"org.jfree.chart.encoders","id":"org.jfree.chart.encoders","size":6},{"name":"org.jfree.data.json.impl","label":"org.jfree.data.json.impl","id":"org.jfree.data.json.impl","size":6},{"name":"org.jfree.data.resources","label":"org.jfree.data.resources","id":"org.jfree.data.resources","size":6},{"name":"org.jfree.chart.date","label":"org.jfree.chart.date","id":"org.jfree.chart.date","size":4},{"name":"org.jfree.chart.panel","label":"org.jfree.chart.panel","id":"org.jfree.chart.panel","size":4},{"name":"org.jfree.data.jdbc","label":"org.jfree.data.jdbc","id":"org.jfree.data.jdbc","size":3},{"name":"org.jfree.data.json","label":"org.jfree.data.json","id":"org.jfree.data.json","size":2},{"name":"org.jfree.chart.resources","label":"org.jfree.chart.resources","id":"org.jfree.chart.resources","size":1},{"name":"org.jfree.data.io","label":"org.jfree.data.io","id":"org.jfree.data.io","size":1}],"links":[{"source":"org.jfree.data.xy","target":"org.jfree.chart"},{"source":"org.jfree.data.xy","target":"org.jfree.chart.util"},{"source":"org.jfree.data.xy","target":"org.jfree.data"},{"source":"org.jfree.data.xy","target":"org.jfree.data.general"},{"source":"org.jfree.data.xy","target":"org.jfree.data.time"},{"source":"org.jfree.chart.axis","target":"org.jfree.chart"},{"source":"org.jfree.chart.axis","target":"org.jfree.chart.entity"},{"source":"org.jfree.chart.axis","target":"org.jfree.chart.event"},{"source":"org.jfree.chart.axis","target":"org.jfree.chart.plot"},{"source":"org.jfree.chart.axis","target":"org.jfree.chart.renderer.category"},{"source":"org.jfree.chart.axis","target":"org.jfree.chart.text"},{"source":"org.jfree.chart.axis","target":"org.jfree.chart.ui"},{"source":"org.jfree.chart.axis","target":"org.jfree.chart.util"},{"source":"org.jfree.chart.axis","target":"org.jfree.data"},{"source":"org.jfree.chart.axis","target":"org.jfree.data.category"},{"source":"org.jfree.chart.axis","target":"org.jfree.data.time"},{"source":"org.jfree.chart.axis","target":"org.jfree.data.xy"},{"source":"org.jfree.chart.plot","target":"org.jfree.chart"},{"source":"org.jfree.chart.plot","target":"org.jfree.chart.annotations"},{"source":"org.jfree.chart.plot","target":"org.jfree.chart.axis"},{"source":"org.jfree.chart.plot","target":"org.jfree.chart.date"},{"source":"org.jfree.chart.plot","target":"org.jfree.chart.entity"},{"source":"org.jfree.chart.plot","target":"org.jfree.chart.event"},{"source":"org.jfree.chart.plot","target":"org.jfree.chart.labels"},{"source":"org.jfree.chart.plot","target":"org.jfree.chart.needle"},{"source":"org.jfree.chart.plot","target":"org.jfree.chart.panel"},{"source":"org.jfree.chart.plot","target":"org.jfree.chart.renderer"},{"source":"org.jfree.chart.plot","target":"org.jfree.chart.renderer.category"},{"source":"org.jfree.chart.plot","target":"org.jfree.chart.renderer.xy"},{"source":"org.jfree.chart.plot","target":"org.jfree.chart.text"},{"source":"org.jfree.chart.plot","target":"org.jfree.chart.title"},{"source":"org.jfree.chart.plot","target":"org.jfree.chart.ui"},{"source":"org.jfree.chart.plot","target":"org.jfree.chart.urls"},{"source":"org.jfree.chart.plot","target":"org.jfree.chart.util"},{"source":"org.jfree.chart.plot","target":"org.jfree.data"},{"source":"org.jfree.chart.plot","target":"org.jfree.data.category"},{"source":"org.jfree.chart.plot","target":"org.jfree.data.general"},{"source":"org.jfree.chart.plot","target":"org.jfree.data.time"},{"source":"org.jfree.chart.plot","target":"org.jfree.data.xy"},{"source":"org.jfree.chart.renderer.xy","target":"org.jfree.chart"},{"source":"org.jfree.chart.renderer.xy","target":"org.jfree.chart.annotations"},{"source":"org.jfree.chart.renderer.xy","target":"org.jfree.chart.axis"},{"source":"org.jfree.chart.renderer.xy","target":"org.jfree.chart.entity"},{"source":"org.jfree.chart.renderer.xy","target":"org.jfree.chart.event"},{"source":"org.jfree.chart.renderer.xy","target":"org.jfree.chart.labels"},{"source":"org.jfree.chart.renderer.xy","target":"org.jfree.chart.plot"},{"source":"org.jfree.chart.renderer.xy","target":"org.jfree.chart.renderer"},{"source":"org.jfree.chart.renderer.xy","target":"org.jfree.chart.text"},{"source":"org.jfree.chart.renderer.xy","target":"org.jfree.chart.ui"},{"source":"org.jfree.chart.renderer.xy","target":"org.jfree.chart.urls"},{"source":"org.jfree.chart.renderer.xy","target":"org.jfree.chart.util"},{"source":"org.jfree.chart.renderer.xy","target":"org.jfree.data"},{"source":"org.jfree.chart.renderer.xy","target":"org.jfree.data.general"},{"source":"org.jfree.chart.renderer.xy","target":"org.jfree.data.statistics"},{"source":"org.jfree.chart.renderer.xy","target":"org.jfree.data.xy"},{"source":"org.jfree.chart.labels","target":"org.jfree.chart"},{"source":"org.jfree.chart.labels","target":"org.jfree.chart.plot"},{"source":"org.jfree.chart.labels","target":"org.jfree.chart.renderer.xy"},{"source":"org.jfree.chart.labels","target":"org.jfree.chart.util"},{"source":"org.jfree.chart.labels","target":"org.jfree.data"},{"source":"org.jfree.chart.labels","target":"org.jfree.data.category"},{"source":"org.jfree.chart.labels","target":"org.jfree.data.general"},{"source":"org.jfree.chart.labels","target":"org.jfree.data.statistics"},{"source":"org.jfree.chart.labels","target":"org.jfree.data.time"},{"source":"org.jfree.chart.labels","target":"org.jfree.data.xy"},{"source":"org.jfree.chart","target":"org.jfree.chart.annotations"},{"source":"org.jfree.chart","target":"org.jfree.chart.axis"},{"source":"org.jfree.chart","target":"org.jfree.chart.block"},{"source":"org.jfree.chart","target":"org.jfree.chart.editor"},{"source":"org.jfree.chart","target":"org.jfree.chart.encoders"},{"source":"org.jfree.chart","target":"org.jfree.chart.entity"},{"source":"org.jfree.chart","target":"org.jfree.chart.event"},{"source":"org.jfree.chart","target":"org.jfree.chart.imagemap"},{"source":"org.jfree.chart","target":"org.jfree.chart.labels"},{"source":"org.jfree.chart","target":"org.jfree.chart.panel"},{"source":"org.jfree.chart","target":"org.jfree.chart.plot"},{"source":"org.jfree.chart","target":"org.jfree.chart.renderer"},{"source":"org.jfree.chart","target":"org.jfree.chart.renderer.category"},{"source":"org.jfree.chart","target":"org.jfree.chart.renderer.xy"},{"source":"org.jfree.chart","target":"org.jfree.chart.text"},{"source":"org.jfree.chart","target":"org.jfree.chart.title"},{"source":"org.jfree.chart","target":"org.jfree.chart.ui"},{"source":"org.jfree.chart","target":"org.jfree.chart.urls"},{"source":"org.jfree.chart","target":"org.jfree.chart.util"},{"source":"org.jfree.chart","target":"org.jfree.data"},{"source":"org.jfree.chart","target":"org.jfree.data.category"},{"source":"org.jfree.chart","target":"org.jfree.data.gantt"},{"source":"org.jfree.chart","target":"org.jfree.data.general"},{"source":"org.jfree.chart","target":"org.jfree.data.statistics"},{"source":"org.jfree.chart","target":"org.jfree.data.time"},{"source":"org.jfree.chart","target":"org.jfree.data.xy"},{"source":"org.jfree.data.time","target":"org.jfree.chart"},{"source":"org.jfree.data.time","target":"org.jfree.chart.date"},{"source":"org.jfree.data.time","target":"org.jfree.chart.util"},{"source":"org.jfree.data.time","target":"org.jfree.data"},{"source":"org.jfree.data.time","target":"org.jfree.data.general"},{"source":"org.jfree.data.time","target":"org.jfree.data.xy"},{"source":"org.jfree.chart.renderer.category","target":"org.jfree.chart"},{"source":"org.jfree.chart.renderer.category","target":"org.jfree.chart.axis"},{"source":"org.jfree.chart.renderer.category","target":"org.jfree.chart.entity"},{"source":"org.jfree.chart.renderer.category","target":"org.jfree.chart.event"},{"source":"org.jfree.chart.renderer.category","target":"org.jfree.chart.labels"},{"source":"org.jfree.chart.renderer.category","target":"org.jfree.chart.plot"},{"source":"org.jfree.chart.renderer.category","target":"org.jfree.chart.renderer"},{"source":"org.jfree.chart.renderer.category","target":"org.jfree.chart.renderer.xy"},{"source":"org.jfree.chart.renderer.category","target":"org.jfree.chart.text"},{"source":"org.jfree.chart.renderer.category","target":"org.jfree.chart.ui"},{"source":"org.jfree.chart.renderer.category","target":"org.jfree.chart.urls"},{"source":"org.jfree.chart.renderer.category","target":"org.jfree.chart.util"},{"source":"org.jfree.chart.renderer.category","target":"org.jfree.data"},{"source":"org.jfree.chart.renderer.category","target":"org.jfree.data.category"},{"source":"org.jfree.chart.renderer.category","target":"org.jfree.data.gantt"},{"source":"org.jfree.chart.renderer.category","target":"org.jfree.data.general"},{"source":"org.jfree.chart.renderer.category","target":"org.jfree.data.statistics"},{"source":"org.jfree.data","target":"org.jfree.chart"},{"source":"org.jfree.data","target":"org.jfree.chart.util"},{"source":"org.jfree.data","target":"org.jfree.data.general"},{"source":"org.jfree.chart.util","target":"org.jfree.chart"},{"source":"org.jfree.chart.util","target":"org.jfree.chart.ui"},{"source":"org.jfree.data.general","target":"org.jfree.chart"},{"source":"org.jfree.data.general","target":"org.jfree.chart.renderer"},{"source":"org.jfree.data.general","target":"org.jfree.chart.util"},{"source":"org.jfree.data.general","target":"org.jfree.data"},{"source":"org.jfree.data.general","target":"org.jfree.data.category"},{"source":"org.jfree.data.general","target":"org.jfree.data.function"},{"source":"org.jfree.data.general","target":"org.jfree.data.statistics"},{"source":"org.jfree.data.general","target":"org.jfree.data.xy"},{"source":"org.jfree.chart.annotations","target":"org.jfree.chart"},{"source":"org.jfree.chart.annotations","target":"org.jfree.chart.axis"},{"source":"org.jfree.chart.annotations","target":"org.jfree.chart.block"},{"source":"org.jfree.chart.annotations","target":"org.jfree.chart.entity"},{"source":"org.jfree.chart.annotations","target":"org.jfree.chart.event"},{"source":"org.jfree.chart.annotations","target":"org.jfree.chart.plot"},{"source":"org.jfree.chart.annotations","target":"org.jfree.chart.renderer.xy"},{"source":"org.jfree.chart.annotations","target":"org.jfree.chart.text"},{"source":"org.jfree.chart.annotations","target":"org.jfree.chart.title"},{"source":"org.jfree.chart.annotations","target":"org.jfree.chart.ui"},{"source":"org.jfree.chart.annotations","target":"org.jfree.chart.util"},{"source":"org.jfree.chart.annotations","target":"org.jfree.data"},{"source":"org.jfree.chart.annotations","target":"org.jfree.data.category"},{"source":"org.jfree.chart.annotations","target":"org.jfree.data.xy"},{"source":"org.jfree.chart.block","target":"org.jfree.chart"},{"source":"org.jfree.chart.block","target":"org.jfree.chart.entity"},{"source":"org.jfree.chart.block","target":"org.jfree.chart.text"},{"source":"org.jfree.chart.block","target":"org.jfree.chart.ui"},{"source":"org.jfree.chart.block","target":"org.jfree.chart.util"},{"source":"org.jfree.chart.block","target":"org.jfree.data"},{"source":"org.jfree.data.statistics","target":"org.jfree.chart"},{"source":"org.jfree.data.statistics","target":"org.jfree.chart.util"},{"source":"org.jfree.data.statistics","target":"org.jfree.data"},{"source":"org.jfree.data.statistics","target":"org.jfree.data.category"},{"source":"org.jfree.data.statistics","target":"org.jfree.data.general"},{"source":"org.jfree.data.statistics","target":"org.jfree.data.xy"},{"source":"org.jfree.chart.plot.dial","target":"org.jfree.chart"},{"source":"org.jfree.chart.plot.dial","target":"org.jfree.chart.event"},{"source":"org.jfree.chart.plot.dial","target":"org.jfree.chart.plot"},{"source":"org.jfree.chart.plot.dial","target":"org.jfree.chart.text"},{"source":"org.jfree.chart.plot.dial","target":"org.jfree.chart.ui"},{"source":"org.jfree.chart.plot.dial","target":"org.jfree.chart.util"},{"source":"org.jfree.chart.plot.dial","target":"org.jfree.data.general"},{"source":"org.jfree.chart.ui","target":"org.jfree.chart.util"},{"source":"org.jfree.chart.renderer","target":"org.jfree.chart"},{"source":"org.jfree.chart.renderer","target":"org.jfree.chart.axis"},{"source":"org.jfree.chart.renderer","target":"org.jfree.chart.entity"},{"source":"org.jfree.chart.renderer","target":"org.jfree.chart.event"},{"source":"org.jfree.chart.renderer","target":"org.jfree.chart.labels"},{"source":"org.jfree.chart.renderer","target":"org.jfree.chart.plot"},{"source":"org.jfree.chart.renderer","target":"org.jfree.chart.renderer.category"},{"source":"org.jfree.chart.renderer","target":"org.jfree.chart.renderer.xy"},{"source":"org.jfree.chart.renderer","target":"org.jfree.chart.text"},{"source":"org.jfree.chart.renderer","target":"org.jfree.chart.title"},{"source":"org.jfree.chart.renderer","target":"org.jfree.chart.urls"},{"source":"org.jfree.chart.renderer","target":"org.jfree.chart.util"},{"source":"org.jfree.chart.renderer","target":"org.jfree.data"},{"source":"org.jfree.chart.renderer","target":"org.jfree.data.general"},{"source":"org.jfree.chart.renderer","target":"org.jfree.data.xy"},{"source":"org.jfree.chart.entity","target":"org.jfree.chart"},{"source":"org.jfree.chart.entity","target":"org.jfree.chart.axis"},{"source":"org.jfree.chart.entity","target":"org.jfree.chart.imagemap"},{"source":"org.jfree.chart.entity","target":"org.jfree.chart.plot"},{"source":"org.jfree.chart.entity","target":"org.jfree.chart.title"},{"source":"org.jfree.chart.entity","target":"org.jfree.chart.util"},{"source":"org.jfree.chart.entity","target":"org.jfree.data.category"},{"source":"org.jfree.chart.entity","target":"org.jfree.data.general"},{"source":"org.jfree.chart.entity","target":"org.jfree.data.time"},{"source":"org.jfree.chart.entity","target":"org.jfree.data.xy"},{"source":"org.jfree.chart.event","target":"org.jfree.chart"},{"source":"org.jfree.chart.event","target":"org.jfree.chart.annotations"},{"source":"org.jfree.chart.event","target":"org.jfree.chart.axis"},{"source":"org.jfree.chart.event","target":"org.jfree.chart.panel"},{"source":"org.jfree.chart.event","target":"org.jfree.chart.plot"},{"source":"org.jfree.chart.event","target":"org.jfree.chart.title"},{"source":"org.jfree.chart.event","target":"org.jfree.chart.util"},{"source":"org.jfree.chart.needle","target":"org.jfree.chart"},{"source":"org.jfree.chart.needle","target":"org.jfree.chart.util"},{"source":"org.jfree.chart.urls","target":"org.jfree.chart"},{"source":"org.jfree.chart.urls","target":"org.jfree.chart.plot"},{"source":"org.jfree.chart.urls","target":"org.jfree.chart.util"},{"source":"org.jfree.chart.urls","target":"org.jfree.data.category"},{"source":"org.jfree.chart.urls","target":"org.jfree.data.general"},{"source":"org.jfree.chart.urls","target":"org.jfree.data.xy"},{"source":"org.jfree.chart.title","target":"org.jfree.chart"},{"source":"org.jfree.chart.title","target":"org.jfree.chart.axis"},{"source":"org.jfree.chart.title","target":"org.jfree.chart.block"},{"source":"org.jfree.chart.title","target":"org.jfree.chart.entity"},{"source":"org.jfree.chart.title","target":"org.jfree.chart.event"},{"source":"org.jfree.chart.title","target":"org.jfree.chart.plot"},{"source":"org.jfree.chart.title","target":"org.jfree.chart.renderer"},{"source":"org.jfree.chart.title","target":"org.jfree.chart.text"},{"source":"org.jfree.chart.title","target":"org.jfree.chart.ui"},{"source":"org.jfree.chart.title","target":"org.jfree.chart.util"},{"source":"org.jfree.chart.title","target":"org.jfree.data"},{"source":"org.jfree.chart.title","target":"org.jfree.data.general"},{"source":"org.jfree.chart.editor","target":"org.jfree.chart"},{"source":"org.jfree.chart.editor","target":"org.jfree.chart.axis"},{"source":"org.jfree.chart.editor","target":"org.jfree.chart.plot"},{"source":"org.jfree.chart.editor","target":"org.jfree.chart.renderer.category"},{"source":"org.jfree.chart.editor","target":"org.jfree.chart.renderer.xy"},{"source":"org.jfree.chart.editor","target":"org.jfree.chart.title"},{"source":"org.jfree.chart.editor","target":"org.jfree.chart.ui"},{"source":"org.jfree.chart.editor","target":"org.jfree.chart.util"},{"source":"org.jfree.chart.imagemap","target":"org.jfree.chart"},{"source":"org.jfree.chart.imagemap","target":"org.jfree.chart.entity"},{"source":"org.jfree.chart.imagemap","target":"org.jfree.chart.urls"},{"source":"org.jfree.chart.imagemap","target":"org.jfree.chart.util"},{"source":"org.jfree.data.category","target":"org.jfree.chart"},{"source":"org.jfree.data.category","target":"org.jfree.chart.util"},{"source":"org.jfree.data.category","target":"org.jfree.data"},{"source":"org.jfree.data.category","target":"org.jfree.data.general"},{"source":"org.jfree.data.gantt","target":"org.jfree.chart"},{"source":"org.jfree.data.gantt","target":"org.jfree.chart.axis"},{"source":"org.jfree.data.gantt","target":"org.jfree.chart.renderer.xy"},{"source":"org.jfree.data.gantt","target":"org.jfree.chart.util"},{"source":"org.jfree.data.gantt","target":"org.jfree.data"},{"source":"org.jfree.data.gantt","target":"org.jfree.data.category"},{"source":"org.jfree.data.gantt","target":"org.jfree.data.general"},{"source":"org.jfree.data.gantt","target":"org.jfree.data.time"},{"source":"org.jfree.data.gantt","target":"org.jfree.data.xy"},{"source":"org.jfree.chart.text","target":"org.jfree.chart.ui"},{"source":"org.jfree.chart.text","target":"org.jfree.chart.util"},{"source":"org.jfree.data.function","target":"org.jfree.chart"},{"source":"org.jfree.data.function","target":"org.jfree.chart.util"},{"source":"org.jfree.data.xml","target":"org.jfree.chart.util"},{"source":"org.jfree.data.xml","target":"org.jfree.data"},{"source":"org.jfree.data.xml","target":"org.jfree.data.category"},{"source":"org.jfree.data.xml","target":"org.jfree.data.general"},{"source":"org.jfree.data.time.ohlc","target":"org.jfree.chart"},{"source":"org.jfree.data.time.ohlc","target":"org.jfree.chart.util"},{"source":"org.jfree.data.time.ohlc","target":"org.jfree.data"},{"source":"org.jfree.data.time.ohlc","target":"org.jfree.data.general"},{"source":"org.jfree.data.time.ohlc","target":"org.jfree.data.time"},{"source":"org.jfree.data.time.ohlc","target":"org.jfree.data.xy"},{"source":"org.jfree.chart.encoders","target":"org.jfree.chart.util"},{"source":"org.jfree.chart.panel","target":"org.jfree.chart"},{"source":"org.jfree.chart.panel","target":"org.jfree.chart.axis"},{"source":"org.jfree.chart.panel","target":"org.jfree.chart.event"},{"source":"org.jfree.chart.panel","target":"org.jfree.chart.plot"},{"source":"org.jfree.chart.panel","target":"org.jfree.chart.text"},{"source":"org.jfree.chart.panel","target":"org.jfree.chart.util"},{"source":"org.jfree.data.jdbc","target":"org.jfree.data"},{"source":"org.jfree.data.jdbc","target":"org.jfree.data.category"},{"source":"org.jfree.data.jdbc","target":"org.jfree.data.general"},{"source":"org.jfree.data.jdbc","target":"org.jfree.data.xy"},{"source":"org.jfree.data.json","target":"org.jfree.chart.util"},{"source":"org.jfree.data.json","target":"org.jfree.data"},{"source":"org.jfree.data.json","target":"org.jfree.data.category"},{"source":"org.jfree.data.json","target":"org.jfree.data.general"},{"source":"org.jfree.data.json","target":"org.jfree.data.json.impl"},{"source":"org.jfree.data.io","target":"org.jfree.data.category"}]}