"from","to","number"
"org.hibernate.Criteria","org.hibernate.criterion.Criterion",1
"org.hibernate.Criteria","org.hibernate.criterion.Order",1
"org.hibernate.Criteria","org.hibernate.criterion.Projection",1
"org.hibernate.SQLQuery","org.hibernate.query.NativeQuery",1
"org.hibernate.Session","org.hibernate.jpa.HibernateEntityManager",1
"org.hibernate.boot.Metadata","org.hibernate.mapping.Table",1
"org.hibernate.boot.MetadataSources","org.hibernate.boot.internal.MetadataBuilderImpl",1
"org.hibernate.boot.MetadataSources","org.hibernate.boot.spi.MetadataBuilderFactory",1
"org.hibernate.boot.model.naming.ObjectNameNormalizer","org.hibernate.boot.spi.MetadataBuildingContext",1
"org.hibernate.boot.model.relational.AuxiliaryDatabaseObject","org.hibernate.dialect.Dialect",1
"org.hibernate.boot.model.relational.Namespace","org.hibernate.mapping.DenormalizedTable",1
"org.hibernate.boot.model.relational.Namespace","org.hibernate.mapping.Table",1
"org.hibernate.boot.model.source.internal.hbm.CommaSeparatedStringHelper","org.hibernate.internal.util.StringHelper",1
"org.hibernate.boot.registry.StandardServiceRegistryBuilder","org.hibernate.service.spi.ServiceContributor",1
"org.hibernate.boot.spi.MetadataImplementor","org.hibernate.internal.SessionFactoryImpl",1
"org.hibernate.boot.spi.SessionFactoryOptions","org.hibernate.engine.spi.SessionFactoryImplementor",1
"org.hibernate.boot.spi.SessionFactoryOptions","org.hibernate.hql.spi.id.MultiTableBulkIdStrategy",1
"org.hibernate.bytecode.enhance.spi.interceptor.EnhancementAsProxyLazinessInterceptor","org.hibernate.persister.entity.EntityPersister",1
"org.hibernate.bytecode.enhance.spi.interceptor.EnhancementHelper","org.hibernate.mapping.Property",1
"org.hibernate.cache.cfg.spi.DomainDataRegionBuildingContext","org.hibernate.cache.spi.RegionFactory",1
"org.hibernate.cache.spi.CacheImplementor","org.hibernate.engine.spi.SessionFactoryImplementor",1
"org.hibernate.cache.spi.access.CollectionDataAccess","org.hibernate.persister.collection.CollectionPersister",1
"org.hibernate.cache.spi.access.EntityDataAccess","org.hibernate.persister.entity.EntityPersister",1
"org.hibernate.cache.spi.access.NaturalIdDataAccess","org.hibernate.persister.entity.EntityPersister",1
"org.hibernate.cfg.AnnotationBinder","org.hibernate.cfg.annotations.CollectionBinder",1
"org.hibernate.cfg.AnnotationBinder","org.hibernate.cfg.annotations.EntityBinder",1
"org.hibernate.cfg.AnnotationBinder","org.hibernate.cfg.annotations.PropertyBinder",1
"org.hibernate.cfg.BinderHelper","org.hibernate.cfg.annotations.EntityBinder",1
"org.hibernate.cfg.BinderHelper","org.hibernate.cfg.annotations.TableBinder",1
"org.hibernate.cfg.Environment","org.hibernate.internal.util.ConfigHelper",1
"org.hibernate.cfg.InheritanceState","org.hibernate.cfg.annotations.EntityBinder",1
"org.hibernate.cfg.SetSimpleValueTypeSecondPass","org.hibernate.cfg.annotations.SimpleValueBinder",1
"org.hibernate.collection.internal.AbstractPersistentCollection","org.hibernate.engine.spi.CollectionEntry",1
"org.hibernate.collection.spi.PersistentCollection","org.hibernate.engine.spi.SharedSessionContractImplementor",1
"org.hibernate.collection.spi.PersistentCollection","org.hibernate.persister.collection.CollectionPersister",1
"org.hibernate.dialect.Dialect","org.hibernate.dialect.function.StandardAnsiSqlAggregationFunctions",1
"org.hibernate.dialect.Dialect","org.hibernate.dialect.identity.IdentityColumnSupport",1
"org.hibernate.dialect.Dialect","org.hibernate.dialect.identity.IdentityColumnSupportImpl",1
"org.hibernate.dialect.Dialect","org.hibernate.dialect.pagination.LegacyLimitHandler",1
"org.hibernate.dialect.Dialect","org.hibernate.dialect.unique.DefaultUniqueDelegate",1
"org.hibernate.dialect.Dialect","org.hibernate.engine.jdbc.env.internal.DefaultSchemaNameResolver",1
"org.hibernate.dialect.Dialect","org.hibernate.engine.jdbc.env.spi.SchemaNameResolver",1
"org.hibernate.dialect.Dialect","org.hibernate.engine.jdbc.spi.JdbcServices",1
"org.hibernate.dialect.Dialect","org.hibernate.id.IdentityGenerator",1
"org.hibernate.dialect.Dialect","org.hibernate.id.enhanced.SequenceStyleGenerator",1
"org.hibernate.dialect.Dialect","org.hibernate.internal.CoreMessageLogger",1
"org.hibernate.dialect.Dialect","org.hibernate.internal.util.StringHelper",1
"org.hibernate.dialect.Dialect","org.hibernate.mapping.Column",1
"org.hibernate.dialect.Dialect","org.hibernate.mapping.Constraint",1
"org.hibernate.dialect.Dialect","org.hibernate.mapping.ForeignKey",1
"org.hibernate.dialect.Dialect","org.hibernate.mapping.Index",1
"org.hibernate.dialect.Dialect","org.hibernate.mapping.Table",1
"org.hibernate.dialect.Dialect","org.hibernate.procedure.internal.StandardCallableStatementSupport",1
"org.hibernate.dialect.Dialect","org.hibernate.sql.ForUpdateFragment",1
"org.hibernate.dialect.Dialect","org.hibernate.tool.schema.internal.StandardAuxiliaryDatabaseObjectExporter",1
"org.hibernate.dialect.Dialect","org.hibernate.tool.schema.internal.StandardForeignKeyExporter",1
"org.hibernate.dialect.Dialect","org.hibernate.tool.schema.internal.StandardIndexExporter",1
"org.hibernate.dialect.Dialect","org.hibernate.tool.schema.internal.StandardSequenceExporter",1
"org.hibernate.dialect.Dialect","org.hibernate.tool.schema.internal.StandardTableExporter",1
"org.hibernate.dialect.Dialect","org.hibernate.tool.schema.internal.StandardUniqueKeyExporter",1
"org.hibernate.engine.internal.ForeignKeys","org.hibernate.type.EntityType",1
"org.hibernate.engine.loading.internal.CollectionLoadContext","org.hibernate.internal.CoreMessageLogger",1
"org.hibernate.engine.loading.internal.EntityLoadContext","org.hibernate.internal.CoreMessageLogger",1
"org.hibernate.engine.loading.internal.LoadContexts","org.hibernate.engine.spi.PersistenceContext",1
"org.hibernate.engine.query.ParameterRecognitionException","org.hibernate.engine.query.spi.ParamLocationRecognizer",1
"org.hibernate.engine.query.spi.HQLQueryPlan","org.hibernate.engine.spi.QueryParameters",1
"org.hibernate.engine.query.spi.QueryPlanCache","org.hibernate.engine.spi.SessionFactoryImplementor",1
"org.hibernate.engine.spi.EntityEntryFactory","org.hibernate.persister.entity.EntityPersister",1
"org.hibernate.engine.spi.Mapping","org.hibernate.type.Type",1
"org.hibernate.engine.spi.SessionFactoryImplementor","org.hibernate.metamodel.spi.MetamodelImplementor",1
"org.hibernate.engine.spi.SessionFactoryImplementor","org.hibernate.persister.collection.CollectionPersister",1
"org.hibernate.engine.spi.SessionFactoryImplementor","org.hibernate.persister.entity.EntityPersister",1
"org.hibernate.engine.spi.SessionFactoryImplementor","org.hibernate.type.Type",1
"org.hibernate.engine.spi.SessionImplementor","org.hibernate.jpa.spi.HibernateEntityManagerImplementor",1
"org.hibernate.engine.spi.SharedSessionContractImplementor","org.hibernate.persister.entity.EntityPersister",1
"org.hibernate.engine.transaction.internal.TransactionImpl","org.hibernate.internal.AbstractSharedSessionContract",1
"org.hibernate.envers.boot.internal.EnversService","org.hibernate.envers.configuration.internal.AuditEntitiesConfiguration",1
"org.hibernate.envers.boot.internal.EnversService","org.hibernate.envers.configuration.internal.GlobalConfiguration",1
"org.hibernate.envers.boot.internal.EnversService","org.hibernate.envers.strategy.AuditStrategy",1
"org.hibernate.envers.internal.entities.mapper.relation.ToOneEntityLoader","org.hibernate.envers.internal.entities.mapper.relation.lazy.ToOneDelegateSessionImplementor",1
"org.hibernate.hql.internal.ast.HqlSqlWalker","org.hibernate.hql.internal.ast.tree.EntityJoinFromElement",1
"org.hibernate.hql.internal.ast.HqlSqlWalker","org.hibernate.hql.internal.ast.util.JoinProcessor",1
"org.hibernate.hql.internal.ast.HqlSqlWalker","org.hibernate.hql.internal.ast.util.LiteralProcessor",1
"org.hibernate.hql.internal.ast.HqlSqlWalker","org.hibernate.hql.internal.ast.util.SyntheticAndFactory",1
"org.hibernate.hql.internal.ast.QueryTranslatorImpl","org.hibernate.loader.hql.QueryLoader",1
"org.hibernate.internal.FetchingScrollableResultsImpl","org.hibernate.loader.Loader",1
"org.hibernate.internal.FilterConfiguration","org.hibernate.mapping.PersistentClass",1
"org.hibernate.internal.ScrollableResultsImpl","org.hibernate.loader.Loader",1
"org.hibernate.internal.SessionFactoryImpl","org.hibernate.query.criteria.internal.CriteriaBuilderImpl",1
"org.hibernate.jpa.HibernatePersistenceProvider","org.hibernate.jpa.boot.spi.ProviderChecker",1
"org.hibernate.mapping.Component","org.hibernate.tuple.component.ComponentMetamodel",1
"org.hibernate.metamodel.internal.MetamodelImpl","org.hibernate.type.spi.TypeConfiguration",1
"org.hibernate.metamodel.spi.MetamodelImplementor","org.hibernate.type.spi.TypeConfiguration",1
"org.hibernate.persister.collection.CollectionPersister","org.hibernate.persister.walking.spi.CollectionDefinition",1
"org.hibernate.persister.collection.CollectionPersister","org.hibernate.type.CollectionType",1
"org.hibernate.persister.entity.AbstractEntityPersister","org.hibernate.persister.walking.internal.EntityIdentifierDefinitionHelper",1
"org.hibernate.persister.entity.EntityPersister","org.hibernate.persister.walking.spi.EntityDefinition",1
"org.hibernate.persister.entity.EntityPersister","org.hibernate.tuple.entity.EntityMetamodel",1
"org.hibernate.procedure.internal.ParameterBindImpl","org.hibernate.query.procedure.internal.ProcedureParamBindings",1
"org.hibernate.procedure.internal.ProcedureCallImpl","org.hibernate.query.procedure.internal.ProcedureParamBindings",1
"org.hibernate.procedure.internal.ProcedureCallImpl","org.hibernate.query.procedure.internal.ProcedureParameterImpl",1
"org.hibernate.procedure.internal.ProcedureCallImpl","org.hibernate.query.procedure.internal.ProcedureParameterMetadata",1
"org.hibernate.query.criteria.internal.CriteriaBuilderImpl","org.hibernate.query.criteria.internal.expression.BinaryArithmeticOperation",1
"org.hibernate.query.criteria.internal.CriteriaBuilderImpl","org.hibernate.query.criteria.internal.expression.CoalesceExpression",1
"org.hibernate.query.criteria.internal.CriteriaBuilderImpl","org.hibernate.query.criteria.internal.expression.CompoundSelectionImpl",1
"org.hibernate.query.criteria.internal.CriteriaBuilderImpl","org.hibernate.query.criteria.internal.expression.ConcatExpression",1
"org.hibernate.query.criteria.internal.CriteriaBuilderImpl","org.hibernate.query.criteria.internal.expression.LiteralExpression",1
"org.hibernate.query.criteria.internal.CriteriaBuilderImpl","org.hibernate.query.criteria.internal.expression.NullLiteralExpression",1
"org.hibernate.query.criteria.internal.CriteriaBuilderImpl","org.hibernate.query.criteria.internal.expression.NullifExpression",1
"org.hibernate.query.criteria.internal.CriteriaBuilderImpl","org.hibernate.query.criteria.internal.expression.ParameterExpressionImpl",1
"org.hibernate.query.criteria.internal.CriteriaBuilderImpl","org.hibernate.query.criteria.internal.expression.SearchedCaseExpression",1
"org.hibernate.query.criteria.internal.CriteriaBuilderImpl","org.hibernate.query.criteria.internal.expression.SimpleCaseExpression",1
"org.hibernate.query.criteria.internal.CriteriaBuilderImpl","org.hibernate.query.criteria.internal.expression.SizeOfPluralAttributeExpression",1
"org.hibernate.query.criteria.internal.CriteriaBuilderImpl","org.hibernate.query.criteria.internal.expression.SubqueryComparisonModifierExpression",1
"org.hibernate.query.criteria.internal.CriteriaBuilderImpl","org.hibernate.query.criteria.internal.expression.UnaryArithmeticOperation",1
"org.hibernate.query.criteria.internal.CriteriaBuilderImpl","org.hibernate.query.criteria.internal.expression.function.AbsFunction",1
"org.hibernate.query.criteria.internal.CriteriaBuilderImpl","org.hibernate.query.criteria.internal.expression.function.AggregationFunction",1
"org.hibernate.query.criteria.internal.CriteriaBuilderImpl","org.hibernate.query.criteria.internal.expression.function.BasicFunctionExpression",1
"org.hibernate.query.criteria.internal.CriteriaBuilderImpl","org.hibernate.query.criteria.internal.expression.function.CurrentDateFunction",1
"org.hibernate.query.criteria.internal.CriteriaBuilderImpl","org.hibernate.query.criteria.internal.expression.function.CurrentTimeFunction",1
"org.hibernate.query.criteria.internal.CriteriaBuilderImpl","org.hibernate.query.criteria.internal.expression.function.CurrentTimestampFunction",1
"org.hibernate.query.criteria.internal.CriteriaBuilderImpl","org.hibernate.query.criteria.internal.expression.function.LengthFunction",1
"org.hibernate.query.criteria.internal.CriteriaBuilderImpl","org.hibernate.query.criteria.internal.expression.function.LocateFunction",1
"org.hibernate.query.criteria.internal.CriteriaBuilderImpl","org.hibernate.query.criteria.internal.expression.function.LowerFunction",1
"org.hibernate.query.criteria.internal.CriteriaBuilderImpl","org.hibernate.query.criteria.internal.expression.function.ParameterizedFunctionExpression",1
"org.hibernate.query.criteria.internal.CriteriaBuilderImpl","org.hibernate.query.criteria.internal.expression.function.SqrtFunction",1
"org.hibernate.query.criteria.internal.CriteriaBuilderImpl","org.hibernate.query.criteria.internal.expression.function.SubstringFunction",1
"org.hibernate.query.criteria.internal.CriteriaBuilderImpl","org.hibernate.query.criteria.internal.expression.function.TrimFunction",1
"org.hibernate.query.criteria.internal.CriteriaBuilderImpl","org.hibernate.query.criteria.internal.expression.function.UpperFunction",1
"org.hibernate.query.criteria.internal.CriteriaBuilderImpl","org.hibernate.query.criteria.internal.path.PluralAttributePath",1
"org.hibernate.query.criteria.internal.CriteriaBuilderImpl","org.hibernate.query.criteria.internal.path.RootImpl",1
"org.hibernate.query.criteria.internal.CriteriaBuilderImpl","org.hibernate.query.criteria.internal.predicate.BetweenPredicate",1
"org.hibernate.query.criteria.internal.CriteriaBuilderImpl","org.hibernate.query.criteria.internal.predicate.BooleanAssertionPredicate",1
"org.hibernate.query.criteria.internal.CriteriaBuilderImpl","org.hibernate.query.criteria.internal.predicate.BooleanExpressionPredicate",1
"org.hibernate.query.criteria.internal.CriteriaBuilderImpl","org.hibernate.query.criteria.internal.predicate.BooleanStaticAssertionPredicate",1
"org.hibernate.query.criteria.internal.CriteriaBuilderImpl","org.hibernate.query.criteria.internal.predicate.ComparisonPredicate",1
"org.hibernate.query.criteria.internal.CriteriaBuilderImpl","org.hibernate.query.criteria.internal.predicate.CompoundPredicate",1
"org.hibernate.query.criteria.internal.CriteriaBuilderImpl","org.hibernate.query.criteria.internal.predicate.ExistsPredicate",1
"org.hibernate.query.criteria.internal.CriteriaBuilderImpl","org.hibernate.query.criteria.internal.predicate.InPredicate",1
"org.hibernate.query.criteria.internal.CriteriaBuilderImpl","org.hibernate.query.criteria.internal.predicate.IsEmptyPredicate",1
"org.hibernate.query.criteria.internal.CriteriaBuilderImpl","org.hibernate.query.criteria.internal.predicate.LikePredicate",1
"org.hibernate.query.criteria.internal.CriteriaBuilderImpl","org.hibernate.query.criteria.internal.predicate.MemberOfPredicate",1
"org.hibernate.query.criteria.internal.CriteriaBuilderImpl","org.hibernate.query.criteria.internal.predicate.NullnessPredicate",1
"org.hibernate.query.criteria.internal.CriteriaSubqueryImpl","org.hibernate.query.criteria.internal.path.RootImpl",1
"org.hibernate.query.criteria.internal.expression.ExpressionImpl","org.hibernate.query.criteria.internal.expression.function.CastFunction",1
"org.hibernate.query.criteria.internal.expression.MapEntryExpression","org.hibernate.query.criteria.internal.path.MapAttributeJoin",1
"org.hibernate.query.criteria.internal.expression.PathTypeExpression","org.hibernate.query.criteria.internal.path.AbstractPathImpl",1
"org.hibernate.query.internal.QueryParameterBindingsImpl","org.hibernate.query.spi.QueryParameterListBinding",1
"org.hibernate.resource.beans.container.internal.CdiBeanContainerBuilder","org.hibernate.resource.beans.spi.ManagedBeanRegistryInitiator",1
"org.hibernate.tool.schema.extract.internal.TableInformationImpl","org.hibernate.tool.schema.extract.spi.InformationExtractor",1
"org.hibernate.type.BasicTypeRegistry","org.hibernate.type.spi.TypeConfiguration",1
"org.hibernate.type.LocalDateTimeType","org.hibernate.type.descriptor.java.LocalDateTimeJavaDescriptor",1
"org.hibernate.type.LocalDateType","org.hibernate.type.descriptor.java.LocalDateJavaDescriptor",1
"org.hibernate.type.LocalTimeType","org.hibernate.type.descriptor.java.LocalTimeJavaDescriptor",1
"org.hibernate.type.OffsetDateTimeType","org.hibernate.type.descriptor.java.OffsetDateTimeJavaDescriptor",1
"org.hibernate.type.OffsetTimeType","org.hibernate.type.descriptor.java.OffsetTimeJavaDescriptor",1
"org.hibernate.type.TypeFactory","org.hibernate.type.spi.TypeConfiguration",1
"org.hibernate.type.TypeResolver","org.hibernate.type.spi.TypeConfiguration",1
"org.hibernate.type.ZonedDateTimeType","org.hibernate.type.descriptor.java.ZonedDateTimeJavaDescriptor",1
"org.hibernate.type.descriptor.java.BasicJavaDescriptor","org.hibernate.type.descriptor.sql.SqlTypeDescriptor",1
"org.hibernate.type.descriptor.java.spi.JavaTypeDescriptorRegistry","org.hibernate.type.spi.TypeConfiguration",1
"org.hibernate.type.descriptor.sql.spi.SqlTypeDescriptorRegistry","org.hibernate.type.spi.TypeConfiguration",1
"org.hibernate.type.internal.TypeConfigurationRegistry","org.hibernate.type.spi.TypeConfiguration",1
