"namespace","noc","nac"
"org.hibernate.test.legacy",126,9
"org.hibernate.annotations",110,0
"org.hibernate.type",110,19
"org.hibernate.dialect",102,6
"org.hibernate.test.hql",91,5
"org.hibernate.boot.model.source.spi",89,78
"org.hibernate.boot.model.source.internal.hbm",86,16
"org.hibernate",85,28
"org.hibernate.hql.internal.ast.tree",72,24
"org.hibernate.event.spi",71,40
"org.hibernate.engine.spi",63,33
"org.hibernate.cfg",59,11
"org.hibernate.mapping",57,18
"org.hibernate.type.descriptor.java",53,6
"org.hibernate.criterion",51,10
"org.hibernate.test.annotations.entity",44,2
"org.hibernate.userguide.mapping.basic",43,1
"org.hibernate.event.internal",43,7
"org.hibernate.id",43,14
"org.hibernate.test.schemaupdate",43,2
"org.hibernate.test.annotations.onetomany",40,0
"org.hibernate.test.bytecode.enhancement.lazy.proxy",40,5
"org.hibernate.test.criteria",39,3
"org.hibernate.internal",37,9
"org.hibernate.jpa.test.metamodel",37,4
"org.hibernate.type.descriptor.sql",36,6
"org.hibernate.boot.model.naming",35,23
"org.hibernate.test.ops",35,1
"org.hibernate.cache.spi.support",32,11
"org.hibernate.sql",31,4
"org.hibernate.test.annotations",31,2
"org.hibernate.test.annotations.lob",31,2
"org.hibernate.test.annotations.embedded",30,0
"org.hibernate.envers.test.integration.modifiedflags",30,2
"org.hibernate.userguide.mapping.identifier",29,0
"org.hibernate.test.annotations.indexcoll",29,0
"org.hibernate.test.annotations.manytomany",29,0
"org.hibernate.test.annotations.onetoone",29,0
"org.hibernate.boot.spi",28,25
"org.hibernate.engine.transaction.jta.platform.internal",28,4
"org.hibernate.loader.plan.spi",28,26
"org.hibernate.jpa.test.metadata",28,0
"org.hibernate.test.annotations.access.jpa",28,0
"org.hibernate.query.criteria.internal",27,17
"org.hibernate.tool.hbm2ddl",27,3
"org.hibernate.jpa.test.callbacks",27,0
"org.hibernate.test.insertordering",27,1
"org.hibernate.userguide.collections",26,1
"org.hibernate.cache.spi",26,18
"org.hibernate.engine.internal",26,4
"org.hibernate.engine.jdbc",26,11
"org.hibernate.loader.plan.build.internal.returns",26,7
"org.hibernate.jpa.test.emops",26,0
"org.hibernate.test.annotations.id.entities",26,0
"org.hibernate.test.annotations.id.sequences.entities",26,0
"org.hibernate.tool.schema.extract.internal",25,1
"org.hibernate.tuple",25,13
"org.hibernate.jpa.test",25,1
"org.hibernate.test.annotations.manytoone",25,0
"org.hibernate.dialect.identity",24,1
"org.hibernate.persister.entity",24,14
"org.hibernate.query.criteria.internal.expression",24,6
"org.hibernate.jpa.test.criteria",24,5
"org.hibernate.test.annotations.inheritance.joined",24,2
"org.hibernate.envers.test.integration.reventity",24,0
"org.hibernate.cfg.annotations",23,2
"org.hibernate.dialect.function",23,4
"org.hibernate.tool.schema.internal",23,2
"org.hibernate.test.annotations.beanvalidation",23,1
"org.hibernate.test.annotations.cid",23,0
"org.hibernate.test.converter",23,0
"org.hibernate.test.querycache",23,1
"org.hibernate.envers",23,4
"org.hibernate.envers.test.integration.query",23,1
"org.hibernate.jpa.test.query",22,1
"org.hibernate.test.annotations.collectionelement",22,0
"org.hibernate.envers.test.integration.basic",22,0
"org.hibernate.jpamodelgen.test.accesstype",22,0
"org.hibernate.userguide.pc",21,0
"org.hibernate.tool.schema.spi",21,18
"org.hibernate.jpa.test.cascade",21,0
"org.hibernate.test.lob",21,2
"org.hibernate.hql.internal.ast",20,4
"org.hibernate.id.enhanced",20,5
"org.hibernate.test.annotations.query",20,0
"org.hibernate.test.cache",20,0
"org.hibernate.test.type",20,1
"org.hibernate.userguide.associations",19,0
"org.hibernate.action.internal",19,3
"org.hibernate.loader.custom",19,5
"org.hibernate.property.access.internal",19,1
"org.hibernate.query.criteria.internal.predicate",19,3
"org.hibernate.service.spi",19,17
"org.hibernate.test.annotations.xml.ejb3",19,1
"org.hibernate.graph",18,6
"org.hibernate.hql.internal.classic",18,2
"org.hibernate.persister.walking.spi",18,14
"org.hibernate.sql.ordering.antlr",18,8
"org.hibernate.tool.schema.internal.exec",18,4
"org.hibernate.test.annotations.override",18,1
"org.hibernate.test.annotations.reflection",18,0
"org.hibernate.test.type.descriptor.java",18,1
"org.hibernate.envers.test.integration.collection.embeddable",18,0
"org.hibernate.envers.test.integration.naming",18,1
"org.hibernate.cache.internal",17,0
"org.hibernate.engine.jdbc.spi",17,11
"org.hibernate.property.access.spi",17,5
"org.hibernate.jpa.test.ops",17,1
"org.hibernate.test.annotations.generics",17,0
"org.hibernate.test.annotations.idmanytoone",17,0
"org.hibernate.test.batchfetch",17,1
"org.hibernate.test.cdi.general.nonregistrymanaged",17,2
"org.hibernate.test.readonly",17,1
"org.hibernate.test.where.hbm",17,0
"org.hibernate.envers.test.integration.collection",17,1
"org.hibernate.jpamodelgen.test.collectionbasictype",17,1
"org.hibernate.boot.model.relational",16,6
"org.hibernate.hql.spi.id.inline",16,4
"org.hibernate.metamodel.model.domain.internal",16,5
"org.hibernate.metamodel.model.domain.spi",16,15
"org.hibernate.query.criteria.internal.expression.function",16,1
"org.hibernate.stat.internal",16,1
"org.hibernate.jpa.test.pack.defaultpar",16,0
"org.hibernate.jpa.test.pack.war",16,0
"org.hibernate.test.dialect.functional",16,0
"org.hibernate.envers.test.integration.components.dynamic",16,0
"org.hibernate.testing",16,2
"org.hibernate.boot.jaxb.hbm.spi",15,15
"org.hibernate.bytecode.internal.bytebuddy",15,1
"org.hibernate.dialect.lock",15,3
"org.hibernate.dialect.pagination",15,2
"org.hibernate.engine.jdbc.internal",15,2
"org.hibernate.hql.internal.ast.util",15,4
"org.hibernate.internal.util",15,3
"org.hibernate.loader",15,8
"org.hibernate.loader.plan.build.spi",15,9
"org.hibernate.query.internal",15,3
"org.hibernate.jpa.test.graphs",15,0
"org.hibernate.test.annotations.derivedidentities.bidirectional",15,0
"org.hibernate.test.annotations.manytoonewithformula",15,0
"org.hibernate.test.annotations.referencedcolumnname",15,0
"org.hibernate.test.idprops",15,0
"org.hibernate.envers.internal.entities.mapper.relation",15,3
"org.hibernate.envers.query.criteria.internal",15,2
"org.hibernate.envers.test.entities.collection",15,0
"org.hibernate.spatial.dialect.oracle",15,0
"org.hibernate.spatial.testing",15,6
"org.hibernate.testing.bytecode.enhancement",15,2
"org.hibernate.testing.junit4",15,3
"org.hibernate.osgitest.command",14,0
"org.hibernate.osgitest",14,1
"org.hibernate.boot",14,4
"org.hibernate.engine.query.spi",14,3
"org.hibernate.loader.collection",14,4
"org.hibernate.loader.plan.exec.internal",14,4
"org.hibernate.transform",14,4
"org.hibernate.tuple.entity",14,3
"org.hibernate.jpa.test.procedure",14,1
"org.hibernate.jpa.test.transaction",14,1
"org.hibernate.test.jpa.compliance.tck2_2",14,0
"org.hibernate.envers.test.entities.ids",14,0
"org.hibernate.envers.test.entities.onetomany.detached",14,0
"org.hibernate.envers.test.integration.superclass.auditoverride",14,0
"org.hibernate.spatial.dialect.postgis",14,0
"org.hibernate.bytecode.enhance.internal.javassist",13,1
"org.hibernate.internal.util.collections",13,3
"org.hibernate.internal.util.xml",13,4
"org.hibernate.jpa.spi",13,9
"org.hibernate.loader.entity",13,4
"org.hibernate.query.criteria.internal.path",13,4
"org.hibernate.test.bulkid",13,2
"org.hibernate.test.bytecode.enhancement.lazy",13,2
"org.hibernate.test.cascade",13,0
"org.hibernate.test.cascade.circle",13,1
"org.hibernate.test.inheritance.discriminator",13,5
"org.hibernate.test.sql.hand",13,0
"org.hibernate.test.timestamp",13,0
"org.hibernate.envers.configuration.internal.metadata",13,1
"org.hibernate.envers.internal.entities.mapper",13,7
"org.hibernate.envers.test.integration.ids.embeddedid",13,1
"org.hibernate.envers.test.integration.onetomany.detached",13,0
"org.hibernate.envers.test.integration.superclass.auditparents",13,0
"org.hibernate.userguide.model",12,0
"org.hibernate.userguide.sql",12,0
"org.hibernate.boot.archive.scan.spi",12,9
"org.hibernate.boot.internal",12,0
"org.hibernate.jdbc",12,7
"org.hibernate.tool.schema.extract.spi",12,10
"org.hibernate.jpa.test.ejb3configuration",12,0
"org.hibernate.query.hhh12076",12,4
"org.hibernate.test.annotations.access",12,0
"org.hibernate.test.annotations.any",12,2
"org.hibernate.test.annotations.xml.hbm",12,3
"org.hibernate.test.filter",12,1
"org.hibernate.test.id",12,0
"org.hibernate.test.join",12,1
"org.hibernate.test.mapping",12,0
"org.hibernate.test.namingstrategy.complete",12,3
"org.hibernate.test.schemaupdate.foreignkeys",12,0
"org.hibernate.test.where.annotations",12,0
"org.hibernate.envers.event.spi",12,4
"org.hibernate.envers.test.integration.onetomany",12,0
"org.hibernate.osgi",12,0
"org.hibernate.spatial",12,6
"org.hibernate.jpamodelgen.test.mixedmode",12,0
"org.hibernate.boot.archive.spi",11,9
"org.hibernate.boot.jaxb.internal.stax",11,2
"org.hibernate.bytecode.enhance.internal.bytebuddy",11,2
"org.hibernate.bytecode.enhance.spi",11,6
"org.hibernate.bytecode.enhance.spi.interceptor",11,5
"org.hibernate.bytecode.spi",11,6
"org.hibernate.engine.jdbc.connections.internal",11,2
"org.hibernate.engine.jdbc.env.spi",11,6
"org.hibernate.hql.spi.id",11,6
"org.hibernate.jpa.event.internal",11,2
"org.hibernate.loader.plan.build.internal.spaces",11,2
"org.hibernate.metamodel.model.domain",11,10
"org.hibernate.persister.collection",11,4
"org.hibernate.procedure",11,5
"org.hibernate.query",11,6
"org.hibernate.query.spi",11,9
"org.hibernate.jpa.test.criteria.basic",11,0
"org.hibernate.jpa.test.criteria.fetchscroll",11,0
"org.hibernate.jpa.userguide.util",11,1
"org.hibernate.test.annotations.cascade",11,0
"org.hibernate.test.annotations.fetchprofile",11,0
"org.hibernate.test.annotations.fkcircularity",11,0
"org.hibernate.test.annotations.idmanytoone.alphabetical",11,0
"org.hibernate.test.annotations.immutable",11,0
"org.hibernate.test.annotations.join",11,2
"org.hibernate.test.annotations.various",11,0
"org.hibernate.test.component.empty",11,0
"org.hibernate.test.connections",11,1
"org.hibernate.test.event.collection.detached",11,2
"org.hibernate.test.extralazy",11,0
"org.hibernate.test.flush",11,0
"org.hibernate.test.jpa.cascade",11,0
"org.hibernate.test.onetomany",11,2
"org.hibernate.test.procedure",11,0
"org.hibernate.test.quote",11,2
"org.hibernate.test.subselect",11,0
"org.hibernate.envers.test.entities.components",11,0
"org.hibernate.envers.test.entities",11,0
"org.hibernate.envers.test.integration.data",11,0
"org.hibernate.userguide.envers",10,0
"org.hibernate.userguide.fetching",10,0
"org.hibernate.boot.archive.internal",10,0
"org.hibernate.boot.jaxb.hbm.internal",10,0
"org.hibernate.bytecode.internal.javassist",10,1
"org.hibernate.collection.internal",10,3
"org.hibernate.jpa.internal.util",10,2
"org.hibernate.resource.beans.container.internal",10,2
"org.hibernate.service.internal",10,1
"org.hibernate.stat",10,10
"org.hibernate.tuple.component",10,3
"org.hibernate.id.hhh12973",10,0
"org.hibernate.jpa.test.lock",10,0
"org.hibernate.jpa.test.xml",10,0
"org.hibernate.test.annotations.cascade.circle.identity",10,1
"org.hibernate.test.annotations.cascade.circle.sequence",10,1
"org.hibernate.test.annotations.manytomany.defaults",10,0
"org.hibernate.test.any",10,1
"org.hibernate.test.collection.dereferenced",10,1
"org.hibernate.test.enums",10,0
"org.hibernate.test.inheritance.discriminator.joinedsubclass",10,3
"org.hibernate.test.interceptor",10,0
"org.hibernate.test.interfaceproxy",10,5
"org.hibernate.test.locking",10,1
"org.hibernate.test.stats",10,0
"org.hibernate.test.util",10,1
"org.hibernate.envers.internal.synchronization.work",10,4
"org.hibernate.envers.internal.tools",10,7
"org.hibernate.envers.test.integration.flush",10,2
"org.hibernate.envers.test.integration.onetoone.bidirectional",10,0
"org.hibernate.jpamodelgen.test.elementcollection",10,0
"org.hibernate.userguide.proxy.tuplizer",9,2
"org.hibernate.test.c3p0",9,0
"org.hibernate.boot.archive.scan.internal",9,0
"org.hibernate.boot.jaxb.internal",9,1
"org.hibernate.boot.model",9,4
"org.hibernate.boot.registry.classloading.internal",9,2
"org.hibernate.cache.spi.entry",9,2
"org.hibernate.cfg.beanvalidation",9,1
"org.hibernate.loader.plan.exec.process.internal",9,1
"org.hibernate.param",9,4
"org.hibernate.resource.transaction.backend.jta.internal",9,2
"org.hibernate.resource.transaction.backend.jta.internal.synchronization",9,5
"org.hibernate.usertype",9,9
"org.hibernate.boot.spi.metadatabuildercontributor",9,1
"org.hibernate.jpa.test.mapping",9,0
"org.hibernate.jpa.test.metamodel.attributeInSuper",9,0
"org.hibernate.jpa.test.schemagen",9,0
"org.hibernate.test.annotations.access.xml",9,0
"org.hibernate.test.annotations.formula",9,0
"org.hibernate.test.annotations.genericsinheritance",9,2
"org.hibernate.test.annotations.inheritance.singletable",9,1
"org.hibernate.test.annotations.tuplizer",9,2
"org.hibernate.test.annotations.uniqueconstraint",9,0
"org.hibernate.test.cid",9,0
"org.hibernate.test.collection.bag",9,0
"org.hibernate.test.collection.custom.basic",9,2
"org.hibernate.test.event.collection",9,6
"org.hibernate.test.exceptionhandling",9,3
"org.hibernate.test.generated",9,1
"org.hibernate.test.joinedsubclass",9,4
"org.hibernate.test.jpa.ql",9,1
"org.hibernate.test.lazyload",9,0
"org.hibernate.test.loadplans.process",9,2
"org.hibernate.test.manytomany",9,0
"org.hibernate.test.metamodel",9,1
"org.hibernate.test.resource.transaction.jta",9,1
"org.hibernate.test.stateless",9,0
"org.hibernate.test.tool.schema",9,0
"org.hibernate.cache.ehcache.test.domain",9,0
"org.hibernate.envers.configuration.internal.metadata.reader",9,2
"org.hibernate.envers.internal.entities.mapper.id",9,4
"org.hibernate.envers.internal.entities.mapper.relation.component",9,1
"org.hibernate.envers.query.criteria",9,2
"org.hibernate.envers.test.integration.accesstype",9,0
"org.hibernate.jcache.test.domain",9,0
"org.jboss.as.jpa.hibernate5",9,1
"org.hibernate.spatial.dialect.mysql",9,0
"org.hibernate.spatial.testing.dialects.mysql",9,0
"org.hibernate.testing.logger",9,2
"org.hibernate.jpamodelgen.test.embeddable",9,1
"org.hibernate.jpamodelgen.test.util",9,1
"org.hibernate.jpamodelgen.test.xmlmapped",9,0
"org.hibernate.userguide.associations.any",8,1
"org.hibernate.userguide.inheritance",8,0
"org.hibernate.userguide.locking",8,0
"org.hibernate.engine.jdbc.batch.internal",8,2
"org.hibernate.engine.jdbc.dialect.spi",8,4
"org.hibernate.engine.jdbc.env.internal",8,1
"org.hibernate.engine.query.spi.sql",8,2
"org.hibernate.exception.spi",8,7
"org.hibernate.jpa",8,4
"org.hibernate.loader.plan.build.internal",8,2
"org.hibernate.loader.plan.exec.process.spi",8,8
"org.hibernate.procedure.internal",8,1
"org.hibernate.proxy",8,7
"org.hibernate.query.criteria.internal.compile",8,5
"org.hibernate.resource.transaction.spi",8,6
"org.hibernate.secure.internal",8,3
"org.hibernate.service",8,2
"org.hibernate.jpa.test.cascade.multicircle",8,1
"org.hibernate.jpa.test.emops.cascade",8,0
"org.hibernate.jpa.test.pack.defaultpar_1_0",8,0
"org.hibernate.test.annotations.cascade.multicircle.jpa.identity",8,1
"org.hibernate.test.annotations.cascade.multicircle.jpa.sequence",8,1
"org.hibernate.test.annotations.cascade.multicircle.nonjpa.identity",8,1
"org.hibernate.test.annotations.cascade.multicircle.nonjpa.sequence",8,1
"org.hibernate.test.annotations.embeddables",8,0
"org.hibernate.test.annotations.id.generationmappings",8,0
"org.hibernate.test.annotations.namingstrategy",8,0
"org.hibernate.test.annotations.naturalid",8,0
"org.hibernate.test.annotations.target",8,3
"org.hibernate.test.cfg.persister",8,0
"org.hibernate.test.collection.custom.parameterized",8,2
"org.hibernate.test.hql.fetchAndJoin",8,0
"org.hibernate.test.immutable.entitywithmutablecollection",8,2
"org.hibernate.test.immutable.entitywithmutablecollection.inverse",8,0
"org.hibernate.test.immutable.entitywithmutablecollection.noninverse",8,0
"org.hibernate.test.namingstrategy",8,0
"org.hibernate.test.naturalid.mutable.cached",8,1
"org.hibernate.test.subselectfetch",8,0
"org.hibernate.test.unidir",8,0
"org.hibernate.test.unionsubclass",8,1
"org.hibernate.test.version",8,0
"org.hibernate.cache.ehcache.test",8,0
"org.hibernate.envers.configuration.internal",8,1
"org.hibernate.envers.internal.entities",8,0
"org.hibernate.envers.internal.entities.mapper.relation.lazy.initializor",8,2
"org.hibernate.envers.internal.entities.mapper.relation.query",8,2
"org.hibernate.envers.test.entities.manytomany",8,0
"org.hibernate.envers.test.integration.collection.norevision",8,1
"org.hibernate.envers.test.integration.customtype",8,0
"org.hibernate.envers.test.integration.ids.idclass",8,0
"org.hibernate.envers.test.integration.inheritance.joined.relation",8,0
"org.hibernate.envers.test.integration.manytomany",8,0
"org.hibernate.envers.test.integration.naming.ids",8,0
"org.hibernate.envers.test.performance",8,2
"org.jboss.as.jpa.hibernate5.management",8,1
"org.hibernate.osgi.test.client",8,0
"org.hibernate.spatial.criterion",8,0
"org.hibernate.spatial.dialect.hana",8,0
"org.hibernate.testing.boot",8,0
"org.hibernate.jpamodelgen.test.inheritance.basic",8,1
"org.hibernate.jpamodelgen.test.xmlonly",8,0
"org.hibernate.userguide.mapping.embeddable",7,1
"org.hibernate.bytecode.enhance.internal.tracker",7,1
"org.hibernate.cache.spi.access",7,5
"org.hibernate.cfg.annotations.reflection",7,1
"org.hibernate.engine.jdbc.connections.spi",7,5
"org.hibernate.engine.jdbc.dialect.internal",7,0
"org.hibernate.exception",7,0
"org.hibernate.graph.spi",7,6
"org.hibernate.hql.internal",7,0
"org.hibernate.hql.spi",7,7
"org.hibernate.hql.spi.id.persistent",7,0
"org.hibernate.jpa.boot.spi",7,5
"org.hibernate.jpa.internal",7,0
"org.hibernate.loader.criteria",7,1
"org.hibernate.resource.beans.container.spi",7,6
"org.hibernate.resource.jdbc.spi",7,6
"org.hibernate.secure.spi",7,2
"org.hibernate.jpa.test.cascade.multilevel",7,0
"org.hibernate.jpa.test.cdi.extended",7,0
"org.hibernate.jpa.test.criteria.components",7,3
"org.hibernate.jpa.test.criteria.literal",7,1
"org.hibernate.jpa.test.criteria.paths",7,0
"org.hibernate.jpa.test.xml.sequences",7,0
"org.hibernate.property",7,1
"org.hibernate.test.annotations.derivedidentities",7,0
"org.hibernate.test.annotations.derivedidentities.e3.b2",7,0
"org.hibernate.test.annotations.derivedidentities.e3.b3",7,0
"org.hibernate.test.annotations.entitynonentity",7,0
"org.hibernate.test.annotations.id",7,0
"org.hibernate.test.annotations.id.sequences",7,0
"org.hibernate.test.annotations.inheritance",7,0
"org.hibernate.test.annotations.onetoone.hhh4851",7,0
"org.hibernate.test.bytecode.enhancement.basic",7,2
"org.hibernate.test.bytecode.enhancement.lazy.group",7,0
"org.hibernate.test.bytecode.enhancement.merge",7,0
"org.hibernate.test.cdi.general.mixed",7,0
"org.hibernate.test.collection.map",7,0
"org.hibernate.test.collection.original",7,0
"org.hibernate.test.converter.custom",7,0
"org.hibernate.test.cut",7,0
"org.hibernate.test.discriminator",7,0
"org.hibernate.test.id.usertype.inet",7,0
"org.hibernate.test.joinfetch",7,0
"org.hibernate.test.multitenancy.schema",7,1
"org.hibernate.test.pagination",7,0
"org.hibernate.test.propertyref.basic",7,0
"org.hibernate.test.proxy",7,0
"org.hibernate.test.queryplan",7,0
"org.hibernate.test.stateless.fetching",7,0
"org.hibernate.cache.ehcache.internal",7,2
"org.hibernate.envers.boot.internal",7,1
"org.hibernate.envers.query.internal.property",7,1
"org.hibernate.envers.test",7,4
"org.hibernate.envers.test.entities.components.relations",7,0
"org.hibernate.envers.test.entities.customtype",7,0
"org.hibernate.envers.test.entities.manytomany.unidirectional",7,0
"org.hibernate.envers.test.entities.onetomany",7,0
"org.hibernate.envers.test.integration.components.mappedsuperclass",7,1
"org.hibernate.envers.test.integration.jta",7,0
"org.hibernate.jcache.test",7,1
"org.hibernate.spatial.integration",7,2
"org.hibernate.testing.jdbc.leak",7,1
"org.hibernate.jpamodelgen.annotation",7,1
"org.hibernate.jpamodelgen",7,0
"org.hibernate.jpamodelgen.util",7,0
"org.hibernate.jpamodelgen.xml",7,1
"org.hibernate.jpamodelgen.test.inheritance.unmappedclassinhierarchy",7,1
"org.hibernate.jpamodelgen.test.mappedsuperclass.typedmappedsuperclass",7,3
"org.hibernate.userguide.flush",6,0
"org.hibernate.userguide.mapping.generated",6,0
"org.hibernate.boot.model.convert.internal",6,1
"org.hibernate.boot.registry",6,3
"org.hibernate.cache.cfg.spi",6,6
"org.hibernate.dialect.unique",6,1
"org.hibernate.engine",6,1
"org.hibernate.event.service.spi",6,5
"org.hibernate.id.insert",6,4
"org.hibernate.id.uuid",6,0
"org.hibernate.jpa.boot.internal",6,0
"org.hibernate.jpa.event.spi",6,4
"org.hibernate.loader.plan.exec.spi",6,5
"org.hibernate.result",6,4
"org.hibernate.boot.spi.delegation",6,0
"org.hibernate.jpa.test.connection",6,1
"org.hibernate.jpa.test.criteria.idclass",6,0
"org.hibernate.jpa.test.factory.puUtil",6,0
"org.hibernate.jpa.test.orphan.onetoone.multilevelcascade",6,0
"org.hibernate.jpa.test.pack.explodedpar",6,0
"org.hibernate.jpa.test.packaging",6,1
"org.hibernate.test.annotations.idclassgeneratedvalue",6,0
"org.hibernate.test.annotations.index.jpa",6,1
"org.hibernate.test.annotations.manytoone.referencedcolumnname",6,0
"org.hibernate.test.annotations.tableperclass",6,1
"org.hibernate.test.batch",6,0
"org.hibernate.test.cdi.converters.legacy",6,0
"org.hibernate.test.collection.custom.declaredtype",6,1
"org.hibernate.test.collection.delayedOperation",6,0
"org.hibernate.test.collection.list",6,0
"org.hibernate.test.collection.set",6,0
"org.hibernate.test.collectionalias",6,0
"org.hibernate.test.compositeusertype",6,1
"org.hibernate.test.compositeusertype.nested",6,0
"org.hibernate.test.converter.caching",6,0
"org.hibernate.test.dialect.function",6,0
"org.hibernate.test.dialect.unit.lockhint",6,1
"org.hibernate.test.dialect.unit.sequence",6,1
"org.hibernate.test.dynamicentity",6,4
"org.hibernate.test.event.collection.association.bidirectional.onetomany",6,0
"org.hibernate.test.fetchprofiles.join",6,1
"org.hibernate.test.fileimport",6,0
"org.hibernate.test.filter.hql",6,0
"org.hibernate.test.formulajoin",6,0
"org.hibernate.test.id.sequence",6,0
"org.hibernate.test.immutable",6,0
"org.hibernate.test.jpa",6,1
"org.hibernate.test.mixed",6,1
"org.hibernate.test.naturalid.immutable",6,0
"org.hibernate.test.naturalid.nullable",6,0
"org.hibernate.test.notfound",6,6
"org.hibernate.test.onetoone.optional",6,0
"org.hibernate.test.orphan",6,0
"org.hibernate.test.orphan.one2one.fk.bidirectional.multilevelcascade",6,0
"org.hibernate.test.resource.transaction.jdbc.autocommit",6,1
"org.hibernate.test.schemaupdate.inheritance",6,0
"org.hibernate.test.subclassfilter",6,0
"org.hibernate.envers.internal.entities.mapper.relation.lazy.proxy",6,1
"org.hibernate.envers.internal.revisioninfo",6,1
"org.hibernate.envers.query.internal.impl",6,2
"org.hibernate.envers.test.entities.reventity.trackmodifiedentities",6,0
"org.hibernate.envers.test.integration.hashcode",6,0
"org.hibernate.envers.test.integration.inheritance.joined",6,1
"org.hibernate.envers.test.integration.inheritance.mixed.entities",6,3
"org.hibernate.envers.test.integration.manytomany.unidirectional",6,0
"org.hibernate.envers.test.integration.manytoone.bidirectional",6,0
"org.hibernate.envers.test.integration.onetoone.bidirectional.ids",6,0
"org.hibernate.envers.test.integration.onetoone.bidirectional.primarykeyjoincolumn",6,0
"org.hibernate.envers.test.integration.onetoone.unidirectional",6,0
"org.hibernate.envers.test.integration.reventity.trackmodifiedentities",6,0
"org.hibernate.spatial.dialect.oracle.criterion",6,2
"org.hibernate.spatial.dialect.sqlserver",6,0
"org.hibernate.spatial.testing.dialects.h2geodb",6,0
"org.hibernate.spatial.testing.dialects.oracle",6,0
"org.hibernate.testing.jdbc",6,0
"org.hibernate.jpamodelgen.model",6,5
"org.hibernate.userguide.collections.type",5,0
"org.hibernate.userguide.events",5,1
"org.hibernate.userguide.hql",5,0
"org.hibernate.userguide.mapping.access",5,0
"org.hibernate.userguide.multitenancy",5,1
"org.hibernate.userguide.schema",5,0
"org.hibernate.boot.xsd",5,0
"org.hibernate.cache.cfg.internal",5,1
"org.hibernate.engine.jdbc.batch.spi",5,4
"org.hibernate.engine.loading.internal",5,0
"org.hibernate.engine.transaction.spi",5,4
"org.hibernate.event.service.internal",5,0
"org.hibernate.exception.internal",5,0
"org.hibernate.graph.internal",5,2
"org.hibernate.hql.internal.ast.exec",5,1
"org.hibernate.hql.spi.id.cte",5,1
"org.hibernate.internal.log",5,5
"org.hibernate.loader.collection.plan",5,3
"org.hibernate.loader.custom.sql",5,2
"org.hibernate.loader.entity.plan",5,3
"org.hibernate.metamodel.internal",5,1
"org.hibernate.persister.spi",5,4
"org.hibernate.resource.beans.spi",5,3
"org.hibernate.type.descriptor",5,4
"org.hibernate.connection",5,1
"org.hibernate.jpa.test.association",5,0
"org.hibernate.jpa.test.criteria.mapjoin",5,0
"org.hibernate.jpa.test.criteria.nulliteral",5,0
"org.hibernate.jpa.test.criteria.subquery",5,1
"org.hibernate.jpa.test.ejb3configuration.id",5,0
"org.hibernate.jpa.test.graphs.inherited",5,0
"org.hibernate.jpa.test.metagen.mappedsuperclass.idclass",5,2
"org.hibernate.jpa.test.persistenceunit",5,0
"org.hibernate.query.hhh12225",5,0
"org.hibernate.test.abstractembeddedcomponents.propertyref",5,2
"org.hibernate.test.annotations.backquotes",5,0
"org.hibernate.test.annotations.cid.keymanytoone",5,0
"org.hibernate.test.annotations.derivedidentities.e1.b",5,0
"org.hibernate.test.annotations.derivedidentities.e1.b.specjmapid",5,0
"org.hibernate.test.annotations.derivedidentities.e1.b2",5,0
"org.hibernate.test.annotations.derivedidentities.e2.a",5,0
"org.hibernate.test.annotations.derivedidentities.e2.b",5,0
"org.hibernate.test.annotations.derivedidentities.e3.a",5,0
"org.hibernate.test.annotations.derivedidentities.e3.b",5,0
"org.hibernate.test.annotations.derivedidentities.e4.a",5,0
"org.hibernate.test.annotations.embedded.one2many",5,0
"org.hibernate.test.annotations.fetch",5,0
"org.hibernate.test.annotations.filter.subclass.joined",5,0
"org.hibernate.test.annotations.inheritance.discriminatoroptions",5,0
"org.hibernate.test.annotations.inheritance.mixed",5,1
"org.hibernate.test.annotations.inheritance.union",5,1
"org.hibernate.test.annotations.interfaces",5,2
"org.hibernate.test.annotations.mappedsuperclass.intermediate",5,2
"org.hibernate.test.annotations.persister",5,0
"org.hibernate.test.annotations.polymorphism",5,0
"org.hibernate.test.annotations.type",5,0
"org.hibernate.test.annotations.type.dynamicparameterized",5,1
"org.hibernate.test.bytecode",5,1
"org.hibernate.test.bytecode.enhancement.cascade",5,0
"org.hibernate.test.cfg",5,0
"org.hibernate.test.cfg.cache",5,0
"org.hibernate.test.collection.ordered.joinedInheritence",5,0
"org.hibernate.test.component.basic",5,0
"org.hibernate.test.component.cascading.toone",5,0
"org.hibernate.test.converter.elementCollection",5,0
"org.hibernate.test.converter.lob",5,0
"org.hibernate.test.converter.map",5,0
"org.hibernate.test.deletetransient",5,0
"org.hibernate.test.entityname",5,1
"org.hibernate.test.events",5,0
"org.hibernate.test.foreignkeys.disabled",5,1
"org.hibernate.test.hbm.index",5,0
"org.hibernate.test.idgen.enhanced.table",5,0
"org.hibernate.test.joinwithoutancestor",5,1
"org.hibernate.test.jpa.compliance.tck2_2.mapkeycolumn",5,0
"org.hibernate.test.jpa.naturalid",5,0
"org.hibernate.test.keymanytoone.bidir.component",5,0
"org.hibernate.test.loadplans.process.inheritance",5,0
"org.hibernate.test.loadplans.walking",5,0
"org.hibernate.test.nationalized",5,0
"org.hibernate.test.ondelete",5,0
"org.hibernate.test.onetoone.joined",5,0
"org.hibernate.test.onetoone.jointable",5,1
"org.hibernate.test.onetoone.singletable",5,0
"org.hibernate.test.orphan.one2one",5,0
"org.hibernate.test.refresh",5,0
"org.hibernate.test.schemaupdate.foreignkeys.definition",5,1
"org.hibernate.test.schemavalidation",5,0
"org.hibernate.test.sql.storedproc",5,0
"org.hibernate.test.tm",5,0
"org.hibernate.test.typeoverride",5,0
"org.hibernate.test.unionsubclass.alias",5,1
"org.hibernate.test.unionsubclass2",5,0
"org.hibernate.test.version.sybase",5,0
"org.hibernate.envers.test.entities.reventity",5,0
"org.hibernate.envers.test.integration.inheritance.joined.relation.unidirectional",5,2
"org.hibernate.envers.test.integration.inheritance.single.relation",5,0
"org.hibernate.envers.test.integration.manytomany.inverseToSuperclass",5,0
"org.hibernate.envers.test.integration.onetomany.embeddedid",5,0
"org.hibernate.envers.test.integration.onetomany.inverseToSuperclass",5,0
"org.hibernate.envers.test.integration.query.ids",5,0
"org.hibernate.envers.test.integration.strategy",5,0
"org.hibernate.jpa.test.pack",5,0
"org.hibernate.wildfly.integrationtest",5,0
"org.hibernate.jpamodelgen.util.xml",5,0
"org.hibernate.jpamodelgen.test.arraytype",5,0
"org.hibernate.userguide.mapping.converter.hbm",4,0
"org.hibernate.userguide.mapping.identifier.composite",4,0
"org.hibernate.userguide.persister",4,0
"org.hibernate.c3p0.internal",4,1
"org.hibernate.action.spi",4,3
"org.hibernate.boot.cfgxml.internal",4,0
"org.hibernate.boot.model.convert.spi",4,4
"org.hibernate.boot.model.process.internal",4,0
"org.hibernate.boot.registry.selector",4,2
"org.hibernate.boot.registry.selector.spi",4,2
"org.hibernate.bytecode.internal.none",4,0
"org.hibernate.context.internal",4,0
"org.hibernate.context.spi",4,3
"org.hibernate.ejb",4,4
"org.hibernate.engine.jdbc.cursor.internal",4,1
"org.hibernate.engine.profile",4,0
"org.hibernate.engine.query",4,0
"org.hibernate.engine.transaction.jta.platform.spi",4,3
"org.hibernate.hql.spi.id.local",4,0
"org.hibernate.metamodel.model.convert.internal",4,0
"org.hibernate.persister.internal",4,0
"org.hibernate.persister.walking.internal",4,0
"org.hibernate.procedure.spi",4,3
"org.hibernate.proxy.map",4,0
"org.hibernate.proxy.pojo.bytebuddy",4,0
"org.hibernate.resource.beans.internal",4,1
"org.hibernate.resource.jdbc.internal",4,1
"org.hibernate.resource.transaction.backend.jdbc.internal",4,0
"org.hibernate.resource.transaction",4,0
"org.hibernate.tool.schema",4,0
"org.hibernate.type.descriptor.converter",4,0
"org.hibernate.engine.spi.delegation",4,0
"org.hibernate.event",4,0
"org.hibernate.jpa.test.beanvalidation",4,0
"org.hibernate.jpa.test.cacheable.annotation",4,0
"org.hibernate.jpa.test.criteria.components.joins",4,1
"org.hibernate.jpa.test.exception",4,0
"org.hibernate.jpa.test.graphs.named.basic",4,1
"org.hibernate.jpa.test.graphs.named.subgraph",4,0
"org.hibernate.jpa.test.hibernateFilters",4,0
"org.hibernate.jpa.test.metagen.mappedsuperclass.embedded",4,1
"org.hibernate.jpa.test.metagen.mappedsuperclass.embeddedid",4,0
"org.hibernate.jpa.test.metagen.mappedsuperclass.overridden",4,1
"org.hibernate.jpa.test.orphan.onetomany",4,0
"org.hibernate.jpa.test.pack.various",4,0
"org.hibernate.jpa.test.schemagen.iso8859",4,0
"org.hibernate.query.criteria.internal.hhh13151",4,0
"org.hibernate.serialization",4,0
"org.hibernate.subclassProxyInterface",4,1
"org.hibernate.test.annotations.collectionelement.deepcollectionelements",4,0
"org.hibernate.test.annotations.collectionelement.recreate",4,0
"org.hibernate.test.annotations.dataTypes",4,0
"org.hibernate.test.annotations.derivedidentities.e1.a",4,0
"org.hibernate.test.annotations.derivedidentities.e1.b.specjmapid.lazy",4,0
"org.hibernate.test.annotations.derivedidentities.e4.b",4,0
"org.hibernate.test.annotations.derivedidentities.e5.a",4,0
"org.hibernate.test.annotations.derivedidentities.e5.b",4,0
"org.hibernate.test.annotations.derivedidentities.e6.a",4,0
"org.hibernate.test.annotations.derivedidentities.e6.b",4,0
"org.hibernate.test.annotations.embeddables.collection",4,0
"org.hibernate.test.annotations.embeddables.collection.xml",4,0
"org.hibernate.test.annotations.embeddables.nested",4,0
"org.hibernate.test.annotations.embeddables.nested.fieldaccess",4,0
"org.hibernate.test.annotations.embedded.many2one",4,0
"org.hibernate.test.annotations.engine.collection",4,0
"org.hibernate.test.annotations.entityGraph",4,0
"org.hibernate.test.annotations.enumerated.enums",4,0
"org.hibernate.test.annotations.enumerated.mapkey",4,0
"org.hibernate.test.annotations.filter.subclass.MappedSuperclass",4,1
"org.hibernate.test.annotations.filter.subclass.singletable",4,0
"org.hibernate.test.annotations.filter.subclass.tableperclass",4,0
"org.hibernate.test.annotations.idclass",4,1
"org.hibernate.test.annotations.join.namingstrategy",4,0
"org.hibernate.test.annotations.loader",4,0
"org.hibernate.test.annotations.notfound",4,0
"org.hibernate.test.annotations.onetoone.hhh9798",4,0
"org.hibernate.test.annotations.override.mappedsuperclass",4,0
"org.hibernate.test.annotations.subselect",4,0
"org.hibernate.test.bidi",4,0
"org.hibernate.test.bytecode.enhancement.association",4,1
"org.hibernate.test.cache.polymorphism",4,0
"org.hibernate.test.cdi.converters",4,0
"org.hibernate.test.cdi.events",4,0
"org.hibernate.test.collection.backref.map.compkey",4,0
"org.hibernate.test.collection.basic",4,0
"org.hibernate.test.collection.lazynocascade",4,0
"org.hibernate.test.collection.map.hhh7557",4,0
"org.hibernate.test.component.basic2",4,0
"org.hibernate.test.component.cascading.collection",4,0
"org.hibernate.test.component.proxy",4,1
"org.hibernate.test.constraint",4,1
"org.hibernate.test.criteria.limitexpression",4,0
"org.hibernate.test.cuk",4,0
"org.hibernate.test.dynamicentity.tuplizer",4,0
"org.hibernate.test.ecid",4,0
"org.hibernate.test.entitymode.dom4j",4,0
"org.hibernate.test.event.collection.association.bidirectional.manytomany",4,0
"org.hibernate.test.extendshbm",4,0
"org.hibernate.test.generatedkeys.identity",4,0
"org.hibernate.test.hql.joinedSubclass",4,1
"org.hibernate.test.id.array",4,0
"org.hibernate.test.id.usertype.json",4,0
"org.hibernate.test.id.uuid",4,0
"org.hibernate.test.idclass",4,0
"org.hibernate.test.idgen.enhanced.forcedtable",4,0
"org.hibernate.test.idgen.enhanced.sequence",4,0
"org.hibernate.test.jdbc.internal",4,0
"org.hibernate.test.jpa.orphan.one2one",4,0
"org.hibernate.test.lazyonetoone",4,0
"org.hibernate.test.manytomanyassociationclass",4,1
"org.hibernate.test.map",4,0
"org.hibernate.test.mapcompelem",4,0
"org.hibernate.test.mapping.usertypes",4,0
"org.hibernate.test.metamodel.wildcardmodel",4,2
"org.hibernate.test.namingstrategy.components",4,0
"org.hibernate.test.naturalid.composite",4,0
"org.hibernate.test.naturalid.inheritance.cache",4,0
"org.hibernate.test.naturalid.inheritance",4,2
"org.hibernate.test.ondelete.toone.hbm",4,0
"org.hibernate.test.ondemandload",4,0
"org.hibernate.test.onetomany.inheritance.joined",4,1
"org.hibernate.test.onetomany.inheritance.perclass",4,1
"org.hibernate.test.onetomany.inheritance.single",4,1
"org.hibernate.test.onetoone.link",4,0
"org.hibernate.test.ordered",4,0
"org.hibernate.test.orphan.one2one.fk.reversed.bidirectional.multilevelcascade",4,0
"org.hibernate.test.propertyref.component.complete",4,0
"org.hibernate.test.propertyref.component.partial",4,0
"org.hibernate.test.propertyref",4,0
"org.hibernate.test.propertyref.inheritence.discrim",4,0
"org.hibernate.test.propertyref.inheritence.joined",4,0
"org.hibernate.test.propertyref.inheritence.union",4,0
"org.hibernate.test.proxy.narrow",4,1
"org.hibernate.test.reattachment",4,0
"org.hibernate.test.resource.transaction.jdbc",4,0
"org.hibernate.test.resulttransformer",4,0
"org.hibernate.test.schemafilter",4,0
"org.hibernate.test.schemaupdate.idgenerator",4,0
"org.hibernate.test.sql.autodiscovery",4,0
"org.hibernate.test.sql.check",4,1
"org.hibernate.test.temporal",4,0
"org.hibernate.test.type.contributor",4,0
"org.hibernate.test.type.descriptor.sql",4,0
"org.hibernate.test.typedescriptor",4,0
"org.hibernate.test.typedmanytoone",4,0
"org.hibernate.test.typedonetoone",4,0
"org.hibernate.test.version.db",4,0
"org.hibernate.envers.enhanced",4,0
"org.hibernate.envers.internal.reader",4,1
"org.hibernate.envers.internal.synchronization",4,0
"org.hibernate.envers.internal.tools.graph",4,1
"org.hibernate.envers.query",4,2
"org.hibernate.envers.test.entities.converter",4,0
"org.hibernate.envers.test.entities.onetomany.ids",4,0
"org.hibernate.envers.test.entities.onetoone",4,0
"org.hibernate.envers.test.integration.auditReader",4,0
"org.hibernate.envers.test.integration.collection.mapkey",4,0
"org.hibernate.envers.test.integration.components.collections.mappedsuperclasselement",4,1
"org.hibernate.envers.test.integration.components",4,0
"org.hibernate.envers.test.integration.entityNames.singleAssociatedAudited",4,0
"org.hibernate.envers.test.integration.ids",4,0
"org.hibernate.envers.test.integration.inheritance.joined.childrelation",4,0
"org.hibernate.envers.test.integration.inheritance.joined.notownedrelation",4,0
"org.hibernate.envers.test.integration.inheritance.single",4,0
"org.hibernate.envers.test.integration.inheritance.single.childrelation",4,0
"org.hibernate.envers.test.integration.inheritance.single.discriminatorformula",4,0
"org.hibernate.envers.test.integration.inheritance.single.notownedrelation",4,0
"org.hibernate.envers.test.integration.inheritance.tableperclass",4,0
"org.hibernate.envers.test.integration.inheritance.tableperclass.childrelation",4,0
"org.hibernate.envers.test.integration.inheritance.tableperclass.notownedrelation",4,0
"org.hibernate.envers.test.integration.inheritance.tableperclass.relation",4,0
"org.hibernate.envers.test.integration.interfaces.components",4,1
"org.hibernate.envers.test.integration.interfaces.hbm.allAudited",4,2
"org.hibernate.envers.test.integration.interfaces.hbm.propertiesAudited",4,2
"org.hibernate.envers.test.integration.interfaces.hbm.propertiesAudited2",4,2
"org.hibernate.envers.test.integration.interfaces.relation",4,1
"org.hibernate.envers.test.integration.modifiedflags.entities",4,0
"org.hibernate.envers.test.integration.multiplerelations",4,0
"org.hibernate.envers.test.integration.naturalid",4,0
"org.hibernate.envers.test.integration.onetomany.idclass",4,0
"org.hibernate.envers.test.integration.properties",4,0
"org.hibernate.envers.test.integration.proxy",4,0
"org.hibernate.envers.test.integration.secondary",4,0
"org.hibernate.envers.test.integration.secondary.ids",4,0
"org.hibernate.envers.test.various",4,0
"org.hibernate.hikaricp.internal",4,0
"org.hibernate.cache.jcache",4,1
"org.hibernate.cache.jcache.internal",4,0
"org.hibernate.test.cache.jcache.config",4,0
"org.hibernate.proxool.internal",4,1
"org.hibernate.spatial.testing.converter",4,0
"org.hibernate.spatial.testing.dialects.db2",4,0
"org.hibernate.testing.schema",4,0
"org.hibernate.jpamodelgen.test.embeddedid.withinheritance",4,1
"org.hibernate.jpamodelgen.test.embeddedid.withoutinheritance",4,0
"org.hibernate.jpamodelgen.test.generatedannotation",4,0
"org.hibernate.jpamodelgen.test.inheritance.deep",4,1
"org.hibernate.jpamodelgen.test.mappedsuperclass.mappedsuperclasswithoutid",4,0
"org.hibernate.jpamodelgen.test.targetannotation",4,1
"org.hibernate.osgitest.entity",3,0
"org.hibernate.userguide.caching",3,0
"org.hibernate.userguide.mapping.converter",3,0
"org.hibernate.agroal.internal",3,0
"org.hibernate.test.agroal",3,0
"org.hibernate.boot.cfgxml.spi",3,1
"org.hibernate.boot.jaxb.spi",3,2
"org.hibernate.boot.model.process.spi",3,1
"org.hibernate.boot.registry.classloading.spi",3,1
"org.hibernate.boot.registry.internal",3,0
"org.hibernate.boot.registry.selector.internal",3,0
"org.hibernate.cache",3,1
"org.hibernate.engine.config.internal",3,0
"org.hibernate.engine.config.spi",3,1
"org.hibernate.engine.jndi.internal",3,0
"org.hibernate.engine.jndi",3,0
"org.hibernate.engine.transaction.internal",3,0
"org.hibernate.graph.internal.parse",3,1
"org.hibernate.hql.spi.id.global",3,0
"org.hibernate.integrator.spi",3,3
"org.hibernate.internal.util.compare",3,0
"org.hibernate.jmx.internal",3,0
"org.hibernate.loader.plan.exec.query.internal",3,0
"org.hibernate.loader.plan.exec.query.spi",3,2
"org.hibernate.metamodel.model.convert.spi",3,3
"org.hibernate.proxy.pojo.javassist",3,0
"org.hibernate.query.procedure.internal",3,0
"org.hibernate.resource.transaction.internal",3,0
"org.hibernate.result.internal",3,0
"org.hibernate.dialect.resolver",3,0
"org.hibernate.jpa.test.boot",3,0
"org.hibernate.jpa.test.callbacks.xml",3,0
"org.hibernate.jpa.test.cdi",3,0
"org.hibernate.jpa.test.collection",3,0
"org.hibernate.jpa.test.criteria.selectcase",3,0
"org.hibernate.jpa.test.graphs.named.multiple",3,0
"org.hibernate.jpa.test.inheritance",3,1
"org.hibernate.jpa.test.metagen.mappedsuperclass.attribute",3,1
"org.hibernate.jpa.test.orphan.onetoone",3,0
"org.hibernate.jpa.test.refresh",3,0
"org.hibernate.jpa.test.secondarytable",3,1
"org.hibernate.jpa.test.transaction.batch",3,1
"org.hibernate.jpa.version",3,0
"org.hibernate.test.abstractembeddedcomponents.cid",3,1
"org.hibernate.test.annotations.array",3,0
"org.hibernate.test.annotations.bytecode",3,1
"org.hibernate.test.annotations.collectionelement.embeddables.withcustomenumdef",3,0
"org.hibernate.test.annotations.collectionelement.indexedCollection",3,0
"org.hibernate.test.annotations.collectionelement.ordered",3,0
"org.hibernate.test.annotations.derivedidentities.e1.c",3,0
"org.hibernate.test.annotations.derivedidentities.e5.c",3,0
"org.hibernate.test.annotations.enumerated",3,0
"org.hibernate.test.annotations.enumerated.ormXml",3,0
"org.hibernate.test.annotations.identifiercollection",3,0
"org.hibernate.test.annotations.namingstrategy.charset",3,1
"org.hibernate.test.annotations.naturalid.cid",3,0
"org.hibernate.test.annotations.onetoone.primarykey",3,0
"org.hibernate.test.annotations.strategy",3,0
"org.hibernate.test.annotations.tuplizer.bytebuddysubclass",3,0
"org.hibernate.test.array",3,0
"org.hibernate.test.boot.jaxb.hbm.internal",3,0
"org.hibernate.test.bytecode.enhancement.dirty",3,0
"org.hibernate.test.bytecode.enhancement.lazy.cache",3,0
"org.hibernate.test.bytecode.enhancement.lazy.HHH_10708",3,0
"org.hibernate.test.bytecode.enhancement.lazy.notfound",3,0
"org.hibernate.test.cache.cid",3,0
"org.hibernate.test.cdi.testsupport",3,1
"org.hibernate.test.collection.idbag",3,0
"org.hibernate.test.common",3,0
"org.hibernate.test.compositeelement",3,0
"org.hibernate.test.criteria.many_to_many",3,0
"org.hibernate.test.dialect.unit.locktimeout",3,0
"org.hibernate.test.discriminator.joined",3,1
"org.hibernate.test.dynamicentity.tuplizer2",3,0
"org.hibernate.test.exception",3,0
"org.hibernate.test.fetchstrategyhelper",3,0
"org.hibernate.test.hqlfetchscroll",3,0
"org.hibernate.test.id.usertype",3,0
"org.hibernate.test.idbag",3,0
"org.hibernate.test.idgen.biginteger.sequence",3,0
"org.hibernate.test.idgen.identity.joinedSubClass",3,0
"org.hibernate.test.inheritance.discriminator.embeddable",3,3
"org.hibernate.test.jdbc",3,0
"org.hibernate.test.jdbc.env",3,0
"org.hibernate.test.joinedsubclassbatch",3,0
"org.hibernate.test.jpa.compliance.tck2_2.caching",3,0
"org.hibernate.test.jpa.compliance.tck2_2.joincolumn",3,0
"org.hibernate.test.jpa.fetch",3,0
"org.hibernate.test.jpa.lock",3,0
"org.hibernate.test.keymanytoone.bidir.embedded",3,0
"org.hibernate.test.keymanytoone.bidir.ondelete",3,0
"org.hibernate.test.keymanytoone.unidir.ondelete",3,0
"org.hibernate.test.loadplans.plans",3,0
"org.hibernate.test.manytomany.batchload",3,0
"org.hibernate.test.manytomany.ordered",3,0
"org.hibernate.test.mapelemformula",3,0
"org.hibernate.test.mappingexception",3,0
"org.hibernate.test.namingstrategy.ejb3joincolumn",3,0
"org.hibernate.test.naturalid.cid",3,0
"org.hibernate.test.naturalid.inheritance.spread",3,1
"org.hibernate.test.onetoone.basic",3,0
"org.hibernate.test.onetoone.formula",3,0
"org.hibernate.test.optlock",3,0
"org.hibernate.test.orphan.manytomany",3,0
"org.hibernate.test.orphan.one2one.fk.bidirectional",3,0
"org.hibernate.test.orphan.one2one.fk.composite",3,0
"org.hibernate.test.orphan.one2one.fk.reversed.bidirectional",3,0
"org.hibernate.test.orphan.one2one.fk.reversed.unidirectional",3,0
"org.hibernate.test.orphan.one2one.pk.bidirectional",3,0
"org.hibernate.test.orphan.one2one.pk.unidirectional",3,0
"org.hibernate.test.orphan.onetomany",3,0
"org.hibernate.test.pagination.hhh9965",3,0
"org.hibernate.test.queryhint",3,0
"org.hibernate.test.resource.common",3,0
"org.hibernate.test.rowid",3,0
"org.hibernate.test.schemaupdate.foreignkeys.crossschema",3,0
"org.hibernate.test.schemaupdate.inheritance.hhh_x",3,1
"org.hibernate.test.schemaupdate.inheritance.tableperclass",3,1
"org.hibernate.test.schemaupdate.manytomany",3,0
"org.hibernate.test.schemaupdate.uniqueconstraint",3,0
"org.hibernate.test.service",3,0
"org.hibernate.test.stateless.insert",3,0
"org.hibernate.test.ternary",3,0
"org.hibernate.test.typeparameters",3,0
"org.hibernate.test.unconstrained",3,0
"org.hibernate.test.util.dtd",3,0
"org.hibernate.test.version.mappedsuperclass",3,0
"org.hibernate.envers.demo",3,0
"org.hibernate.envers.exception",3,0
"org.hibernate.envers.internal.tools.query",3,1
"org.hibernate.envers.strategy",3,1
"org.hibernate.envers.test.entities.manytomany.sametable",3,0
"org.hibernate.envers.test.entities.manytoone.unidirectional",3,0
"org.hibernate.envers.test.entities.onetomany.detached.inheritance",3,1
"org.hibernate.envers.test.integration.cache",3,0
"org.hibernate.envers.test.integration.components.relations",3,0
"org.hibernate.envers.test.integration.entityNames.manyToManyAudited",3,0
"org.hibernate.envers.test.integration.entityNames.oneToManyAudited",3,0
"org.hibernate.envers.test.integration.entityNames.oneToManyNotAudited",3,0
"org.hibernate.envers.test.integration.entityNames.singleAssociatedNotAudited",3,0
"org.hibernate.envers.test.integration.ids.protectedmodifier",3,0
"org.hibernate.envers.test.integration.inheritance.joined.emptychild",3,1
"org.hibernate.envers.test.integration.inheritance.tableperclass.abstractparent",3,1
"org.hibernate.envers.test.integration.manytomany.ternary",3,0
"org.hibernate.envers.test.integration.nativequery",3,0
"org.hibernate.envers.test.integration.notinsertable.manytoone",3,0
"org.hibernate.envers.test.integration.onetomany.relatedid",3,0
"org.hibernate.envers.test.integration.query.embeddables",3,0
"org.hibernate.envers.test.integration.query.entities",3,0
"org.hibernate.envers.test.integration.reference",3,0
"org.hibernate.envers.test.integration.reventity.removal",3,1
"org.hibernate.envers.test.integration.sameids",3,0
"org.hibernate.envers.test.performance.complex",3,0
"org.hibernate.test.hikaricp",3,0
"org.jboss.as.jpa.hibernate5.service",3,0
"org.hibernate.spatial.dialect.h2geodb",3,0
"org.hibernate.spatial.integration.geolatte",3,0
"org.hibernate.spatial.testing.dialects.hana",3,0
"org.hibernate.spatial.testing.dialects.postgis",3,0
"org.hibernate.spatial.testing.dialects.sqlserver",3,0
"org.hibernate.testing.async",3,1
"org.hibernate.testing.cache",3,0
"org.hibernate.testing.jta",3,0
"org.hibernate.testing.util",3,0
"org.hibernate.vibur.internal",3,0
"org.hibernate.jpamodelgen.test.generics",3,0
"org.hibernate.jpamodelgen.test.rawtypes",3,0
"org.hibernate.jpamodelgen.test.sortedcollection",3,0
"org.hibernate.jpamodelgen.test.supresswarnings",3,0
"org.hibernate.jpamodelgen.test.usertype",3,0
"org.hibernate.jpamodelgen.test.xmlembeddable",3,1
"org.hibernate.tutorial.annotations",2,0
"org.hibernate.tutorial.hbm",2,0
"org.hibernate.tutorial.em",2,0
"org.hibernate.tutorial.envers",2,0
"org.hibernate.userguide.criteria",2,0
"org.hibernate.userguide.immutability",2,0
"org.hibernate.userguide.inheritance.polymorphism",2,1
"org.hibernate.userguide.mapping.dynamic",2,0
"org.hibernate.userguide.naming",2,0
"org.hibernate.boot.jaxb",2,0
"org.hibernate.boot.model.source.internal",2,1
"org.hibernate.collection.spi",2,1
"org.hibernate.context",2,0
"org.hibernate.dialect.hint",2,1
"org.hibernate.engine.jdbc.cursor.spi",2,1
"org.hibernate.engine.jndi.spi",2,1
"org.hibernate.id.factory.internal",2,0
"org.hibernate.internal.build",2,0
"org.hibernate.internal.util.beans",2,1
"org.hibernate.internal.util.config",2,0
"org.hibernate.internal.util.io",2,0
"org.hibernate.metadata",2,2
"org.hibernate.query.criteria",2,1
"org.hibernate.query.procedure",2,2
"org.hibernate.query.procedure.spi",2,2
"org.hibernate.resource.jdbc",2,2
"org.hibernate.resource.transaction.backend.jdbc.spi",2,2
"org.hibernate.secure",2,0
"org.hibernate.stat.spi",2,2
"org.hibernate.type.descriptor.java.spi",2,0
"org.hibernate.type.spi",2,1
"org.hibernate.jdbc.util",2,0
"org.hibernate.jpa.test.cacheable.api",2,0
"org.hibernate.jpa.test.cacheable.cachemodes",2,0
"org.hibernate.jpa.test.callbacks.hbmxml",2,0
"org.hibernate.jpa.test.criteria.enumcollection",2,0
"org.hibernate.jpa.test.indetifier",2,0
"org.hibernate.jpa.test.lob",2,0
"org.hibernate.jpa.test.pack.cfgxmlpar",2,0
"org.hibernate.jpa.test.pack.excludehbmpar",2,0
"org.hibernate.jpa.test.pack.explicitpar",2,0
"org.hibernate.jpa.test.pack.externaljar",2,0
"org.hibernate.jpa.test.pack.overridenpar",2,0
"org.hibernate.jpa.test.pack.spacepar",2,0
"org.hibernate.serialization.entity",2,0
"org.hibernate.test.annotations.configuration",2,0
"org.hibernate.test.annotations.duplicatedgenerator",2,0
"org.hibernate.test.annotations.embeddables.attributeOverrides",2,0
"org.hibernate.test.annotations.enumerated.custom_mapkey",2,0
"org.hibernate.test.annotations.enumerated.custom_types",2,0
"org.hibernate.test.annotations.filter.secondarytable",2,0
"org.hibernate.test.annotations.idclass.xml",2,0
"org.hibernate.test.annotations.indexcoll.eager",2,0
"org.hibernate.test.annotations.lob.hhh4635",2,0
"org.hibernate.test.annotations.lob.locator",2,0
"org.hibernate.test.annotations.override.inheritance",2,0
"org.hibernate.test.annotations.quote.resultsetmappings",2,0
"org.hibernate.test.annotations.various.readwriteexpression",2,0
"org.hibernate.test.ast",2,0
"org.hibernate.test.boot.binding.cacheable",2,0
"org.hibernate.test.boot.cfgXml",2,0
"org.hibernate.test.boot.database.qualfiedTableNaming",2,0
"org.hibernate.test.bytecode.enhancement.lazy.basic",2,0
"org.hibernate.test.bytecode.enhancement.tracker",2,0
"org.hibernate.test.cdi.events.extended",2,0
"org.hibernate.test.cdi.events.nocdi",2,0
"org.hibernate.test.collection.multisession",2,0
"org.hibernate.test.criterion",2,0
"org.hibernate.test.dialect.functional.cache",2,0
"org.hibernate.test.dirtiness",2,0
"org.hibernate.test.dynamicentity.interceptor",2,0
"org.hibernate.test.event.collection.association.unidirectional.onetomany",2,0
"org.hibernate.test.event.collection.values",2,0
"org.hibernate.test.event.entity",2,0
"org.hibernate.test.eviction",2,0
"org.hibernate.test.fetch.runtime.managed",2,0
"org.hibernate.test.fetchprofiles",2,0
"org.hibernate.test.fetchprofiles.join.selfReferencing",2,0
"org.hibernate.test.generatedkeys.select",2,0
"org.hibernate.test.generatedkeys.seqidentity",2,0
"org.hibernate.test.hbm.query",2,0
"org.hibernate.test.hbm.version",2,0
"org.hibernate.test.id.uuid.strategy",2,0
"org.hibernate.test.idgen.biginteger.increment",2,0
"org.hibernate.test.idgen.foreign",2,0
"org.hibernate.test.idgen.identity.hhh10429",2,0
"org.hibernate.test.idgen.namescope",2,0
"org.hibernate.test.inheritance.relationship",2,1
"org.hibernate.test.iterate",2,0
"org.hibernate.test.jpa.convert",2,0
"org.hibernate.test.jpa.txn",2,0
"org.hibernate.test.locale",2,0
"org.hibernate.test.locking.paging",2,0
"org.hibernate.test.manytomanyassociationclass.compositeid",2,0
"org.hibernate.test.math",2,0
"org.hibernate.test.multitenancy",2,0
"org.hibernate.test.namingstrategy.synchronizedTables",2,0
"org.hibernate.test.naturalid.immutableentity",2,0
"org.hibernate.test.naturalid.mutable",2,0
"org.hibernate.test.nonpkassociation",2,0
"org.hibernate.test.ops.genericApi",2,1
"org.hibernate.test.ops.multiLoad",2,0
"org.hibernate.test.propertyref.cachedcollections",2,0
"org.hibernate.test.resource.transaction",2,0
"org.hibernate.test.schemaupdate.idbag",2,0
"org.hibernate.test.schemaupdate.index",2,0
"org.hibernate.test.serialization",2,0
"org.hibernate.test.sorted",2,0
"org.hibernate.test.sql.hand.custom",2,2
"org.hibernate.test.sql.hand.custom.derby",2,0
"org.hibernate.test.sql.hand.quotedidentifiers",2,0
"org.hibernate.test.sql",2,0
"org.hibernate.test.sql.refcursor",2,0
"org.hibernate.test.stream.basic",2,0
"org.hibernate.test.subquery",2,0
"org.hibernate.test.util.jdbc",2,0
"org.hibernate.test.wf.ddl.bmt.emf",2,0
"org.hibernate.test.wf.ddl.bmt.sf",2,0
"org.hibernate.test.wf.ddl.cmt.emf",2,0
"org.hibernate.test.wf.ddl.cmt.sf",2,0
"org.hibernate.cache.ehcache",2,1
"org.hibernate.envers.internal.entities.mapper.relation.lazy",2,1
"org.hibernate.envers.internal",2,1
"org.hibernate.envers.query.projection.internal",2,0
"org.hibernate.envers.strategy.internal",2,0
"org.hibernate.envers.strategy.spi",2,1
"ee.estonia.entities",2,0
"org.hibernate.envers.test.entities.manytomany.biowned",2,0
"org.hibernate.envers.test.entities.onetomany.detached.ids",2,0
"org.hibernate.envers.test.integration.entityNames.auditedEntity",2,0
"org.hibernate.envers.test.integration.generated",2,0
"org.hibernate.envers.test.integration.inheritance.joined.primarykeyjoin",2,0
"org.hibernate.envers.test.integration.manytoone",2,0
"org.hibernate.envers.test.integration.merge",2,0
"org.hibernate.envers.test.integration.naming.quotation",2,0
"org.hibernate.envers.test.integration.notinsertable",2,0
"org.hibernate.envers.test.integration.notupdatable",2,0
"org.hibernate.envers.test.integration.onetomany.hierarchy",2,0
"org.hibernate.envers.test.integration.readwriteexpression",2,0
"org.hibernate.envers.test.integration.superclass.auditAtMethodSuperclassLevel.auditAllSubclass",2,0
"org.hibernate.envers.test.integration.superclass.auditAtMethodSuperclassLevel",2,0
"org.hibernate.envers.test.integration.superclass.auditAtMethodSuperclassLevel.auditMethodSubclass",2,0
"org.hibernate.envers.test.integration.superclass.auditedAtSuperclassLevel.auditAllSubclass",2,0
"org.hibernate.envers.test.integration.superclass.auditedAtSuperclassLevel",2,0
"org.hibernate.envers.test.integration.superclass.auditedAtSuperclassLevel.auditMethodSubclass",2,0
"org.hibernate.envers.test.integration.tools",2,0
"org.hibernate.envers.test.tools",2,1
"org.hibernate.test.cache.jcache",2,0
"org.hibernate.test.proxool",2,0
"org.hibernate.spatial.dialect.db2",2,0
"org.hibernate.spatial.integration.jts",2,0
"org.hibernate.testing.env",2,0
"org.hibernate.testing.transaction",2,1
"org.hibernate.orm.tooling.maven",2,0
"org.hibernate.jpamodelgen.test.annotationtype",2,0
"org.hibernate.jpamodelgen.test.blob",2,0
"org.hibernate.jpamodelgen.test.hashcode",2,0
"org.hibernate.jpamodelgen.test.mappedsuperclass.embeddablemappedsuperclass",2,0
"org.hibernate.jpamodelgen.test.persistence21",2,0
"org.hibernate.jpamodelgen.test.separatecompilationunits",2,0
"org.hibernate.jpamodelgen.test.xmlmetacomplete.multiplepus",2,0
"org.hibernate.jpamodelgen.test.xmlmetacomplete.singlepu",2,0
"org.hibernate.userguide.batch",1,0
"org.hibernate.userguide.bootstrap",1,0
"org.hibernate.userguide.jmx",1,0
"org.hibernate.userguide.osgi.jpa",1,0
"org.hibernate.userguide.osgi._native",1,0
"org.hibernate.userguide.proxy",1,1
"org.hibernate.userguide.spatial",1,0
"org.hibernate.userguide.transactions",1,0
"org.hibernate.test.agroal.util",1,0
"org.hibernate.boot.model.convert",1,0
"org.hibernate.boot.model.process",1,0
"org.hibernate.boot.model.source.internal.annotations",1,0
"org.hibernate.bytecode",1,1
"org.hibernate.bytecode.enhance.internal",1,0
"org.hibernate.cache.cfg",1,0
"org.hibernate.classic",1,1
"org.hibernate.engine.config",1,0
"org.hibernate.engine.query.internal",1,0
"org.hibernate.engine.transaction.internal.jta",1,0
"org.hibernate.id.factory",1,1
"org.hibernate.id.factory.spi",1,1
"org.hibernate.integrator.internal",1,0
"org.hibernate.internal.util.jndi",1,0
"org.hibernate.internal.util.type",1,1
"org.hibernate.jmx.spi",1,1
"org.hibernate.jpa.event",1,0
"org.hibernate.jpa.event.spi.jpa",1,1
"org.hibernate.jpa.internal.enhance",1,0
"org.hibernate.loader.hql",1,0
"org.hibernate.loader.internal",1,0
"org.hibernate.loader.plan.exec",1,0
"org.hibernate.loader.plan.exec.process",1,0
"org.hibernate.loader.plan.exec.query",1,0
"org.hibernate.loader.spi",1,1
"org.hibernate.lob",1,0
"org.hibernate.metamodel.model.convert",1,0
"org.hibernate.metamodel",1,0
"org.hibernate.metamodel.spi",1,1
"org.hibernate.pretty",1,0
"org.hibernate.proxy.pojo",1,1
"org.hibernate.resource.beans.container",1,0
"org.hibernate.resource.beans",1,0
"org.hibernate.resource.transaction.backend.jdbc",1,0
"org.hibernate.result.spi",1,1
"org.hibernate.sql.ast",1,0
"org.hibernate.tool.enhance",1,0
"org.hibernate.tool.instrument.javassist",1,0
"org.hibernate.tool.schema.extract",1,0
"org.hibernate.type.descriptor.spi",1,1
"org.hibernate.type.descriptor.sql.spi",1,0
"org.hibernate.type.internal",1,0
"from",1,0
"in.from",1,0
"org.hibernate.internal.util.hib3rnat3",1,0
"org.hibernate.jpa.test.criteria.alias",1,0
"org.hibernate.jpa.test.criteria.limitExpression",1,0
"org.hibernate.jpa.test.criteria.simplecase",1,0
"org.hibernate.jpa.test.criteria.tuple",1,0
"org.hibernate.jpa.test.enhancement",1,0
"org.hibernate.jpa.test.factory",1,0
"org.hibernate.jpa.test.graphs.mapped_by_id",1,0
"org.hibernate.jpa.test.graphs.queryhint",1,0
"org.hibernate.jpa.test.serialization",1,0
"org.hibernate.jpa.test.statistics",1,0
"org.hibernate.jpa.test.temporal",1,0
"org.hibernate.orm.test.query.criteria",1,0
"org.hibernate.session",1,0
"org.hibernate.sharedSession",1,0
"org.hibernate.test.annotations.basic",1,0
"org.hibernate.test.annotations.enumerated.mappedSuperclass",1,1
"org.hibernate.test.annotations.filter.subclass",1,1
"org.hibernate.test.annotations.list",1,0
"org.hibernate.test.annotations.secondarytable",1,0
"org.hibernate.test.annotations.selectbeforeupdate",1,0
"org.hibernate.test.boot.model.relational",1,0
"org.hibernate.test.boot.model.source",1,0
"org.hibernate.test.bytecode.enhancement.access",1,0
"org.hibernate.test.bytecode.enhancement.detached",1,0
"org.hibernate.test.bytecode.enhancement.eviction",1,0
"org.hibernate.test.bytecode.enhancement.javassist",1,0
"org.hibernate.test.bytecode.enhancement.join",1,0
"org.hibernate.test.bytecode.enhancement.lazyCache",1,0
"org.hibernate.test.bytecode.enhancement.ondemandload",1,0
"org.hibernate.test.bytecode.enhancement.otherentityentrycontext",1,0
"org.hibernate.test.bytecode.enhancement.pk",1,0
"org.hibernate.test.cdi.converters.delayed",1,0
"org.hibernate.test.cdi.converters.standard",1,0
"org.hibernate.test.cdi.events.delayed",1,0
"org.hibernate.test.cdi.events.standard",1,0
"org.hibernate.test.cdi.general.nonregistrymanaged.delayed",1,0
"org.hibernate.test.cdi.general.nonregistrymanaged.extended",1,0
"org.hibernate.test.cdi.general.nonregistrymanaged.standard",1,0
"org.hibernate.test.cdi",1,0
"org.hibernate.test.classloader",1,1
"org.hibernate.test.collection.custom.declaredtype.explicitsemantics",1,1
"org.hibernate.test.collection.nonInsertable",1,0
"org.hibernate.test.converter.generics",1,0
"org.hibernate.test.converter.inheritence",1,1
"org.hibernate.test.converter.literal",1,0
"org.hibernate.test.criteria.mapsid",1,0
"org.hibernate.test.customstructures",1,0
"org.hibernate.test.distinct",1,0
"org.hibernate.test.dynamicmap",1,0
"org.hibernate.test.entitymode.map.basic",1,0
"org.hibernate.test.entitymode.map.subclass",1,0
"org.hibernate.test.event.collection.association",1,1
"org.hibernate.test.event.collection.association.unidirectional.manytomany",1,0
"org.hibernate.test.event.collection.association.unidirectional",1,0
"org.hibernate.test.hbm.collectionpk",1,0
"org.hibernate.test.hbm.comment",1,0
"org.hibernate.test.hbm.fk",1,0
"org.hibernate.test.hbm",1,0
"org.hibernate.test.hbm.uk",1,0
"org.hibernate.test.id.uuid.interpretation",1,0
"org.hibernate.test.id.uuid.sqlrep",1,0
"org.hibernate.test.id.uuid.sqlrep.sqlbinary",1,0
"org.hibernate.test.id.uuid.sqlrep.sqlchar",1,0
"org.hibernate.test.idgen.enhanced.table.concurrent",1,0
"org.hibernate.test.idgen.identity.hhh9983",1,0
"org.hibernate.test.idgen.identity",1,0
"org.hibernate.test.inheritance",1,0
"org.hibernate.test.joinedsubclassduplicatefields",1,0
"org.hibernate.test.joinfetch.enhanced",1,0
"org.hibernate.test.jpa.compliance",1,0
"org.hibernate.test.jpa.proxy",1,0
"org.hibernate.test.jpa.removed",1,0
"org.hibernate.test.jpa.xml.versions",1,0
"org.hibernate.test.lazydetachedpersist",1,0
"org.hibernate.test.locking.warning",1,0
"org.hibernate.test.manytomanyassociationclass.surrogateid.assigned",1,0
"org.hibernate.test.manytomanyassociationclass.surrogateid.generated",1,0
"org.hibernate.test.mapping.cascade",1,0
"org.hibernate.test.multitenancy.discriminator",1,0
"org.hibernate.test.namingstrategy.collectionJoinTableNaming",1,0
"org.hibernate.test.ondelete.toone",1,0
"org.hibernate.test.ondemandload.cache",1,0
"org.hibernate.test.onetoone.bidirectional",1,0
"org.hibernate.test.onetoone.lazy",1,0
"org.hibernate.test.onetoone.nopojo",1,0
"org.hibernate.test.querytimeout",1,0
"org.hibernate.test.replicate",1,0
"org.hibernate.test.scalar",1,0
"org.hibernate.test.schematools",1,0
"org.hibernate.test.schemaupdate.derivedid",1,0
"org.hibernate.test.schemavalidation.matchingtablenames",1,0
"org.hibernate.test.sql.function",1,0
"org.hibernate.test.sql.hand.custom.datadirect.oracle",1,0
"org.hibernate.test.sql.hand.custom.db2",1,0
"org.hibernate.test.sql.hand.custom.mysql",1,0
"org.hibernate.test.sql.hand.custom.oracle",1,0
"org.hibernate.test.sql.hand.custom.sqlserver",1,0
"org.hibernate.test.sql.hand.custom.sybase",1,0
"org.hibernate.test.sql.hand.identity",1,0
"org.hibernate.test.sql.hand.query",1,0
"org.hibernate.test.sql.syncSpace",1,0
"org.hibernate.test.subselect.join",1,0
"org.hibernate.test.tool.schema.internal",1,0
"org.hibernate.test.unionsubclass3",1,1
"org.hibernate.test.uniquekey",1,0
"org.hibernate.test.wf.ddl",1,0
"org.hibernate.test.wf",1,0
"org.hibernate.envers.configuration",1,1
"org.hibernate.envers.query.order",1,1
"org.hibernate.envers.query.order.internal",1,0
"org.hibernate.envers.query.projection",1,1
"org.hibernate.envers.tools",1,0
"org.hibernate.envers.test.integration.components.collections",1,0
"org.hibernate.envers.test.integration.dynamicmodel",1,0
"org.hibernate.envers.test.integration.inheritance.mixed",1,0
"org.hibernate.envers.test.integration.interfaces.hbm.allAudited.joined",1,0
"org.hibernate.envers.test.integration.interfaces.hbm.allAudited.subclass",1,0
"org.hibernate.envers.test.integration.interfaces.hbm.allAudited.union",1,0
"org.hibernate.envers.test.integration.interfaces.hbm.propertiesAudited.joined",1,0
"org.hibernate.envers.test.integration.interfaces.hbm.propertiesAudited.subclass",1,0
"org.hibernate.envers.test.integration.interfaces.hbm.propertiesAudited.union",1,0
"org.hibernate.envers.test.integration.interfaces.hbm.propertiesAudited2.joined",1,0
"org.hibernate.envers.test.integration.interfaces.hbm.propertiesAudited2.subclass",1,0
"org.hibernate.envers.test.integration.interfaces.hbm.propertiesAudited2.union",1,0
"org.hibernate.envers.test.integration.manytomany.biowned",1,0
"org.hibernate.envers.test.integration.manytomany.sametable",1,0
"org.hibernate.envers.test.integration.manytoone.unidirectional",1,0
"org.hibernate.envers.test.integration.primitive",1,0
"org.hibernate.envers.test.integration.revfordate",1,0
"org.hibernate.envers.test.integration.serialization",1,0
"org.hibernate.envers.test.integration.update",1,0
"org.hibernate.envers.test.integrator",1,0
"org.hibernate.orm.integrationtest.java.module.entity",1,0
"org.hibernate.orm.integrationtest.java.module.service",1,0
"org.hibernate.orm.integrationtest.java.module.test",1,0
"org.jboss.as.jpa.hibernate5.scan",1,0
"org.hibernate.osgi.test",1,0
"org.hibernate.spatial.dialect",1,1
"org.hibernate.spatial.jts",1,0
"org.hibernate.testing.byteman",1,0
"org.hibernate.testing.common.connections",1,1
"org.hibernate.test.vibur",1,0
"org.hibernate.orm.tooling.gradle",1,0
"org.hibernate.jpamodelgen.test.collectionbasictype.extras",1,0
"org.hibernate.jpamodelgen.test.separatecompilationunits.superclass",1,0
"org.hibernate.jpamodelgen.test",1,0
"org.hibernate.jpamodelgen.test.xmlembeddable.foo",1,0
