{"name":"variants","children":[{"name":"me.umov.analyzer.architecture","children":[{"name":"GeneralTest","sloc":23,"wmc":1},{"name":"InfrastructureTest","sloc":35,"wmc":1},{"name":"DomainTest","sloc":29,"wmc":1},{"name":"ApplicationTest","sloc":17,"wmc":1},{"name":"IgnoreTests","sloc":9,"wmc":1}]},{"name":"me.umov.analyzer.fixture","children":[{"name":"ActionFixture","sloc":24,"wmc":5},{"name":"ActionRuleFixture","sloc":24,"wmc":5},{"name":"ResultProcessRuleFixture","sloc":16,"wmc":3},{"name":"AttributeFixture","sloc":23,"wmc":5},{"name":"RecipientsFixture","sloc":20,"wmc":4},{"name":"SystemParameterFixture","sloc":16,"wmc":3},{"name":"RuleRequestFixture","sloc":20,"wmc":4},{"name":"HistoryItemFixture","sloc":19,"wmc":4},{"name":"RuleFixture","sloc":72,"wmc":16},{"name":"HistoryFixture","sloc":19,"wmc":4},{"name":"AgentFixture","sloc":19,"wmc":4},{"name":"ActionRuleModelFixture","sloc":11,"wmc":2},{"name":"ProcessHasBeenExecutedFixture","sloc":22,"wmc":4},{"name":"CallbackParametersFixture","sloc":19,"wmc":4},{"name":"MessageAWSFixture","sloc":20,"wmc":4},{"name":"ClientFixture","sloc":15,"wmc":3},{"name":"ServiceLocalFixture","sloc":19,"wmc":4},{"name":"TaskFixture","sloc":37,"wmc":8},{"name":"CustomFieldValueFixture","sloc":15,"wmc":3},{"name":"SendMessageFixture","sloc":16,"wmc":3},{"name":"MessageRequestFixture","sloc":29,"wmc":7},{"name":"TaskDistributionCompletedFixture","sloc":15,"wmc":3},{"name":"CallbackCredentialsFixture","sloc":19,"wmc":4},{"name":"SMSFixture","sloc":27,"wmc":6},{"name":"NotificationMessageFixture","sloc":22,"wmc":4},{"name":"EventFixture","sloc":15,"wmc":3}]},{"name":"me.umov.analyzer.infrastructure.configurations","children":[{"name":"CounterConfigurationTest","sloc":18,"wmc":2},{"name":"GsonConfigurationTest","sloc":31,"wmc":3},{"name":"JwtConfigurationTest","sloc":20,"wmc":2},{"name":"RestConfigurationTest","sloc":20,"wmc":2},{"name":"AmazonSQSConfigurationTest","sloc":38,"wmc":4},{"name":"RestConfiguration","sloc":27,"wmc":5},{"name":"AmazonSQSConfiguration","sloc":58,"wmc":7},{"name":"CounterConfiguration","sloc":14,"wmc":1},{"name":"JwtConfiguration","sloc":15,"wmc":1},{"name":"GsonConfiguration","sloc":35,"wmc":2}]},{"name":"me.umov.analyzer.infrastructure.converters","children":[{"name":"LocalDateTimeAttributeConverterTest","sloc":3,"wmc":1},{"name":"LocalDateTimeAttributeConverter","sloc":16,"wmc":4}]},{"name":"me.umov.analyzer.infrastructure.xstreamadapter","children":[{"name":"EventSettingTranslatorTest","sloc":39,"wmc":2},{"name":"EventSettingTranslator","sloc":18,"wmc":1}]},{"name":"me.umov.analyzer.infrastructure.xstreamadapter.service","children":[{"name":"XStreamServiceTest","sloc":59,"wmc":6},{"name":"XStreamService","sloc":35,"wmc":4}]},{"name":"me.umov.analyzer.infrastructure.services","children":[{"name":"EntitySQSServiceTest","sloc":49,"wmc":4},{"name":"JwtServiceTest","sloc":29,"wmc":2},{"name":"ActionServiceTest","sloc":87,"wmc":8},{"name":"BusinessRestServiceTest","sloc":72,"wmc":4},{"name":"RuleRequestBuilderTest","sloc":26,"wmc":2},{"name":"EntitySQSService","sloc":28,"wmc":3},{"name":"JwtService","sloc":40,"wmc":5},{"name":"BusinessRestService","sloc":58,"wmc":5},{"name":"RuleRequestBuilder","sloc":11,"wmc":1},{"name":"ActionService","sloc":57,"wmc":10}]},{"name":"me.umov.analyzer.infrastructure.serialization","children":[{"name":"LocalDateSerializationAdapterTest","sloc":34,"wmc":5},{"name":"LocalTimeSerializationAdapterTest","sloc":32,"wmc":5},{"name":"AnnotationExcludeSerializationStrategyTest","sloc":43,"wmc":4},{"name":"LocalTimeSerializationAdapter","sloc":27,"wmc":6},{"name":"LocalDateSerializationAdapter","sloc":24,"wmc":6},{"name":"AnnotationExcludeSerializationStrategy","sloc":13,"wmc":2}]},{"name":"me.umov.analyzer.infrastructure.aws","children":[{"name":"NotificationAWSSenderTest","sloc":48,"wmc":3},{"name":"ProducerAWSBuilderTest","sloc":84,"wmc":10},{"name":"ProducerServiceTest","sloc":63,"wmc":4},{"name":"ProducerService","sloc":28,"wmc":4},{"name":"NotificationAWSScheduler","sloc":30,"wmc":2},{"name":"ProducerAWSBuilder","sloc":40,"wmc":9},{"name":"SendMessageRequestService","sloc":41,"wmc":6}]},{"name":"me.umov.analyzer.domain.actionRule","children":[{"name":"ActionRuleGeneratorTest","sloc":55,"wmc":2},{"name":"ActionRuleAnalyzerTest","sloc":44,"wmc":3},{"name":"ActionRuleGenerator","sloc":58,"wmc":6},{"name":"ActionRuleAnalyzer","sloc":24,"wmc":3}]},{"name":"me.umov.analyzer.domain.core","children":[{"name":"ReprocessTest","sloc":55,"wmc":3},{"name":"ErrorTest","sloc":69,"wmc":5},{"name":"SuccessTest","sloc":29,"wmc":2},{"name":"StartTest","sloc":36,"wmc":2},{"name":"StepFactoryTest","sloc":56,"wmc":7},{"name":"WarningTest","sloc":29,"wmc":2},{"name":"ProcessTest","sloc":39,"wmc":2},{"name":"Warning","sloc":15,"wmc":2},{"name":"StepFactory","sloc":37,"wmc":7},{"name":"Start","sloc":21,"wmc":3},{"name":"Error","sloc":30,"wmc":5},{"name":"Reprocess","sloc":37,"wmc":4},{"name":"Process","sloc":30,"wmc":5},{"name":"Step","sloc":49,"wmc":9},{"name":"Success","sloc":15,"wmc":2}]},{"name":"me.umov.analyzer.domain.validators.rules","children":[{"name":"TimeOnQueueValidationTest","sloc":40,"wmc":3},{"name":"TimeOnQueueRuleValidation","sloc":19,"wmc":2}]},{"name":"me.umov.analyzer.domain.validators","children":[{"name":"DistributionTaskValidatorTest","sloc":27,"wmc":2},{"name":"EmptyValidatorTest","sloc":11,"wmc":1},{"name":"BusinessValidator","sloc":10,"wmc":3},{"name":"DistributionTaskValidator","sloc":15,"wmc":1},{"name":"EmptyValidator","sloc":10,"wmc":1},{"name":"RuleValidation","sloc":4,"wmc":1}]},{"name":"me.umov.analyzer.domain.model","children":[{"name":"RecipientsTest","sloc":11,"wmc":1},{"name":"ActionRuleModelTest","sloc":86,"wmc":13},{"name":"NotificationMessage","sloc":29,"wmc":7},{"name":"SystemParameter","sloc":36,"wmc":6},{"name":"ResultProcessRule","sloc":37,"wmc":9},{"name":"ProcessRuleMessage","sloc":31,"wmc":7},{"name":"ActionRuleModel","sloc":140,"wmc":38},{"name":"HttpCredentials","sloc":22,"wmc":6},{"name":"Task","sloc":104,"wmc":26},{"name":"Attribute","sloc":59,"wmc":17},{"name":"Event","sloc":40,"wmc":8},{"name":"HistoryItem","sloc":56,"wmc":12},{"name":"ActionRule","sloc":39,"wmc":9},{"name":"SendMessage","sloc":27,"wmc":8},{"name":"Agent","sloc":32,"wmc":6},{"name":"SMS","sloc":56,"wmc":12},{"name":"EventSetting","sloc":12,"wmc":3},{"name":"CustomFieldValue","sloc":40,"wmc":8},{"name":"Action","sloc":49,"wmc":11},{"name":"History","sloc":75,"wmc":20},{"name":"RuleContext","sloc":14,"wmc":3},{"name":"Recipients","sloc":94,"wmc":29},{"name":"RuleLog","sloc":63,"wmc":12},{"name":"CallbackProtocol","sloc":13,"wmc":3},{"name":"Rule","sloc":211,"wmc":55},{"name":"ServiceLocal","sloc":24,"wmc":4},{"name":"RuleRequest","sloc":50,"wmc":11},{"name":"CallbackParameters","sloc":37,"wmc":10},{"name":"DefaultSystemSettings","sloc":80,"wmc":18},{"name":"Client","sloc":24,"wmc":4},{"name":"MessageAWS","sloc":18,"wmc":4}]},{"name":"me.umov.analyzer.domain.actions","children":[{"name":"NotificationStrategyTest","sloc":88,"wmc":5},{"name":"SynchronismTimeoutActionStrategyTest","sloc":83,"wmc":4},{"name":"RuleStrategyFactoryTest","sloc":28,"wmc":3},{"name":"RuleStrategyFactory","sloc":23,"wmc":4},{"name":"DistributionTaskActionStrategy","sloc":36,"wmc":3},{"name":"ActionStrategy","sloc":26,"wmc":4},{"name":"DistributionTaskStrategy","sloc":44,"wmc":6},{"name":"SynchronismTimeoutActionStrategy","sloc":60,"wmc":8},{"name":"NotificationStrategy","sloc":69,"wmc":11}]},{"name":"me.umov.analyzer.application","children":[{"name":"AwsConsumerTest","sloc":66,"wmc":5},{"name":"AwsConsumer","sloc":38,"wmc":4}]},{"name":"me.umov.analyzer.application.worker","children":[{"name":"NotificationWorkerTest","sloc":52,"wmc":3},{"name":"DistributionWorkerTest","sloc":42,"wmc":2},{"name":"DistributionWorker","sloc":50,"wmc":4},{"name":"NotificationWorker","sloc":36,"wmc":1},{"name":"IWorker","sloc":5,"wmc":1}]},{"name":"me.umov.analyzer.application.controller","children":[{"name":"VersionControllerTest","sloc":22,"wmc":2},{"name":"ReprocessController","sloc":56,"wmc":8},{"name":"VersionController","sloc":18,"wmc":2}]},{"name":"me.umov.analyzer.application.observers","children":[{"name":"LogGeneratorTest","sloc":72,"wmc":8},{"name":"ReprocessTimeoutTest","sloc":74,"wmc":4},{"name":"SynchronismTimeoutTest","sloc":106,"wmc":5},{"name":"LogGenerator","sloc":44,"wmc":6},{"name":"ReprocessTimeout","sloc":48,"wmc":6},{"name":"SynchronismTimeout","sloc":76,"wmc":10}]},{"name":"me.umov.analyzer.actions","children":[{"name":"ActionStrategyFactoryTest","sloc":42,"wmc":4},{"name":"DistributionTaskTest","sloc":159,"wmc":10}]},{"name":"me.umov.analyzer","children":[{"name":"AnalyzerApplication","sloc":12,"wmc":1}]},{"name":"me.umov.analyzer.infrastructure.xstreamadapter.converters","children":[{"name":"EventSettingConverter","sloc":33,"wmc":6},{"name":"IgnoreTaskTypeConverter","sloc":33,"wmc":6}]},{"name":"me.umov.analyzer.domain.ports","children":[{"name":"NotificationTranslatorFactory","sloc":5,"wmc":1},{"name":"QueueProducer","sloc":5,"wmc":1},{"name":"IStepFacory","sloc":6,"wmc":1},{"name":"ApplicationListener","sloc":5,"wmc":2},{"name":"BusinessService","sloc":8,"wmc":1},{"name":"TranslatorMessage","sloc":6,"wmc":1},{"name":"ActionServices","sloc":12,"wmc":2},{"name":"NotificationScheduler","sloc":6,"wmc":1},{"name":"ProducerBuilder","sloc":9,"wmc":4}]},{"name":"me.umov.analyzer.domain.excptions","children":[{"name":"HttpAnalyzerException","sloc":7,"wmc":1},{"name":"UnsupportedAnalyzerType","sloc":7,"wmc":1},{"name":"ReprocessBusinessException","sloc":10,"wmc":2},{"name":"ConditionAnalyzerException","sloc":7,"wmc":1},{"name":"BusinessException","sloc":7,"wmc":1},{"name":"AnalyzerException","sloc":21,"wmc":4},{"name":"SendNotificationAnalyzerException","sloc":11,"wmc":2},{"name":"JmsAnalyzerException","sloc":7,"wmc":1}]},{"name":"me.umov.analyzer.domain.events","children":[{"name":"DomainEventRegistry","sloc":19,"wmc":5},{"name":"ErrorExecutingNotificationWorker","sloc":29,"wmc":5},{"name":"NotificationWasScheduled","sloc":35,"wmc":6},{"name":"TaskDistributionCompleted","sloc":45,"wmc":12},{"name":"SynchronismTimeoutWasExecuted","sloc":25,"wmc":5},{"name":"RuleLogEvent","sloc":8,"wmc":4}]},{"name":"me.umov.analyzer.domain.repository","children":[{"name":"RuleRepository","sloc":7,"wmc":1},{"name":"DefaultSystemSettingsRepository","sloc":5,"wmc":1},{"name":"CustomFieldValueRepository","sloc":17,"wmc":1},{"name":"SystemParameterRepository","sloc":6,"wmc":1},{"name":"ActionRuleRepository","sloc":5,"wmc":1},{"name":"ActionRepository","sloc":25,"wmc":2},{"name":"TaskRepository","sloc":13,"wmc":2},{"name":"HistoryRepository","sloc":5,"wmc":1},{"name":"RuleLogRepository","sloc":7,"wmc":1},{"name":"EventRepository","sloc":6,"wmc":1}]},{"name":"me.umov.analyzer.application.dto","children":[{"name":"ResultDTO","sloc":16,"wmc":3},{"name":"EntityDTO","sloc":7,"wmc":1}]}]}