"type","dep","i-dep","fan-in","fan-out"
"me.umov.analyzer.domain.model.Rule",16,1,53,4
"me.umov.analyzer.actions.DistributionTaskTest",39,23,0,23
"me.umov.analyzer.domain.model.ActionRuleModel",14,1,10,3
"me.umov.analyzer.application.observers.SynchronismTimeoutTest",30,14,0,14
"me.umov.analyzer.domain.model.Task",6,0,3,1
"me.umov.analyzer.domain.model.Recipients",3,0,3,2
"me.umov.analyzer.domain.actions.NotificationStrategyTest",27,10,0,10
"me.umov.analyzer.infrastructure.services.ActionServiceTest",22,10,0,10
"me.umov.analyzer.domain.model.ActionRuleModelTest",9,1,0,1
"me.umov.analyzer.infrastructure.aws.ProducerAWSBuilderTest",14,3,0,3
"me.umov.analyzer.domain.actions.SynchronismTimeoutActionStrategyTest",25,12,0,12
"me.umov.analyzer.domain.model.DefaultSystemSettings",3,0,1,1
"me.umov.analyzer.application.observers.SynchronismTimeout",18,10,0,14
"me.umov.analyzer.domain.model.History",3,0,7,1
"me.umov.analyzer.application.observers.ReprocessTimeoutTest",24,11,0,11
"me.umov.analyzer.fixture.RuleFixture",6,2,16,2
"me.umov.analyzer.application.observers.LogGeneratorTest",21,8,0,8
"me.umov.analyzer.infrastructure.services.BusinessRestServiceTest",21,5,0,6
"me.umov.analyzer.domain.core.ErrorTest",13,3,0,3
"me.umov.analyzer.domain.actions.NotificationStrategy",20,7,4,11
"me.umov.analyzer.application.AwsConsumerTest",15,3,0,4
"me.umov.analyzer.domain.model.RuleLog",8,1,3,1
"me.umov.analyzer.infrastructure.aws.ProducerServiceTest",15,2,0,2
"me.umov.analyzer.domain.actions.SynchronismTimeoutActionStrategy",12,8,1,10
"me.umov.analyzer.domain.model.Attribute",0,0,5,2
"me.umov.analyzer.infrastructure.xstreamadapter.service.XStreamServiceTest",10,2,0,3
"me.umov.analyzer.infrastructure.configurations.AmazonSQSConfiguration",14,0,0,1
"me.umov.analyzer.infrastructure.services.BusinessRestService",15,4,1,8
"me.umov.analyzer.domain.actionRule.ActionRuleGenerator",14,11,2,12
"me.umov.analyzer.infrastructure.services.ActionService",13,7,7,10
"me.umov.analyzer.domain.model.HistoryItem",3,0,1,0
"me.umov.analyzer.domain.model.SMS",3,0,2,0
"me.umov.analyzer.domain.core.StepFactoryTest",8,1,0,1
"me.umov.analyzer.application.controller.ReprocessController",14,7,0,10
"me.umov.analyzer.domain.core.ReprocessTest",20,8,0,8
"me.umov.analyzer.domain.actionRule.ActionRuleGeneratorTest",22,10,0,10
"me.umov.analyzer.application.worker.NotificationWorkerTest",17,8,0,8
"me.umov.analyzer.domain.model.RuleRequest",2,0,8,1
"me.umov.analyzer.application.worker.DistributionWorker",12,6,3,10
"me.umov.analyzer.domain.model.Action",4,0,17,0
"me.umov.analyzer.domain.core.Step",12,5,9,6
"me.umov.analyzer.infrastructure.services.EntitySQSServiceTest",12,4,0,4
"me.umov.analyzer.application.observers.ReprocessTimeout",12,8,1,11
"me.umov.analyzer.infrastructure.aws.NotificationAWSSenderTest",16,5,0,5
"me.umov.analyzer.domain.events.TaskDistributionCompleted",2,1,8,3
"me.umov.analyzer.domain.actions.DistributionTaskStrategy",13,8,1,11
"me.umov.analyzer.domain.actionRule.ActionRuleAnalyzerTest",13,3,0,3
"me.umov.analyzer.application.observers.LogGenerator",11,8,0,11
"me.umov.analyzer.infrastructure.serialization.AnnotationExcludeSerializationStrategyTest",11,2,0,2
"me.umov.analyzer.actions.ActionStrategyFactoryTest",12,5,0,5
"me.umov.analyzer.application.worker.DistributionWorkerTest",17,7,0,7
"me.umov.analyzer.infrastructure.aws.SendMessageRequestService",3,0,0,0
"me.umov.analyzer.domain.model.Event",3,0,7,0
"me.umov.analyzer.domain.model.CustomFieldValue",3,0,2,0
"me.umov.analyzer.infrastructure.services.JwtService",7,1,0,3
"me.umov.analyzer.infrastructure.aws.ProducerAWSBuilder",10,5,5,8
"me.umov.analyzer.domain.validators.rules.TimeOnQueueValidationTest",11,3,0,3
"me.umov.analyzer.domain.model.ActionRule",3,0,15,0
"me.umov.analyzer.infrastructure.xstreamadapter.EventSettingTranslatorTest",16,9,0,9
"me.umov.analyzer.domain.core.ProcessTest",13,4,0,4
"me.umov.analyzer.infrastructure.configurations.AmazonSQSConfigurationTest",10,0,0,0
"me.umov.analyzer.application.AwsConsumer",9,3,0,4
"me.umov.analyzer.domain.model.CallbackParameters",0,0,1,0
"me.umov.analyzer.domain.model.ResultProcessRule",3,0,9,2
"me.umov.analyzer.fixture.TaskFixture",3,3,1,3
"me.umov.analyzer.domain.core.Reprocess",8,5,0,10
"me.umov.analyzer.domain.core.StepFactory",5,2,1,4
"me.umov.analyzer.domain.model.SystemParameter",6,0,2,0
"me.umov.analyzer.domain.actions.DistributionTaskActionStrategy",9,7,3,9
"me.umov.analyzer.domain.core.StartTest",12,3,0,3
"me.umov.analyzer.application.worker.NotificationWorker",11,7,2,10
"me.umov.analyzer.domain.events.NotificationWasScheduled",2,1,5,2
"me.umov.analyzer.infrastructure.configurations.GsonConfiguration",12,3,2,4
"me.umov.analyzer.infrastructure.xstreamadapter.service.XStreamService",7,4,4,8
"me.umov.analyzer.architecture.InfrastructureTest",9,0,0,0
"me.umov.analyzer.infrastructure.serialization.LocalDateSerializationAdapterTest",7,0,0,0
"me.umov.analyzer.infrastructure.xstreamadapter.converters.EventSettingConverter",6,1,1,4
"me.umov.analyzer.infrastructure.xstreamadapter.converters.IgnoreTaskTypeConverter",8,0,1,3
"me.umov.analyzer.domain.model.Agent",3,0,2,0
"me.umov.analyzer.infrastructure.serialization.LocalTimeSerializationAdapterTest",6,0,0,0
"me.umov.analyzer.domain.model.ProcessRuleMessage",4,0,9,0
"me.umov.analyzer.infrastructure.configurations.GsonConfigurationTest",11,0,0,0
"me.umov.analyzer.domain.core.Error",3,1,0,5
"me.umov.analyzer.domain.core.Process",5,2,0,5
"me.umov.analyzer.infrastructure.aws.NotificationAWSScheduler",8,4,0,8
"me.umov.analyzer.fixture.MessageRequestFixture",4,3,2,3
"me.umov.analyzer.domain.model.NotificationMessage",1,0,5,0
"me.umov.analyzer.domain.events.ErrorExecutingNotificationWorker",2,1,4,2
"me.umov.analyzer.infrastructure.services.JwtServiceTest",8,0,0,0
"me.umov.analyzer.domain.core.SuccessTest",11,3,0,3
"me.umov.analyzer.domain.core.WarningTest",11,3,0,3
"me.umov.analyzer.architecture.DomainTest",8,1,0,1
"me.umov.analyzer.domain.actions.RuleStrategyFactoryTest",8,1,0,1
"me.umov.analyzer.infrastructure.aws.ProducerService",5,3,12,6
"me.umov.analyzer.infrastructure.services.EntitySQSService",7,3,4,7
"me.umov.analyzer.fixture.SMSFixture",1,1,1,1
"me.umov.analyzer.domain.model.SendMessage",0,0,16,1
"me.umov.analyzer.infrastructure.configurations.RestConfiguration",6,0,0,1
"me.umov.analyzer.domain.validators.DistributionTaskValidatorTest",10,2,0,2
"me.umov.analyzer.infrastructure.serialization.LocalTimeSerializationAdapter",11,0,6,3
"me.umov.analyzer.domain.actions.ActionStrategy",7,3,4,4
"me.umov.analyzer.infrastructure.services.RuleRequestBuilderTest",10,2,0,2
"me.umov.analyzer.domain.events.SynchronismTimeoutWasExecuted",2,1,4,2
"me.umov.analyzer.domain.repository.ActionRepository",4,1,3,2
"me.umov.analyzer.fixture.ActionFixture",2,1,5,1
"me.umov.analyzer.fixture.ActionRuleFixture",2,1,6,1
"me.umov.analyzer.domain.model.ServiceLocal",3,0,2,0
"me.umov.analyzer.domain.model.Client",3,0,1,0
"me.umov.analyzer.infrastructure.serialization.LocalDateSerializationAdapter",9,0,6,3
"me.umov.analyzer.domain.actionRule.ActionRuleAnalyzer",6,3,0,4
"me.umov.analyzer.fixture.AttributeFixture",1,1,1,1
"me.umov.analyzer.domain.actions.RuleStrategyFactory",4,1,3,2
"me.umov.analyzer.architecture.GeneralTest",6,0,0,0
"me.umov.analyzer.domain.model.HttpCredentials",0,0,1,0
"me.umov.analyzer.fixture.NotificationMessageFixture",3,3,2,3
"me.umov.analyzer.fixture.ProcessHasBeenExecutedFixture",4,2,2,3
"me.umov.analyzer.application.controller.VersionControllerTest",7,0,0,0
"me.umov.analyzer.domain.excptions.AnalyzerException",2,0,11,3
"me.umov.analyzer.domain.core.Start",3,1,0,5
"me.umov.analyzer.fixture.RecipientsFixture",2,2,1,2
"me.umov.analyzer.fixture.RuleRequestFixture",2,1,3,1
"me.umov.analyzer.fixture.MessageAWSFixture",2,1,2,1
"me.umov.analyzer.infrastructure.configurations.JwtConfigurationTest",6,0,0,0
"me.umov.analyzer.infrastructure.configurations.RestConfigurationTest",6,0,0,0
"me.umov.analyzer.fixture.HistoryItemFixture",1,1,1,1
"me.umov.analyzer.fixture.HistoryFixture",1,1,1,1
"me.umov.analyzer.fixture.AgentFixture",1,1,1,1
"me.umov.analyzer.fixture.CallbackParametersFixture",1,1,1,1
"me.umov.analyzer.fixture.ServiceLocalFixture",1,1,1,1
"me.umov.analyzer.fixture.CallbackCredentialsFixture",1,1,2,1
"me.umov.analyzer.domain.events.DomainEventRegistry",4,1,9,2
"me.umov.analyzer.domain.validators.rules.TimeOnQueueRuleValidation",6,3,2,5
"me.umov.analyzer.domain.model.MessageAWS",1,0,10,0
"me.umov.analyzer.infrastructure.configurations.CounterConfigurationTest",5,0,0,0
"me.umov.analyzer.application.controller.VersionController",4,0,0,1
"me.umov.analyzer.infrastructure.xstreamadapter.EventSettingTranslator",6,4,0,5
"me.umov.analyzer.domain.repository.CustomFieldValueRepository",4,1,0,2
"me.umov.analyzer.architecture.ApplicationTest",7,1,0,1
"me.umov.analyzer.fixture.ResultProcessRuleFixture",2,1,3,1
"me.umov.analyzer.fixture.SystemParameterFixture",2,2,1,2
"me.umov.analyzer.fixture.SendMessageFixture",2,2,1,2
"me.umov.analyzer.application.dto.ResultDTO",0,0,1,0
"me.umov.analyzer.infrastructure.converters.LocalDateTimeAttributeConverter",4,0,3,1
"me.umov.analyzer.fixture.ClientFixture",1,1,1,1
"me.umov.analyzer.fixture.CustomFieldValueFixture",1,1,1,1
"me.umov.analyzer.fixture.TaskDistributionCompletedFixture",2,2,3,2
"me.umov.analyzer.fixture.EventFixture",1,1,5,1
"me.umov.analyzer.domain.core.Warning",2,1,0,4
"me.umov.analyzer.domain.core.Success",2,1,0,4
"me.umov.analyzer.infrastructure.configurations.JwtConfiguration",5,0,0,0
"me.umov.analyzer.domain.validators.DistributionTaskValidator",5,2,2,3
"me.umov.analyzer.domain.model.RuleContext",1,0,1,1
"me.umov.analyzer.infrastructure.configurations.CounterConfiguration",4,0,0,0
"me.umov.analyzer.domain.model.CallbackProtocol",0,0,0,0
"me.umov.analyzer.infrastructure.serialization.AnnotationExcludeSerializationStrategy",2,0,4,1
"me.umov.analyzer.domain.repository.TaskRepository",3,1,2,2
"me.umov.analyzer.domain.model.EventSetting",0,0,9,0
"me.umov.analyzer.domain.ports.ActionServices",6,3,2,3
"me.umov.analyzer.AnalyzerApplication",4,0,0,0
"me.umov.analyzer.fixture.ActionRuleModelFixture",1,1,2,1
"me.umov.analyzer.domain.excptions.SendNotificationAnalyzerException",1,0,0,1
"me.umov.analyzer.domain.validators.EmptyValidatorTest",3,1,0,1
"me.umov.analyzer.domain.model.RecipientsTest",2,0,0,0
"me.umov.analyzer.infrastructure.services.RuleRequestBuilder",4,1,0,1
"me.umov.analyzer.domain.excptions.ReprocessBusinessException",0,0,4,1
"me.umov.analyzer.domain.validators.BusinessValidator",1,0,4,1
"me.umov.analyzer.domain.validators.EmptyValidator",3,0,1,1
"me.umov.analyzer.domain.ports.ProducerBuilder",2,2,5,2
"me.umov.analyzer.architecture.IgnoreTests",2,0,0,1
"me.umov.analyzer.domain.events.RuleLogEvent",1,0,5,0
"me.umov.analyzer.domain.ports.BusinessService",3,2,2,2
"me.umov.analyzer.domain.excptions.HttpAnalyzerException",0,0,0,1
"me.umov.analyzer.domain.excptions.UnsupportedAnalyzerType",0,0,7,1
"me.umov.analyzer.domain.excptions.ConditionAnalyzerException",0,0,0,1
"me.umov.analyzer.domain.excptions.BusinessException",0,0,5,1
"me.umov.analyzer.domain.excptions.JmsAnalyzerException",0,0,4,1
"me.umov.analyzer.application.dto.EntityDTO",0,0,1,0
"me.umov.analyzer.domain.repository.RuleRepository",3,1,17,2
"me.umov.analyzer.domain.repository.RuleLogRepository",3,1,3,2
"me.umov.analyzer.domain.ports.IStepFacory",2,1,2,1
"me.umov.analyzer.domain.ports.TranslatorMessage",2,2,3,2
"me.umov.analyzer.domain.ports.NotificationScheduler",2,2,3,2
"me.umov.analyzer.domain.repository.SystemParameterRepository",2,1,0,2
"me.umov.analyzer.domain.repository.EventRepository",2,1,3,2
"me.umov.analyzer.domain.ports.ApplicationListener",0,0,5,0
"me.umov.analyzer.domain.ports.NotificationTranslatorFactory",1,1,1,1
"me.umov.analyzer.domain.ports.QueueProducer",1,1,4,1
"me.umov.analyzer.application.worker.IWorker",1,1,2,1
"me.umov.analyzer.domain.repository.DefaultSystemSettingsRepository",2,1,0,2
"me.umov.analyzer.domain.repository.ActionRuleRepository",2,1,5,2
"me.umov.analyzer.domain.repository.HistoryRepository",2,1,2,2
"me.umov.analyzer.domain.validators.RuleValidation",0,0,2,0
"me.umov.analyzer.infrastructure.converters.LocalDateTimeAttributeConverterTest",0,0,0,0
