[{"type":"me.umov.analyzer.domain.model.Rule","size":211,"dependencies":["me.umov.analyzer.infrastructure.converters.LocalDateTimeAttributeConverter"]},{"type":"me.umov.analyzer.actions.DistributionTaskTest","size":159,"dependencies":["me.umov.analyzer.application.observers.ReprocessTimeout","me.umov.analyzer.domain.actions.DistributionTaskActionStrategy","me.umov.analyzer.domain.events.DomainEventRegistry","me.umov.analyzer.domain.excptions.ReprocessBusinessException","me.umov.analyzer.domain.model.Action","me.umov.analyzer.domain.model.ActionRule","me.umov.analyzer.domain.model.Event","me.umov.analyzer.domain.model.ResultProcessRule","me.umov.analyzer.domain.model.Rule","me.umov.analyzer.domain.model.RuleRequest","me.umov.analyzer.domain.model.SendMessage","me.umov.analyzer.domain.repository.ActionRepository","me.umov.analyzer.domain.repository.EventRepository","me.umov.analyzer.domain.repository.RuleRepository","me.umov.analyzer.domain.validators.DistributionTaskValidator","me.umov.analyzer.fixture.ActionFixture","me.umov.analyzer.fixture.ActionRuleFixture","me.umov.analyzer.fixture.EventFixture","me.umov.analyzer.fixture.ResultProcessRuleFixture","me.umov.analyzer.fixture.RuleFixture","me.umov.analyzer.infrastructure.aws.ProducerService","me.umov.analyzer.infrastructure.services.ActionService","me.umov.analyzer.infrastructure.services.BusinessRestService"]},{"type":"me.umov.analyzer.domain.model.ActionRuleModel","size":140,"dependencies":["me.umov.analyzer.infrastructure.converters.LocalDateTimeAttributeConverter"]},{"type":"me.umov.analyzer.application.observers.SynchronismTimeoutTest","size":106,"dependencies":["me.umov.analyzer.domain.events.TaskDistributionCompleted","me.umov.analyzer.domain.model.ActionRule","me.umov.analyzer.domain.model.Event","me.umov.analyzer.domain.model.Rule","me.umov.analyzer.domain.model.SendMessage","me.umov.analyzer.domain.repository.EventRepository","me.umov.analyzer.domain.repository.RuleRepository","me.umov.analyzer.fixture.ActionRuleFixture","me.umov.analyzer.fixture.EventFixture","me.umov.analyzer.fixture.RuleFixture","me.umov.analyzer.fixture.TaskDistributionCompletedFixture","me.umov.analyzer.infrastructure.aws.ProducerAWSBuilder","me.umov.analyzer.infrastructure.aws.ProducerService","me.umov.analyzer.infrastructure.services.ActionService"]},{"type":"me.umov.analyzer.domain.model.Task","size":104,"dependencies":[]},{"type":"me.umov.analyzer.domain.model.Recipients","size":94,"dependencies":[]},{"type":"me.umov.analyzer.domain.actions.NotificationStrategyTest","size":88,"dependencies":["me.umov.analyzer.domain.actionRule.ActionRuleGenerator","me.umov.analyzer.domain.events.DomainEventRegistry","me.umov.analyzer.domain.events.NotificationWasScheduled","me.umov.analyzer.domain.model.Action","me.umov.analyzer.domain.model.Event","me.umov.analyzer.domain.model.Rule","me.umov.analyzer.fixture.ActionFixture","me.umov.analyzer.fixture.EventFixture","me.umov.analyzer.fixture.RuleFixture","me.umov.analyzer.infrastructure.services.ActionService"]},{"type":"me.umov.analyzer.infrastructure.services.ActionServiceTest","size":87,"dependencies":["me.umov.analyzer.domain.excptions.BusinessException","me.umov.analyzer.domain.model.Action","me.umov.analyzer.domain.model.ActionRule","me.umov.analyzer.domain.model.Rule","me.umov.analyzer.domain.repository.ActionRepository","me.umov.analyzer.fixture.ActionFixture","me.umov.analyzer.fixture.ActionRuleFixture","me.umov.analyzer.fixture.EventFixture","me.umov.analyzer.fixture.RuleFixture","me.umov.analyzer.infrastructure.xstreamadapter.service.XStreamService"]},{"type":"me.umov.analyzer.domain.model.ActionRuleModelTest","size":86,"dependencies":["me.umov.analyzer.fixture.ActionRuleModelFixture"]},{"type":"me.umov.analyzer.infrastructure.aws.ProducerAWSBuilderTest","size":84,"dependencies":["me.umov.analyzer.domain.excptions.UnsupportedAnalyzerType","me.umov.analyzer.domain.model.Action","me.umov.analyzer.domain.model.Rule"]},{"type":"me.umov.analyzer.domain.actions.SynchronismTimeoutActionStrategyTest","size":83,"dependencies":["me.umov.analyzer.domain.events.DomainEventRegistry","me.umov.analyzer.domain.events.SynchronismTimeoutWasExecuted","me.umov.analyzer.domain.model.ActionRule","me.umov.analyzer.domain.model.Rule","me.umov.analyzer.domain.model.SendMessage","me.umov.analyzer.domain.repository.RuleRepository","me.umov.analyzer.domain.repository.TaskRepository","me.umov.analyzer.fixture.ActionRuleFixture","me.umov.analyzer.fixture.RuleFixture","me.umov.analyzer.infrastructure.aws.ProducerAWSBuilder","me.umov.analyzer.infrastructure.aws.ProducerService","me.umov.analyzer.infrastructure.services.ActionService"]},{"type":"me.umov.analyzer.domain.model.DefaultSystemSettings","size":80,"dependencies":[]},{"type":"me.umov.analyzer.application.observers.SynchronismTimeout","size":76,"dependencies":["me.umov.analyzer.domain.events.TaskDistributionCompleted","me.umov.analyzer.domain.model.ActionRule","me.umov.analyzer.domain.model.Event","me.umov.analyzer.domain.model.Rule","me.umov.analyzer.domain.model.SendMessage","me.umov.analyzer.domain.ports.ApplicationListener","me.umov.analyzer.domain.repository.EventRepository","me.umov.analyzer.domain.repository.RuleRepository","me.umov.analyzer.infrastructure.aws.ProducerAWSBuilder","me.umov.analyzer.infrastructure.services.ActionService"]},{"type":"me.umov.analyzer.domain.model.History","size":75,"dependencies":[]},{"type":"me.umov.analyzer.application.observers.ReprocessTimeoutTest","size":74,"dependencies":["me.umov.analyzer.domain.events.TaskDistributionCompleted","me.umov.analyzer.domain.model.ActionRule","me.umov.analyzer.domain.model.Rule","me.umov.analyzer.domain.model.SendMessage","me.umov.analyzer.domain.ports.ProducerBuilder","me.umov.analyzer.domain.repository.RuleRepository","me.umov.analyzer.fixture.ActionRuleFixture","me.umov.analyzer.fixture.RuleFixture","me.umov.analyzer.fixture.TaskDistributionCompletedFixture","me.umov.analyzer.infrastructure.aws.ProducerService","me.umov.analyzer.infrastructure.services.ActionService"]},{"type":"me.umov.analyzer.fixture.RuleFixture","size":72,"dependencies":["me.umov.analyzer.domain.model.Event","me.umov.analyzer.domain.model.Rule"]},{"type":"me.umov.analyzer.application.observers.LogGeneratorTest","size":72,"dependencies":["me.umov.analyzer.domain.actions.NotificationStrategy","me.umov.analyzer.domain.events.ErrorExecutingNotificationWorker","me.umov.analyzer.domain.events.NotificationWasScheduled","me.umov.analyzer.domain.events.SynchronismTimeoutWasExecuted","me.umov.analyzer.domain.events.TaskDistributionCompleted","me.umov.analyzer.domain.model.RuleLog","me.umov.analyzer.domain.repository.RuleLogRepository","me.umov.analyzer.fixture.ProcessHasBeenExecutedFixture"]},{"type":"me.umov.analyzer.infrastructure.services.BusinessRestServiceTest","size":72,"dependencies":["me.umov.analyzer.domain.excptions.ReprocessBusinessException","me.umov.analyzer.domain.model.ResultProcessRule","me.umov.analyzer.domain.model.RuleRequest","me.umov.analyzer.fixture.ResultProcessRuleFixture","me.umov.analyzer.fixture.RuleRequestFixture"]},{"type":"me.umov.analyzer.domain.core.ErrorTest","size":69,"dependencies":["me.umov.analyzer.domain.model.Rule","me.umov.analyzer.domain.repository.RuleRepository","me.umov.analyzer.fixture.RuleFixture"]},{"type":"me.umov.analyzer.domain.actions.NotificationStrategy","size":69,"dependencies":["me.umov.analyzer.domain.actionRule.ActionRuleGenerator","me.umov.analyzer.domain.events.DomainEventRegistry","me.umov.analyzer.domain.events.NotificationWasScheduled","me.umov.analyzer.domain.excptions.AnalyzerException","me.umov.analyzer.domain.model.Action","me.umov.analyzer.domain.model.ProcessRuleMessage","me.umov.analyzer.domain.model.Rule"]},{"type":"me.umov.analyzer.application.AwsConsumerTest","size":66,"dependencies":["me.umov.analyzer.application.worker.DistributionWorker","me.umov.analyzer.application.worker.NotificationWorker","me.umov.analyzer.domain.model.MessageAWS"]},{"type":"me.umov.analyzer.domain.model.RuleLog","size":63,"dependencies":["me.umov.analyzer.infrastructure.converters.LocalDateTimeAttributeConverter"]},{"type":"me.umov.analyzer.infrastructure.aws.ProducerServiceTest","size":63,"dependencies":["me.umov.analyzer.domain.excptions.JmsAnalyzerException","me.umov.analyzer.domain.model.SendMessage"]},{"type":"me.umov.analyzer.domain.actions.SynchronismTimeoutActionStrategy","size":60,"dependencies":["me.umov.analyzer.domain.events.DomainEventRegistry","me.umov.analyzer.domain.events.SynchronismTimeoutWasExecuted","me.umov.analyzer.domain.model.ActionRule","me.umov.analyzer.domain.model.Rule","me.umov.analyzer.domain.model.SendMessage","me.umov.analyzer.domain.ports.ProducerBuilder","me.umov.analyzer.domain.repository.RuleRepository","me.umov.analyzer.domain.repository.TaskRepository"]},{"type":"me.umov.analyzer.domain.model.Attribute","size":59,"dependencies":[]},{"type":"me.umov.analyzer.infrastructure.xstreamadapter.service.XStreamServiceTest","size":59,"dependencies":["me.umov.analyzer.domain.model.ActionRule","me.umov.analyzer.domain.model.EventSetting"]},{"type":"me.umov.analyzer.infrastructure.configurations.AmazonSQSConfiguration","size":58,"dependencies":[]},{"type":"me.umov.analyzer.infrastructure.services.BusinessRestService","size":58,"dependencies":["me.umov.analyzer.domain.excptions.ReprocessBusinessException","me.umov.analyzer.domain.model.ResultProcessRule","me.umov.analyzer.domain.model.RuleRequest","me.umov.analyzer.domain.ports.BusinessService"]},{"type":"me.umov.analyzer.domain.actionRule.ActionRuleGenerator","size":58,"dependencies":["me.umov.analyzer.domain.model.Action","me.umov.analyzer.domain.model.ActionRuleModel","me.umov.analyzer.domain.model.EventSetting","me.umov.analyzer.domain.model.History","me.umov.analyzer.domain.model.NotificationMessage","me.umov.analyzer.domain.model.ProcessRuleMessage","me.umov.analyzer.domain.model.Rule","me.umov.analyzer.domain.ports.NotificationScheduler","me.umov.analyzer.domain.ports.TranslatorMessage","me.umov.analyzer.domain.repository.ActionRuleRepository","me.umov.analyzer.domain.repository.HistoryRepository"]},{"type":"me.umov.analyzer.infrastructure.services.ActionService","size":57,"dependencies":["me.umov.analyzer.domain.excptions.BusinessException","me.umov.analyzer.domain.model.Action","me.umov.analyzer.domain.model.ActionRule","me.umov.analyzer.domain.model.Rule","me.umov.analyzer.domain.ports.ActionServices","me.umov.analyzer.domain.repository.ActionRepository","me.umov.analyzer.infrastructure.xstreamadapter.service.XStreamService"]},{"type":"me.umov.analyzer.domain.model.HistoryItem","size":56,"dependencies":[]},{"type":"me.umov.analyzer.domain.model.SMS","size":56,"dependencies":[]},{"type":"me.umov.analyzer.domain.core.StepFactoryTest","size":56,"dependencies":["me.umov.analyzer.domain.excptions.UnsupportedAnalyzerType"]},{"type":"me.umov.analyzer.application.controller.ReprocessController","size":56,"dependencies":["me.umov.analyzer.application.dto.EntityDTO","me.umov.analyzer.application.dto.ResultDTO","me.umov.analyzer.domain.model.ActionRuleModel","me.umov.analyzer.domain.model.SendMessage","me.umov.analyzer.domain.ports.QueueProducer","me.umov.analyzer.domain.repository.ActionRuleRepository","me.umov.analyzer.infrastructure.aws.ProducerAWSBuilder"]},{"type":"me.umov.analyzer.domain.core.ReprocessTest","size":55,"dependencies":["me.umov.analyzer.domain.events.DomainEventRegistry","me.umov.analyzer.domain.excptions.JmsAnalyzerException","me.umov.analyzer.domain.model.Rule","me.umov.analyzer.domain.model.SendMessage","me.umov.analyzer.domain.repository.RuleRepository","me.umov.analyzer.fixture.RuleFixture","me.umov.analyzer.infrastructure.aws.ProducerAWSBuilder","me.umov.analyzer.infrastructure.aws.ProducerService"]},{"type":"me.umov.analyzer.domain.actionRule.ActionRuleGeneratorTest","size":55,"dependencies":["me.umov.analyzer.domain.model.Action","me.umov.analyzer.domain.model.ActionRuleModel","me.umov.analyzer.domain.model.EventSetting","me.umov.analyzer.domain.model.History","me.umov.analyzer.domain.model.Rule","me.umov.analyzer.domain.ports.NotificationScheduler","me.umov.analyzer.domain.ports.NotificationTranslatorFactory","me.umov.analyzer.domain.ports.TranslatorMessage","me.umov.analyzer.domain.repository.ActionRuleRepository","me.umov.analyzer.domain.repository.HistoryRepository"]},{"type":"me.umov.analyzer.application.worker.NotificationWorkerTest","size":52,"dependencies":["me.umov.analyzer.domain.actions.NotificationStrategy","me.umov.analyzer.domain.events.DomainEventRegistry","me.umov.analyzer.domain.events.ErrorExecutingNotificationWorker","me.umov.analyzer.domain.excptions.AnalyzerException","me.umov.analyzer.domain.model.MessageAWS","me.umov.analyzer.domain.model.Rule","me.umov.analyzer.domain.repository.RuleRepository","me.umov.analyzer.infrastructure.services.EntitySQSService"]},{"type":"me.umov.analyzer.domain.model.RuleRequest","size":50,"dependencies":[]},{"type":"me.umov.analyzer.application.worker.DistributionWorker","size":50,"dependencies":["me.umov.analyzer.domain.core.Step","me.umov.analyzer.domain.model.MessageAWS","me.umov.analyzer.domain.model.Rule","me.umov.analyzer.domain.ports.IStepFacory","me.umov.analyzer.domain.repository.RuleRepository","me.umov.analyzer.infrastructure.services.EntitySQSService"]},{"type":"me.umov.analyzer.domain.model.Action","size":49,"dependencies":[]},{"type":"me.umov.analyzer.domain.core.Step","size":49,"dependencies":["me.umov.analyzer.domain.model.ResultProcessRule","me.umov.analyzer.domain.model.Rule","me.umov.analyzer.domain.model.RuleContext","me.umov.analyzer.domain.repository.RuleLogRepository","me.umov.analyzer.domain.repository.RuleRepository"]},{"type":"me.umov.analyzer.infrastructure.services.EntitySQSServiceTest","size":49,"dependencies":["me.umov.analyzer.domain.excptions.AnalyzerException","me.umov.analyzer.domain.model.MessageAWS","me.umov.analyzer.domain.model.Rule","me.umov.analyzer.domain.repository.RuleRepository"]},{"type":"me.umov.analyzer.application.observers.ReprocessTimeout","size":48,"dependencies":["me.umov.analyzer.domain.events.TaskDistributionCompleted","me.umov.analyzer.domain.model.ActionRule","me.umov.analyzer.domain.model.Rule","me.umov.analyzer.domain.model.SendMessage","me.umov.analyzer.domain.ports.ApplicationListener","me.umov.analyzer.domain.ports.ProducerBuilder","me.umov.analyzer.domain.repository.RuleRepository","me.umov.analyzer.infrastructure.services.ActionService"]},{"type":"me.umov.analyzer.infrastructure.aws.NotificationAWSSenderTest","size":48,"dependencies":["me.umov.analyzer.domain.excptions.UnsupportedAnalyzerType","me.umov.analyzer.domain.model.Action","me.umov.analyzer.domain.model.ActionRuleModel","me.umov.analyzer.domain.model.ProcessRuleMessage","me.umov.analyzer.domain.model.SendMessage"]},{"type":"me.umov.analyzer.domain.events.TaskDistributionCompleted","size":45,"dependencies":["me.umov.analyzer.domain.model.Rule"]},{"type":"me.umov.analyzer.domain.actions.DistributionTaskStrategy","size":44,"dependencies":["me.umov.analyzer.domain.events.DomainEventRegistry","me.umov.analyzer.domain.events.TaskDistributionCompleted","me.umov.analyzer.domain.excptions.BusinessException","me.umov.analyzer.domain.excptions.ReprocessBusinessException","me.umov.analyzer.domain.model.ActionRule","me.umov.analyzer.domain.model.ResultProcessRule","me.umov.analyzer.domain.model.Rule","me.umov.analyzer.domain.validators.BusinessValidator"]},{"type":"me.umov.analyzer.domain.actionRule.ActionRuleAnalyzerTest","size":44,"dependencies":["me.umov.analyzer.domain.model.ActionRuleModel","me.umov.analyzer.domain.model.ProcessRuleMessage","me.umov.analyzer.domain.repository.ActionRuleRepository"]},{"type":"me.umov.analyzer.application.observers.LogGenerator","size":44,"dependencies":["me.umov.analyzer.domain.events.ErrorExecutingNotificationWorker","me.umov.analyzer.domain.events.NotificationWasScheduled","me.umov.analyzer.domain.events.RuleLogEvent","me.umov.analyzer.domain.events.SynchronismTimeoutWasExecuted","me.umov.analyzer.domain.events.TaskDistributionCompleted","me.umov.analyzer.domain.model.RuleLog","me.umov.analyzer.domain.ports.ApplicationListener","me.umov.analyzer.domain.repository.RuleLogRepository"]},{"type":"me.umov.analyzer.infrastructure.serialization.AnnotationExcludeSerializationStrategyTest","size":43,"dependencies":["me.umov.analyzer.domain.model.History","me.umov.analyzer.domain.model.Task"]},{"type":"me.umov.analyzer.actions.ActionStrategyFactoryTest","size":42,"dependencies":["me.umov.analyzer.domain.actions.ActionStrategy","me.umov.analyzer.domain.actions.DistributionTaskActionStrategy","me.umov.analyzer.domain.actions.NotificationStrategy","me.umov.analyzer.domain.actions.RuleStrategyFactory","me.umov.analyzer.domain.actions.SynchronismTimeoutActionStrategy"]},{"type":"me.umov.analyzer.application.worker.DistributionWorkerTest","size":42,"dependencies":["me.umov.analyzer.domain.core.Step","me.umov.analyzer.domain.core.StepFactory","me.umov.analyzer.domain.model.MessageAWS","me.umov.analyzer.domain.model.Rule","me.umov.analyzer.fixture.MessageAWSFixture","me.umov.analyzer.fixture.RuleFixture","me.umov.analyzer.infrastructure.services.EntitySQSService"]},{"type":"me.umov.analyzer.infrastructure.aws.SendMessageRequestService","size":41,"dependencies":[]},{"type":"me.umov.analyzer.domain.model.Event","size":40,"dependencies":[]},{"type":"me.umov.analyzer.domain.model.CustomFieldValue","size":40,"dependencies":[]},{"type":"me.umov.analyzer.infrastructure.services.JwtService","size":40,"dependencies":["me.umov.analyzer.domain.excptions.AnalyzerException"]},{"type":"me.umov.analyzer.infrastructure.aws.ProducerAWSBuilder","size":40,"dependencies":["me.umov.analyzer.domain.excptions.UnsupportedAnalyzerType","me.umov.analyzer.domain.model.Action","me.umov.analyzer.domain.model.Rule","me.umov.analyzer.domain.ports.ProducerBuilder","me.umov.analyzer.domain.ports.QueueProducer"]},{"type":"me.umov.analyzer.domain.validators.rules.TimeOnQueueValidationTest","size":40,"dependencies":["me.umov.analyzer.domain.excptions.BusinessException","me.umov.analyzer.domain.model.Rule","me.umov.analyzer.fixture.RuleFixture"]},{"type":"me.umov.analyzer.domain.model.ActionRule","size":39,"dependencies":[]},{"type":"me.umov.analyzer.infrastructure.xstreamadapter.EventSettingTranslatorTest","size":39,"dependencies":["me.umov.analyzer.domain.model.Action","me.umov.analyzer.domain.model.EventSetting","me.umov.analyzer.domain.model.NotificationMessage","me.umov.analyzer.domain.model.Rule","me.umov.analyzer.fixture.ActionFixture","me.umov.analyzer.fixture.MessageRequestFixture","me.umov.analyzer.fixture.NotificationMessageFixture","me.umov.analyzer.fixture.RuleFixture","me.umov.analyzer.infrastructure.xstreamadapter.service.XStreamService"]},{"type":"me.umov.analyzer.domain.core.ProcessTest","size":39,"dependencies":["me.umov.analyzer.domain.actions.DistributionTaskActionStrategy","me.umov.analyzer.domain.actions.RuleStrategyFactory","me.umov.analyzer.domain.model.Rule","me.umov.analyzer.fixture.RuleFixture"]},{"type":"me.umov.analyzer.infrastructure.configurations.AmazonSQSConfigurationTest","size":38,"dependencies":[]},{"type":"me.umov.analyzer.application.AwsConsumer","size":38,"dependencies":["me.umov.analyzer.application.worker.DistributionWorker","me.umov.analyzer.application.worker.NotificationWorker","me.umov.analyzer.domain.model.MessageAWS"]},{"type":"me.umov.analyzer.domain.model.CallbackParameters","size":37,"dependencies":[]},{"type":"me.umov.analyzer.domain.model.ResultProcessRule","size":37,"dependencies":[]},{"type":"me.umov.analyzer.fixture.TaskFixture","size":37,"dependencies":["me.umov.analyzer.domain.model.Agent","me.umov.analyzer.domain.model.ServiceLocal","me.umov.analyzer.domain.model.Task"]},{"type":"me.umov.analyzer.domain.core.Reprocess","size":37,"dependencies":["me.umov.analyzer.domain.excptions.JmsAnalyzerException","me.umov.analyzer.domain.model.Rule","me.umov.analyzer.domain.model.SendMessage","me.umov.analyzer.domain.ports.ProducerBuilder","me.umov.analyzer.domain.ports.QueueProducer"]},{"type":"me.umov.analyzer.domain.core.StepFactory","size":37,"dependencies":["me.umov.analyzer.domain.excptions.UnsupportedAnalyzerType","me.umov.analyzer.domain.ports.IStepFacory"]},{"type":"me.umov.analyzer.domain.model.SystemParameter","size":36,"dependencies":[]},{"type":"me.umov.analyzer.domain.actions.DistributionTaskActionStrategy","size":36,"dependencies":["me.umov.analyzer.domain.model.ActionRule","me.umov.analyzer.domain.model.ResultProcessRule","me.umov.analyzer.domain.model.Rule","me.umov.analyzer.domain.model.RuleRequest","me.umov.analyzer.domain.ports.BusinessService","me.umov.analyzer.domain.validators.BusinessValidator","me.umov.analyzer.domain.validators.DistributionTaskValidator"]},{"type":"me.umov.analyzer.domain.core.StartTest","size":36,"dependencies":["me.umov.analyzer.domain.model.Rule","me.umov.analyzer.domain.repository.RuleRepository","me.umov.analyzer.fixture.RuleFixture"]},{"type":"me.umov.analyzer.application.worker.NotificationWorker","size":36,"dependencies":["me.umov.analyzer.domain.actions.NotificationStrategy","me.umov.analyzer.domain.events.DomainEventRegistry","me.umov.analyzer.domain.events.ErrorExecutingNotificationWorker","me.umov.analyzer.domain.model.MessageAWS","me.umov.analyzer.domain.model.Rule","me.umov.analyzer.domain.repository.RuleRepository","me.umov.analyzer.infrastructure.services.EntitySQSService"]},{"type":"me.umov.analyzer.domain.events.NotificationWasScheduled","size":35,"dependencies":["me.umov.analyzer.domain.model.Rule"]},{"type":"me.umov.analyzer.infrastructure.configurations.GsonConfiguration","size":35,"dependencies":["me.umov.analyzer.infrastructure.serialization.AnnotationExcludeSerializationStrategy","me.umov.analyzer.infrastructure.serialization.LocalDateSerializationAdapter","me.umov.analyzer.infrastructure.serialization.LocalTimeSerializationAdapter"]},{"type":"me.umov.analyzer.infrastructure.xstreamadapter.service.XStreamService","size":35,"dependencies":["me.umov.analyzer.domain.model.ActionRule","me.umov.analyzer.domain.model.EventSetting","me.umov.analyzer.infrastructure.xstreamadapter.converters.EventSettingConverter","me.umov.analyzer.infrastructure.xstreamadapter.converters.IgnoreTaskTypeConverter"]},{"type":"me.umov.analyzer.architecture.InfrastructureTest","size":35,"dependencies":[]},{"type":"me.umov.analyzer.infrastructure.serialization.LocalDateSerializationAdapterTest","size":34,"dependencies":[]},{"type":"me.umov.analyzer.infrastructure.xstreamadapter.converters.EventSettingConverter","size":33,"dependencies":["me.umov.analyzer.domain.model.EventSetting"]},{"type":"me.umov.analyzer.infrastructure.xstreamadapter.converters.IgnoreTaskTypeConverter","size":33,"dependencies":[]},{"type":"me.umov.analyzer.domain.model.Agent","size":32,"dependencies":[]},{"type":"me.umov.analyzer.infrastructure.serialization.LocalTimeSerializationAdapterTest","size":32,"dependencies":[]},{"type":"me.umov.analyzer.domain.model.ProcessRuleMessage","size":31,"dependencies":[]},{"type":"me.umov.analyzer.infrastructure.configurations.GsonConfigurationTest","size":31,"dependencies":[]},{"type":"me.umov.analyzer.domain.core.Error","size":30,"dependencies":["me.umov.analyzer.domain.model.Rule"]},{"type":"me.umov.analyzer.domain.core.Process","size":30,"dependencies":["me.umov.analyzer.domain.actions.RuleStrategyFactory","me.umov.analyzer.domain.model.Rule"]},{"type":"me.umov.analyzer.infrastructure.aws.NotificationAWSScheduler","size":30,"dependencies":["me.umov.analyzer.domain.model.ActionRuleModel","me.umov.analyzer.domain.model.ProcessRuleMessage","me.umov.analyzer.domain.model.SendMessage","me.umov.analyzer.domain.ports.NotificationScheduler"]},{"type":"me.umov.analyzer.fixture.MessageRequestFixture","size":29,"dependencies":["me.umov.analyzer.domain.model.Attribute","me.umov.analyzer.domain.model.EventSetting","me.umov.analyzer.domain.model.Recipients"]},{"type":"me.umov.analyzer.domain.model.NotificationMessage","size":29,"dependencies":[]},{"type":"me.umov.analyzer.domain.events.ErrorExecutingNotificationWorker","size":29,"dependencies":["me.umov.analyzer.domain.model.Rule"]},{"type":"me.umov.analyzer.infrastructure.services.JwtServiceTest","size":29,"dependencies":[]},{"type":"me.umov.analyzer.domain.core.SuccessTest","size":29,"dependencies":["me.umov.analyzer.domain.model.Rule","me.umov.analyzer.domain.repository.RuleRepository","me.umov.analyzer.fixture.RuleFixture"]},{"type":"me.umov.analyzer.domain.core.WarningTest","size":29,"dependencies":["me.umov.analyzer.domain.model.Rule","me.umov.analyzer.domain.repository.RuleRepository","me.umov.analyzer.fixture.RuleFixture"]},{"type":"me.umov.analyzer.architecture.DomainTest","size":29,"dependencies":["me.umov.analyzer.domain.validators.RuleValidation"]},{"type":"me.umov.analyzer.domain.actions.RuleStrategyFactoryTest","size":28,"dependencies":["me.umov.analyzer.domain.excptions.UnsupportedAnalyzerType"]},{"type":"me.umov.analyzer.infrastructure.aws.ProducerService","size":28,"dependencies":["me.umov.analyzer.domain.excptions.JmsAnalyzerException","me.umov.analyzer.domain.model.SendMessage","me.umov.analyzer.domain.ports.QueueProducer"]},{"type":"me.umov.analyzer.infrastructure.services.EntitySQSService","size":28,"dependencies":["me.umov.analyzer.application.worker.DistributionWorker","me.umov.analyzer.domain.excptions.AnalyzerException","me.umov.analyzer.domain.model.MessageAWS"]},{"type":"me.umov.analyzer.fixture.SMSFixture","size":27,"dependencies":["me.umov.analyzer.domain.model.SMS"]},{"type":"me.umov.analyzer.domain.model.SendMessage","size":27,"dependencies":[]},{"type":"me.umov.analyzer.infrastructure.configurations.RestConfiguration","size":27,"dependencies":[]},{"type":"me.umov.analyzer.domain.validators.DistributionTaskValidatorTest","size":27,"dependencies":["me.umov.analyzer.domain.model.Rule","me.umov.analyzer.domain.validators.rules.TimeOnQueueRuleValidation"]},{"type":"me.umov.analyzer.infrastructure.serialization.LocalTimeSerializationAdapter","size":27,"dependencies":[]},{"type":"me.umov.analyzer.domain.actions.ActionStrategy","size":26,"dependencies":["me.umov.analyzer.domain.model.ResultProcessRule","me.umov.analyzer.domain.model.Rule","me.umov.analyzer.domain.ports.ActionServices"]},{"type":"me.umov.analyzer.infrastructure.services.RuleRequestBuilderTest","size":26,"dependencies":["me.umov.analyzer.domain.model.RuleRequest","me.umov.analyzer.fixture.RuleRequestFixture"]},{"type":"me.umov.analyzer.domain.events.SynchronismTimeoutWasExecuted","size":25,"dependencies":["me.umov.analyzer.domain.model.Rule"]},{"type":"me.umov.analyzer.domain.repository.ActionRepository","size":25,"dependencies":["me.umov.analyzer.domain.model.Action"]},{"type":"me.umov.analyzer.fixture.ActionFixture","size":24,"dependencies":["me.umov.analyzer.domain.model.Action"]},{"type":"me.umov.analyzer.fixture.ActionRuleFixture","size":24,"dependencies":["me.umov.analyzer.domain.model.ActionRule"]},{"type":"me.umov.analyzer.domain.model.ServiceLocal","size":24,"dependencies":[]},{"type":"me.umov.analyzer.domain.model.Client","size":24,"dependencies":[]},{"type":"me.umov.analyzer.infrastructure.serialization.LocalDateSerializationAdapter","size":24,"dependencies":[]},{"type":"me.umov.analyzer.domain.actionRule.ActionRuleAnalyzer","size":24,"dependencies":["me.umov.analyzer.domain.model.ActionRuleModel","me.umov.analyzer.domain.model.ProcessRuleMessage","me.umov.analyzer.domain.repository.ActionRuleRepository"]},{"type":"me.umov.analyzer.fixture.AttributeFixture","size":23,"dependencies":["me.umov.analyzer.domain.model.Attribute"]},{"type":"me.umov.analyzer.domain.actions.RuleStrategyFactory","size":23,"dependencies":["me.umov.analyzer.domain.excptions.UnsupportedAnalyzerType"]},{"type":"me.umov.analyzer.architecture.GeneralTest","size":23,"dependencies":[]},{"type":"me.umov.analyzer.domain.model.HttpCredentials","size":22,"dependencies":[]},{"type":"me.umov.analyzer.fixture.NotificationMessageFixture","size":22,"dependencies":["me.umov.analyzer.domain.model.Action","me.umov.analyzer.domain.model.NotificationMessage","me.umov.analyzer.domain.model.Rule"]},{"type":"me.umov.analyzer.fixture.ProcessHasBeenExecutedFixture","size":22,"dependencies":["me.umov.analyzer.domain.events.NotificationWasScheduled","me.umov.analyzer.domain.model.Rule"]},{"type":"me.umov.analyzer.application.controller.VersionControllerTest","size":22,"dependencies":[]},{"type":"me.umov.analyzer.domain.excptions.AnalyzerException","size":21,"dependencies":[]},{"type":"me.umov.analyzer.domain.core.Start","size":21,"dependencies":["me.umov.analyzer.domain.model.Rule"]},{"type":"me.umov.analyzer.fixture.RecipientsFixture","size":20,"dependencies":["me.umov.analyzer.domain.model.Attribute","me.umov.analyzer.domain.model.Recipients"]},{"type":"me.umov.analyzer.fixture.RuleRequestFixture","size":20,"dependencies":["me.umov.analyzer.domain.model.RuleRequest"]},{"type":"me.umov.analyzer.fixture.MessageAWSFixture","size":20,"dependencies":["me.umov.analyzer.domain.model.MessageAWS"]},{"type":"me.umov.analyzer.infrastructure.configurations.JwtConfigurationTest","size":20,"dependencies":[]},{"type":"me.umov.analyzer.infrastructure.configurations.RestConfigurationTest","size":20,"dependencies":[]},{"type":"me.umov.analyzer.fixture.HistoryItemFixture","size":19,"dependencies":["me.umov.analyzer.domain.model.HistoryItem"]},{"type":"me.umov.analyzer.fixture.HistoryFixture","size":19,"dependencies":["me.umov.analyzer.domain.model.History"]},{"type":"me.umov.analyzer.fixture.AgentFixture","size":19,"dependencies":["me.umov.analyzer.domain.model.Agent"]},{"type":"me.umov.analyzer.fixture.CallbackParametersFixture","size":19,"dependencies":["me.umov.analyzer.domain.model.CallbackParameters"]},{"type":"me.umov.analyzer.fixture.ServiceLocalFixture","size":19,"dependencies":["me.umov.analyzer.domain.model.ServiceLocal"]},{"type":"me.umov.analyzer.fixture.CallbackCredentialsFixture","size":19,"dependencies":["me.umov.analyzer.domain.model.HttpCredentials"]},{"type":"me.umov.analyzer.domain.events.DomainEventRegistry","size":19,"dependencies":["me.umov.analyzer.domain.ports.ApplicationListener"]},{"type":"me.umov.analyzer.domain.validators.rules.TimeOnQueueRuleValidation","size":19,"dependencies":["me.umov.analyzer.domain.excptions.BusinessException","me.umov.analyzer.domain.model.Rule","me.umov.analyzer.domain.validators.RuleValidation"]},{"type":"me.umov.analyzer.domain.model.MessageAWS","size":18,"dependencies":[]},{"type":"me.umov.analyzer.infrastructure.configurations.CounterConfigurationTest","size":18,"dependencies":[]},{"type":"me.umov.analyzer.application.controller.VersionController","size":18,"dependencies":[]},{"type":"me.umov.analyzer.infrastructure.xstreamadapter.EventSettingTranslator","size":18,"dependencies":["me.umov.analyzer.domain.model.EventSetting","me.umov.analyzer.domain.model.NotificationMessage","me.umov.analyzer.domain.ports.TranslatorMessage","me.umov.analyzer.infrastructure.xstreamadapter.service.XStreamService"]},{"type":"me.umov.analyzer.domain.repository.CustomFieldValueRepository","size":17,"dependencies":["me.umov.analyzer.domain.model.CustomFieldValue"]},{"type":"me.umov.analyzer.architecture.ApplicationTest","size":17,"dependencies":["me.umov.analyzer.domain.ports.ApplicationListener"]},{"type":"me.umov.analyzer.fixture.ResultProcessRuleFixture","size":16,"dependencies":["me.umov.analyzer.domain.model.ResultProcessRule"]},{"type":"me.umov.analyzer.fixture.SystemParameterFixture","size":16,"dependencies":["me.umov.analyzer.domain.model.SMS","me.umov.analyzer.domain.model.SystemParameter"]},{"type":"me.umov.analyzer.fixture.SendMessageFixture","size":16,"dependencies":["me.umov.analyzer.domain.model.Rule","me.umov.analyzer.domain.model.SendMessage"]},{"type":"me.umov.analyzer.application.dto.ResultDTO","size":16,"dependencies":[]},{"type":"me.umov.analyzer.infrastructure.converters.LocalDateTimeAttributeConverter","size":16,"dependencies":[]},{"type":"me.umov.analyzer.fixture.ClientFixture","size":15,"dependencies":["me.umov.analyzer.domain.model.Client"]},{"type":"me.umov.analyzer.fixture.CustomFieldValueFixture","size":15,"dependencies":["me.umov.analyzer.domain.model.CustomFieldValue"]},{"type":"me.umov.analyzer.fixture.TaskDistributionCompletedFixture","size":15,"dependencies":["me.umov.analyzer.domain.events.TaskDistributionCompleted","me.umov.analyzer.domain.model.Rule"]},{"type":"me.umov.analyzer.fixture.EventFixture","size":15,"dependencies":["me.umov.analyzer.domain.model.Event"]},{"type":"me.umov.analyzer.domain.core.Warning","size":15,"dependencies":["me.umov.analyzer.domain.model.Rule"]},{"type":"me.umov.analyzer.domain.core.Success","size":15,"dependencies":["me.umov.analyzer.domain.model.Rule"]},{"type":"me.umov.analyzer.infrastructure.configurations.JwtConfiguration","size":15,"dependencies":[]},{"type":"me.umov.analyzer.domain.validators.DistributionTaskValidator","size":15,"dependencies":["me.umov.analyzer.domain.model.Rule","me.umov.analyzer.domain.validators.rules.TimeOnQueueRuleValidation"]},{"type":"me.umov.analyzer.domain.model.RuleContext","size":14,"dependencies":[]},{"type":"me.umov.analyzer.infrastructure.configurations.CounterConfiguration","size":14,"dependencies":[]},{"type":"me.umov.analyzer.domain.model.CallbackProtocol","size":13,"dependencies":[]},{"type":"me.umov.analyzer.infrastructure.serialization.AnnotationExcludeSerializationStrategy","size":13,"dependencies":[]},{"type":"me.umov.analyzer.domain.repository.TaskRepository","size":13,"dependencies":["me.umov.analyzer.domain.model.Task"]},{"type":"me.umov.analyzer.domain.model.EventSetting","size":12,"dependencies":[]},{"type":"me.umov.analyzer.domain.ports.ActionServices","size":12,"dependencies":["me.umov.analyzer.domain.model.Action","me.umov.analyzer.domain.model.ActionRule","me.umov.analyzer.domain.model.Rule"]},{"type":"me.umov.analyzer.AnalyzerApplication","size":12,"dependencies":[]},{"type":"me.umov.analyzer.fixture.ActionRuleModelFixture","size":11,"dependencies":["me.umov.analyzer.domain.model.ActionRuleModel"]},{"type":"me.umov.analyzer.domain.excptions.SendNotificationAnalyzerException","size":11,"dependencies":[]},{"type":"me.umov.analyzer.domain.validators.EmptyValidatorTest","size":11,"dependencies":["me.umov.analyzer.domain.model.History"]},{"type":"me.umov.analyzer.domain.model.RecipientsTest","size":11,"dependencies":[]},{"type":"me.umov.analyzer.infrastructure.services.RuleRequestBuilder","size":11,"dependencies":["me.umov.analyzer.domain.model.RuleRequest"]},{"type":"me.umov.analyzer.domain.excptions.ReprocessBusinessException","size":10,"dependencies":[]},{"type":"me.umov.analyzer.domain.validators.BusinessValidator","size":10,"dependencies":[]},{"type":"me.umov.analyzer.domain.validators.EmptyValidator","size":10,"dependencies":[]},{"type":"me.umov.analyzer.domain.ports.ProducerBuilder","size":9,"dependencies":["me.umov.analyzer.domain.model.Action","me.umov.analyzer.domain.model.Rule"]},{"type":"me.umov.analyzer.architecture.IgnoreTests","size":9,"dependencies":[]},{"type":"me.umov.analyzer.domain.events.RuleLogEvent","size":8,"dependencies":[]},{"type":"me.umov.analyzer.domain.ports.BusinessService","size":8,"dependencies":["me.umov.analyzer.domain.model.ResultProcessRule","me.umov.analyzer.domain.model.RuleRequest"]},{"type":"me.umov.analyzer.domain.excptions.HttpAnalyzerException","size":7,"dependencies":[]},{"type":"me.umov.analyzer.domain.excptions.UnsupportedAnalyzerType","size":7,"dependencies":[]},{"type":"me.umov.analyzer.domain.excptions.ConditionAnalyzerException","size":7,"dependencies":[]},{"type":"me.umov.analyzer.domain.excptions.BusinessException","size":7,"dependencies":[]},{"type":"me.umov.analyzer.domain.excptions.JmsAnalyzerException","size":7,"dependencies":[]},{"type":"me.umov.analyzer.application.dto.EntityDTO","size":7,"dependencies":[]},{"type":"me.umov.analyzer.domain.repository.RuleRepository","size":7,"dependencies":["me.umov.analyzer.domain.model.Rule"]},{"type":"me.umov.analyzer.domain.repository.RuleLogRepository","size":7,"dependencies":["me.umov.analyzer.domain.model.RuleLog"]},{"type":"me.umov.analyzer.domain.ports.IStepFacory","size":6,"dependencies":["me.umov.analyzer.domain.core.Step"]},{"type":"me.umov.analyzer.domain.ports.TranslatorMessage","size":6,"dependencies":["me.umov.analyzer.domain.model.EventSetting","me.umov.analyzer.domain.model.NotificationMessage"]},{"type":"me.umov.analyzer.domain.ports.NotificationScheduler","size":6,"dependencies":["me.umov.analyzer.domain.model.ActionRuleModel","me.umov.analyzer.domain.model.ProcessRuleMessage"]},{"type":"me.umov.analyzer.domain.repository.SystemParameterRepository","size":6,"dependencies":["me.umov.analyzer.domain.model.SystemParameter"]},{"type":"me.umov.analyzer.domain.repository.EventRepository","size":6,"dependencies":["me.umov.analyzer.domain.model.Event"]},{"type":"me.umov.analyzer.domain.ports.ApplicationListener","size":5,"dependencies":[]},{"type":"me.umov.analyzer.domain.ports.NotificationTranslatorFactory","size":5,"dependencies":["me.umov.analyzer.domain.model.Action"]},{"type":"me.umov.analyzer.domain.ports.QueueProducer","size":5,"dependencies":["me.umov.analyzer.domain.model.SendMessage"]},{"type":"me.umov.analyzer.application.worker.IWorker","size":5,"dependencies":["me.umov.analyzer.domain.model.MessageAWS"]},{"type":"me.umov.analyzer.domain.repository.DefaultSystemSettingsRepository","size":5,"dependencies":["me.umov.analyzer.domain.model.DefaultSystemSettings"]},{"type":"me.umov.analyzer.domain.repository.ActionRuleRepository","size":5,"dependencies":["me.umov.analyzer.domain.model.ActionRuleModel"]},{"type":"me.umov.analyzer.domain.repository.HistoryRepository","size":5,"dependencies":["me.umov.analyzer.domain.model.History"]},{"type":"me.umov.analyzer.domain.validators.RuleValidation","size":4,"dependencies":[]},{"type":"me.umov.analyzer.infrastructure.converters.LocalDateTimeAttributeConverterTest","size":3,"dependencies":[]}]