{"name":"variants","children":[{"name":"me.umov.syncmedia","children":[{"name":"SyncMediaApplication","sloc":9,"wmc":1}]},{"name":"me.umov.syncmedia.anticorruption.media","children":[{"name":"FeedScheduleConverterImpl","sloc":19,"wmc":1},{"name":"ActivityHistoryMediaConverterImpl","sloc":24,"wmc":1},{"name":"MediaOwnerConverterImpl","sloc":39,"wmc":5}]},{"name":"me.umov.syncmedia.anticorruption.mediapart","children":[{"name":"MediaPartConverterImpl","sloc":16,"wmc":1},{"name":"TemporaryMediaConverterImpl","sloc":19,"wmc":1}]},{"name":"me.umov.syncmedia.infrastructure.configuration","children":[{"name":"MediaDbConfiguration","sloc":60,"wmc":5},{"name":"MasterDbConfiguration","sloc":64,"wmc":5}]},{"name":"me.umov.syncmedia.infrastructure.client","children":[{"name":"ClientDao","sloc":5,"wmc":1},{"name":"Client","sloc":16,"wmc":2}]},{"name":"me.umov.syncmedia.infrastructure.mediaviewer","children":[{"name":"MediaViewerDao","sloc":17,"wmc":1}]},{"name":"me.umov.syncmedia.infrastructure.activityhistory","children":[{"name":"ActivityHistory","sloc":27,"wmc":3},{"name":"ActivityHistoryDao","sloc":15,"wmc":2}]},{"name":"me.umov.syncmedia.infrastructure.feedschedule","children":[{"name":"FeedSchedule","sloc":53,"wmc":11},{"name":"FeedScheduleDao","sloc":10,"wmc":1}]},{"name":"me.umov.syncmedia.infrastructure.activityhistoryitem","children":[{"name":"ActivityHistoryItemDao","sloc":16,"wmc":2},{"name":"ActivityHistoryItem","sloc":33,"wmc":5}]},{"name":"me.umov.syncmedia.infrastructure.activityhistorymedia","children":[{"name":"ActivityHistoryMediaRepository","sloc":58,"wmc":8},{"name":"ActivityHistoryMediaConverter","sloc":6,"wmc":1},{"name":"TemporaryMediaPartsMerger","sloc":24,"wmc":3},{"name":"ActivityHistoryMedia","sloc":93,"wmc":21}]},{"name":"me.umov.syncmedia.infrastructure.activityhistorymedia.masterdb","children":[{"name":"MasterDbActivityHistoryMediaDao","sloc":12,"wmc":3}]},{"name":"me.umov.syncmedia.infrastructure.activityhistorymedia.mediadb","children":[{"name":"MediaDbActivityHistoryMediaDao","sloc":7,"wmc":1}]},{"name":"me.umov.syncmedia.infrastructure.agent","children":[{"name":"Agent","sloc":24,"wmc":4},{"name":"AgentDao","sloc":9,"wmc":2}]},{"name":"me.umov.syncmedia.infrastructure.temporarymedia","children":[{"name":"DataBaseMediaPartRepository","sloc":33,"wmc":5},{"name":"TemporaryMedia","sloc":61,"wmc":13},{"name":"TemporaryMediaConverter","sloc":5,"wmc":1},{"name":"TemporaryMediaDao","sloc":28,"wmc":6}]},{"name":"me.umov.syncmedia.domain.media","children":[{"name":"MediaAssemblerPort","sloc":4,"wmc":1},{"name":"MediaAssembledEvent","sloc":12,"wmc":2},{"name":"MediaMetadata","sloc":20,"wmc":4},{"name":"ActivityHistoryNotFoundException","sloc":6,"wmc":1},{"name":"MediaOwner","sloc":50,"wmc":12},{"name":"Media","sloc":46,"wmc":12},{"name":"MediaAssembler","sloc":31,"wmc":5},{"name":"MediaAlreadyExistException","sloc":6,"wmc":1},{"name":"EmptyMediaException","sloc":6,"wmc":1},{"name":"MediaRepository","sloc":6,"wmc":3}]},{"name":"me.umov.syncmedia.domain.mediapart","children":[{"name":"MediaPartManager","sloc":16,"wmc":1},{"name":"InconsistentMediaPartException","sloc":11,"wmc":2},{"name":"MediaPartManagerPort","sloc":4,"wmc":1},{"name":"TemporaryMediaPartCleaner","sloc":29,"wmc":6},{"name":"MediaPart","sloc":44,"wmc":11},{"name":"MediaPartRepository","sloc":8,"wmc":5},{"name":"MediaPartMetadata","sloc":25,"wmc":5},{"name":"MediaPartContent","sloc":43,"wmc":11}]},{"name":"me.umov.syncmedia.application.configuration","children":[{"name":"InterceptorConfig","sloc":19,"wmc":1}]},{"name":"me.umov.syncmedia.application.interceptor","children":[{"name":"AfterRequestCompletionInterceptor","sloc":17,"wmc":2}]},{"name":"me.umov.syncmedia.application.authentication","children":[{"name":"AuthenticationMode","sloc":7,"wmc":2},{"name":"UserData","sloc":21,"wmc":3},{"name":"UnauthorizedRequestException","sloc":7,"wmc":1},{"name":"AuthenticationService","sloc":28,"wmc":4},{"name":"AuthenticationByToken","sloc":21,"wmc":2},{"name":"AuthenticationInterceptor","sloc":26,"wmc":4},{"name":"AuthenticationByLogin","sloc":34,"wmc":3}]},{"name":"me.umov.syncmedia.application.version","children":[{"name":"VersionController","sloc":23,"wmc":3}]},{"name":"me.umov.syncmedia.application.eventlistener.mediaassembled","children":[{"name":"UpdateMediaViewerLinkAction","sloc":23,"wmc":2},{"name":"CreateFeedScheduleAction","sloc":26,"wmc":3},{"name":"UpdateIntegrationFlagAction","sloc":17,"wmc":1},{"name":"CleanTemporaryMediaAction","sloc":21,"wmc":2},{"name":"FeedScheduleConverter","sloc":6,"wmc":1}]},{"name":"me.umov.syncmedia.application.api.media","children":[{"name":"MediaAssemblerController","sloc":39,"wmc":3},{"name":"MediaOwnerConverter","sloc":5,"wmc":1},{"name":"MediaAssemblerRequest","sloc":72,"wmc":17}]},{"name":"me.umov.syncmedia.application.api.error","children":[{"name":"ErrorHandlerController","sloc":55,"wmc":6}]},{"name":"me.umov.syncmedia.application.api.response","children":[{"name":"GeneralResponse","sloc":54,"wmc":10}]},{"name":"me.umov.syncmedia.application.api.mediapart","children":[{"name":"MediaPartController","sloc":37,"wmc":2},{"name":"SaveMediaPartRequest","sloc":72,"wmc":17},{"name":"MediaPartConverter","sloc":5,"wmc":1}]}]}