{"nodes":[{"name":"me.umov.syncmedia.domain.media","label":"me.umov.syncmedia.domain.media","id":"me.umov.syncmedia.domain.media","size":11},{"name":"me.umov.syncmedia.domain.mediapart","label":"me.umov.syncmedia.domain.mediapart","id":"me.umov.syncmedia.domain.mediapart","size":8},{"name":"me.umov.syncmedia.application.authentication","label":"me.umov.syncmedia.application.authentication","id":"me.umov.syncmedia.application.authentication","size":8},{"name":"me.umov.syncmedia.application.eventlistener.mediaassembled","label":"me.umov.syncmedia.application.eventlistener.mediaassembled","id":"me.umov.syncmedia.application.eventlistener.mediaassembled","size":5},{"name":"me.umov.syncmedia.infrastructure.activityhistorymedia","label":"me.umov.syncmedia.infrastructure.activityhistorymedia","id":"me.umov.syncmedia.infrastructure.activityhistorymedia","size":4},{"name":"me.umov.syncmedia.infrastructure.temporarymedia","label":"me.umov.syncmedia.infrastructure.temporarymedia","id":"me.umov.syncmedia.infrastructure.temporarymedia","size":4},{"name":"me.umov.syncmedia.anticorruption.media","label":"me.umov.syncmedia.anticorruption.media","id":"me.umov.syncmedia.anticorruption.media","size":3},{"name":"me.umov.syncmedia.application.api.media","label":"me.umov.syncmedia.application.api.media","id":"me.umov.syncmedia.application.api.media","size":3},{"name":"me.umov.syncmedia.application.api.mediapart","label":"me.umov.syncmedia.application.api.mediapart","id":"me.umov.syncmedia.application.api.mediapart","size":3},{"name":"me.umov.syncmedia.anticorruption.mediapart","label":"me.umov.syncmedia.anticorruption.mediapart","id":"me.umov.syncmedia.anticorruption.mediapart","size":2},{"name":"me.umov.syncmedia.infrastructure.configuration","label":"me.umov.syncmedia.infrastructure.configuration","id":"me.umov.syncmedia.infrastructure.configuration","size":2},{"name":"me.umov.syncmedia.infrastructure.client","label":"me.umov.syncmedia.infrastructure.client","id":"me.umov.syncmedia.infrastructure.client","size":2},{"name":"me.umov.syncmedia.infrastructure.activityhistory","label":"me.umov.syncmedia.infrastructure.activityhistory","id":"me.umov.syncmedia.infrastructure.activityhistory","size":2},{"name":"me.umov.syncmedia.infrastructure.feedschedule","label":"me.umov.syncmedia.infrastructure.feedschedule","id":"me.umov.syncmedia.infrastructure.feedschedule","size":2},{"name":"me.umov.syncmedia.infrastructure.activityhistoryitem","label":"me.umov.syncmedia.infrastructure.activityhistoryitem","id":"me.umov.syncmedia.infrastructure.activityhistoryitem","size":2},{"name":"me.umov.syncmedia.infrastructure.agent","label":"me.umov.syncmedia.infrastructure.agent","id":"me.umov.syncmedia.infrastructure.agent","size":2},{"name":"me.umov.syncmedia","label":"me.umov.syncmedia","id":"me.umov.syncmedia","size":1},{"name":"me.umov.syncmedia.infrastructure.mediaviewer","label":"me.umov.syncmedia.infrastructure.mediaviewer","id":"me.umov.syncmedia.infrastructure.mediaviewer","size":1},{"name":"me.umov.syncmedia.infrastructure.activityhistorymedia.masterdb","label":"me.umov.syncmedia.infrastructure.activityhistorymedia.masterdb","id":"me.umov.syncmedia.infrastructure.activityhistorymedia.masterdb","size":1},{"name":"me.umov.syncmedia.infrastructure.activityhistorymedia.mediadb","label":"me.umov.syncmedia.infrastructure.activityhistorymedia.mediadb","id":"me.umov.syncmedia.infrastructure.activityhistorymedia.mediadb","size":1},{"name":"me.umov.syncmedia.application.configuration","label":"me.umov.syncmedia.application.configuration","id":"me.umov.syncmedia.application.configuration","size":1},{"name":"me.umov.syncmedia.application.interceptor","label":"me.umov.syncmedia.application.interceptor","id":"me.umov.syncmedia.application.interceptor","size":1},{"name":"me.umov.syncmedia.application.version","label":"me.umov.syncmedia.application.version","id":"me.umov.syncmedia.application.version","size":1},{"name":"me.umov.syncmedia.application.api.error","label":"me.umov.syncmedia.application.api.error","id":"me.umov.syncmedia.application.api.error","size":1},{"name":"me.umov.syncmedia.application.api.response","label":"me.umov.syncmedia.application.api.response","id":"me.umov.syncmedia.application.api.response","size":1}],"links":[{"source":"me.umov.syncmedia.application.authentication","target":"me.umov.syncmedia.infrastructure.agent"},{"source":"me.umov.syncmedia.application.authentication","target":"me.umov.syncmedia.infrastructure.client"},{"source":"me.umov.syncmedia.application.eventlistener.mediaassembled","target":"me.umov.syncmedia.domain.media"},{"source":"me.umov.syncmedia.application.eventlistener.mediaassembled","target":"me.umov.syncmedia.infrastructure.activityhistory"},{"source":"me.umov.syncmedia.application.eventlistener.mediaassembled","target":"me.umov.syncmedia.infrastructure.activityhistoryitem"},{"source":"me.umov.syncmedia.application.eventlistener.mediaassembled","target":"me.umov.syncmedia.infrastructure.feedschedule"},{"source":"me.umov.syncmedia.application.eventlistener.mediaassembled","target":"me.umov.syncmedia.infrastructure.mediaviewer"},{"source":"me.umov.syncmedia.application.eventlistener.mediaassembled","target":"me.umov.syncmedia.infrastructure.temporarymedia"},{"source":"me.umov.syncmedia.infrastructure.activityhistorymedia","target":"me.umov.syncmedia.domain.media"},{"source":"me.umov.syncmedia.infrastructure.activityhistorymedia","target":"me.umov.syncmedia.infrastructure.activityhistorymedia.masterdb"},{"source":"me.umov.syncmedia.infrastructure.activityhistorymedia","target":"me.umov.syncmedia.infrastructure.activityhistorymedia.mediadb"},{"source":"me.umov.syncmedia.infrastructure.activityhistorymedia","target":"me.umov.syncmedia.infrastructure.temporarymedia"},{"source":"me.umov.syncmedia.infrastructure.temporarymedia","target":"me.umov.syncmedia.domain.mediapart"},{"source":"me.umov.syncmedia.anticorruption.media","target":"me.umov.syncmedia.application.api.media"},{"source":"me.umov.syncmedia.anticorruption.media","target":"me.umov.syncmedia.application.authentication"},{"source":"me.umov.syncmedia.anticorruption.media","target":"me.umov.syncmedia.application.eventlistener.mediaassembled"},{"source":"me.umov.syncmedia.anticorruption.media","target":"me.umov.syncmedia.domain.media"},{"source":"me.umov.syncmedia.anticorruption.media","target":"me.umov.syncmedia.infrastructure.activityhistory"},{"source":"me.umov.syncmedia.anticorruption.media","target":"me.umov.syncmedia.infrastructure.activityhistoryitem"},{"source":"me.umov.syncmedia.anticorruption.media","target":"me.umov.syncmedia.infrastructure.activityhistorymedia"},{"source":"me.umov.syncmedia.anticorruption.media","target":"me.umov.syncmedia.infrastructure.feedschedule"},{"source":"me.umov.syncmedia.application.api.media","target":"me.umov.syncmedia.application.api.response"},{"source":"me.umov.syncmedia.application.api.media","target":"me.umov.syncmedia.domain.media"},{"source":"me.umov.syncmedia.application.api.mediapart","target":"me.umov.syncmedia.application.api.response"},{"source":"me.umov.syncmedia.application.api.mediapart","target":"me.umov.syncmedia.domain.mediapart"},{"source":"me.umov.syncmedia.anticorruption.mediapart","target":"me.umov.syncmedia.application.api.mediapart"},{"source":"me.umov.syncmedia.anticorruption.mediapart","target":"me.umov.syncmedia.domain.mediapart"},{"source":"me.umov.syncmedia.anticorruption.mediapart","target":"me.umov.syncmedia.infrastructure.temporarymedia"},{"source":"me.umov.syncmedia.infrastructure.mediaviewer","target":"me.umov.syncmedia.domain.media"},{"source":"me.umov.syncmedia.infrastructure.activityhistorymedia.masterdb","target":"me.umov.syncmedia.infrastructure.activityhistorymedia"},{"source":"me.umov.syncmedia.infrastructure.activityhistorymedia.mediadb","target":"me.umov.syncmedia.infrastructure.activityhistorymedia"},{"source":"me.umov.syncmedia.application.configuration","target":"me.umov.syncmedia.application.authentication"},{"source":"me.umov.syncmedia.application.configuration","target":"me.umov.syncmedia.application.interceptor"},{"source":"me.umov.syncmedia.application.api.error","target":"me.umov.syncmedia.application.api.response"},{"source":"me.umov.syncmedia.application.api.error","target":"me.umov.syncmedia.application.authentication"},{"source":"me.umov.syncmedia.application.api.error","target":"me.umov.syncmedia.domain.media"},{"source":"me.umov.syncmedia.application.api.error","target":"me.umov.syncmedia.domain.mediapart"}]}