[{"type":"me.umov.syncmedia.infrastructure.activityhistorymedia.ActivityHistoryMedia","size":93,"dependencies":[]},{"type":"me.umov.syncmedia.application.api.media.MediaAssemblerRequest","size":72,"dependencies":[]},{"type":"me.umov.syncmedia.application.api.mediapart.SaveMediaPartRequest","size":72,"dependencies":[]},{"type":"me.umov.syncmedia.infrastructure.configuration.MasterDbConfiguration","size":64,"dependencies":[]},{"type":"me.umov.syncmedia.infrastructure.temporarymedia.TemporaryMedia","size":61,"dependencies":[]},{"type":"me.umov.syncmedia.infrastructure.configuration.MediaDbConfiguration","size":60,"dependencies":[]},{"type":"me.umov.syncmedia.infrastructure.activityhistorymedia.ActivityHistoryMediaRepository","size":58,"dependencies":["me.umov.syncmedia.domain.media.MediaMetadata","me.umov.syncmedia.domain.media.MediaOwner","me.umov.syncmedia.domain.media.MediaRepository","me.umov.syncmedia.infrastructure.activityhistorymedia.masterdb.MasterDbActivityHistoryMediaDao","me.umov.syncmedia.infrastructure.activityhistorymedia.mediadb.MediaDbActivityHistoryMediaDao","me.umov.syncmedia.infrastructure.temporarymedia.TemporaryMedia","me.umov.syncmedia.infrastructure.temporarymedia.TemporaryMediaDao"]},{"type":"me.umov.syncmedia.application.api.error.ErrorHandlerController","size":55,"dependencies":["me.umov.syncmedia.application.api.response.GeneralResponse","me.umov.syncmedia.application.authentication.UnauthorizedRequestException","me.umov.syncmedia.domain.media.ActivityHistoryNotFoundException","me.umov.syncmedia.domain.media.EmptyMediaException","me.umov.syncmedia.domain.media.MediaAlreadyExistException","me.umov.syncmedia.domain.mediapart.InconsistentMediaPartException"]},{"type":"me.umov.syncmedia.application.api.response.GeneralResponse","size":54,"dependencies":[]},{"type":"me.umov.syncmedia.infrastructure.feedschedule.FeedSchedule","size":53,"dependencies":[]},{"type":"me.umov.syncmedia.domain.media.MediaOwner","size":50,"dependencies":[]},{"type":"me.umov.syncmedia.domain.media.Media","size":46,"dependencies":[]},{"type":"me.umov.syncmedia.domain.mediapart.MediaPart","size":44,"dependencies":[]},{"type":"me.umov.syncmedia.domain.mediapart.MediaPartContent","size":43,"dependencies":[]},{"type":"me.umov.syncmedia.anticorruption.media.MediaOwnerConverterImpl","size":39,"dependencies":["me.umov.syncmedia.application.api.media.MediaAssemblerRequest","me.umov.syncmedia.application.api.media.MediaOwnerConverter","me.umov.syncmedia.application.authentication.UserData","me.umov.syncmedia.domain.media.ActivityHistoryNotFoundException","me.umov.syncmedia.domain.media.MediaOwner","me.umov.syncmedia.infrastructure.activityhistory.ActivityHistory","me.umov.syncmedia.infrastructure.activityhistory.ActivityHistoryDao","me.umov.syncmedia.infrastructure.activityhistoryitem.ActivityHistoryItemDao"]},{"type":"me.umov.syncmedia.application.api.media.MediaAssemblerController","size":39,"dependencies":["me.umov.syncmedia.application.api.response.GeneralResponse"]},{"type":"me.umov.syncmedia.application.api.mediapart.MediaPartController","size":37,"dependencies":["me.umov.syncmedia.application.api.response.GeneralResponse","me.umov.syncmedia.domain.mediapart.MediaPart","me.umov.syncmedia.domain.mediapart.MediaPartManagerPort"]},{"type":"me.umov.syncmedia.application.authentication.AuthenticationByLogin","size":34,"dependencies":["me.umov.syncmedia.infrastructure.agent.Agent","me.umov.syncmedia.infrastructure.agent.AgentDao","me.umov.syncmedia.infrastructure.client.Client","me.umov.syncmedia.infrastructure.client.ClientDao"]},{"type":"me.umov.syncmedia.infrastructure.activityhistoryitem.ActivityHistoryItem","size":33,"dependencies":[]},{"type":"me.umov.syncmedia.infrastructure.temporarymedia.DataBaseMediaPartRepository","size":33,"dependencies":["me.umov.syncmedia.domain.mediapart.MediaPart","me.umov.syncmedia.domain.mediapart.MediaPartRepository"]},{"type":"me.umov.syncmedia.domain.media.MediaAssembler","size":31,"dependencies":[]},{"type":"me.umov.syncmedia.domain.mediapart.TemporaryMediaPartCleaner","size":29,"dependencies":[]},{"type":"me.umov.syncmedia.infrastructure.temporarymedia.TemporaryMediaDao","size":28,"dependencies":[]},{"type":"me.umov.syncmedia.application.authentication.AuthenticationService","size":28,"dependencies":["me.umov.syncmedia.infrastructure.agent.Agent"]},{"type":"me.umov.syncmedia.infrastructure.activityhistory.ActivityHistory","size":27,"dependencies":[]},{"type":"me.umov.syncmedia.application.authentication.AuthenticationInterceptor","size":26,"dependencies":[]},{"type":"me.umov.syncmedia.application.eventlistener.mediaassembled.CreateFeedScheduleAction","size":26,"dependencies":["me.umov.syncmedia.domain.media.Media","me.umov.syncmedia.domain.media.MediaAssembledEvent","me.umov.syncmedia.infrastructure.feedschedule.FeedSchedule","me.umov.syncmedia.infrastructure.feedschedule.FeedScheduleDao"]},{"type":"me.umov.syncmedia.domain.mediapart.MediaPartMetadata","size":25,"dependencies":[]},{"type":"me.umov.syncmedia.infrastructure.agent.Agent","size":24,"dependencies":[]},{"type":"me.umov.syncmedia.infrastructure.activityhistorymedia.TemporaryMediaPartsMerger","size":24,"dependencies":["me.umov.syncmedia.infrastructure.temporarymedia.TemporaryMedia"]},{"type":"me.umov.syncmedia.anticorruption.media.ActivityHistoryMediaConverterImpl","size":24,"dependencies":["me.umov.syncmedia.domain.media.MediaMetadata","me.umov.syncmedia.domain.media.MediaOwner","me.umov.syncmedia.infrastructure.activityhistorymedia.ActivityHistoryMedia","me.umov.syncmedia.infrastructure.activityhistorymedia.ActivityHistoryMediaConverter"]},{"type":"me.umov.syncmedia.application.version.VersionController","size":23,"dependencies":[]},{"type":"me.umov.syncmedia.application.eventlistener.mediaassembled.UpdateMediaViewerLinkAction","size":23,"dependencies":["me.umov.syncmedia.domain.media.Media","me.umov.syncmedia.domain.media.MediaAssembledEvent","me.umov.syncmedia.infrastructure.activityhistoryitem.ActivityHistoryItemDao","me.umov.syncmedia.infrastructure.mediaviewer.MediaViewerDao"]},{"type":"me.umov.syncmedia.application.authentication.UserData","size":21,"dependencies":[]},{"type":"me.umov.syncmedia.application.authentication.AuthenticationByToken","size":21,"dependencies":["me.umov.syncmedia.infrastructure.agent.Agent","me.umov.syncmedia.infrastructure.agent.AgentDao"]},{"type":"me.umov.syncmedia.application.eventlistener.mediaassembled.CleanTemporaryMediaAction","size":21,"dependencies":["me.umov.syncmedia.domain.media.Media","me.umov.syncmedia.domain.media.MediaAssembledEvent","me.umov.syncmedia.infrastructure.temporarymedia.TemporaryMediaDao"]},{"type":"me.umov.syncmedia.domain.media.MediaMetadata","size":20,"dependencies":[]},{"type":"me.umov.syncmedia.anticorruption.media.FeedScheduleConverterImpl","size":19,"dependencies":["me.umov.syncmedia.application.eventlistener.mediaassembled.FeedScheduleConverter","me.umov.syncmedia.domain.media.Media","me.umov.syncmedia.infrastructure.feedschedule.FeedSchedule"]},{"type":"me.umov.syncmedia.anticorruption.mediapart.TemporaryMediaConverterImpl","size":19,"dependencies":["me.umov.syncmedia.domain.mediapart.MediaPart","me.umov.syncmedia.infrastructure.temporarymedia.TemporaryMedia","me.umov.syncmedia.infrastructure.temporarymedia.TemporaryMediaConverter"]},{"type":"me.umov.syncmedia.application.configuration.InterceptorConfig","size":19,"dependencies":["me.umov.syncmedia.application.authentication.AuthenticationInterceptor","me.umov.syncmedia.application.interceptor.AfterRequestCompletionInterceptor"]},{"type":"me.umov.syncmedia.application.interceptor.AfterRequestCompletionInterceptor","size":17,"dependencies":[]},{"type":"me.umov.syncmedia.infrastructure.mediaviewer.MediaViewerDao","size":17,"dependencies":["me.umov.syncmedia.domain.media.Media"]},{"type":"me.umov.syncmedia.application.eventlistener.mediaassembled.UpdateIntegrationFlagAction","size":17,"dependencies":["me.umov.syncmedia.domain.media.Media","me.umov.syncmedia.domain.media.MediaAssembledEvent","me.umov.syncmedia.infrastructure.activityhistory.ActivityHistoryDao"]},{"type":"me.umov.syncmedia.infrastructure.client.Client","size":16,"dependencies":[]},{"type":"me.umov.syncmedia.infrastructure.activityhistoryitem.ActivityHistoryItemDao","size":16,"dependencies":[]},{"type":"me.umov.syncmedia.anticorruption.mediapart.MediaPartConverterImpl","size":16,"dependencies":["me.umov.syncmedia.application.api.mediapart.MediaPartConverter","me.umov.syncmedia.application.api.mediapart.SaveMediaPartRequest","me.umov.syncmedia.domain.mediapart.MediaPart","me.umov.syncmedia.domain.mediapart.MediaPartContent","me.umov.syncmedia.domain.mediapart.MediaPartMetadata"]},{"type":"me.umov.syncmedia.domain.mediapart.MediaPartManager","size":16,"dependencies":[]},{"type":"me.umov.syncmedia.infrastructure.activityhistory.ActivityHistoryDao","size":15,"dependencies":[]},{"type":"me.umov.syncmedia.infrastructure.activityhistorymedia.masterdb.MasterDbActivityHistoryMediaDao","size":12,"dependencies":["me.umov.syncmedia.infrastructure.activityhistorymedia.ActivityHistoryMedia"]},{"type":"me.umov.syncmedia.domain.media.MediaAssembledEvent","size":12,"dependencies":[]},{"type":"me.umov.syncmedia.domain.mediapart.InconsistentMediaPartException","size":11,"dependencies":[]},{"type":"me.umov.syncmedia.infrastructure.feedschedule.FeedScheduleDao","size":10,"dependencies":[]},{"type":"me.umov.syncmedia.infrastructure.agent.AgentDao","size":9,"dependencies":[]},{"type":"me.umov.syncmedia.SyncMediaApplication","size":9,"dependencies":[]},{"type":"me.umov.syncmedia.domain.mediapart.MediaPartRepository","size":8,"dependencies":[]},{"type":"me.umov.syncmedia.application.authentication.AuthenticationMode","size":7,"dependencies":["me.umov.syncmedia.infrastructure.agent.Agent"]},{"type":"me.umov.syncmedia.application.authentication.UnauthorizedRequestException","size":7,"dependencies":[]},{"type":"me.umov.syncmedia.infrastructure.activityhistorymedia.mediadb.MediaDbActivityHistoryMediaDao","size":7,"dependencies":["me.umov.syncmedia.infrastructure.activityhistorymedia.ActivityHistoryMedia"]},{"type":"me.umov.syncmedia.domain.media.MediaRepository","size":6,"dependencies":[]},{"type":"me.umov.syncmedia.infrastructure.activityhistorymedia.ActivityHistoryMediaConverter","size":6,"dependencies":["me.umov.syncmedia.domain.media.MediaMetadata","me.umov.syncmedia.domain.media.MediaOwner"]},{"type":"me.umov.syncmedia.domain.media.ActivityHistoryNotFoundException","size":6,"dependencies":[]},{"type":"me.umov.syncmedia.domain.media.MediaAlreadyExistException","size":6,"dependencies":[]},{"type":"me.umov.syncmedia.domain.media.EmptyMediaException","size":6,"dependencies":[]},{"type":"me.umov.syncmedia.application.eventlistener.mediaassembled.FeedScheduleConverter","size":6,"dependencies":["me.umov.syncmedia.domain.media.Media","me.umov.syncmedia.infrastructure.feedschedule.FeedSchedule"]},{"type":"me.umov.syncmedia.infrastructure.client.ClientDao","size":5,"dependencies":[]},{"type":"me.umov.syncmedia.infrastructure.temporarymedia.TemporaryMediaConverter","size":5,"dependencies":["me.umov.syncmedia.domain.mediapart.MediaPart"]},{"type":"me.umov.syncmedia.application.api.media.MediaOwnerConverter","size":5,"dependencies":["me.umov.syncmedia.domain.media.MediaOwner"]},{"type":"me.umov.syncmedia.application.api.mediapart.MediaPartConverter","size":5,"dependencies":["me.umov.syncmedia.domain.mediapart.MediaPart"]},{"type":"me.umov.syncmedia.domain.media.MediaAssemblerPort","size":4,"dependencies":[]},{"type":"me.umov.syncmedia.domain.mediapart.MediaPartManagerPort","size":4,"dependencies":[]}]