{"name":"variants","children":[{"name":"me.umov.jaiminho.architecture","children":[{"name":"GeneralTest","sloc":26,"wmc":1},{"name":"InfrastructureTest","sloc":28,"wmc":1},{"name":"AnticorruptionTest","sloc":22,"wmc":1},{"name":"DomainTest","sloc":43,"wmc":1},{"name":"ApplicationTest","sloc":31,"wmc":1},{"name":"IgnoreTests","sloc":9,"wmc":1}]},{"name":"me.umov.jaiminho.anticorruption.xstreamadapter.core.mapping","children":[{"name":"TaskMapperTest","sloc":42,"wmc":4},{"name":"HistoryMapperTest","sloc":62,"wmc":5},{"name":"FactoryAttributeMapperTest","sloc":71,"wmc":8},{"name":"ClientFixture","sloc":15,"wmc":3},{"name":"AgentMapperTest","sloc":57,"wmc":5},{"name":"ServiceLocalMapperTest","sloc":77,"wmc":5},{"name":"SolveAttributeServiceTest","sloc":79,"wmc":3},{"name":"ServiceLocalMapper","sloc":22,"wmc":4},{"name":"HistoryItemMapper","sloc":22,"wmc":3},{"name":"FactoryAttributeMapper","sloc":29,"wmc":6},{"name":"AgentMapper","sloc":22,"wmc":4},{"name":"TaskMapper","sloc":19,"wmc":3},{"name":"HistoryMapper","sloc":24,"wmc":5},{"name":"EntityMapper","sloc":56,"wmc":16},{"name":"SolveAttributeService","sloc":60,"wmc":12},{"name":"AttributeMapper","sloc":29,"wmc":6}]},{"name":"me.umov.jaiminho.anticorruption.xstreamadapter.core","children":[{"name":"MailOrSMSTranslatorMessageTest","sloc":53,"wmc":2},{"name":"CallbackTranslatorMessageTest","sloc":70,"wmc":3},{"name":"CallbackTranslatorMessage","sloc":23,"wmc":1},{"name":"MailOrSMSTranslatorMessage","sloc":34,"wmc":3}]},{"name":"me.umov.jaiminho.anticorruption.xstreamadapter.core.replace","children":[{"name":"ReplacementActivityLinkTest","sloc":44,"wmc":2},{"name":"ReplacementEntityTest","sloc":99,"wmc":7},{"name":"ReplacementAgentLinkTest","sloc":67,"wmc":4},{"name":"ReplacementReportLinkTest","sloc":67,"wmc":4},{"name":"ReplacementGroupTest","sloc":57,"wmc":4},{"name":"ReplacementTaskTest","sloc":52,"wmc":3},{"name":"ReplacementCustomFieldTest","sloc":78,"wmc":6},{"name":"ReplacementTask","sloc":29,"wmc":5},{"name":"ReplacementActivityLink","sloc":18,"wmc":2},{"name":"ReplacementMessage","sloc":18,"wmc":5},{"name":"ReplacementGroup","sloc":14,"wmc":2},{"name":"ReplacementCustomField","sloc":40,"wmc":11},{"name":"ReplacementHistoryLink","sloc":33,"wmc":7},{"name":"ReplacementEntity","sloc":63,"wmc":16},{"name":"ReplacementAgentLink","sloc":15,"wmc":2},{"name":"ReplacementReportLink","sloc":14,"wmc":2}]},{"name":"me.umov.jaiminho.anticorruption.xstreamadapter.core.service","children":[{"name":"XStreamServiceTest","sloc":119,"wmc":12},{"name":"XStreamService","sloc":41,"wmc":4},{"name":"UrlShortenerAdapter","sloc":20,"wmc":2}]},{"name":"me.umov.jaiminho.anticorruption.xstreamadapter.core.model","children":[{"name":"AttributeTest","sloc":27,"wmc":4},{"name":"MessageRequest","sloc":162,"wmc":51},{"name":"HttpCredentials","sloc":60,"wmc":16},{"name":"Attribute","sloc":65,"wmc":19},{"name":"Recipients","sloc":94,"wmc":29},{"name":"GeneralSettings","sloc":24,"wmc":6},{"name":"CallbackProtocol","sloc":14,"wmc":3},{"name":"CallbackParameters","sloc":23,"wmc":6}]},{"name":"me.umov.jaiminho.anticorruption.xstreamadapter.facade","children":[{"name":"TranslatorFactoryTest","sloc":44,"wmc":4},{"name":"TranslatorFactory","sloc":20,"wmc":2},{"name":"NotificationTranslatorFactory","sloc":5,"wmc":1},{"name":"TranslatorMessage","sloc":6,"wmc":1}]},{"name":"me.umov.jaiminho.anticorruption.aws","children":[{"name":"DataStreamToNotificationConverterTest","sloc":71,"wmc":2},{"name":"AWSFactoryTest","sloc":39,"wmc":4},{"name":"SQSMessageToNotificationConverterTest","sloc":92,"wmc":5},{"name":"SQSMessageToNotificationConverter","sloc":100,"wmc":11},{"name":"DataStreamToNotificationConverter","sloc":56,"wmc":9},{"name":"AWSFactory","sloc":21,"wmc":3}]},{"name":"me.umov.jaiminho.fixture","children":[{"name":"ActionFixture","sloc":19,"wmc":4},{"name":"ActionRuleFixture","sloc":20,"wmc":4},{"name":"AttributeFixture","sloc":23,"wmc":5},{"name":"RecipientsFixture","sloc":20,"wmc":4},{"name":"HistoryItemFixture","sloc":19,"wmc":4},{"name":"RuleFixture","sloc":38,"wmc":8},{"name":"HistoryFixture","sloc":19,"wmc":4},{"name":"MailRequestFixture","sloc":41,"wmc":8},{"name":"AgentFixture","sloc":25,"wmc":5},{"name":"SimpleMailMessageFixture","sloc":11,"wmc":2},{"name":"CallbackParametersFixture","sloc":19,"wmc":4},{"name":"ServiceLocalFixture","sloc":25,"wmc":5},{"name":"TaskFixture","sloc":38,"wmc":8},{"name":"CustomFieldValueFixture","sloc":15,"wmc":3},{"name":"MessageRequestFixture","sloc":34,"wmc":7},{"name":"CallbackCredentialsFixture","sloc":20,"wmc":4},{"name":"SMSFixture","sloc":31,"wmc":7},{"name":"NotificationMessageFixture","sloc":24,"wmc":4}]},{"name":"me.umov.jaiminho.infrastructure.configuration","children":[{"name":"NotificationBlacklistConfigurationTest","sloc":10,"wmc":1},{"name":"MailSenderConfigurationTest","sloc":20,"wmc":2},{"name":"MailSenderConfiguration","sloc":43,"wmc":3},{"name":"NotificationBlacklistConfiguration","sloc":15,"wmc":1},{"name":"RestConfiguration","sloc":27,"wmc":5},{"name":"AmazonSQSConfiguration","sloc":59,"wmc":7},{"name":"JwtConfiguration","sloc":15,"wmc":1}]},{"name":"me.umov.jaiminho.infrastructure.http","children":[{"name":"HttpServiceTest","sloc":109,"wmc":7},{"name":"HttpService","sloc":100,"wmc":17}]},{"name":"me.umov.jaiminho.infrastructure.email","children":[{"name":"MailServiceTest","sloc":41,"wmc":2},{"name":"AwsSesMailAdapterTest","sloc":55,"wmc":4},{"name":"AwsSesMailByHtmlAdapterTest","sloc":40,"wmc":2},{"name":"MailSenderFactoryTest","sloc":30,"wmc":3},{"name":"MailAdapter","sloc":49,"wmc":9},{"name":"AwsSesMailByHtmlAdapter","sloc":33,"wmc":3},{"name":"MailService","sloc":26,"wmc":2},{"name":"AwsSesMailAdapter","sloc":25,"wmc":3},{"name":"MailSenderFactory","sloc":19,"wmc":2}]},{"name":"me.umov.jaiminho.infrastructure.producer.aws","children":[{"name":"SendMessageTest","sloc":23,"wmc":2},{"name":"ProducerAWSBuilderTest","sloc":48,"wmc":5},{"name":"ProducerServiceTest","sloc":61,"wmc":4},{"name":"MessageSQS","sloc":6,"wmc":2},{"name":"ProducerService","sloc":27,"wmc":4},{"name":"SendMessage","sloc":33,"wmc":9},{"name":"ProducerAWSBuilder","sloc":39,"wmc":7},{"name":"SendMessageRequestService","sloc":29,"wmc":4}]},{"name":"me.umov.jaiminho.infrastructure.sms","children":[{"name":"SMSAdapterTest","sloc":46,"wmc":2},{"name":"SMSAdapter","sloc":54,"wmc":5}]},{"name":"me.umov.jaiminho.infrastructure.business","children":[{"name":"BusinessAdapterTest","sloc":52,"wmc":3},{"name":"JwtServiceTest","sloc":29,"wmc":2},{"name":"RequestBuilder","sloc":10,"wmc":1},{"name":"JwtService","sloc":40,"wmc":5},{"name":"BusinessAdapter","sloc":57,"wmc":5}]},{"name":"me.umov.jaiminho.infrastructure.dao","children":[{"name":"NotificationDAOTest","sloc":36,"wmc":2},{"name":"LogDaoTest","sloc":85,"wmc":6},{"name":"CustomFieldValueDao","sloc":17,"wmc":1},{"name":"SMSRepository","sloc":5,"wmc":1},{"name":"SMSDao","sloc":6,"wmc":2},{"name":"LocalDateTimeAttributeConverter","sloc":16,"wmc":4},{"name":"LogDao","sloc":70,"wmc":11},{"name":"HistoryItemDao","sloc":7,"wmc":1},{"name":"HistoryDao","sloc":5,"wmc":1},{"name":"PersinstenceHistory","sloc":4,"wmc":1},{"name":"ActionRuleRepository","sloc":7,"wmc":1},{"name":"HistoryRepository","sloc":6,"wmc":2},{"name":"RuleLogDao","sloc":7,"wmc":1},{"name":"SystemParameterDao","sloc":6,"wmc":1},{"name":"HistoryImplDAO","sloc":17,"wmc":2},{"name":"SMSImplDao","sloc":23,"wmc":3},{"name":"PlataformEventDao","sloc":31,"wmc":2},{"name":"TaskDao","sloc":14,"wmc":3},{"name":"NotificationDAO","sloc":29,"wmc":3}]},{"name":"me.umov.jaiminho.infrastructure.dao.entity","children":[{"name":"RuleTest","sloc":38,"wmc":6},{"name":"SystemParameter","sloc":36,"wmc":6},{"name":"Task","sloc":140,"wmc":33},{"name":"HistoryItem","sloc":56,"wmc":12},{"name":"ActionRule","sloc":106,"wmc":25},{"name":"Agent","sloc":81,"wmc":19},{"name":"UsesCustomField","sloc":6,"wmc":3},{"name":"SMS","sloc":56,"wmc":12},{"name":"CustomFieldValue","sloc":40,"wmc":8},{"name":"Action","sloc":36,"wmc":7},{"name":"History","sloc":81,"wmc":21},{"name":"RuleLog","sloc":63,"wmc":12},{"name":"Rule","sloc":68,"wmc":15},{"name":"ServiceLocal","sloc":82,"wmc":19},{"name":"Client","sloc":24,"wmc":4}]},{"name":"me.umov.jaiminho.domain","children":[{"name":"JaiminhoBuilderTest","sloc":63,"wmc":5},{"name":"EmailTest","sloc":36,"wmc":2},{"name":"SenderTest","sloc":63,"wmc":4},{"name":"CallbackTest","sloc":47,"wmc":2},{"name":"SMSTest","sloc":40,"wmc":2},{"name":"Email","sloc":23,"wmc":1},{"name":"Callback","sloc":21,"wmc":1},{"name":"SMS","sloc":20,"wmc":1},{"name":"Sender","sloc":44,"wmc":8},{"name":"JaiminhoBuilder","sloc":37,"wmc":4},{"name":"Deliverable","sloc":5,"wmc":1}]},{"name":"me.umov.jaiminho.domain.event.trigger","children":[{"name":"SendExecutedTest","sloc":66,"wmc":8},{"name":"NotificationSent","sloc":10,"wmc":6},{"name":"HistoryProcessedInError","sloc":29,"wmc":5},{"name":"NotificationHasBeenReprocessed","sloc":30,"wmc":5},{"name":"FatalError","sloc":4,"wmc":1},{"name":"NotificationNotPerformed","sloc":20,"wmc":4},{"name":"DomainEvent","sloc":6,"wmc":3},{"name":"SendExecuted","sloc":84,"wmc":21},{"name":"Log","sloc":5,"wmc":1},{"name":"NotificationWasPerformed","sloc":5,"wmc":1}]},{"name":"me.umov.jaiminho.domain.event","children":[{"name":"DomainEventRegistryTest","sloc":46,"wmc":4},{"name":"DomainEventRegistry","sloc":30,"wmc":9}]},{"name":"me.umov.jaiminho.domain.validators.rules","children":[{"name":"EmailFormatRuleValidationTest","sloc":88,"wmc":13},{"name":"PhoneLengthRuleValidationTest","sloc":29,"wmc":3},{"name":"ShouldSendEmailValidationTest","sloc":29,"wmc":3},{"name":"SmsTextLengthRuleValidationTest","sloc":32,"wmc":4},{"name":"SubjectRuleValidationTest","sloc":29,"wmc":3},{"name":"SubjectRuleValidation","sloc":13,"wmc":3},{"name":"SmsTextLengthRuleValidation","sloc":14,"wmc":2},{"name":"ShouldSendEmailValidation","sloc":14,"wmc":2},{"name":"PhoneLengthRuleValidation","sloc":14,"wmc":2},{"name":"EmailFormatRuleValidation","sloc":36,"wmc":8}]},{"name":"me.umov.jaiminho.domain.validators","children":[{"name":"SmsValidatorTest","sloc":29,"wmc":2},{"name":"MailValidatorTest","sloc":33,"wmc":2},{"name":"SmsValidator","sloc":18,"wmc":1},{"name":"BusinessValidator","sloc":10,"wmc":3},{"name":"MessageRequestValidator","sloc":30,"wmc":10},{"name":"MailValidator","sloc":21,"wmc":1},{"name":"RuleValidation","sloc":4,"wmc":1}]},{"name":"me.umov.jaiminho.domain.model","children":[{"name":"AttemptsTest","sloc":68,"wmc":9},{"name":"RecipientTest","sloc":22,"wmc":3},{"name":"ResponseNotificationTest","sloc":49,"wmc":6},{"name":"NotificationTest","sloc":128,"wmc":13},{"name":"MessageTest","sloc":16,"wmc":2},{"name":"ConfigurationTest","sloc":128,"wmc":20},{"name":"ServiceStatus","sloc":30,"wmc":7},{"name":"ResponseNotification","sloc":71,"wmc":17},{"name":"Configuration","sloc":80,"wmc":25},{"name":"Source","sloc":16,"wmc":3},{"name":"Attempts","sloc":74,"wmc":19},{"name":"MultipleFactorAuthentication","sloc":16,"wmc":4},{"name":"TaskResult","sloc":14,"wmc":1},{"name":"Message","sloc":116,"wmc":32},{"name":"Request","sloc":106,"wmc":28},{"name":"Identity","sloc":46,"wmc":13},{"name":"Body","sloc":31,"wmc":9},{"name":"Recipient","sloc":44,"wmc":10},{"name":"Notification","sloc":255,"wmc":76}]},{"name":"me.umov.jaiminho.application.observer","children":[{"name":"LogGeneratorTest","sloc":56,"wmc":7},{"name":"ReprocessNotificationSQSTest","sloc":64,"wmc":6},{"name":"CleanNotificationDocumentTest","sloc":60,"wmc":6},{"name":"UpdateHistoryTest","sloc":71,"wmc":6},{"name":"LogGenerator","sloc":36,"wmc":4},{"name":"UpdateHistory","sloc":42,"wmc":4},{"name":"ReprocessNotificationSQS","sloc":41,"wmc":5},{"name":"NotificationExecutedSQS","sloc":31,"wmc":4},{"name":"CleanNotificationDocument","sloc":24,"wmc":4}]},{"name":"me.umov.jaiminho.application.event","children":[{"name":"DataStreamWasProcessedTest","sloc":42,"wmc":5},{"name":"WorkerExecutedWithError","sloc":64,"wmc":13},{"name":"DataStreamWasProcessed","sloc":27,"wmc":7},{"name":"ApplicationEventRegistry","sloc":22,"wmc":6}]},{"name":"me.umov.jaiminho.application.dto","children":[{"name":"EventMessageTest","sloc":37,"wmc":4},{"name":"ResultDTO","sloc":16,"wmc":3},{"name":"EventMessage","sloc":83,"wmc":26},{"name":"ReprocessExecuted","sloc":24,"wmc":4},{"name":"EntityDTO","sloc":7,"wmc":1},{"name":"StatusMessage","sloc":16,"wmc":3}]},{"name":"me.umov.jaiminho.application.sqs","children":[{"name":"AWSConsumerTest","sloc":62,"wmc":5},{"name":"AWSConsumer","sloc":34,"wmc":4},{"name":"FactoryConverters","sloc":5,"wmc":1},{"name":"ConverterMessageToNotification","sloc":6,"wmc":1}]},{"name":"me.umov.jaiminho.application.sqs.service","children":[{"name":"WorkerTest","sloc":80,"wmc":5},{"name":"DataStreamServiceTest","sloc":103,"wmc":8},{"name":"DataStreamService","sloc":110,"wmc":22},{"name":"LimitException","sloc":7,"wmc":1},{"name":"GroupResponse","sloc":33,"wmc":8},{"name":"Worker","sloc":62,"wmc":5}]},{"name":"me.umov.jaiminho.anticorruption.xstreamadapter.core.converters","children":[{"name":"CallbackParameterConverter","sloc":35,"wmc":6},{"name":"MessageRequestConverter","sloc":56,"wmc":11},{"name":"GeneralSettingsConverter","sloc":17,"wmc":3},{"name":"IgnoreTaskTypeConverter","sloc":33,"wmc":6},{"name":"AttributeConverter","sloc":58,"wmc":16}]},{"name":"me.umov.jaiminho.infrastructure.configuration.mongo","children":[{"name":"NotificationMongoConfig","sloc":7,"wmc":1},{"name":"MongoConfig","sloc":50,"wmc":6},{"name":"SentinelMongoConfig","sloc":7,"wmc":1},{"name":"MultipleMongoProperties","sloc":16,"wmc":2}]},{"name":"me.umov.jaiminho.infrastructure.gson","children":[{"name":"GsonWrapper","sloc":12,"wmc":1}]},{"name":"me.umov.jaiminho.infrastructure.util","children":[{"name":"EncoderURLService","sloc":23,"wmc":3}]},{"name":"me.umov.jaiminho.infrastructure.http.authentication.factor","children":[{"name":"FactorAuthentication","sloc":6,"wmc":1},{"name":"XCSRFAuthenticationImpl","sloc":33,"wmc":1}]},{"name":"me.umov.jaiminho.infrastructure.http.authentication","children":[{"name":"FactorAuthenticationService","sloc":22,"wmc":3},{"name":"MFAFactory","sloc":18,"wmc":2}]},{"name":"me.umov.jaiminho.infrastructure.http.authentication.exception","children":[{"name":"FactorAuthenticationNotDefinedException","sloc":6,"wmc":1}]},{"name":"me.umov.jaiminho.infrastructure.producer","children":[{"name":"ProducerQueue","sloc":4,"wmc":1},{"name":"ProducerQueueBuilder","sloc":7,"wmc":2}]},{"name":"me.umov.jaiminho.infrastructure.dao.sentinel","children":[{"name":"MessageLogRepository","sloc":9,"wmc":1}]},{"name":"me.umov.jaiminho.infrastructure.dao.document","children":[{"name":"PlataformEvent","sloc":131,"wmc":45},{"name":"Source","sloc":28,"wmc":7},{"name":"MessageLog","sloc":28,"wmc":6},{"name":"EventState","sloc":21,"wmc":1},{"name":"Content","sloc":109,"wmc":34},{"name":"Header","sloc":36,"wmc":8},{"name":"Recipients","sloc":36,"wmc":14},{"name":"Credentials","sloc":19,"wmc":4}]},{"name":"me.umov.jaiminho.infrastructure.dao.notification","children":[{"name":"PlataformEventRepository","sloc":10,"wmc":2}]},{"name":"me.umov.jaiminho.infrastructure.dao.dto","children":[{"name":"NotificationMessageDTO","sloc":35,"wmc":8}]},{"name":"me.umov.jaiminho.domain.ports","children":[{"name":"IHttp","sloc":7,"wmc":2},{"name":"IMailService","sloc":5,"wmc":1},{"name":"IMailSender","sloc":4,"wmc":1},{"name":"ApplicationListener","sloc":5,"wmc":2},{"name":"NotificationRepository","sloc":5,"wmc":1},{"name":"EventRegistry","sloc":4,"wmc":1},{"name":"IRequest","sloc":15,"wmc":9},{"name":"ISms","sloc":6,"wmc":1},{"name":"ICredentials","sloc":12,"wmc":6},{"name":"Reprocess","sloc":7,"wmc":3},{"name":"IFactorAuthentication","sloc":5,"wmc":1},{"name":"Jaiminho","sloc":5,"wmc":1}]},{"name":"me.umov.jaiminho.domain.exception","children":[{"name":"IdempotencyException","sloc":32,"wmc":8},{"name":"JaiminhoBusinessException","sloc":10,"wmc":2},{"name":"MailValidationException","sloc":6,"wmc":1},{"name":"BlacklistValidationException","sloc":6,"wmc":1}]},{"name":"me.umov.jaiminho.application.controller","children":[{"name":"MailController","sloc":39,"wmc":2},{"name":"ReprocessController","sloc":61,"wmc":9},{"name":"PlataformEventController","sloc":43,"wmc":2},{"name":"VersionController","sloc":18,"wmc":2}]},{"name":"me.umov.jaiminho","children":[{"name":"JaiminhoApplication","sloc":16,"wmc":1}]}]}