"type","sloc","nom","npm","wmc","dep","i-dep","fan-in","fan-out","noa"
"me.umov.jaiminho.domain.model.Notification",255,55,44,76,5,1,38,3,13
"me.umov.jaiminho.anticorruption.xstreamadapter.core.model.MessageRequest",162,38,35,51,4,1,22,5,8
"me.umov.jaiminho.infrastructure.dao.entity.Task",140,28,28,33,9,0,20,2,12
"me.umov.jaiminho.infrastructure.dao.document.PlataformEvent",131,29,26,45,3,0,7,2,4
"me.umov.jaiminho.domain.model.ConfigurationTest",128,20,20,20,12,0,0,1,1
"me.umov.jaiminho.domain.model.NotificationTest",128,13,13,13,11,1,0,4,8
"me.umov.jaiminho.anticorruption.xstreamadapter.core.service.XStreamServiceTest",119,12,12,12,14,3,0,4,1
"me.umov.jaiminho.domain.model.Message",116,28,22,32,2,0,32,2,7
"me.umov.jaiminho.application.sqs.service.DataStreamService",110,8,2,22,15,7,2,10,8
"me.umov.jaiminho.infrastructure.dao.document.Content",109,27,24,34,2,0,1,2,9
"me.umov.jaiminho.infrastructure.http.HttpServiceTest",109,7,7,7,22,2,0,2,5
"me.umov.jaiminho.infrastructure.dao.entity.ActionRule",106,23,23,25,8,1,12,2,9
"me.umov.jaiminho.domain.model.Request",106,17,11,28,5,2,3,4,7
"me.umov.jaiminho.application.sqs.service.DataStreamServiceTest",103,7,6,8,19,6,0,7,6
"me.umov.jaiminho.infrastructure.http.HttpService",100,10,3,17,19,4,2,8,5
"me.umov.jaiminho.anticorruption.aws.SQSMessageToNotificationConverter",100,8,1,11,28,19,0,23,6
"me.umov.jaiminho.anticorruption.xstreamadapter.core.replace.ReplacementEntityTest",99,7,7,7,13,3,0,3,2
"me.umov.jaiminho.anticorruption.xstreamadapter.core.model.Recipients",94,17,11,29,3,0,9,2,2
"me.umov.jaiminho.anticorruption.aws.SQSMessageToNotificationConverterTest",92,5,4,5,25,12,0,13,10
"me.umov.jaiminho.domain.validators.rules.EmailFormatRuleValidationTest",88,13,13,13,8,2,0,2,2
"me.umov.jaiminho.infrastructure.dao.LogDaoTest",85,6,6,6,22,7,0,7,7
"me.umov.jaiminho.domain.event.trigger.SendExecuted",84,18,16,21,5,1,19,5,2
"me.umov.jaiminho.application.dto.EventMessage",83,21,19,26,4,1,22,4,4
"me.umov.jaiminho.infrastructure.dao.entity.ServiceLocal",82,16,16,19,4,0,4,3,8
"me.umov.jaiminho.infrastructure.dao.entity.History",81,18,18,21,3,0,12,2,7
"me.umov.jaiminho.infrastructure.dao.entity.Agent",81,16,16,19,4,0,4,3,8
"me.umov.jaiminho.domain.model.Configuration",80,16,13,25,2,0,21,1,7
"me.umov.jaiminho.application.sqs.service.WorkerTest",80,5,5,5,20,9,0,9,9
"me.umov.jaiminho.anticorruption.xstreamadapter.core.mapping.SolveAttributeServiceTest",79,3,3,3,18,8,0,8,3
"me.umov.jaiminho.anticorruption.xstreamadapter.core.replace.ReplacementCustomFieldTest",78,6,6,6,13,4,0,4,2
"me.umov.jaiminho.anticorruption.xstreamadapter.core.mapping.ServiceLocalMapperTest",77,5,5,5,20,12,0,12,3
"me.umov.jaiminho.domain.model.Attempts",74,14,13,19,4,0,16,4,4
"me.umov.jaiminho.domain.model.ResponseNotification",71,12,7,17,4,0,24,1,4
"me.umov.jaiminho.anticorruption.xstreamadapter.core.mapping.FactoryAttributeMapperTest",71,8,8,8,10,4,0,4,4
"me.umov.jaiminho.application.observer.UpdateHistoryTest",71,6,6,6,23,7,0,7,7
"me.umov.jaiminho.anticorruption.aws.DataStreamToNotificationConverterTest",71,2,2,2,17,6,0,7,6
"me.umov.jaiminho.infrastructure.dao.LogDao",70,5,2,11,16,9,2,10,4
"me.umov.jaiminho.anticorruption.xstreamadapter.core.CallbackTranslatorMessageTest",70,3,3,3,28,13,0,16,8
"me.umov.jaiminho.infrastructure.dao.entity.Rule",68,14,14,15,6,0,32,1,6
"me.umov.jaiminho.domain.model.AttemptsTest",68,9,9,9,5,0,0,0,0
"me.umov.jaiminho.anticorruption.xstreamadapter.core.replace.ReplacementAgentLinkTest",67,4,4,4,21,10,0,10,3
"me.umov.jaiminho.anticorruption.xstreamadapter.core.replace.ReplacementReportLinkTest",67,4,4,4,21,10,0,10,3
"me.umov.jaiminho.domain.event.trigger.SendExecutedTest",66,8,8,8,9,1,0,1,1
"me.umov.jaiminho.anticorruption.xstreamadapter.core.model.Attribute",65,18,17,19,0,0,34,2,6
"me.umov.jaiminho.application.event.WorkerExecutedWithError",64,12,12,13,6,3,4,6,4
"me.umov.jaiminho.application.observer.ReprocessNotificationSQSTest",64,6,6,6,18,6,0,6,5
"me.umov.jaiminho.infrastructure.dao.entity.RuleLog",63,12,12,12,8,1,3,1,6
"me.umov.jaiminho.domain.JaiminhoBuilderTest",63,5,5,5,15,4,0,4,8
"me.umov.jaiminho.domain.SenderTest",63,4,4,4,17,4,0,4,5
"me.umov.jaiminho.anticorruption.xstreamadapter.core.replace.ReplacementEntity",63,4,1,16,9,1,0,7,5
"me.umov.jaiminho.application.sqs.AWSConsumerTest",62,7,6,5,13,2,0,3,3
"me.umov.jaiminho.anticorruption.xstreamadapter.core.mapping.HistoryMapperTest",62,5,5,5,16,7,0,8,2
"me.umov.jaiminho.application.sqs.service.Worker",62,3,1,5,17,11,2,14,5
"me.umov.jaiminho.application.controller.ReprocessController",61,6,1,9,16,8,0,11,2
"me.umov.jaiminho.infrastructure.producer.aws.ProducerServiceTest",61,4,4,4,13,0,0,0,4
"me.umov.jaiminho.anticorruption.xstreamadapter.core.model.HttpCredentials",60,11,10,16,7,2,4,4,4
"me.umov.jaiminho.application.observer.CleanNotificationDocumentTest",60,6,6,6,16,3,0,3,3
"me.umov.jaiminho.anticorruption.xstreamadapter.core.mapping.SolveAttributeService",60,6,1,12,11,5,2,6,3
"me.umov.jaiminho.infrastructure.configuration.AmazonSQSConfiguration",59,7,4,7,15,0,0,1,3
"me.umov.jaiminho.anticorruption.xstreamadapter.core.converters.AttributeConverter",58,12,3,16,6,1,1,5,0
"me.umov.jaiminho.anticorruption.xstreamadapter.core.mapping.AgentMapperTest",57,5,5,5,16,9,0,10,2
"me.umov.jaiminho.infrastructure.business.BusinessAdapter",57,5,1,5,13,2,0,6,7
"me.umov.jaiminho.anticorruption.xstreamadapter.core.replace.ReplacementGroupTest",57,4,4,4,14,8,0,8,1
"me.umov.jaiminho.infrastructure.dao.entity.HistoryItem",56,12,12,12,3,0,5,0,6
"me.umov.jaiminho.infrastructure.dao.entity.SMS",56,12,12,12,3,0,6,0,6
"me.umov.jaiminho.anticorruption.xstreamadapter.core.mapping.EntityMapper",56,11,0,16,8,6,3,9,4
"me.umov.jaiminho.application.observer.LogGeneratorTest",56,7,7,7,12,4,0,4,4
"me.umov.jaiminho.anticorruption.aws.DataStreamToNotificationConverter",56,4,1,9,17,12,0,14,3
"me.umov.jaiminho.anticorruption.xstreamadapter.core.converters.MessageRequestConverter",56,3,3,11,8,3,1,7,0
"me.umov.jaiminho.infrastructure.email.AwsSesMailAdapterTest",55,4,3,4,17,3,0,4,7
"me.umov.jaiminho.infrastructure.sms.SMSAdapter",54,4,1,5,10,7,0,11,4
"me.umov.jaiminho.anticorruption.xstreamadapter.core.MailOrSMSTranslatorMessageTest",53,2,2,2,22,12,0,12,5
"me.umov.jaiminho.anticorruption.xstreamadapter.core.replace.ReplacementTaskTest",52,3,3,3,16,6,0,6,6
"me.umov.jaiminho.infrastructure.business.BusinessAdapterTest",52,3,2,3,14,0,0,1,7
"me.umov.jaiminho.infrastructure.configuration.mongo.MongoConfig",50,5,3,6,15,0,0,1,1
"me.umov.jaiminho.infrastructure.email.MailAdapter",49,7,2,9,9,3,2,6,5
"me.umov.jaiminho.domain.model.ResponseNotificationTest",49,6,6,6,4,0,0,0,0
"me.umov.jaiminho.infrastructure.producer.aws.ProducerAWSBuilderTest",48,5,5,5,10,0,0,0,4
"me.umov.jaiminho.domain.CallbackTest",47,2,2,2,16,6,0,6,7
"me.umov.jaiminho.domain.model.Identity",46,10,9,13,0,0,2,3,3
"me.umov.jaiminho.domain.event.DomainEventRegistryTest",46,4,4,4,14,3,0,3,3
"me.umov.jaiminho.infrastructure.sms.SMSAdapterTest",46,2,2,2,14,7,0,7,6
"me.umov.jaiminho.domain.model.Recipient",44,10,8,10,1,0,4,1,3
"me.umov.jaiminho.anticorruption.xstreamadapter.facade.TranslatorFactoryTest",44,4,4,4,11,3,0,3,4
"me.umov.jaiminho.domain.Sender",44,4,2,8,7,5,3,9,5
"me.umov.jaiminho.anticorruption.xstreamadapter.core.replace.ReplacementActivityLinkTest",44,2,2,2,19,11,0,11,3
"me.umov.jaiminho.infrastructure.configuration.MailSenderConfiguration",43,3,3,3,6,0,1,0,6
"me.umov.jaiminho.application.controller.PlataformEventController",43,2,2,2,13,3,0,4,2
"me.umov.jaiminho.architecture.DomainTest",43,0,0,1,9,2,0,2,5
"me.umov.jaiminho.application.event.DataStreamWasProcessedTest",42,5,5,5,8,1,0,1,1
"me.umov.jaiminho.anticorruption.xstreamadapter.core.mapping.TaskMapperTest",42,4,4,4,14,7,0,8,2
"me.umov.jaiminho.application.observer.UpdateHistory",42,3,2,4,10,7,0,12,4
"me.umov.jaiminho.fixture.MailRequestFixture",41,8,8,8,1,1,4,1,7
"me.umov.jaiminho.application.observer.ReprocessNotificationSQS",41,4,2,5,9,7,0,13,3
"me.umov.jaiminho.anticorruption.xstreamadapter.core.service.XStreamService",41,3,2,4,10,7,4,11,1
"me.umov.jaiminho.infrastructure.email.MailServiceTest",41,2,2,2,12,2,0,2,11
"me.umov.jaiminho.infrastructure.dao.entity.CustomFieldValue",40,8,8,8,3,0,6,0,4
"me.umov.jaiminho.infrastructure.business.JwtService",40,5,2,5,7,1,1,3,5
"me.umov.jaiminho.anticorruption.xstreamadapter.core.replace.ReplacementCustomField",40,3,1,11,7,3,0,5,1
"me.umov.jaiminho.infrastructure.email.AwsSesMailByHtmlAdapterTest",40,2,2,2,13,2,0,2,7
"me.umov.jaiminho.domain.SMSTest",40,2,2,2,12,5,0,5,6
"me.umov.jaiminho.anticorruption.aws.AWSFactoryTest",39,4,4,4,8,1,0,1,4
"me.umov.jaiminho.infrastructure.producer.aws.ProducerAWSBuilder",39,4,2,7,8,4,0,7,2
"me.umov.jaiminho.application.controller.MailController",39,2,1,2,14,4,0,6,2
"me.umov.jaiminho.fixture.RuleFixture",38,8,8,8,3,2,14,2,2
"me.umov.jaiminho.fixture.TaskFixture",38,8,8,8,4,4,7,4,1
"me.umov.jaiminho.infrastructure.dao.entity.RuleTest",38,6,6,6,4,0,0,0,1
"me.umov.jaiminho.application.dto.EventMessageTest",37,4,4,4,5,0,0,0,0
"me.umov.jaiminho.domain.JaiminhoBuilder",37,1,1,4,6,4,2,4,6
"me.umov.jaiminho.infrastructure.dao.document.Header",36,8,8,8,3,0,2,0,3
"me.umov.jaiminho.infrastructure.dao.entity.Action",36,7,7,7,4,0,9,0,3
"me.umov.jaiminho.infrastructure.dao.document.Recipients",36,7,7,14,2,0,0,2,2
"me.umov.jaiminho.infrastructure.dao.entity.SystemParameter",36,6,6,6,6,0,3,0,3
"me.umov.jaiminho.domain.validators.rules.EmailFormatRuleValidation",36,5,1,8,6,3,2,6,1
"me.umov.jaiminho.application.observer.LogGenerator",36,3,2,4,10,8,1,12,1
"me.umov.jaiminho.infrastructure.dao.NotificationDAOTest",36,2,2,2,12,2,0,3,4
"me.umov.jaiminho.domain.EmailTest",36,2,2,2,12,4,0,4,5
"me.umov.jaiminho.infrastructure.dao.dto.NotificationMessageDTO",35,7,5,8,5,4,8,5,2
"me.umov.jaiminho.anticorruption.xstreamadapter.core.converters.CallbackParameterConverter",35,3,3,6,7,2,2,6,0
"me.umov.jaiminho.fixture.MessageRequestFixture",34,7,7,7,4,3,8,3,1
"me.umov.jaiminho.application.sqs.AWSConsumer",34,4,4,4,9,3,1,3,2
"me.umov.jaiminho.anticorruption.xstreamadapter.core.MailOrSMSTranslatorMessage",34,2,1,3,10,7,2,9,3
"me.umov.jaiminho.application.sqs.service.GroupResponse",33,8,4,8,0,0,7,1,3
"me.umov.jaiminho.infrastructure.producer.aws.SendMessage",33,7,6,9,1,0,3,2,4
"me.umov.jaiminho.anticorruption.xstreamadapter.core.replace.ReplacementHistoryLink",33,5,1,7,7,5,3,8,3
"me.umov.jaiminho.anticorruption.xstreamadapter.core.converters.IgnoreTaskTypeConverter",33,4,3,6,8,0,0,3,0
"me.umov.jaiminho.infrastructure.email.AwsSesMailByHtmlAdapter",33,3,1,3,6,1,1,3,0
"me.umov.jaiminho.domain.validators.MailValidatorTest",33,2,2,2,11,4,0,4,4
"me.umov.jaiminho.infrastructure.http.authentication.factor.XCSRFAuthenticationImpl",33,1,1,1,10,6,1,8,5
"me.umov.jaiminho.domain.exception.IdempotencyException",32,8,8,8,1,1,4,2,2
"me.umov.jaiminho.domain.validators.rules.SmsTextLengthRuleValidationTest",32,4,4,4,8,2,0,2,2
"me.umov.jaiminho.fixture.SMSFixture",31,7,7,7,1,1,2,1,1
"me.umov.jaiminho.domain.model.Body",31,6,4,9,0,0,1,2,2
"me.umov.jaiminho.application.observer.NotificationExecutedSQS",31,2,2,4,8,4,0,7,4
"me.umov.jaiminho.infrastructure.dao.PlataformEventDao",31,1,1,2,11,2,2,2,3
"me.umov.jaiminho.architecture.ApplicationTest",31,0,0,1,11,2,0,2,3
"me.umov.jaiminho.domain.model.ServiceStatus",30,7,7,7,1,0,0,0,4
"me.umov.jaiminho.domain.event.trigger.NotificationHasBeenReprocessed",30,5,5,5,2,0,5,2,3
"me.umov.jaiminho.domain.validators.MessageRequestValidator",30,5,1,10,2,2,2,5,0
"me.umov.jaiminho.infrastructure.email.MailSenderFactoryTest",30,3,3,3,9,1,0,1,3
"me.umov.jaiminho.domain.event.DomainEventRegistry",30,3,1,9,6,3,4,7,1
"me.umov.jaiminho.anticorruption.xstreamadapter.core.mapping.AttributeMapper",29,5,1,6,4,2,2,4,1
"me.umov.jaiminho.domain.event.trigger.HistoryProcessedInError",29,5,5,5,1,0,3,2,3
"me.umov.jaiminho.infrastructure.producer.aws.SendMessageRequestService",29,4,4,4,3,0,0,0,5
"me.umov.jaiminho.domain.validators.rules.PhoneLengthRuleValidationTest",29,3,3,3,8,2,0,2,2
"me.umov.jaiminho.domain.validators.rules.ShouldSendEmailValidationTest",29,3,3,3,8,2,0,2,2
"me.umov.jaiminho.domain.validators.rules.SubjectRuleValidationTest",29,3,3,3,8,2,0,2,2
"me.umov.jaiminho.infrastructure.business.JwtServiceTest",29,2,2,2,8,0,0,0,3
"me.umov.jaiminho.domain.validators.SmsValidatorTest",29,2,2,2,10,3,0,3,3
"me.umov.jaiminho.anticorruption.xstreamadapter.core.replace.ReplacementTask",29,2,1,5,7,5,0,7,2
"me.umov.jaiminho.infrastructure.dao.NotificationDAO",29,2,1,3,7,3,0,6,1
"me.umov.jaiminho.anticorruption.xstreamadapter.core.mapping.FactoryAttributeMapper",29,1,1,6,4,2,0,3,4
"me.umov.jaiminho.infrastructure.dao.document.Source",28,7,7,7,0,0,2,0,3
"me.umov.jaiminho.infrastructure.dao.document.MessageLog",28,5,5,6,3,0,3,0,4
"me.umov.jaiminho.architecture.InfrastructureTest",28,0,0,1,8,0,0,0,3
"me.umov.jaiminho.application.event.DataStreamWasProcessed",27,6,6,7,3,2,8,3,1
"me.umov.jaiminho.anticorruption.xstreamadapter.core.model.AttributeTest",27,4,4,4,4,0,0,0,1
"me.umov.jaiminho.infrastructure.configuration.RestConfiguration",27,3,1,5,6,0,0,1,2
"me.umov.jaiminho.infrastructure.producer.aws.ProducerService",27,3,2,4,3,1,6,4,3
"me.umov.jaiminho.infrastructure.email.MailService",26,2,2,2,8,3,0,5,2
"me.umov.jaiminho.architecture.GeneralTest",26,0,0,1,6,0,0,0,5
"me.umov.jaiminho.fixture.AgentFixture",25,5,5,5,1,1,2,1,1
"me.umov.jaiminho.fixture.ServiceLocalFixture",25,5,5,5,1,1,2,1,1
"me.umov.jaiminho.infrastructure.email.AwsSesMailAdapter",25,3,1,3,4,1,1,3,0
"me.umov.jaiminho.anticorruption.xstreamadapter.core.model.GeneralSettings",24,6,6,6,0,0,3,0,3
"me.umov.jaiminho.fixture.NotificationMessageFixture",24,4,4,4,5,5,3,5,2
"me.umov.jaiminho.infrastructure.dao.entity.Client",24,4,4,4,3,0,1,0,2
"me.umov.jaiminho.application.dto.ReprocessExecuted",24,4,4,4,2,1,1,2,2
"me.umov.jaiminho.anticorruption.xstreamadapter.core.mapping.HistoryMapper",24,2,0,5,5,3,0,6,3
"me.umov.jaiminho.application.observer.CleanNotificationDocument",24,2,2,4,7,4,0,6,1
"me.umov.jaiminho.anticorruption.xstreamadapter.core.model.CallbackParameters",23,6,6,6,0,0,6,1,2
"me.umov.jaiminho.fixture.AttributeFixture",23,5,5,5,1,1,12,1,1
"me.umov.jaiminho.infrastructure.util.EncoderURLService",23,3,1,3,4,0,2,2,1
"me.umov.jaiminho.infrastructure.producer.aws.SendMessageTest",23,2,2,2,3,0,0,0,1
"me.umov.jaiminho.infrastructure.dao.SMSImplDao",23,2,2,3,4,2,0,3,3
"me.umov.jaiminho.anticorruption.xstreamadapter.core.CallbackTranslatorMessage",23,1,1,1,9,7,2,8,2
"me.umov.jaiminho.domain.Email",23,1,1,1,6,3,1,4,3
"me.umov.jaiminho.domain.model.RecipientTest",22,3,3,3,3,0,0,0,1
"me.umov.jaiminho.anticorruption.xstreamadapter.core.mapping.ServiceLocalMapper",22,3,0,4,3,2,0,3,1
"me.umov.jaiminho.anticorruption.xstreamadapter.core.mapping.AgentMapper",22,3,0,4,3,2,0,3,1
"me.umov.jaiminho.anticorruption.xstreamadapter.core.mapping.HistoryItemMapper",22,2,0,3,5,4,1,6,1
"me.umov.jaiminho.infrastructure.http.authentication.FactorAuthenticationService",22,2,1,3,7,5,1,7,1
"me.umov.jaiminho.application.event.ApplicationEventRegistry",22,2,1,6,4,1,8,2,1
"me.umov.jaiminho.architecture.AnticorruptionTest",22,0,0,1,8,2,0,2,2
"me.umov.jaiminho.anticorruption.aws.AWSFactory",21,1,1,3,5,3,0,5,2
"me.umov.jaiminho.infrastructure.dao.document.EventState",21,1,1,1,3,0,1,0,6
"me.umov.jaiminho.domain.Callback",21,1,1,1,7,5,0,6,2
"me.umov.jaiminho.domain.validators.MailValidator",21,1,0,1,7,4,2,5,3
"me.umov.jaiminho.fixture.ActionRuleFixture",20,4,4,4,2,2,2,2,1
"me.umov.jaiminho.fixture.RecipientsFixture",20,4,4,4,2,2,3,2,1
"me.umov.jaiminho.fixture.CallbackCredentialsFixture",20,4,4,4,1,1,2,1,2
"me.umov.jaiminho.domain.event.trigger.NotificationNotPerformed",20,4,4,4,1,1,0,3,1
"me.umov.jaiminho.infrastructure.configuration.MailSenderConfigurationTest",20,2,2,2,5,0,0,0,1
"me.umov.jaiminho.anticorruption.xstreamadapter.core.service.UrlShortenerAdapter",20,2,1,2,3,0,3,2,0
"me.umov.jaiminho.anticorruption.xstreamadapter.facade.TranslatorFactory",20,1,1,2,6,3,0,4,2
"me.umov.jaiminho.domain.SMS",20,1,1,1,6,4,0,5,2
"me.umov.jaiminho.fixture.ActionFixture",19,4,4,4,1,1,3,1,1
"me.umov.jaiminho.fixture.HistoryItemFixture",19,4,4,4,1,1,2,1,1
"me.umov.jaiminho.fixture.HistoryFixture",19,4,4,4,1,1,2,1,1
"me.umov.jaiminho.fixture.CallbackParametersFixture",19,4,4,4,1,1,2,1,1
"me.umov.jaiminho.infrastructure.dao.document.Credentials",19,4,4,4,0,0,0,0,2
"me.umov.jaiminho.anticorruption.xstreamadapter.core.mapping.TaskMapper",19,3,0,3,2,2,0,3,2
"me.umov.jaiminho.infrastructure.email.MailSenderFactory",19,1,1,2,6,2,0,2,2
"me.umov.jaiminho.anticorruption.xstreamadapter.core.replace.ReplacementMessage",18,3,1,5,3,3,5,5,0
"me.umov.jaiminho.anticorruption.xstreamadapter.core.replace.ReplacementActivityLink",18,2,0,2,4,3,0,5,0
"me.umov.jaiminho.application.controller.VersionController",18,2,2,2,4,0,0,1,1
"me.umov.jaiminho.infrastructure.http.authentication.MFAFactory",18,1,1,2,6,4,0,4,1
"me.umov.jaiminho.domain.validators.SmsValidator",18,1,0,1,6,3,2,4,2
"me.umov.jaiminho.infrastructure.dao.HistoryImplDAO",17,2,2,2,3,1,0,2,2
"me.umov.jaiminho.anticorruption.xstreamadapter.core.converters.GeneralSettingsConverter",17,1,0,3,4,1,2,2,0
"me.umov.jaiminho.infrastructure.dao.CustomFieldValueDao",17,1,1,1,4,1,4,2,0
"me.umov.jaiminho.domain.model.MultipleFactorAuthentication",16,4,4,4,0,0,4,0,3
"me.umov.jaiminho.domain.model.Source",16,3,3,3,0,0,1,0,2
"me.umov.jaiminho.application.dto.ResultDTO",16,3,3,3,0,0,2,0,2
"me.umov.jaiminho.application.dto.StatusMessage",16,3,3,3,0,0,2,0,2
"me.umov.jaiminho.domain.model.MessageTest",16,2,2,2,3,0,0,0,0
"me.umov.jaiminho.infrastructure.configuration.mongo.MultipleMongoProperties",16,2,2,2,3,0,0,0,2
"me.umov.jaiminho.infrastructure.dao.LocalDateTimeAttributeConverter",16,2,2,4,4,0,2,1,0
"me.umov.jaiminho.JaiminhoApplication",16,0,1,1,7,0,0,0,0
"me.umov.jaiminho.domain.ports.IRequest",15,9,9,9,3,0,8,0,0
"me.umov.jaiminho.anticorruption.xstreamadapter.core.mapping.ClientFixture",15,3,3,3,1,1,2,1,1
"me.umov.jaiminho.fixture.CustomFieldValueFixture",15,3,3,3,1,1,3,1,1
"me.umov.jaiminho.anticorruption.xstreamadapter.core.replace.ReplacementAgentLink",15,2,0,2,3,2,0,4,0
"me.umov.jaiminho.infrastructure.configuration.NotificationBlacklistConfiguration",15,1,1,1,5,0,1,0,1
"me.umov.jaiminho.infrastructure.configuration.JwtConfiguration",15,1,1,1,5,0,0,0,0
"me.umov.jaiminho.anticorruption.xstreamadapter.core.model.CallbackProtocol",14,3,3,3,1,1,2,1,1
"me.umov.jaiminho.infrastructure.dao.TaskDao",14,3,3,3,3,1,10,2,0
"me.umov.jaiminho.anticorruption.xstreamadapter.core.replace.ReplacementReportLink",14,2,0,2,3,2,1,4,0
"me.umov.jaiminho.anticorruption.xstreamadapter.core.replace.ReplacementGroup",14,1,1,2,3,2,0,3,0
"me.umov.jaiminho.domain.validators.rules.SmsTextLengthRuleValidation",14,1,1,2,4,3,2,4,1
"me.umov.jaiminho.domain.validators.rules.ShouldSendEmailValidation",14,1,1,2,4,3,2,4,1
"me.umov.jaiminho.domain.validators.rules.PhoneLengthRuleValidation",14,1,1,2,4,3,2,4,1
"me.umov.jaiminho.domain.model.TaskResult",14,1,1,1,2,0,1,0,2
"me.umov.jaiminho.domain.validators.rules.SubjectRuleValidation",13,1,1,3,4,3,2,4,0
"me.umov.jaiminho.domain.ports.ICredentials",12,6,6,6,3,1,8,1,0
"me.umov.jaiminho.infrastructure.gson.GsonWrapper",12,1,1,1,3,0,2,0,1
"me.umov.jaiminho.fixture.SimpleMailMessageFixture",11,2,2,2,1,0,1,0,1
"me.umov.jaiminho.domain.event.trigger.NotificationSent",10,6,6,6,1,0,5,1,0
"me.umov.jaiminho.infrastructure.dao.notification.PlataformEventRepository",10,2,2,2,4,1,4,2,0
"me.umov.jaiminho.domain.validators.BusinessValidator",10,2,1,3,1,0,1,1,0
"me.umov.jaiminho.domain.exception.JaiminhoBusinessException",10,2,2,2,0,0,13,1,1
"me.umov.jaiminho.infrastructure.configuration.NotificationBlacklistConfigurationTest",10,1,1,1,2,0,0,0,0
"me.umov.jaiminho.infrastructure.business.RequestBuilder",10,1,1,1,3,0,0,0,0
"me.umov.jaiminho.architecture.IgnoreTests",9,1,1,1,2,0,0,1,0
"me.umov.jaiminho.infrastructure.dao.sentinel.MessageLogRepository",9,1,1,1,4,1,2,2,0
"me.umov.jaiminho.domain.ports.Reprocess",7,3,3,3,1,0,5,0,0
"me.umov.jaiminho.infrastructure.producer.ProducerQueueBuilder",7,2,2,2,2,2,5,2,0
"me.umov.jaiminho.domain.ports.IHttp",7,2,2,2,2,1,4,1,0
"me.umov.jaiminho.infrastructure.dao.HistoryItemDao",7,1,1,1,3,1,2,2,0
"me.umov.jaiminho.application.dto.EntityDTO",7,1,1,1,0,0,1,0,1
"me.umov.jaiminho.application.sqs.service.LimitException",7,1,1,1,0,0,3,1,1
"me.umov.jaiminho.infrastructure.configuration.mongo.NotificationMongoConfig",7,0,0,1,2,0,0,0,0
"me.umov.jaiminho.infrastructure.configuration.mongo.SentinelMongoConfig",7,0,0,1,2,0,0,0,0
"me.umov.jaiminho.infrastructure.dao.ActionRuleRepository",7,0,0,1,3,1,5,2,0
"me.umov.jaiminho.infrastructure.dao.RuleLogDao",7,0,0,1,3,1,0,2,0
"me.umov.jaiminho.infrastructure.dao.entity.UsesCustomField",6,3,3,3,0,0,5,0,0
"me.umov.jaiminho.domain.event.trigger.DomainEvent",6,3,3,3,0,0,5,0,0
"me.umov.jaiminho.infrastructure.producer.aws.MessageSQS",6,2,2,2,1,0,3,0,0
"me.umov.jaiminho.infrastructure.dao.SMSDao",6,2,2,2,1,1,3,1,0
"me.umov.jaiminho.infrastructure.dao.HistoryRepository",6,2,2,2,1,1,6,1,0
"me.umov.jaiminho.anticorruption.xstreamadapter.facade.TranslatorMessage",6,1,1,1,2,2,5,2,0
"me.umov.jaiminho.infrastructure.http.authentication.factor.FactorAuthentication",6,1,1,1,2,2,3,2,0
"me.umov.jaiminho.infrastructure.http.authentication.exception.FactorAuthenticationNotDefinedException",6,1,1,1,0,0,1,1,0
"me.umov.jaiminho.infrastructure.dao.SystemParameterDao",6,1,1,1,2,1,0,2,0
"me.umov.jaiminho.domain.ports.ISms",6,1,1,1,2,2,3,2,0
"me.umov.jaiminho.domain.exception.MailValidationException",6,1,1,1,0,0,0,1,0
"me.umov.jaiminho.domain.exception.BlacklistValidationException",6,1,1,1,0,0,2,1,0
"me.umov.jaiminho.application.sqs.ConverterMessageToNotification",6,1,1,1,2,2,6,2,0
"me.umov.jaiminho.domain.ports.ApplicationListener",5,2,2,2,0,0,8,0,0
"me.umov.jaiminho.anticorruption.xstreamadapter.facade.NotificationTranslatorFactory",5,1,1,1,1,1,3,1,0
"me.umov.jaiminho.domain.ports.IMailService",5,1,1,1,1,1,3,1,0
"me.umov.jaiminho.domain.ports.NotificationRepository",5,1,1,1,1,1,5,1,0
"me.umov.jaiminho.domain.ports.IFactorAuthentication",5,1,1,1,1,1,2,1,0
"me.umov.jaiminho.domain.ports.Jaiminho",5,1,1,1,1,1,5,1,0
"me.umov.jaiminho.domain.event.trigger.Log",5,1,1,1,1,0,6,1,0
"me.umov.jaiminho.domain.event.trigger.NotificationWasPerformed",5,1,1,1,1,1,3,3,0
"me.umov.jaiminho.domain.Deliverable",5,1,1,1,1,1,3,1,0
"me.umov.jaiminho.application.sqs.FactoryConverters",5,1,1,1,1,1,4,1,0
"me.umov.jaiminho.infrastructure.dao.SMSRepository",5,0,0,1,2,1,0,2,0
"me.umov.jaiminho.infrastructure.dao.HistoryDao",5,0,0,1,2,1,0,2,0
"me.umov.jaiminho.infrastructure.producer.ProducerQueue",4,1,1,1,0,0,5,0,0
"me.umov.jaiminho.infrastructure.dao.PersinstenceHistory",4,1,1,1,0,0,1,0,0
"me.umov.jaiminho.domain.ports.IMailSender",4,1,1,1,0,0,4,0,0
"me.umov.jaiminho.domain.ports.EventRegistry",4,1,1,1,0,0,1,0,0
"me.umov.jaiminho.domain.event.trigger.FatalError",4,1,1,1,0,0,2,1,0
"me.umov.jaiminho.domain.validators.RuleValidation",4,1,1,1,0,0,6,0,0
