[{"type":"me.umov.jaiminho.domain.model.Notification","size":255,"dependencies":["me.umov.jaiminho.domain.ports.ICredentials"]},{"type":"me.umov.jaiminho.anticorruption.xstreamadapter.core.model.MessageRequest","size":162,"dependencies":["me.umov.jaiminho.domain.ports.ICredentials"]},{"type":"me.umov.jaiminho.infrastructure.dao.entity.Task","size":140,"dependencies":[]},{"type":"me.umov.jaiminho.infrastructure.dao.document.PlataformEvent","size":131,"dependencies":[]},{"type":"me.umov.jaiminho.domain.model.ConfigurationTest","size":128,"dependencies":[]},{"type":"me.umov.jaiminho.domain.model.NotificationTest","size":128,"dependencies":["me.umov.jaiminho.domain.ports.ICredentials"]},{"type":"me.umov.jaiminho.anticorruption.xstreamadapter.core.service.XStreamServiceTest","size":119,"dependencies":["me.umov.jaiminho.anticorruption.xstreamadapter.core.model.Attribute","me.umov.jaiminho.anticorruption.xstreamadapter.core.model.CallbackParameters","me.umov.jaiminho.anticorruption.xstreamadapter.core.model.MessageRequest"]},{"type":"me.umov.jaiminho.domain.model.Message","size":116,"dependencies":[]},{"type":"me.umov.jaiminho.application.sqs.service.DataStreamService","size":110,"dependencies":["me.umov.jaiminho.application.dto.EventMessage","me.umov.jaiminho.application.event.ApplicationEventRegistry","me.umov.jaiminho.application.event.DataStreamWasProcessed","me.umov.jaiminho.domain.model.Notification","me.umov.jaiminho.infrastructure.dao.PlataformEventDao","me.umov.jaiminho.infrastructure.dao.document.PlataformEvent","me.umov.jaiminho.infrastructure.dao.notification.PlataformEventRepository"]},{"type":"me.umov.jaiminho.infrastructure.dao.document.Content","size":109,"dependencies":[]},{"type":"me.umov.jaiminho.infrastructure.http.HttpServiceTest","size":109,"dependencies":["me.umov.jaiminho.domain.model.ResponseNotification","me.umov.jaiminho.domain.ports.IRequest"]},{"type":"me.umov.jaiminho.infrastructure.dao.entity.ActionRule","size":106,"dependencies":["me.umov.jaiminho.infrastructure.dao.LocalDateTimeAttributeConverter"]},{"type":"me.umov.jaiminho.domain.model.Request","size":106,"dependencies":["me.umov.jaiminho.domain.ports.ICredentials","me.umov.jaiminho.domain.ports.IRequest"]},{"type":"me.umov.jaiminho.application.sqs.service.DataStreamServiceTest","size":103,"dependencies":["me.umov.jaiminho.application.dto.EventMessage","me.umov.jaiminho.application.event.ApplicationEventRegistry","me.umov.jaiminho.application.event.DataStreamWasProcessed","me.umov.jaiminho.domain.model.Notification","me.umov.jaiminho.infrastructure.dao.PlataformEventDao","me.umov.jaiminho.infrastructure.dao.document.PlataformEvent"]},{"type":"me.umov.jaiminho.infrastructure.http.HttpService","size":100,"dependencies":["me.umov.jaiminho.domain.model.ResponseNotification","me.umov.jaiminho.domain.ports.ICredentials","me.umov.jaiminho.domain.ports.IHttp","me.umov.jaiminho.domain.ports.IRequest"]},{"type":"me.umov.jaiminho.anticorruption.aws.SQSMessageToNotificationConverter","size":100,"dependencies":["me.umov.jaiminho.anticorruption.xstreamadapter.core.model.HttpCredentials","me.umov.jaiminho.anticorruption.xstreamadapter.core.model.MessageRequest","me.umov.jaiminho.anticorruption.xstreamadapter.facade.NotificationTranslatorFactory","me.umov.jaiminho.anticorruption.xstreamadapter.facade.TranslatorMessage","me.umov.jaiminho.application.dto.EventMessage","me.umov.jaiminho.application.sqs.ConverterMessageToNotification","me.umov.jaiminho.domain.exception.IdempotencyException","me.umov.jaiminho.domain.model.Attempts","me.umov.jaiminho.domain.model.Configuration","me.umov.jaiminho.domain.model.Identity","me.umov.jaiminho.domain.model.Message","me.umov.jaiminho.domain.model.Notification","me.umov.jaiminho.domain.model.ResponseNotification","me.umov.jaiminho.domain.ports.ICredentials","me.umov.jaiminho.infrastructure.dao.ActionRuleRepository","me.umov.jaiminho.infrastructure.dao.HistoryRepository","me.umov.jaiminho.infrastructure.dao.dto.NotificationMessageDTO","me.umov.jaiminho.infrastructure.dao.entity.ActionRule","me.umov.jaiminho.infrastructure.dao.entity.History"]},{"type":"me.umov.jaiminho.anticorruption.xstreamadapter.core.replace.ReplacementEntityTest","size":99,"dependencies":["me.umov.jaiminho.infrastructure.dao.entity.Agent","me.umov.jaiminho.infrastructure.dao.entity.ServiceLocal","me.umov.jaiminho.infrastructure.dao.entity.Task"]},{"type":"me.umov.jaiminho.anticorruption.xstreamadapter.core.model.Recipients","size":94,"dependencies":[]},{"type":"me.umov.jaiminho.anticorruption.aws.SQSMessageToNotificationConverterTest","size":92,"dependencies":["me.umov.jaiminho.anticorruption.xstreamadapter.core.model.MessageRequest","me.umov.jaiminho.anticorruption.xstreamadapter.facade.NotificationTranslatorFactory","me.umov.jaiminho.anticorruption.xstreamadapter.facade.TranslatorMessage","me.umov.jaiminho.application.dto.EventMessage","me.umov.jaiminho.domain.exception.IdempotencyException","me.umov.jaiminho.domain.model.Notification","me.umov.jaiminho.infrastructure.dao.ActionRuleRepository","me.umov.jaiminho.infrastructure.dao.HistoryRepository","me.umov.jaiminho.infrastructure.dao.dto.NotificationMessageDTO","me.umov.jaiminho.infrastructure.dao.entity.Action","me.umov.jaiminho.infrastructure.dao.entity.ActionRule","me.umov.jaiminho.infrastructure.dao.entity.History"]},{"type":"me.umov.jaiminho.domain.validators.rules.EmailFormatRuleValidationTest","size":88,"dependencies":["me.umov.jaiminho.domain.exception.JaiminhoBusinessException","me.umov.jaiminho.domain.model.Message"]},{"type":"me.umov.jaiminho.infrastructure.dao.LogDaoTest","size":85,"dependencies":["me.umov.jaiminho.domain.event.trigger.NotificationHasBeenReprocessed","me.umov.jaiminho.domain.event.trigger.SendExecuted","me.umov.jaiminho.fixture.ActionRuleFixture","me.umov.jaiminho.fixture.RuleFixture","me.umov.jaiminho.infrastructure.dao.document.MessageLog","me.umov.jaiminho.infrastructure.dao.entity.RuleLog","me.umov.jaiminho.infrastructure.dao.sentinel.MessageLogRepository"]},{"type":"me.umov.jaiminho.domain.event.trigger.SendExecuted","size":84,"dependencies":["me.umov.jaiminho.domain.model.Notification"]},{"type":"me.umov.jaiminho.application.dto.EventMessage","size":83,"dependencies":["me.umov.jaiminho.infrastructure.dao.document.PlataformEvent"]},{"type":"me.umov.jaiminho.infrastructure.dao.entity.ServiceLocal","size":82,"dependencies":[]},{"type":"me.umov.jaiminho.infrastructure.dao.entity.History","size":81,"dependencies":[]},{"type":"me.umov.jaiminho.infrastructure.dao.entity.Agent","size":81,"dependencies":[]},{"type":"me.umov.jaiminho.domain.model.Configuration","size":80,"dependencies":[]},{"type":"me.umov.jaiminho.application.sqs.service.WorkerTest","size":80,"dependencies":["me.umov.jaiminho.application.dto.EventMessage","me.umov.jaiminho.application.event.ApplicationEventRegistry","me.umov.jaiminho.application.event.WorkerExecutedWithError","me.umov.jaiminho.application.sqs.ConverterMessageToNotification","me.umov.jaiminho.application.sqs.FactoryConverters","me.umov.jaiminho.domain.JaiminhoBuilder","me.umov.jaiminho.domain.exception.IdempotencyException","me.umov.jaiminho.domain.model.Notification","me.umov.jaiminho.domain.ports.Jaiminho"]},{"type":"me.umov.jaiminho.anticorruption.xstreamadapter.core.mapping.SolveAttributeServiceTest","size":79,"dependencies":["me.umov.jaiminho.anticorruption.xstreamadapter.core.model.Attribute","me.umov.jaiminho.anticorruption.xstreamadapter.core.model.MessageRequest","me.umov.jaiminho.anticorruption.xstreamadapter.core.model.Recipients","me.umov.jaiminho.fixture.AttributeFixture","me.umov.jaiminho.fixture.MessageRequestFixture","me.umov.jaiminho.fixture.RecipientsFixture","me.umov.jaiminho.fixture.RuleFixture","me.umov.jaiminho.infrastructure.dao.entity.Rule"]},{"type":"me.umov.jaiminho.anticorruption.xstreamadapter.core.replace.ReplacementCustomFieldTest","size":78,"dependencies":["me.umov.jaiminho.fixture.CustomFieldValueFixture","me.umov.jaiminho.infrastructure.dao.CustomFieldValueDao","me.umov.jaiminho.infrastructure.dao.entity.CustomFieldValue","me.umov.jaiminho.infrastructure.dao.entity.Task"]},{"type":"me.umov.jaiminho.anticorruption.xstreamadapter.core.mapping.ServiceLocalMapperTest","size":77,"dependencies":["me.umov.jaiminho.anticorruption.xstreamadapter.core.model.Attribute","me.umov.jaiminho.fixture.AttributeFixture","me.umov.jaiminho.fixture.CustomFieldValueFixture","me.umov.jaiminho.fixture.RuleFixture","me.umov.jaiminho.fixture.ServiceLocalFixture","me.umov.jaiminho.fixture.TaskFixture","me.umov.jaiminho.infrastructure.dao.CustomFieldValueDao","me.umov.jaiminho.infrastructure.dao.TaskDao","me.umov.jaiminho.infrastructure.dao.entity.CustomFieldValue","me.umov.jaiminho.infrastructure.dao.entity.Rule","me.umov.jaiminho.infrastructure.dao.entity.ServiceLocal","me.umov.jaiminho.infrastructure.dao.entity.Task"]},{"type":"me.umov.jaiminho.domain.model.Attempts","size":74,"dependencies":[]},{"type":"me.umov.jaiminho.domain.model.ResponseNotification","size":71,"dependencies":[]},{"type":"me.umov.jaiminho.anticorruption.xstreamadapter.core.mapping.FactoryAttributeMapperTest","size":71,"dependencies":["me.umov.jaiminho.anticorruption.xstreamadapter.core.model.Attribute","me.umov.jaiminho.fixture.AttributeFixture","me.umov.jaiminho.fixture.RuleFixture","me.umov.jaiminho.infrastructure.dao.entity.Rule"]},{"type":"me.umov.jaiminho.application.observer.UpdateHistoryTest","size":71,"dependencies":["me.umov.jaiminho.application.event.ApplicationEventRegistry","me.umov.jaiminho.domain.event.trigger.HistoryProcessedInError","me.umov.jaiminho.domain.event.trigger.SendExecuted","me.umov.jaiminho.infrastructure.dao.ActionRuleRepository","me.umov.jaiminho.infrastructure.dao.HistoryRepository","me.umov.jaiminho.infrastructure.dao.entity.ActionRule","me.umov.jaiminho.infrastructure.dao.entity.History"]},{"type":"me.umov.jaiminho.anticorruption.aws.DataStreamToNotificationConverterTest","size":71,"dependencies":["me.umov.jaiminho.application.dto.EventMessage","me.umov.jaiminho.domain.model.Notification","me.umov.jaiminho.infrastructure.dao.document.Content","me.umov.jaiminho.infrastructure.dao.document.Header","me.umov.jaiminho.infrastructure.dao.document.PlataformEvent","me.umov.jaiminho.infrastructure.dao.document.Source"]},{"type":"me.umov.jaiminho.infrastructure.dao.LogDao","size":70,"dependencies":["me.umov.jaiminho.domain.event.trigger.Log","me.umov.jaiminho.domain.event.trigger.NotificationSent","me.umov.jaiminho.infrastructure.dao.document.EventState","me.umov.jaiminho.infrastructure.dao.document.Header","me.umov.jaiminho.infrastructure.dao.document.MessageLog","me.umov.jaiminho.infrastructure.dao.document.Source","me.umov.jaiminho.infrastructure.dao.entity.ActionRule","me.umov.jaiminho.infrastructure.dao.entity.RuleLog","me.umov.jaiminho.infrastructure.dao.sentinel.MessageLogRepository"]},{"type":"me.umov.jaiminho.anticorruption.xstreamadapter.core.CallbackTranslatorMessageTest","size":70,"dependencies":["me.umov.jaiminho.anticorruption.xstreamadapter.core.converters.CallbackParameterConverter","me.umov.jaiminho.anticorruption.xstreamadapter.core.model.CallbackParameters","me.umov.jaiminho.anticorruption.xstreamadapter.core.model.CallbackProtocol","me.umov.jaiminho.anticorruption.xstreamadapter.core.model.MessageRequest","me.umov.jaiminho.anticorruption.xstreamadapter.core.service.XStreamService","me.umov.jaiminho.fixture.ActionFixture","me.umov.jaiminho.fixture.CallbackParametersFixture","me.umov.jaiminho.fixture.NotificationMessageFixture","me.umov.jaiminho.fixture.RuleFixture","me.umov.jaiminho.infrastructure.dao.dto.NotificationMessageDTO","me.umov.jaiminho.infrastructure.dao.entity.Action","me.umov.jaiminho.infrastructure.dao.entity.Rule","me.umov.jaiminho.infrastructure.gson.GsonWrapper"]},{"type":"me.umov.jaiminho.infrastructure.dao.entity.Rule","size":68,"dependencies":[]},{"type":"me.umov.jaiminho.domain.model.AttemptsTest","size":68,"dependencies":[]},{"type":"me.umov.jaiminho.anticorruption.xstreamadapter.core.replace.ReplacementAgentLinkTest","size":67,"dependencies":["me.umov.jaiminho.anticorruption.xstreamadapter.core.model.Attribute","me.umov.jaiminho.anticorruption.xstreamadapter.core.model.MessageRequest","me.umov.jaiminho.anticorruption.xstreamadapter.core.service.UrlShortenerAdapter","me.umov.jaiminho.fixture.AttributeFixture","me.umov.jaiminho.fixture.MessageRequestFixture","me.umov.jaiminho.fixture.RuleFixture","me.umov.jaiminho.fixture.TaskFixture","me.umov.jaiminho.infrastructure.dao.TaskDao","me.umov.jaiminho.infrastructure.dao.entity.Rule","me.umov.jaiminho.infrastructure.dao.entity.Task"]},{"type":"me.umov.jaiminho.anticorruption.xstreamadapter.core.replace.ReplacementReportLinkTest","size":67,"dependencies":["me.umov.jaiminho.anticorruption.xstreamadapter.core.model.Attribute","me.umov.jaiminho.anticorruption.xstreamadapter.core.model.MessageRequest","me.umov.jaiminho.anticorruption.xstreamadapter.core.service.UrlShortenerAdapter","me.umov.jaiminho.fixture.AttributeFixture","me.umov.jaiminho.fixture.MessageRequestFixture","me.umov.jaiminho.fixture.RuleFixture","me.umov.jaiminho.fixture.TaskFixture","me.umov.jaiminho.infrastructure.dao.TaskDao","me.umov.jaiminho.infrastructure.dao.entity.Rule","me.umov.jaiminho.infrastructure.dao.entity.Task"]},{"type":"me.umov.jaiminho.domain.event.trigger.SendExecutedTest","size":66,"dependencies":["me.umov.jaiminho.domain.model.Notification"]},{"type":"me.umov.jaiminho.anticorruption.xstreamadapter.core.model.Attribute","size":65,"dependencies":[]},{"type":"me.umov.jaiminho.application.event.WorkerExecutedWithError","size":64,"dependencies":["me.umov.jaiminho.application.dto.EventMessage","me.umov.jaiminho.domain.event.trigger.FatalError","me.umov.jaiminho.domain.event.trigger.NotificationSent"]},{"type":"me.umov.jaiminho.application.observer.ReprocessNotificationSQSTest","size":64,"dependencies":["me.umov.jaiminho.application.event.ApplicationEventRegistry","me.umov.jaiminho.domain.event.trigger.NotificationHasBeenReprocessed","me.umov.jaiminho.domain.event.trigger.NotificationWasPerformed","me.umov.jaiminho.domain.event.trigger.SendExecuted","me.umov.jaiminho.infrastructure.producer.ProducerQueueBuilder","me.umov.jaiminho.infrastructure.producer.aws.ProducerService"]},{"type":"me.umov.jaiminho.infrastructure.dao.entity.RuleLog","size":63,"dependencies":["me.umov.jaiminho.infrastructure.dao.LocalDateTimeAttributeConverter"]},{"type":"me.umov.jaiminho.domain.JaiminhoBuilderTest","size":63,"dependencies":["me.umov.jaiminho.domain.event.DomainEventRegistry","me.umov.jaiminho.domain.model.Notification","me.umov.jaiminho.domain.ports.Jaiminho","me.umov.jaiminho.domain.ports.NotificationRepository"]},{"type":"me.umov.jaiminho.domain.SenderTest","size":63,"dependencies":["me.umov.jaiminho.domain.event.DomainEventRegistry","me.umov.jaiminho.domain.event.trigger.SendExecuted","me.umov.jaiminho.domain.model.Notification","me.umov.jaiminho.domain.ports.NotificationRepository"]},{"type":"me.umov.jaiminho.anticorruption.xstreamadapter.core.replace.ReplacementEntity","size":63,"dependencies":["me.umov.jaiminho.infrastructure.dao.entity.UsesCustomField"]},{"type":"me.umov.jaiminho.application.sqs.AWSConsumerTest","size":62,"dependencies":["me.umov.jaiminho.application.dto.EventMessage","me.umov.jaiminho.application.sqs.service.Worker"]},{"type":"me.umov.jaiminho.anticorruption.xstreamadapter.core.mapping.HistoryMapperTest","size":62,"dependencies":["me.umov.jaiminho.anticorruption.xstreamadapter.core.model.Attribute","me.umov.jaiminho.fixture.AttributeFixture","me.umov.jaiminho.fixture.HistoryItemFixture","me.umov.jaiminho.fixture.RuleFixture","me.umov.jaiminho.infrastructure.dao.HistoryItemDao","me.umov.jaiminho.infrastructure.dao.entity.HistoryItem","me.umov.jaiminho.infrastructure.dao.entity.Rule"]},{"type":"me.umov.jaiminho.application.sqs.service.Worker","size":62,"dependencies":["me.umov.jaiminho.application.dto.EventMessage","me.umov.jaiminho.application.event.ApplicationEventRegistry","me.umov.jaiminho.application.event.WorkerExecutedWithError","me.umov.jaiminho.application.sqs.ConverterMessageToNotification","me.umov.jaiminho.application.sqs.FactoryConverters","me.umov.jaiminho.domain.JaiminhoBuilder","me.umov.jaiminho.domain.exception.IdempotencyException","me.umov.jaiminho.domain.model.Attempts","me.umov.jaiminho.domain.model.Notification","me.umov.jaiminho.domain.model.ResponseNotification","me.umov.jaiminho.domain.ports.Jaiminho"]},{"type":"me.umov.jaiminho.application.controller.ReprocessController","size":61,"dependencies":["me.umov.jaiminho.application.dto.EntityDTO","me.umov.jaiminho.application.dto.ReprocessExecuted","me.umov.jaiminho.application.dto.ResultDTO","me.umov.jaiminho.domain.ports.Reprocess","me.umov.jaiminho.infrastructure.dao.ActionRuleRepository","me.umov.jaiminho.infrastructure.dao.entity.ActionRule","me.umov.jaiminho.infrastructure.producer.ProducerQueue","me.umov.jaiminho.infrastructure.producer.ProducerQueueBuilder"]},{"type":"me.umov.jaiminho.infrastructure.producer.aws.ProducerServiceTest","size":61,"dependencies":[]},{"type":"me.umov.jaiminho.anticorruption.xstreamadapter.core.model.HttpCredentials","size":60,"dependencies":["me.umov.jaiminho.domain.model.MultipleFactorAuthentication","me.umov.jaiminho.domain.ports.ICredentials"]},{"type":"me.umov.jaiminho.application.observer.CleanNotificationDocumentTest","size":60,"dependencies":["me.umov.jaiminho.domain.event.trigger.FatalError","me.umov.jaiminho.domain.event.trigger.SendExecuted","me.umov.jaiminho.infrastructure.dao.notification.PlataformEventRepository"]},{"type":"me.umov.jaiminho.anticorruption.xstreamadapter.core.mapping.SolveAttributeService","size":60,"dependencies":["me.umov.jaiminho.anticorruption.xstreamadapter.core.model.Attribute","me.umov.jaiminho.anticorruption.xstreamadapter.core.model.MessageRequest","me.umov.jaiminho.anticorruption.xstreamadapter.core.model.Recipients","me.umov.jaiminho.anticorruption.xstreamadapter.facade.TranslatorMessage","me.umov.jaiminho.infrastructure.dao.entity.Rule"]},{"type":"me.umov.jaiminho.infrastructure.configuration.AmazonSQSConfiguration","size":59,"dependencies":[]},{"type":"me.umov.jaiminho.anticorruption.xstreamadapter.core.converters.AttributeConverter","size":58,"dependencies":["me.umov.jaiminho.anticorruption.xstreamadapter.core.model.Attribute"]},{"type":"me.umov.jaiminho.anticorruption.xstreamadapter.core.mapping.AgentMapperTest","size":57,"dependencies":["me.umov.jaiminho.anticorruption.xstreamadapter.core.model.Attribute","me.umov.jaiminho.fixture.AgentFixture","me.umov.jaiminho.fixture.AttributeFixture","me.umov.jaiminho.fixture.RuleFixture","me.umov.jaiminho.fixture.TaskFixture","me.umov.jaiminho.infrastructure.dao.TaskDao","me.umov.jaiminho.infrastructure.dao.entity.Agent","me.umov.jaiminho.infrastructure.dao.entity.Rule","me.umov.jaiminho.infrastructure.dao.entity.Task"]},{"type":"me.umov.jaiminho.infrastructure.business.BusinessAdapter","size":57,"dependencies":["me.umov.jaiminho.domain.exception.JaiminhoBusinessException","me.umov.jaiminho.infrastructure.dao.PersinstenceHistory"]},{"type":"me.umov.jaiminho.anticorruption.xstreamadapter.core.replace.ReplacementGroupTest","size":57,"dependencies":["me.umov.jaiminho.anticorruption.xstreamadapter.core.model.Attribute","me.umov.jaiminho.anticorruption.xstreamadapter.core.model.MessageRequest","me.umov.jaiminho.anticorruption.xstreamadapter.core.model.Recipients","me.umov.jaiminho.fixture.AttributeFixture","me.umov.jaiminho.fixture.MessageRequestFixture","me.umov.jaiminho.fixture.RecipientsFixture","me.umov.jaiminho.fixture.RuleFixture","me.umov.jaiminho.infrastructure.dao.entity.Rule"]},{"type":"me.umov.jaiminho.infrastructure.dao.entity.HistoryItem","size":56,"dependencies":[]},{"type":"me.umov.jaiminho.infrastructure.dao.entity.SMS","size":56,"dependencies":[]},{"type":"me.umov.jaiminho.anticorruption.xstreamadapter.core.mapping.EntityMapper","size":56,"dependencies":["me.umov.jaiminho.anticorruption.xstreamadapter.core.model.Attribute","me.umov.jaiminho.infrastructure.dao.CustomFieldValueDao","me.umov.jaiminho.infrastructure.dao.TaskDao","me.umov.jaiminho.infrastructure.dao.entity.CustomFieldValue","me.umov.jaiminho.infrastructure.dao.entity.Rule","me.umov.jaiminho.infrastructure.dao.entity.Task"]},{"type":"me.umov.jaiminho.application.observer.LogGeneratorTest","size":56,"dependencies":["me.umov.jaiminho.application.event.WorkerExecutedWithError","me.umov.jaiminho.domain.event.trigger.NotificationHasBeenReprocessed","me.umov.jaiminho.domain.event.trigger.SendExecuted","me.umov.jaiminho.infrastructure.dao.LogDao"]},{"type":"me.umov.jaiminho.anticorruption.aws.DataStreamToNotificationConverter","size":56,"dependencies":["me.umov.jaiminho.anticorruption.xstreamadapter.core.model.HttpCredentials","me.umov.jaiminho.application.dto.EventMessage","me.umov.jaiminho.application.sqs.ConverterMessageToNotification","me.umov.jaiminho.domain.model.Attempts","me.umov.jaiminho.domain.model.Configuration","me.umov.jaiminho.domain.model.Identity","me.umov.jaiminho.domain.model.Message","me.umov.jaiminho.domain.model.Notification","me.umov.jaiminho.domain.model.Source","me.umov.jaiminho.domain.ports.ICredentials","me.umov.jaiminho.infrastructure.business.JwtService","me.umov.jaiminho.infrastructure.dao.document.PlataformEvent"]},{"type":"me.umov.jaiminho.anticorruption.xstreamadapter.core.converters.MessageRequestConverter","size":56,"dependencies":["me.umov.jaiminho.anticorruption.xstreamadapter.core.model.Attribute","me.umov.jaiminho.anticorruption.xstreamadapter.core.model.MessageRequest","me.umov.jaiminho.anticorruption.xstreamadapter.core.model.Recipients"]},{"type":"me.umov.jaiminho.infrastructure.email.AwsSesMailAdapterTest","size":55,"dependencies":["me.umov.jaiminho.domain.exception.BlacklistValidationException","me.umov.jaiminho.domain.model.Message","me.umov.jaiminho.fixture.MailRequestFixture"]},{"type":"me.umov.jaiminho.infrastructure.sms.SMSAdapter","size":54,"dependencies":["me.umov.jaiminho.domain.model.Notification","me.umov.jaiminho.domain.model.ResponseNotification","me.umov.jaiminho.domain.ports.ISms","me.umov.jaiminho.infrastructure.dao.SMSDao","me.umov.jaiminho.infrastructure.dao.entity.SMS","me.umov.jaiminho.infrastructure.http.HttpService","me.umov.jaiminho.infrastructure.util.EncoderURLService"]},{"type":"me.umov.jaiminho.anticorruption.xstreamadapter.core.MailOrSMSTranslatorMessageTest","size":53,"dependencies":["me.umov.jaiminho.anticorruption.xstreamadapter.core.mapping.SolveAttributeService","me.umov.jaiminho.anticorruption.xstreamadapter.core.model.MessageRequest","me.umov.jaiminho.anticorruption.xstreamadapter.core.replace.ReplacementMessage","me.umov.jaiminho.anticorruption.xstreamadapter.core.replace.ReplacementReportLink","me.umov.jaiminho.anticorruption.xstreamadapter.core.service.XStreamService","me.umov.jaiminho.fixture.ActionFixture","me.umov.jaiminho.fixture.MessageRequestFixture","me.umov.jaiminho.fixture.NotificationMessageFixture","me.umov.jaiminho.fixture.RuleFixture","me.umov.jaiminho.infrastructure.dao.dto.NotificationMessageDTO","me.umov.jaiminho.infrastructure.dao.entity.Action","me.umov.jaiminho.infrastructure.dao.entity.Rule"]},{"type":"me.umov.jaiminho.anticorruption.xstreamadapter.core.replace.ReplacementTaskTest","size":52,"dependencies":["me.umov.jaiminho.anticorruption.xstreamadapter.core.model.MessageRequest","me.umov.jaiminho.fixture.AttributeFixture","me.umov.jaiminho.fixture.MessageRequestFixture","me.umov.jaiminho.infrastructure.dao.TaskDao","me.umov.jaiminho.infrastructure.dao.entity.Rule","me.umov.jaiminho.infrastructure.dao.entity.Task"]},{"type":"me.umov.jaiminho.infrastructure.business.BusinessAdapterTest","size":52,"dependencies":[]},{"type":"me.umov.jaiminho.infrastructure.configuration.mongo.MongoConfig","size":50,"dependencies":[]},{"type":"me.umov.jaiminho.infrastructure.email.MailAdapter","size":49,"dependencies":["me.umov.jaiminho.domain.exception.BlacklistValidationException","me.umov.jaiminho.domain.model.Message","me.umov.jaiminho.domain.ports.IMailSender"]},{"type":"me.umov.jaiminho.domain.model.ResponseNotificationTest","size":49,"dependencies":[]},{"type":"me.umov.jaiminho.infrastructure.producer.aws.ProducerAWSBuilderTest","size":48,"dependencies":[]},{"type":"me.umov.jaiminho.domain.CallbackTest","size":47,"dependencies":["me.umov.jaiminho.domain.model.Notification","me.umov.jaiminho.domain.model.Request","me.umov.jaiminho.domain.model.ResponseNotification","me.umov.jaiminho.domain.ports.IHttp","me.umov.jaiminho.domain.ports.IRequest","me.umov.jaiminho.infrastructure.http.authentication.FactorAuthenticationService"]},{"type":"me.umov.jaiminho.domain.model.Identity","size":46,"dependencies":[]},{"type":"me.umov.jaiminho.domain.event.DomainEventRegistryTest","size":46,"dependencies":["me.umov.jaiminho.application.observer.LogGenerator","me.umov.jaiminho.domain.event.trigger.SendExecuted","me.umov.jaiminho.domain.model.Notification"]},{"type":"me.umov.jaiminho.infrastructure.sms.SMSAdapterTest","size":46,"dependencies":["me.umov.jaiminho.domain.model.Notification","me.umov.jaiminho.fixture.SMSFixture","me.umov.jaiminho.infrastructure.dao.SMSDao","me.umov.jaiminho.infrastructure.dao.entity.SMS","me.umov.jaiminho.infrastructure.dao.entity.SystemParameter","me.umov.jaiminho.infrastructure.http.HttpService","me.umov.jaiminho.infrastructure.util.EncoderURLService"]},{"type":"me.umov.jaiminho.domain.model.Recipient","size":44,"dependencies":[]},{"type":"me.umov.jaiminho.anticorruption.xstreamadapter.facade.TranslatorFactoryTest","size":44,"dependencies":["me.umov.jaiminho.anticorruption.xstreamadapter.core.CallbackTranslatorMessage","me.umov.jaiminho.anticorruption.xstreamadapter.core.MailOrSMSTranslatorMessage","me.umov.jaiminho.infrastructure.dao.entity.Action"]},{"type":"me.umov.jaiminho.domain.Sender","size":44,"dependencies":["me.umov.jaiminho.domain.event.DomainEventRegistry","me.umov.jaiminho.domain.event.trigger.SendExecuted","me.umov.jaiminho.domain.model.Notification","me.umov.jaiminho.domain.ports.Jaiminho","me.umov.jaiminho.domain.ports.NotificationRepository"]},{"type":"me.umov.jaiminho.anticorruption.xstreamadapter.core.replace.ReplacementActivityLinkTest","size":44,"dependencies":["me.umov.jaiminho.anticorruption.xstreamadapter.core.model.Attribute","me.umov.jaiminho.anticorruption.xstreamadapter.core.model.MessageRequest","me.umov.jaiminho.fixture.AttributeFixture","me.umov.jaiminho.fixture.HistoryFixture","me.umov.jaiminho.fixture.MessageRequestFixture","me.umov.jaiminho.fixture.RuleFixture","me.umov.jaiminho.fixture.TaskFixture","me.umov.jaiminho.infrastructure.dao.HistoryRepository","me.umov.jaiminho.infrastructure.dao.TaskDao","me.umov.jaiminho.infrastructure.dao.entity.Rule","me.umov.jaiminho.infrastructure.dao.entity.Task"]},{"type":"me.umov.jaiminho.infrastructure.configuration.MailSenderConfiguration","size":43,"dependencies":[]},{"type":"me.umov.jaiminho.application.controller.PlataformEventController","size":43,"dependencies":["me.umov.jaiminho.application.dto.EventMessage","me.umov.jaiminho.application.dto.ResultDTO","me.umov.jaiminho.application.sqs.service.DataStreamService"]},{"type":"me.umov.jaiminho.architecture.DomainTest","size":43,"dependencies":["me.umov.jaiminho.domain.event.trigger.DomainEvent","me.umov.jaiminho.domain.validators.RuleValidation"]},{"type":"me.umov.jaiminho.application.event.DataStreamWasProcessedTest","size":42,"dependencies":["me.umov.jaiminho.application.dto.EventMessage"]},{"type":"me.umov.jaiminho.anticorruption.xstreamadapter.core.mapping.TaskMapperTest","size":42,"dependencies":["me.umov.jaiminho.anticorruption.xstreamadapter.core.model.Attribute","me.umov.jaiminho.fixture.AttributeFixture","me.umov.jaiminho.fixture.RuleFixture","me.umov.jaiminho.fixture.TaskFixture","me.umov.jaiminho.infrastructure.dao.TaskDao","me.umov.jaiminho.infrastructure.dao.entity.Rule","me.umov.jaiminho.infrastructure.dao.entity.Task"]},{"type":"me.umov.jaiminho.application.observer.UpdateHistory","size":42,"dependencies":["me.umov.jaiminho.application.event.ApplicationEventRegistry","me.umov.jaiminho.domain.event.trigger.HistoryProcessedInError","me.umov.jaiminho.domain.event.trigger.SendExecuted","me.umov.jaiminho.domain.ports.ApplicationListener","me.umov.jaiminho.infrastructure.dao.ActionRuleRepository","me.umov.jaiminho.infrastructure.dao.HistoryRepository","me.umov.jaiminho.infrastructure.dao.entity.ActionRule"]},{"type":"me.umov.jaiminho.fixture.MailRequestFixture","size":41,"dependencies":["me.umov.jaiminho.domain.model.Message"]},{"type":"me.umov.jaiminho.application.observer.ReprocessNotificationSQS","size":41,"dependencies":["me.umov.jaiminho.application.event.ApplicationEventRegistry","me.umov.jaiminho.domain.event.trigger.NotificationHasBeenReprocessed","me.umov.jaiminho.domain.event.trigger.NotificationWasPerformed","me.umov.jaiminho.domain.event.trigger.SendExecuted","me.umov.jaiminho.domain.ports.ApplicationListener","me.umov.jaiminho.infrastructure.producer.ProducerQueue","me.umov.jaiminho.infrastructure.producer.ProducerQueueBuilder"]},{"type":"me.umov.jaiminho.anticorruption.xstreamadapter.core.service.XStreamService","size":41,"dependencies":["me.umov.jaiminho.anticorruption.xstreamadapter.core.converters.AttributeConverter","me.umov.jaiminho.anticorruption.xstreamadapter.core.converters.CallbackParameterConverter","me.umov.jaiminho.anticorruption.xstreamadapter.core.converters.MessageRequestConverter","me.umov.jaiminho.anticorruption.xstreamadapter.core.model.Attribute","me.umov.jaiminho.anticorruption.xstreamadapter.core.model.CallbackParameters","me.umov.jaiminho.anticorruption.xstreamadapter.core.model.MessageRequest","me.umov.jaiminho.anticorruption.xstreamadapter.core.model.Recipients"]},{"type":"me.umov.jaiminho.infrastructure.email.MailServiceTest","size":41,"dependencies":["me.umov.jaiminho.domain.model.Message","me.umov.jaiminho.domain.ports.IMailSender"]},{"type":"me.umov.jaiminho.infrastructure.dao.entity.CustomFieldValue","size":40,"dependencies":[]},{"type":"me.umov.jaiminho.infrastructure.business.JwtService","size":40,"dependencies":["me.umov.jaiminho.domain.exception.JaiminhoBusinessException"]},{"type":"me.umov.jaiminho.anticorruption.xstreamadapter.core.replace.ReplacementCustomField","size":40,"dependencies":["me.umov.jaiminho.infrastructure.dao.CustomFieldValueDao","me.umov.jaiminho.infrastructure.dao.entity.CustomFieldValue","me.umov.jaiminho.infrastructure.dao.entity.UsesCustomField"]},{"type":"me.umov.jaiminho.infrastructure.email.AwsSesMailByHtmlAdapterTest","size":40,"dependencies":["me.umov.jaiminho.domain.model.Message","me.umov.jaiminho.fixture.MailRequestFixture"]},{"type":"me.umov.jaiminho.domain.SMSTest","size":40,"dependencies":["me.umov.jaiminho.domain.model.Message","me.umov.jaiminho.domain.model.Notification","me.umov.jaiminho.domain.model.ResponseNotification","me.umov.jaiminho.domain.ports.ISms","me.umov.jaiminho.domain.validators.SmsValidator"]},{"type":"me.umov.jaiminho.anticorruption.aws.AWSFactoryTest","size":39,"dependencies":["me.umov.jaiminho.application.dto.EventMessage"]},{"type":"me.umov.jaiminho.infrastructure.producer.aws.ProducerAWSBuilder","size":39,"dependencies":["me.umov.jaiminho.application.event.DataStreamWasProcessed","me.umov.jaiminho.domain.ports.Reprocess","me.umov.jaiminho.infrastructure.producer.ProducerQueue","me.umov.jaiminho.infrastructure.producer.ProducerQueueBuilder"]},{"type":"me.umov.jaiminho.application.controller.MailController","size":39,"dependencies":["me.umov.jaiminho.domain.Email","me.umov.jaiminho.domain.model.Message","me.umov.jaiminho.domain.model.Notification","me.umov.jaiminho.domain.model.TaskResult"]},{"type":"me.umov.jaiminho.fixture.RuleFixture","size":38,"dependencies":["me.umov.jaiminho.infrastructure.dao.entity.History","me.umov.jaiminho.infrastructure.dao.entity.Rule"]},{"type":"me.umov.jaiminho.fixture.TaskFixture","size":38,"dependencies":["me.umov.jaiminho.anticorruption.xstreamadapter.core.mapping.ClientFixture","me.umov.jaiminho.infrastructure.dao.entity.Agent","me.umov.jaiminho.infrastructure.dao.entity.ServiceLocal","me.umov.jaiminho.infrastructure.dao.entity.Task"]},{"type":"me.umov.jaiminho.infrastructure.dao.entity.RuleTest","size":38,"dependencies":[]},{"type":"me.umov.jaiminho.application.dto.EventMessageTest","size":37,"dependencies":[]},{"type":"me.umov.jaiminho.domain.JaiminhoBuilder","size":37,"dependencies":["me.umov.jaiminho.domain.event.DomainEventRegistry","me.umov.jaiminho.domain.model.Notification","me.umov.jaiminho.domain.ports.Jaiminho","me.umov.jaiminho.domain.ports.NotificationRepository"]},{"type":"me.umov.jaiminho.infrastructure.dao.document.Header","size":36,"dependencies":[]},{"type":"me.umov.jaiminho.infrastructure.dao.entity.Action","size":36,"dependencies":[]},{"type":"me.umov.jaiminho.infrastructure.dao.document.Recipients","size":36,"dependencies":[]},{"type":"me.umov.jaiminho.infrastructure.dao.entity.SystemParameter","size":36,"dependencies":[]},{"type":"me.umov.jaiminho.domain.validators.rules.EmailFormatRuleValidation","size":36,"dependencies":["me.umov.jaiminho.domain.exception.JaiminhoBusinessException","me.umov.jaiminho.domain.model.Message","me.umov.jaiminho.domain.validators.RuleValidation"]},{"type":"me.umov.jaiminho.application.observer.LogGenerator","size":36,"dependencies":["me.umov.jaiminho.application.event.WorkerExecutedWithError","me.umov.jaiminho.domain.event.trigger.HistoryProcessedInError","me.umov.jaiminho.domain.event.trigger.Log","me.umov.jaiminho.domain.event.trigger.NotificationHasBeenReprocessed","me.umov.jaiminho.domain.event.trigger.NotificationSent","me.umov.jaiminho.domain.event.trigger.SendExecuted","me.umov.jaiminho.domain.ports.ApplicationListener","me.umov.jaiminho.infrastructure.dao.LogDao"]},{"type":"me.umov.jaiminho.infrastructure.dao.NotificationDAOTest","size":36,"dependencies":["me.umov.jaiminho.domain.model.Notification","me.umov.jaiminho.infrastructure.dao.entity.ActionRule"]},{"type":"me.umov.jaiminho.domain.EmailTest","size":36,"dependencies":["me.umov.jaiminho.domain.model.Message","me.umov.jaiminho.domain.model.Notification","me.umov.jaiminho.domain.ports.IMailService","me.umov.jaiminho.domain.validators.MailValidator"]},{"type":"me.umov.jaiminho.infrastructure.dao.dto.NotificationMessageDTO","size":35,"dependencies":["me.umov.jaiminho.infrastructure.dao.entity.Action","me.umov.jaiminho.infrastructure.dao.entity.ActionRule","me.umov.jaiminho.infrastructure.dao.entity.History","me.umov.jaiminho.infrastructure.dao.entity.Rule"]},{"type":"me.umov.jaiminho.anticorruption.xstreamadapter.core.converters.CallbackParameterConverter","size":35,"dependencies":["me.umov.jaiminho.anticorruption.xstreamadapter.core.model.CallbackParameters","me.umov.jaiminho.anticorruption.xstreamadapter.core.model.HttpCredentials"]},{"type":"me.umov.jaiminho.fixture.MessageRequestFixture","size":34,"dependencies":["me.umov.jaiminho.anticorruption.xstreamadapter.core.model.Attribute","me.umov.jaiminho.anticorruption.xstreamadapter.core.model.MessageRequest","me.umov.jaiminho.anticorruption.xstreamadapter.core.model.Recipients"]},{"type":"me.umov.jaiminho.application.sqs.AWSConsumer","size":34,"dependencies":["me.umov.jaiminho.application.dto.EventMessage","me.umov.jaiminho.application.sqs.service.DataStreamService","me.umov.jaiminho.application.sqs.service.Worker"]},{"type":"me.umov.jaiminho.anticorruption.xstreamadapter.core.MailOrSMSTranslatorMessage","size":34,"dependencies":["me.umov.jaiminho.anticorruption.xstreamadapter.core.mapping.SolveAttributeService","me.umov.jaiminho.anticorruption.xstreamadapter.core.model.MessageRequest","me.umov.jaiminho.anticorruption.xstreamadapter.core.replace.ReplacementMessage","me.umov.jaiminho.anticorruption.xstreamadapter.core.service.XStreamService","me.umov.jaiminho.anticorruption.xstreamadapter.facade.TranslatorMessage","me.umov.jaiminho.infrastructure.dao.dto.NotificationMessageDTO","me.umov.jaiminho.infrastructure.dao.entity.Rule"]},{"type":"me.umov.jaiminho.application.sqs.service.GroupResponse","size":33,"dependencies":[]},{"type":"me.umov.jaiminho.infrastructure.producer.aws.SendMessage","size":33,"dependencies":[]},{"type":"me.umov.jaiminho.anticorruption.xstreamadapter.core.replace.ReplacementHistoryLink","size":33,"dependencies":["me.umov.jaiminho.anticorruption.xstreamadapter.core.model.MessageRequest","me.umov.jaiminho.anticorruption.xstreamadapter.core.service.UrlShortenerAdapter","me.umov.jaiminho.infrastructure.dao.TaskDao","me.umov.jaiminho.infrastructure.dao.entity.Rule","me.umov.jaiminho.infrastructure.dao.entity.Task"]},{"type":"me.umov.jaiminho.anticorruption.xstreamadapter.core.converters.IgnoreTaskTypeConverter","size":33,"dependencies":[]},{"type":"me.umov.jaiminho.infrastructure.email.AwsSesMailByHtmlAdapter","size":33,"dependencies":["me.umov.jaiminho.domain.model.Message"]},{"type":"me.umov.jaiminho.domain.validators.MailValidatorTest","size":33,"dependencies":["me.umov.jaiminho.domain.model.Message","me.umov.jaiminho.domain.validators.rules.EmailFormatRuleValidation","me.umov.jaiminho.domain.validators.rules.ShouldSendEmailValidation","me.umov.jaiminho.domain.validators.rules.SubjectRuleValidation"]},{"type":"me.umov.jaiminho.infrastructure.http.authentication.factor.XCSRFAuthenticationImpl","size":33,"dependencies":["me.umov.jaiminho.domain.model.MultipleFactorAuthentication","me.umov.jaiminho.domain.model.Notification","me.umov.jaiminho.domain.model.Request","me.umov.jaiminho.domain.model.ResponseNotification","me.umov.jaiminho.domain.ports.IHttp","me.umov.jaiminho.domain.ports.IRequest"]},{"type":"me.umov.jaiminho.domain.exception.IdempotencyException","size":32,"dependencies":["me.umov.jaiminho.domain.model.Notification"]},{"type":"me.umov.jaiminho.domain.validators.rules.SmsTextLengthRuleValidationTest","size":32,"dependencies":["me.umov.jaiminho.domain.exception.JaiminhoBusinessException","me.umov.jaiminho.domain.model.Message"]},{"type":"me.umov.jaiminho.fixture.SMSFixture","size":31,"dependencies":["me.umov.jaiminho.infrastructure.dao.entity.SMS"]},{"type":"me.umov.jaiminho.domain.model.Body","size":31,"dependencies":[]},{"type":"me.umov.jaiminho.application.observer.NotificationExecutedSQS","size":31,"dependencies":["me.umov.jaiminho.application.event.DataStreamWasProcessed","me.umov.jaiminho.domain.ports.ApplicationListener","me.umov.jaiminho.infrastructure.producer.ProducerQueue","me.umov.jaiminho.infrastructure.producer.ProducerQueueBuilder"]},{"type":"me.umov.jaiminho.infrastructure.dao.PlataformEventDao","size":31,"dependencies":["me.umov.jaiminho.infrastructure.dao.document.PlataformEvent","me.umov.jaiminho.infrastructure.dao.notification.PlataformEventRepository"]},{"type":"me.umov.jaiminho.architecture.ApplicationTest","size":31,"dependencies":["me.umov.jaiminho.application.sqs.AWSConsumer","me.umov.jaiminho.domain.ports.ApplicationListener"]},{"type":"me.umov.jaiminho.domain.model.ServiceStatus","size":30,"dependencies":[]},{"type":"me.umov.jaiminho.domain.event.trigger.NotificationHasBeenReprocessed","size":30,"dependencies":[]},{"type":"me.umov.jaiminho.domain.validators.MessageRequestValidator","size":30,"dependencies":["me.umov.jaiminho.domain.exception.JaiminhoBusinessException","me.umov.jaiminho.domain.model.Message"]},{"type":"me.umov.jaiminho.infrastructure.email.MailSenderFactoryTest","size":30,"dependencies":["me.umov.jaiminho.fixture.MailRequestFixture"]},{"type":"me.umov.jaiminho.domain.event.DomainEventRegistry","size":30,"dependencies":["me.umov.jaiminho.domain.event.trigger.DomainEvent","me.umov.jaiminho.domain.ports.ApplicationListener","me.umov.jaiminho.domain.ports.EventRegistry"]},{"type":"me.umov.jaiminho.anticorruption.xstreamadapter.core.mapping.AttributeMapper","size":29,"dependencies":["me.umov.jaiminho.anticorruption.xstreamadapter.core.model.Attribute","me.umov.jaiminho.infrastructure.dao.entity.Rule"]},{"type":"me.umov.jaiminho.domain.event.trigger.HistoryProcessedInError","size":29,"dependencies":[]},{"type":"me.umov.jaiminho.infrastructure.producer.aws.SendMessageRequestService","size":29,"dependencies":[]},{"type":"me.umov.jaiminho.domain.validators.rules.PhoneLengthRuleValidationTest","size":29,"dependencies":["me.umov.jaiminho.domain.exception.JaiminhoBusinessException","me.umov.jaiminho.domain.model.Message"]},{"type":"me.umov.jaiminho.domain.validators.rules.ShouldSendEmailValidationTest","size":29,"dependencies":["me.umov.jaiminho.domain.exception.JaiminhoBusinessException","me.umov.jaiminho.domain.model.Message"]},{"type":"me.umov.jaiminho.domain.validators.rules.SubjectRuleValidationTest","size":29,"dependencies":["me.umov.jaiminho.domain.exception.JaiminhoBusinessException","me.umov.jaiminho.domain.model.Message"]},{"type":"me.umov.jaiminho.infrastructure.business.JwtServiceTest","size":29,"dependencies":[]},{"type":"me.umov.jaiminho.domain.validators.SmsValidatorTest","size":29,"dependencies":["me.umov.jaiminho.domain.model.Message","me.umov.jaiminho.domain.validators.rules.PhoneLengthRuleValidation","me.umov.jaiminho.domain.validators.rules.SmsTextLengthRuleValidation"]},{"type":"me.umov.jaiminho.anticorruption.xstreamadapter.core.replace.ReplacementTask","size":29,"dependencies":["me.umov.jaiminho.anticorruption.xstreamadapter.core.model.Attribute","me.umov.jaiminho.anticorruption.xstreamadapter.core.model.MessageRequest","me.umov.jaiminho.infrastructure.dao.TaskDao","me.umov.jaiminho.infrastructure.dao.entity.Rule","me.umov.jaiminho.infrastructure.dao.entity.Task"]},{"type":"me.umov.jaiminho.infrastructure.dao.NotificationDAO","size":29,"dependencies":["me.umov.jaiminho.domain.model.Notification","me.umov.jaiminho.domain.ports.NotificationRepository","me.umov.jaiminho.infrastructure.dao.entity.ActionRule"]},{"type":"me.umov.jaiminho.anticorruption.xstreamadapter.core.mapping.FactoryAttributeMapper","size":29,"dependencies":["me.umov.jaiminho.anticorruption.xstreamadapter.core.model.Attribute","me.umov.jaiminho.infrastructure.dao.entity.Rule"]},{"type":"me.umov.jaiminho.infrastructure.dao.document.Source","size":28,"dependencies":[]},{"type":"me.umov.jaiminho.infrastructure.dao.document.MessageLog","size":28,"dependencies":[]},{"type":"me.umov.jaiminho.architecture.InfrastructureTest","size":28,"dependencies":[]},{"type":"me.umov.jaiminho.application.event.DataStreamWasProcessed","size":27,"dependencies":["me.umov.jaiminho.application.dto.EventMessage","me.umov.jaiminho.infrastructure.producer.aws.MessageSQS"]},{"type":"me.umov.jaiminho.anticorruption.xstreamadapter.core.model.AttributeTest","size":27,"dependencies":[]},{"type":"me.umov.jaiminho.infrastructure.configuration.RestConfiguration","size":27,"dependencies":[]},{"type":"me.umov.jaiminho.infrastructure.producer.aws.ProducerService","size":27,"dependencies":["me.umov.jaiminho.infrastructure.producer.ProducerQueue"]},{"type":"me.umov.jaiminho.infrastructure.email.MailService","size":26,"dependencies":["me.umov.jaiminho.domain.model.Message","me.umov.jaiminho.domain.ports.IMailSender","me.umov.jaiminho.domain.ports.IMailService"]},{"type":"me.umov.jaiminho.architecture.GeneralTest","size":26,"dependencies":[]},{"type":"me.umov.jaiminho.fixture.AgentFixture","size":25,"dependencies":["me.umov.jaiminho.infrastructure.dao.entity.Agent"]},{"type":"me.umov.jaiminho.fixture.ServiceLocalFixture","size":25,"dependencies":["me.umov.jaiminho.infrastructure.dao.entity.ServiceLocal"]},{"type":"me.umov.jaiminho.infrastructure.email.AwsSesMailAdapter","size":25,"dependencies":["me.umov.jaiminho.domain.model.Message"]},{"type":"me.umov.jaiminho.anticorruption.xstreamadapter.core.model.GeneralSettings","size":24,"dependencies":[]},{"type":"me.umov.jaiminho.fixture.NotificationMessageFixture","size":24,"dependencies":["me.umov.jaiminho.infrastructure.dao.dto.NotificationMessageDTO","me.umov.jaiminho.infrastructure.dao.entity.Action","me.umov.jaiminho.infrastructure.dao.entity.ActionRule","me.umov.jaiminho.infrastructure.dao.entity.History","me.umov.jaiminho.infrastructure.dao.entity.Rule"]},{"type":"me.umov.jaiminho.infrastructure.dao.entity.Client","size":24,"dependencies":[]},{"type":"me.umov.jaiminho.application.dto.ReprocessExecuted","size":24,"dependencies":["me.umov.jaiminho.domain.ports.Reprocess"]},{"type":"me.umov.jaiminho.anticorruption.xstreamadapter.core.mapping.HistoryMapper","size":24,"dependencies":["me.umov.jaiminho.anticorruption.xstreamadapter.core.model.Attribute","me.umov.jaiminho.infrastructure.dao.entity.HistoryItem","me.umov.jaiminho.infrastructure.dao.entity.Rule"]},{"type":"me.umov.jaiminho.application.observer.CleanNotificationDocument","size":24,"dependencies":["me.umov.jaiminho.domain.event.trigger.NotificationSent","me.umov.jaiminho.domain.event.trigger.SendExecuted","me.umov.jaiminho.domain.ports.ApplicationListener","me.umov.jaiminho.infrastructure.dao.notification.PlataformEventRepository"]},{"type":"me.umov.jaiminho.anticorruption.xstreamadapter.core.model.CallbackParameters","size":23,"dependencies":[]},{"type":"me.umov.jaiminho.fixture.AttributeFixture","size":23,"dependencies":["me.umov.jaiminho.anticorruption.xstreamadapter.core.model.Attribute"]},{"type":"me.umov.jaiminho.infrastructure.util.EncoderURLService","size":23,"dependencies":[]},{"type":"me.umov.jaiminho.infrastructure.producer.aws.SendMessageTest","size":23,"dependencies":[]},{"type":"me.umov.jaiminho.infrastructure.dao.SMSImplDao","size":23,"dependencies":["me.umov.jaiminho.infrastructure.dao.entity.SMS","me.umov.jaiminho.infrastructure.dao.entity.SystemParameter"]},{"type":"me.umov.jaiminho.anticorruption.xstreamadapter.core.CallbackTranslatorMessage","size":23,"dependencies":["me.umov.jaiminho.anticorruption.xstreamadapter.core.model.CallbackParameters","me.umov.jaiminho.anticorruption.xstreamadapter.core.model.CallbackProtocol","me.umov.jaiminho.anticorruption.xstreamadapter.core.model.MessageRequest","me.umov.jaiminho.anticorruption.xstreamadapter.core.service.XStreamService","me.umov.jaiminho.anticorruption.xstreamadapter.facade.TranslatorMessage","me.umov.jaiminho.infrastructure.dao.dto.NotificationMessageDTO","me.umov.jaiminho.infrastructure.gson.GsonWrapper"]},{"type":"me.umov.jaiminho.domain.Email","size":23,"dependencies":["me.umov.jaiminho.domain.model.Notification","me.umov.jaiminho.domain.ports.IMailService","me.umov.jaiminho.domain.validators.MailValidator"]},{"type":"me.umov.jaiminho.domain.model.RecipientTest","size":22,"dependencies":[]},{"type":"me.umov.jaiminho.anticorruption.xstreamadapter.core.mapping.ServiceLocalMapper","size":22,"dependencies":["me.umov.jaiminho.anticorruption.xstreamadapter.core.model.Attribute","me.umov.jaiminho.infrastructure.dao.entity.Task"]},{"type":"me.umov.jaiminho.anticorruption.xstreamadapter.core.mapping.AgentMapper","size":22,"dependencies":["me.umov.jaiminho.anticorruption.xstreamadapter.core.model.Attribute","me.umov.jaiminho.infrastructure.dao.entity.Task"]},{"type":"me.umov.jaiminho.anticorruption.xstreamadapter.core.mapping.HistoryItemMapper","size":22,"dependencies":["me.umov.jaiminho.anticorruption.xstreamadapter.core.model.Attribute","me.umov.jaiminho.infrastructure.dao.HistoryItemDao","me.umov.jaiminho.infrastructure.dao.entity.HistoryItem","me.umov.jaiminho.infrastructure.dao.entity.Rule"]},{"type":"me.umov.jaiminho.infrastructure.http.authentication.FactorAuthenticationService","size":22,"dependencies":["me.umov.jaiminho.domain.model.Notification","me.umov.jaiminho.domain.model.Request","me.umov.jaiminho.domain.ports.IFactorAuthentication","me.umov.jaiminho.domain.ports.IRequest","me.umov.jaiminho.infrastructure.http.authentication.factor.FactorAuthentication"]},{"type":"me.umov.jaiminho.application.event.ApplicationEventRegistry","size":22,"dependencies":["me.umov.jaiminho.domain.ports.ApplicationListener"]},{"type":"me.umov.jaiminho.architecture.AnticorruptionTest","size":22,"dependencies":["me.umov.jaiminho.application.sqs.ConverterMessageToNotification","me.umov.jaiminho.application.sqs.FactoryConverters"]},{"type":"me.umov.jaiminho.anticorruption.aws.AWSFactory","size":21,"dependencies":["me.umov.jaiminho.application.dto.EventMessage","me.umov.jaiminho.application.sqs.ConverterMessageToNotification","me.umov.jaiminho.application.sqs.FactoryConverters"]},{"type":"me.umov.jaiminho.infrastructure.dao.document.EventState","size":21,"dependencies":[]},{"type":"me.umov.jaiminho.domain.Callback","size":21,"dependencies":["me.umov.jaiminho.domain.model.Notification","me.umov.jaiminho.domain.model.ResponseNotification","me.umov.jaiminho.domain.ports.IFactorAuthentication","me.umov.jaiminho.domain.ports.IHttp","me.umov.jaiminho.domain.ports.IRequest"]},{"type":"me.umov.jaiminho.domain.validators.MailValidator","size":21,"dependencies":["me.umov.jaiminho.domain.model.Message","me.umov.jaiminho.domain.validators.rules.EmailFormatRuleValidation","me.umov.jaiminho.domain.validators.rules.ShouldSendEmailValidation","me.umov.jaiminho.domain.validators.rules.SubjectRuleValidation"]},{"type":"me.umov.jaiminho.fixture.ActionRuleFixture","size":20,"dependencies":["me.umov.jaiminho.infrastructure.dao.entity.ActionRule","me.umov.jaiminho.infrastructure.dao.entity.Rule"]},{"type":"me.umov.jaiminho.fixture.RecipientsFixture","size":20,"dependencies":["me.umov.jaiminho.anticorruption.xstreamadapter.core.model.Attribute","me.umov.jaiminho.anticorruption.xstreamadapter.core.model.Recipients"]},{"type":"me.umov.jaiminho.fixture.CallbackCredentialsFixture","size":20,"dependencies":["me.umov.jaiminho.anticorruption.xstreamadapter.core.model.HttpCredentials"]},{"type":"me.umov.jaiminho.domain.event.trigger.NotificationNotPerformed","size":20,"dependencies":["me.umov.jaiminho.domain.model.Notification"]},{"type":"me.umov.jaiminho.infrastructure.configuration.MailSenderConfigurationTest","size":20,"dependencies":[]},{"type":"me.umov.jaiminho.anticorruption.xstreamadapter.core.service.UrlShortenerAdapter","size":20,"dependencies":[]},{"type":"me.umov.jaiminho.anticorruption.xstreamadapter.facade.TranslatorFactory","size":20,"dependencies":["me.umov.jaiminho.anticorruption.xstreamadapter.core.CallbackTranslatorMessage","me.umov.jaiminho.anticorruption.xstreamadapter.core.MailOrSMSTranslatorMessage","me.umov.jaiminho.infrastructure.dao.entity.Action"]},{"type":"me.umov.jaiminho.domain.SMS","size":20,"dependencies":["me.umov.jaiminho.domain.model.Notification","me.umov.jaiminho.domain.model.ResponseNotification","me.umov.jaiminho.domain.ports.ISms","me.umov.jaiminho.domain.validators.SmsValidator"]},{"type":"me.umov.jaiminho.fixture.ActionFixture","size":19,"dependencies":["me.umov.jaiminho.infrastructure.dao.entity.Action"]},{"type":"me.umov.jaiminho.fixture.HistoryItemFixture","size":19,"dependencies":["me.umov.jaiminho.infrastructure.dao.entity.HistoryItem"]},{"type":"me.umov.jaiminho.fixture.HistoryFixture","size":19,"dependencies":["me.umov.jaiminho.infrastructure.dao.entity.History"]},{"type":"me.umov.jaiminho.fixture.CallbackParametersFixture","size":19,"dependencies":["me.umov.jaiminho.anticorruption.xstreamadapter.core.model.CallbackParameters"]},{"type":"me.umov.jaiminho.infrastructure.dao.document.Credentials","size":19,"dependencies":[]},{"type":"me.umov.jaiminho.anticorruption.xstreamadapter.core.mapping.TaskMapper","size":19,"dependencies":["me.umov.jaiminho.anticorruption.xstreamadapter.core.model.Attribute","me.umov.jaiminho.infrastructure.dao.entity.Task"]},{"type":"me.umov.jaiminho.infrastructure.email.MailSenderFactory","size":19,"dependencies":["me.umov.jaiminho.domain.model.Message","me.umov.jaiminho.domain.ports.IMailSender"]},{"type":"me.umov.jaiminho.anticorruption.xstreamadapter.core.replace.ReplacementMessage","size":18,"dependencies":["me.umov.jaiminho.anticorruption.xstreamadapter.core.model.Attribute","me.umov.jaiminho.anticorruption.xstreamadapter.core.model.MessageRequest","me.umov.jaiminho.infrastructure.dao.entity.Rule"]},{"type":"me.umov.jaiminho.anticorruption.xstreamadapter.core.replace.ReplacementActivityLink","size":18,"dependencies":["me.umov.jaiminho.infrastructure.dao.entity.History","me.umov.jaiminho.infrastructure.dao.entity.Rule","me.umov.jaiminho.infrastructure.dao.entity.Task"]},{"type":"me.umov.jaiminho.application.controller.VersionController","size":18,"dependencies":[]},{"type":"me.umov.jaiminho.infrastructure.http.authentication.MFAFactory","size":18,"dependencies":["me.umov.jaiminho.domain.model.MultipleFactorAuthentication","me.umov.jaiminho.infrastructure.http.authentication.exception.FactorAuthenticationNotDefinedException","me.umov.jaiminho.infrastructure.http.authentication.factor.FactorAuthentication","me.umov.jaiminho.infrastructure.http.authentication.factor.XCSRFAuthenticationImpl"]},{"type":"me.umov.jaiminho.domain.validators.SmsValidator","size":18,"dependencies":["me.umov.jaiminho.domain.model.Message","me.umov.jaiminho.domain.validators.rules.PhoneLengthRuleValidation","me.umov.jaiminho.domain.validators.rules.SmsTextLengthRuleValidation"]},{"type":"me.umov.jaiminho.infrastructure.dao.HistoryImplDAO","size":17,"dependencies":["me.umov.jaiminho.infrastructure.dao.entity.History"]},{"type":"me.umov.jaiminho.anticorruption.xstreamadapter.core.converters.GeneralSettingsConverter","size":17,"dependencies":["me.umov.jaiminho.anticorruption.xstreamadapter.core.model.GeneralSettings"]},{"type":"me.umov.jaiminho.infrastructure.dao.CustomFieldValueDao","size":17,"dependencies":["me.umov.jaiminho.infrastructure.dao.entity.CustomFieldValue"]},{"type":"me.umov.jaiminho.domain.model.MultipleFactorAuthentication","size":16,"dependencies":[]},{"type":"me.umov.jaiminho.domain.model.Source","size":16,"dependencies":[]},{"type":"me.umov.jaiminho.application.dto.ResultDTO","size":16,"dependencies":[]},{"type":"me.umov.jaiminho.application.dto.StatusMessage","size":16,"dependencies":[]},{"type":"me.umov.jaiminho.domain.model.MessageTest","size":16,"dependencies":[]},{"type":"me.umov.jaiminho.infrastructure.configuration.mongo.MultipleMongoProperties","size":16,"dependencies":[]},{"type":"me.umov.jaiminho.infrastructure.dao.LocalDateTimeAttributeConverter","size":16,"dependencies":[]},{"type":"me.umov.jaiminho.JaiminhoApplication","size":16,"dependencies":[]},{"type":"me.umov.jaiminho.domain.ports.IRequest","size":15,"dependencies":[]},{"type":"me.umov.jaiminho.anticorruption.xstreamadapter.core.mapping.ClientFixture","size":15,"dependencies":["me.umov.jaiminho.infrastructure.dao.entity.Client"]},{"type":"me.umov.jaiminho.fixture.CustomFieldValueFixture","size":15,"dependencies":["me.umov.jaiminho.infrastructure.dao.entity.CustomFieldValue"]},{"type":"me.umov.jaiminho.anticorruption.xstreamadapter.core.replace.ReplacementAgentLink","size":15,"dependencies":["me.umov.jaiminho.infrastructure.dao.entity.Rule","me.umov.jaiminho.infrastructure.dao.entity.Task"]},{"type":"me.umov.jaiminho.infrastructure.configuration.NotificationBlacklistConfiguration","size":15,"dependencies":[]},{"type":"me.umov.jaiminho.infrastructure.configuration.JwtConfiguration","size":15,"dependencies":[]},{"type":"me.umov.jaiminho.anticorruption.xstreamadapter.core.model.CallbackProtocol","size":14,"dependencies":["me.umov.jaiminho.infrastructure.dao.entity.History"]},{"type":"me.umov.jaiminho.infrastructure.dao.TaskDao","size":14,"dependencies":["me.umov.jaiminho.infrastructure.dao.entity.Task"]},{"type":"me.umov.jaiminho.anticorruption.xstreamadapter.core.replace.ReplacementReportLink","size":14,"dependencies":["me.umov.jaiminho.infrastructure.dao.entity.Rule","me.umov.jaiminho.infrastructure.dao.entity.Task"]},{"type":"me.umov.jaiminho.anticorruption.xstreamadapter.core.replace.ReplacementGroup","size":14,"dependencies":["me.umov.jaiminho.anticorruption.xstreamadapter.core.model.MessageRequest","me.umov.jaiminho.infrastructure.dao.entity.Rule"]},{"type":"me.umov.jaiminho.domain.validators.rules.SmsTextLengthRuleValidation","size":14,"dependencies":["me.umov.jaiminho.domain.exception.JaiminhoBusinessException","me.umov.jaiminho.domain.model.Message","me.umov.jaiminho.domain.validators.RuleValidation"]},{"type":"me.umov.jaiminho.domain.validators.rules.ShouldSendEmailValidation","size":14,"dependencies":["me.umov.jaiminho.domain.exception.JaiminhoBusinessException","me.umov.jaiminho.domain.model.Message","me.umov.jaiminho.domain.validators.RuleValidation"]},{"type":"me.umov.jaiminho.domain.validators.rules.PhoneLengthRuleValidation","size":14,"dependencies":["me.umov.jaiminho.domain.exception.JaiminhoBusinessException","me.umov.jaiminho.domain.model.Message","me.umov.jaiminho.domain.validators.RuleValidation"]},{"type":"me.umov.jaiminho.domain.model.TaskResult","size":14,"dependencies":[]},{"type":"me.umov.jaiminho.domain.validators.rules.SubjectRuleValidation","size":13,"dependencies":["me.umov.jaiminho.domain.exception.JaiminhoBusinessException","me.umov.jaiminho.domain.model.Message","me.umov.jaiminho.domain.validators.RuleValidation"]},{"type":"me.umov.jaiminho.domain.ports.ICredentials","size":12,"dependencies":["me.umov.jaiminho.domain.model.MultipleFactorAuthentication"]},{"type":"me.umov.jaiminho.infrastructure.gson.GsonWrapper","size":12,"dependencies":[]},{"type":"me.umov.jaiminho.fixture.SimpleMailMessageFixture","size":11,"dependencies":[]},{"type":"me.umov.jaiminho.domain.event.trigger.NotificationSent","size":10,"dependencies":[]},{"type":"me.umov.jaiminho.infrastructure.dao.notification.PlataformEventRepository","size":10,"dependencies":["me.umov.jaiminho.infrastructure.dao.document.PlataformEvent"]},{"type":"me.umov.jaiminho.domain.validators.BusinessValidator","size":10,"dependencies":[]},{"type":"me.umov.jaiminho.domain.exception.JaiminhoBusinessException","size":10,"dependencies":[]},{"type":"me.umov.jaiminho.infrastructure.configuration.NotificationBlacklistConfigurationTest","size":10,"dependencies":[]},{"type":"me.umov.jaiminho.infrastructure.business.RequestBuilder","size":10,"dependencies":[]},{"type":"me.umov.jaiminho.architecture.IgnoreTests","size":9,"dependencies":[]},{"type":"me.umov.jaiminho.infrastructure.dao.sentinel.MessageLogRepository","size":9,"dependencies":["me.umov.jaiminho.infrastructure.dao.document.MessageLog"]},{"type":"me.umov.jaiminho.domain.ports.Reprocess","size":7,"dependencies":[]},{"type":"me.umov.jaiminho.infrastructure.producer.ProducerQueueBuilder","size":7,"dependencies":["me.umov.jaiminho.domain.ports.Reprocess","me.umov.jaiminho.infrastructure.producer.aws.MessageSQS"]},{"type":"me.umov.jaiminho.domain.ports.IHttp","size":7,"dependencies":["me.umov.jaiminho.domain.model.ResponseNotification"]},{"type":"me.umov.jaiminho.infrastructure.dao.HistoryItemDao","size":7,"dependencies":["me.umov.jaiminho.infrastructure.dao.entity.HistoryItem"]},{"type":"me.umov.jaiminho.application.dto.EntityDTO","size":7,"dependencies":[]},{"type":"me.umov.jaiminho.application.sqs.service.LimitException","size":7,"dependencies":[]},{"type":"me.umov.jaiminho.infrastructure.configuration.mongo.NotificationMongoConfig","size":7,"dependencies":[]},{"type":"me.umov.jaiminho.infrastructure.configuration.mongo.SentinelMongoConfig","size":7,"dependencies":[]},{"type":"me.umov.jaiminho.infrastructure.dao.ActionRuleRepository","size":7,"dependencies":["me.umov.jaiminho.infrastructure.dao.entity.ActionRule"]},{"type":"me.umov.jaiminho.infrastructure.dao.RuleLogDao","size":7,"dependencies":["me.umov.jaiminho.infrastructure.dao.entity.RuleLog"]},{"type":"me.umov.jaiminho.infrastructure.dao.entity.UsesCustomField","size":6,"dependencies":[]},{"type":"me.umov.jaiminho.domain.event.trigger.DomainEvent","size":6,"dependencies":[]},{"type":"me.umov.jaiminho.infrastructure.producer.aws.MessageSQS","size":6,"dependencies":[]},{"type":"me.umov.jaiminho.infrastructure.dao.SMSDao","size":6,"dependencies":["me.umov.jaiminho.infrastructure.dao.entity.SMS"]},{"type":"me.umov.jaiminho.infrastructure.dao.HistoryRepository","size":6,"dependencies":["me.umov.jaiminho.infrastructure.dao.entity.History"]},{"type":"me.umov.jaiminho.anticorruption.xstreamadapter.facade.TranslatorMessage","size":6,"dependencies":["me.umov.jaiminho.anticorruption.xstreamadapter.core.model.MessageRequest","me.umov.jaiminho.infrastructure.dao.dto.NotificationMessageDTO"]},{"type":"me.umov.jaiminho.infrastructure.http.authentication.factor.FactorAuthentication","size":6,"dependencies":["me.umov.jaiminho.domain.model.Notification","me.umov.jaiminho.domain.ports.IRequest"]},{"type":"me.umov.jaiminho.infrastructure.http.authentication.exception.FactorAuthenticationNotDefinedException","size":6,"dependencies":[]},{"type":"me.umov.jaiminho.infrastructure.dao.SystemParameterDao","size":6,"dependencies":["me.umov.jaiminho.infrastructure.dao.entity.SystemParameter"]},{"type":"me.umov.jaiminho.domain.ports.ISms","size":6,"dependencies":["me.umov.jaiminho.domain.model.Notification","me.umov.jaiminho.domain.model.ResponseNotification"]},{"type":"me.umov.jaiminho.domain.exception.MailValidationException","size":6,"dependencies":[]},{"type":"me.umov.jaiminho.domain.exception.BlacklistValidationException","size":6,"dependencies":[]},{"type":"me.umov.jaiminho.application.sqs.ConverterMessageToNotification","size":6,"dependencies":["me.umov.jaiminho.application.dto.EventMessage","me.umov.jaiminho.domain.model.Notification"]},{"type":"me.umov.jaiminho.domain.ports.ApplicationListener","size":5,"dependencies":[]},{"type":"me.umov.jaiminho.anticorruption.xstreamadapter.facade.NotificationTranslatorFactory","size":5,"dependencies":["me.umov.jaiminho.infrastructure.dao.entity.Action"]},{"type":"me.umov.jaiminho.domain.ports.IMailService","size":5,"dependencies":["me.umov.jaiminho.domain.model.Message"]},{"type":"me.umov.jaiminho.domain.ports.NotificationRepository","size":5,"dependencies":["me.umov.jaiminho.domain.model.Notification"]},{"type":"me.umov.jaiminho.domain.ports.IFactorAuthentication","size":5,"dependencies":["me.umov.jaiminho.domain.model.Notification"]},{"type":"me.umov.jaiminho.domain.ports.Jaiminho","size":5,"dependencies":["me.umov.jaiminho.domain.model.Notification"]},{"type":"me.umov.jaiminho.domain.event.trigger.Log","size":5,"dependencies":[]},{"type":"me.umov.jaiminho.domain.event.trigger.NotificationWasPerformed","size":5,"dependencies":["me.umov.jaiminho.domain.ports.Reprocess"]},{"type":"me.umov.jaiminho.domain.Deliverable","size":5,"dependencies":["me.umov.jaiminho.domain.model.Notification"]},{"type":"me.umov.jaiminho.application.sqs.FactoryConverters","size":5,"dependencies":["me.umov.jaiminho.application.dto.EventMessage"]},{"type":"me.umov.jaiminho.infrastructure.dao.SMSRepository","size":5,"dependencies":["me.umov.jaiminho.infrastructure.dao.entity.SMS"]},{"type":"me.umov.jaiminho.infrastructure.dao.HistoryDao","size":5,"dependencies":["me.umov.jaiminho.infrastructure.dao.entity.History"]},{"type":"me.umov.jaiminho.infrastructure.producer.ProducerQueue","size":4,"dependencies":[]},{"type":"me.umov.jaiminho.infrastructure.dao.PersinstenceHistory","size":4,"dependencies":[]},{"type":"me.umov.jaiminho.domain.ports.IMailSender","size":4,"dependencies":[]},{"type":"me.umov.jaiminho.domain.ports.EventRegistry","size":4,"dependencies":[]},{"type":"me.umov.jaiminho.domain.event.trigger.FatalError","size":4,"dependencies":[]},{"type":"me.umov.jaiminho.domain.validators.RuleValidation","size":4,"dependencies":[]}]