{"name":"variants","children":[{"name":"me.umov.ureport","children":[{"name":"BuildInfo","sloc":15,"wmc":4},{"name":"AppStarter","sloc":48,"wmc":5}]},{"name":"me.umov.ureport.interceptor","children":[{"name":"LocaleInterceptor","sloc":31,"wmc":2},{"name":"UserInterceptor","sloc":36,"wmc":4}]},{"name":"me.umov.ureport.config.spring","children":[{"name":"InterceptorConfig","sloc":22,"wmc":2},{"name":"AuthClientConfig","sloc":19,"wmc":2},{"name":"SessionLocaleResolverConfig","sloc":11,"wmc":1}]},{"name":"me.umov.ureport.config.database.multitenant","children":[{"name":"MultiTenantProvider","sloc":56,"wmc":8},{"name":"MultiTenantResolver","sloc":21,"wmc":3}]},{"name":"me.umov.ureport.config.database.dataSource","children":[{"name":"DbViewDatabaseConfig","sloc":67,"wmc":5},{"name":"ReportDatabaseConfig","sloc":44,"wmc":4}]},{"name":"me.umov.ureport.config.database.converter","children":[{"name":"LocalDateTimeAttributeConverter","sloc":16,"wmc":4}]},{"name":"me.umov.ureport.config.report","children":[{"name":"ReportConfiguration","sloc":24,"wmc":4},{"name":"DefaultLimits","sloc":25,"wmc":4}]},{"name":"me.umov.ureport.persistence.type","children":[{"name":"JSONParametersType","sloc":73,"wmc":16},{"name":"JSONTagsType","sloc":67,"wmc":14}]},{"name":"me.umov.ureport.controller","children":[{"name":"LocalClassController","sloc":23,"wmc":2},{"name":"ReportController","sloc":437,"wmc":65},{"name":"PresentationDownloadController","sloc":52,"wmc":6},{"name":"ActivitySectionController","sloc":30,"wmc":3},{"name":"LocalController","sloc":29,"wmc":3},{"name":"IndexController","sloc":23,"wmc":2},{"name":"LoginController","sloc":41,"wmc":5},{"name":"ActivityController","sloc":23,"wmc":2},{"name":"TeamController","sloc":26,"wmc":2},{"name":"AgentController","sloc":40,"wmc":4},{"name":"StatusController","sloc":26,"wmc":2},{"name":"ActivityFieldController","sloc":45,"wmc":6},{"name":"FilterController","sloc":193,"wmc":10}]},{"name":"me.umov.ureport.controller.dto.multiselect","children":[{"name":"MultiSelectDTO","sloc":28,"wmc":8},{"name":"MediaController","sloc":23,"wmc":3}]},{"name":"me.umov.ureport.controller.item","children":[{"name":"ItemSubGroupController","sloc":28,"wmc":3},{"name":"ItemGroupController","sloc":22,"wmc":2},{"name":"ItemController","sloc":28,"wmc":3}]},{"name":"me.umov.ureport.service","children":[{"name":"AuthenticationService","sloc":51,"wmc":6}]},{"name":"me.umov.ureport.service.dbview","children":[{"name":"AgentService","sloc":92,"wmc":10},{"name":"PhotoBookService","sloc":56,"wmc":7},{"name":"HistoryValueService","sloc":43,"wmc":3},{"name":"TeamService","sloc":72,"wmc":5},{"name":"ActivitySectionService","sloc":76,"wmc":9},{"name":"ActivityFieldService","sloc":113,"wmc":14},{"name":"LocalService","sloc":75,"wmc":9},{"name":"ActivityService","sloc":64,"wmc":8},{"name":"LocalClassService","sloc":59,"wmc":5}]},{"name":"me.umov.ureport.service.dbview.item","children":[{"name":"ItemSubGroupService","sloc":57,"wmc":7},{"name":"ItemGroupService","sloc":43,"wmc":4},{"name":"ItemService","sloc":56,"wmc":7}]},{"name":"me.umov.ureport.service.report","children":[{"name":"MediaService","sloc":75,"wmc":16},{"name":"StatusService","sloc":50,"wmc":10},{"name":"ScheduledReportService","sloc":67,"wmc":9},{"name":"FilterService","sloc":109,"wmc":16},{"name":"LimitsService","sloc":38,"wmc":3},{"name":"ReportService","sloc":44,"wmc":5},{"name":"EnvironmentService","sloc":23,"wmc":1}]},{"name":"me.umov.ureport.service.aws","children":[{"name":"AWSProducerService","sloc":18,"wmc":1}]},{"name":"me.umov.ureport.model.dbview","children":[{"name":"ActivitySection","sloc":40,"wmc":10},{"name":"TeamAgent","sloc":36,"wmc":10},{"name":"LocalClass","sloc":50,"wmc":13},{"name":"ItemSubGroup","sloc":44,"wmc":10},{"name":"TeamAgentRecursiveView","sloc":20,"wmc":2},{"name":"ResponsibleTeamRecursiveViewPK","sloc":53,"wmc":17},{"name":"Activity","sloc":51,"wmc":13},{"name":"Item","sloc":41,"wmc":10},{"name":"ActivityField","sloc":48,"wmc":12},{"name":"Task","sloc":160,"wmc":39},{"name":"AgentActivity","sloc":33,"wmc":6},{"name":"Local","sloc":44,"wmc":10},{"name":"Agent","sloc":74,"wmc":16},{"name":"ItemGroup","sloc":38,"wmc":8},{"name":"TeamAgentRecursiveViewPK","sloc":53,"wmc":17},{"name":"ResponsibleTeamRecursiveView","sloc":20,"wmc":2},{"name":"History","sloc":102,"wmc":30},{"name":"HistoryValue","sloc":156,"wmc":44},{"name":"Team","sloc":52,"wmc":12}]},{"name":"me.umov.ureport.model.report","children":[{"name":"ScheduledReport","sloc":148,"wmc":32},{"name":"Report","sloc":56,"wmc":12},{"name":"MediaTagsDTO","sloc":40,"wmc":11},{"name":"Environment","sloc":44,"wmc":9},{"name":"PhotoBookDataDTO","sloc":196,"wmc":44},{"name":"FilterStructureDTO","sloc":145,"wmc":31},{"name":"PhotoBookReportParameters","sloc":477,"wmc":141},{"name":"FilterPermission","sloc":34,"wmc":6},{"name":"Status","sloc":16,"wmc":3},{"name":"DBServiceStatus","sloc":15,"wmc":3},{"name":"FilterDTO","sloc":44,"wmc":11},{"name":"GoogleImageFile","sloc":23,"wmc":6},{"name":"Tags","sloc":29,"wmc":8},{"name":"HistoryValueDTO","sloc":29,"wmc":7},{"name":"Limits","sloc":60,"wmc":13},{"name":"PhotoBookDataRelatedFieldsDTO","sloc":121,"wmc":31},{"name":"MediaTags","sloc":70,"wmc":17},{"name":"Filter","sloc":72,"wmc":14}]},{"name":"me.umov.ureport.model","children":[{"name":"UserLimits","sloc":37,"wmc":10},{"name":"User","sloc":91,"wmc":21}]},{"name":"me.umov.ureport.model.aws","children":[{"name":"ScheduledReportQueueItem","sloc":15,"wmc":3}]},{"name":"me.umov.ureport.dao","children":[{"name":"PhotoBookSQLFilter","sloc":146,"wmc":40},{"name":"AbstractPhotoBookSQLFilter","sloc":12,"wmc":7},{"name":"PhotoBookDao","sloc":324,"wmc":54},{"name":"MediaDAO","sloc":86,"wmc":8},{"name":"FilterPermissionDAO","sloc":49,"wmc":4},{"name":"ScheduledReportDAO","sloc":52,"wmc":5},{"name":"PhotoBookRelatedFieldsSQLFilter","sloc":61,"wmc":16},{"name":"FilterDAO","sloc":83,"wmc":9},{"name":"ReportDAO","sloc":38,"wmc":1}]},{"name":"me.umov.ureport.exception","children":[{"name":"AtLeastOneImageRequiredException","sloc":6,"wmc":1},{"name":"MissingActivityException","sloc":6,"wmc":1},{"name":"RangeDateFilterException","sloc":6,"wmc":1},{"name":"AtLeastOneFieldRequiredException","sloc":6,"wmc":1},{"name":"ScheduledReportException","sloc":19,"wmc":5},{"name":"MediaValidationException","sloc":4,"wmc":1},{"name":"MissingPhotosActivityFieldsException","sloc":6,"wmc":1},{"name":"MissingTaskSituationException","sloc":6,"wmc":1},{"name":"TooManyImagesSelectedException","sloc":6,"wmc":1},{"name":"MissingDatesException","sloc":6,"wmc":1}]}]}