"type","dep","i-dep","fan-in","fan-out"
"me.umov.ureport.model.report.PhotoBookReportParameters",20,8,3,10
"me.umov.ureport.controller.ReportController",34,8,0,10
"me.umov.ureport.dao.PhotoBookDao",22,3,2,11
"me.umov.ureport.model.report.PhotoBookDataDTO",3,0,2,1
"me.umov.ureport.controller.FilterController",32,8,0,10
"me.umov.ureport.model.dbview.Task",7,1,0,4
"me.umov.ureport.model.dbview.HistoryValue",4,0,2,0
"me.umov.ureport.model.report.ScheduledReport",7,1,4,3
"me.umov.ureport.dao.PhotoBookSQLFilter",3,0,2,1
"me.umov.ureport.model.report.FilterStructureDTO",13,1,0,2
"me.umov.ureport.model.report.PhotoBookDataRelatedFieldsDTO",0,0,0,0
"me.umov.ureport.service.dbview.ActivityFieldService",15,2,1,5
"me.umov.ureport.service.report.FilterService",9,3,2,5
"me.umov.ureport.model.dbview.History",4,0,0,0
"me.umov.ureport.service.dbview.AgentService",16,5,1,7
"me.umov.ureport.model.User",7,0,27,3
"me.umov.ureport.dao.MediaDAO",16,2,1,5
"me.umov.ureport.dao.FilterDAO",14,5,1,6
"me.umov.ureport.service.dbview.ActivitySectionService",11,1,1,3
"me.umov.ureport.service.report.MediaService",11,6,2,7
"me.umov.ureport.service.dbview.LocalService",10,1,1,3
"me.umov.ureport.model.dbview.Agent",8,0,2,1
"me.umov.ureport.persistence.type.JSONParametersType",14,1,0,4
"me.umov.ureport.model.report.Filter",4,0,2,1
"me.umov.ureport.service.dbview.TeamService",13,3,1,4
"me.umov.ureport.model.report.MediaTags",6,0,5,2
"me.umov.ureport.persistence.type.JSONTagsType",14,1,0,4
"me.umov.ureport.service.report.ScheduledReportService",14,8,3,9
"me.umov.ureport.config.database.dataSource.DbViewDatabaseConfig",23,0,0,2
"me.umov.ureport.service.dbview.ActivityService",15,2,1,4
"me.umov.ureport.dao.PhotoBookRelatedFieldsSQLFilter",3,0,0,1
"me.umov.ureport.model.report.Limits",1,0,2,1
"me.umov.ureport.service.dbview.LocalClassService",12,2,1,3
"me.umov.ureport.service.dbview.item.ItemSubGroupService",12,2,3,4
"me.umov.ureport.model.report.Report",2,0,3,0
"me.umov.ureport.config.database.multitenant.MultiTenantProvider",8,0,0,3
"me.umov.ureport.service.dbview.PhotoBookService",8,4,0,5
"me.umov.ureport.service.dbview.item.ItemService",11,1,3,3
"me.umov.ureport.model.dbview.ResponsibleTeamRecursiveViewPK",3,0,0,2
"me.umov.ureport.model.dbview.TeamAgentRecursiveViewPK",3,0,0,2
"me.umov.ureport.model.dbview.Team",5,0,2,0
"me.umov.ureport.controller.PresentationDownloadController",17,3,0,5
"me.umov.ureport.dao.ScheduledReportDAO",13,2,1,3
"me.umov.ureport.model.dbview.Activity",3,0,1,1
"me.umov.ureport.service.AuthenticationService",10,4,2,4
"me.umov.ureport.model.dbview.LocalClass",4,0,1,1
"me.umov.ureport.service.report.StatusService",9,3,1,4
"me.umov.ureport.dao.FilterPermissionDAO",12,3,1,3
"me.umov.ureport.model.dbview.ActivityField",1,0,2,0
"me.umov.ureport.AppStarter",15,0,0,1
"me.umov.ureport.controller.ActivityFieldController",10,3,0,4
"me.umov.ureport.model.report.FilterDTO",2,0,0,1
"me.umov.ureport.model.dbview.ItemSubGroup",1,0,1,0
"me.umov.ureport.model.dbview.Local",2,0,2,0
"me.umov.ureport.model.report.Environment",4,0,5,1
"me.umov.ureport.config.database.dataSource.ReportDatabaseConfig",13,0,0,1
"me.umov.ureport.service.report.ReportService",14,3,2,4
"me.umov.ureport.service.dbview.HistoryValueService",12,2,1,3
"me.umov.ureport.service.dbview.item.ItemGroupService",12,2,3,3
"me.umov.ureport.model.dbview.Item",1,0,2,0
"me.umov.ureport.controller.LoginController",9,2,0,3
"me.umov.ureport.model.report.MediaTagsDTO",0,0,2,0
"me.umov.ureport.model.dbview.ActivitySection",1,0,2,0
"me.umov.ureport.controller.AgentController",10,3,0,3
"me.umov.ureport.model.dbview.ItemGroup",4,0,2,0
"me.umov.ureport.service.report.LimitsService",14,4,1,4
"me.umov.ureport.dao.ReportDAO",17,4,1,4
"me.umov.ureport.model.UserLimits",1,1,2,1
"me.umov.ureport.model.dbview.TeamAgent",1,0,0,0
"me.umov.ureport.interceptor.UserInterceptor",10,2,1,3
"me.umov.ureport.model.report.FilterPermission",2,0,2,0
"me.umov.ureport.model.dbview.AgentActivity",2,0,0,0
"me.umov.ureport.interceptor.LocaleInterceptor",11,1,1,2
"me.umov.ureport.controller.ActivitySectionController",8,3,0,3
"me.umov.ureport.model.report.Tags",0,0,2,0
"me.umov.ureport.model.report.HistoryValueDTO",0,0,0,0
"me.umov.ureport.controller.LocalController",7,2,0,2
"me.umov.ureport.controller.dto.multiselect.MultiSelectDTO",1,0,10,1
"me.umov.ureport.controller.item.ItemSubGroupController",6,2,0,2
"me.umov.ureport.controller.item.ItemController",6,2,0,2
"me.umov.ureport.controller.TeamController",8,3,0,3
"me.umov.ureport.controller.StatusController",10,3,0,3
"me.umov.ureport.config.report.DefaultLimits",3,1,1,1
"me.umov.ureport.config.report.ReportConfiguration",3,0,2,0
"me.umov.ureport.model.report.GoogleImageFile",0,0,0,0
"me.umov.ureport.controller.dto.multiselect.MediaController",5,3,0,3
"me.umov.ureport.controller.LocalClassController",7,2,0,2
"me.umov.ureport.controller.IndexController",6,1,0,1
"me.umov.ureport.controller.ActivityController",7,2,0,2
"me.umov.ureport.service.report.EnvironmentService",9,2,1,2
"me.umov.ureport.config.spring.InterceptorConfig",6,2,0,3
"me.umov.ureport.controller.item.ItemGroupController",6,2,0,2
"me.umov.ureport.config.database.multitenant.MultiTenantResolver",4,1,0,2
"me.umov.ureport.model.dbview.TeamAgentRecursiveView",5,0,1,0
"me.umov.ureport.model.dbview.ResponsibleTeamRecursiveView",5,0,2,0
"me.umov.ureport.exception.ScheduledReportException",0,0,1,1
"me.umov.ureport.config.spring.AuthClientConfig",6,0,0,0
"me.umov.ureport.service.aws.AWSProducerService",7,1,1,1
"me.umov.ureport.model.report.Status",1,1,2,1
"me.umov.ureport.config.database.converter.LocalDateTimeAttributeConverter",4,0,2,1
"me.umov.ureport.model.report.DBServiceStatus",0,0,1,0
"me.umov.ureport.model.aws.ScheduledReportQueueItem",1,0,2,0
"me.umov.ureport.BuildInfo",3,0,4,2
"me.umov.ureport.dao.AbstractPhotoBookSQLFilter",2,0,2,0
"me.umov.ureport.config.spring.SessionLocaleResolverConfig",3,0,0,0
"me.umov.ureport.exception.AtLeastOneImageRequiredException",0,0,1,1
"me.umov.ureport.exception.MissingActivityException",0,0,1,1
"me.umov.ureport.exception.RangeDateFilterException",0,0,1,1
"me.umov.ureport.exception.AtLeastOneFieldRequiredException",0,0,0,1
"me.umov.ureport.exception.MissingPhotosActivityFieldsException",0,0,1,1
"me.umov.ureport.exception.MissingTaskSituationException",0,0,1,1
"me.umov.ureport.exception.TooManyImagesSelectedException",0,0,1,1
"me.umov.ureport.exception.MissingDatesException",0,0,1,1
"me.umov.ureport.exception.MediaValidationException",0,0,1,1
