[{"type":"me.umov.ureport.model.report.PhotoBookReportParameters","size":477,"dependencies":["me.umov.ureport.exception.AtLeastOneImageRequiredException","me.umov.ureport.exception.MissingActivityException","me.umov.ureport.exception.MissingDatesException","me.umov.ureport.exception.MissingPhotosActivityFieldsException","me.umov.ureport.exception.MissingTaskSituationException","me.umov.ureport.exception.RangeDateFilterException","me.umov.ureport.exception.TooManyImagesSelectedException","me.umov.ureport.model.User"]},{"type":"me.umov.ureport.controller.ReportController","size":437,"dependencies":["me.umov.ureport.config.report.ReportConfiguration","me.umov.ureport.model.User","me.umov.ureport.service.dbview.item.ItemGroupService","me.umov.ureport.service.dbview.item.ItemService","me.umov.ureport.service.dbview.item.ItemSubGroupService","me.umov.ureport.service.report.FilterService","me.umov.ureport.service.report.ReportService","me.umov.ureport.service.report.ScheduledReportService"]},{"type":"me.umov.ureport.dao.PhotoBookDao","size":324,"dependencies":["me.umov.ureport.model.User","me.umov.ureport.model.report.PhotoBookDataDTO","me.umov.ureport.model.report.PhotoBookReportParameters"]},{"type":"me.umov.ureport.model.report.PhotoBookDataDTO","size":196,"dependencies":[]},{"type":"me.umov.ureport.controller.FilterController","size":193,"dependencies":["me.umov.ureport.config.report.ReportConfiguration","me.umov.ureport.model.User","me.umov.ureport.service.dbview.item.ItemGroupService","me.umov.ureport.service.dbview.item.ItemService","me.umov.ureport.service.dbview.item.ItemSubGroupService","me.umov.ureport.service.report.FilterService","me.umov.ureport.service.report.ReportService","me.umov.ureport.service.report.ScheduledReportService"]},{"type":"me.umov.ureport.model.dbview.Task","size":160,"dependencies":["me.umov.ureport.config.database.converter.LocalDateTimeAttributeConverter"]},{"type":"me.umov.ureport.model.dbview.HistoryValue","size":156,"dependencies":[]},{"type":"me.umov.ureport.model.report.ScheduledReport","size":148,"dependencies":["me.umov.ureport.config.database.converter.LocalDateTimeAttributeConverter"]},{"type":"me.umov.ureport.dao.PhotoBookSQLFilter","size":146,"dependencies":[]},{"type":"me.umov.ureport.model.report.FilterStructureDTO","size":145,"dependencies":["me.umov.ureport.model.User"]},{"type":"me.umov.ureport.model.report.PhotoBookDataRelatedFieldsDTO","size":121,"dependencies":[]},{"type":"me.umov.ureport.service.dbview.ActivityFieldService","size":113,"dependencies":["me.umov.ureport.dao.PhotoBookDao","me.umov.ureport.model.dbview.ActivityField"]},{"type":"me.umov.ureport.service.report.FilterService","size":109,"dependencies":["me.umov.ureport.dao.FilterDAO","me.umov.ureport.dao.FilterPermissionDAO","me.umov.ureport.model.User"]},{"type":"me.umov.ureport.model.dbview.History","size":102,"dependencies":[]},{"type":"me.umov.ureport.service.dbview.AgentService","size":92,"dependencies":["me.umov.ureport.model.User","me.umov.ureport.model.dbview.Agent","me.umov.ureport.model.dbview.ResponsibleTeamRecursiveView","me.umov.ureport.model.dbview.Team","me.umov.ureport.model.dbview.TeamAgentRecursiveView"]},{"type":"me.umov.ureport.model.User","size":91,"dependencies":[]},{"type":"me.umov.ureport.dao.MediaDAO","size":86,"dependencies":["me.umov.ureport.model.User","me.umov.ureport.model.report.MediaTags"]},{"type":"me.umov.ureport.dao.FilterDAO","size":83,"dependencies":["me.umov.ureport.model.User","me.umov.ureport.model.dbview.Agent","me.umov.ureport.model.report.Environment","me.umov.ureport.model.report.Filter","me.umov.ureport.model.report.FilterPermission"]},{"type":"me.umov.ureport.service.dbview.ActivitySectionService","size":76,"dependencies":["me.umov.ureport.model.dbview.ActivitySection"]},{"type":"me.umov.ureport.service.report.MediaService","size":75,"dependencies":["me.umov.ureport.dao.MediaDAO","me.umov.ureport.exception.MediaValidationException","me.umov.ureport.model.User","me.umov.ureport.model.report.MediaTags","me.umov.ureport.model.report.MediaTagsDTO","me.umov.ureport.service.dbview.HistoryValueService"]},{"type":"me.umov.ureport.service.dbview.LocalService","size":75,"dependencies":["me.umov.ureport.model.dbview.Local"]},{"type":"me.umov.ureport.model.dbview.Agent","size":74,"dependencies":[]},{"type":"me.umov.ureport.persistence.type.JSONParametersType","size":73,"dependencies":["me.umov.ureport.model.report.PhotoBookReportParameters"]},{"type":"me.umov.ureport.model.report.Filter","size":72,"dependencies":[]},{"type":"me.umov.ureport.service.dbview.TeamService","size":72,"dependencies":["me.umov.ureport.model.User","me.umov.ureport.model.dbview.ResponsibleTeamRecursiveView","me.umov.ureport.model.dbview.Team"]},{"type":"me.umov.ureport.model.report.MediaTags","size":70,"dependencies":[]},{"type":"me.umov.ureport.persistence.type.JSONTagsType","size":67,"dependencies":["me.umov.ureport.model.report.Tags"]},{"type":"me.umov.ureport.service.report.ScheduledReportService","size":67,"dependencies":["me.umov.ureport.dao.ScheduledReportDAO","me.umov.ureport.model.User","me.umov.ureport.model.aws.ScheduledReportQueueItem","me.umov.ureport.model.report.Environment","me.umov.ureport.model.report.PhotoBookReportParameters","me.umov.ureport.model.report.Report","me.umov.ureport.model.report.ScheduledReport","me.umov.ureport.service.aws.AWSProducerService"]},{"type":"me.umov.ureport.config.database.dataSource.DbViewDatabaseConfig","size":67,"dependencies":[]},{"type":"me.umov.ureport.service.dbview.ActivityService","size":64,"dependencies":["me.umov.ureport.model.User","me.umov.ureport.model.dbview.Activity"]},{"type":"me.umov.ureport.dao.PhotoBookRelatedFieldsSQLFilter","size":61,"dependencies":[]},{"type":"me.umov.ureport.model.report.Limits","size":60,"dependencies":[]},{"type":"me.umov.ureport.service.dbview.LocalClassService","size":59,"dependencies":["me.umov.ureport.model.dbview.Local","me.umov.ureport.model.dbview.LocalClass"]},{"type":"me.umov.ureport.service.dbview.item.ItemSubGroupService","size":57,"dependencies":["me.umov.ureport.model.dbview.ItemGroup","me.umov.ureport.model.dbview.ItemSubGroup"]},{"type":"me.umov.ureport.model.report.Report","size":56,"dependencies":[]},{"type":"me.umov.ureport.config.database.multitenant.MultiTenantProvider","size":56,"dependencies":[]},{"type":"me.umov.ureport.service.dbview.PhotoBookService","size":56,"dependencies":["me.umov.ureport.dao.PhotoBookDao","me.umov.ureport.model.User","me.umov.ureport.model.dbview.HistoryValue","me.umov.ureport.service.report.MediaService"]},{"type":"me.umov.ureport.service.dbview.item.ItemService","size":56,"dependencies":["me.umov.ureport.model.dbview.Item"]},{"type":"me.umov.ureport.model.dbview.ResponsibleTeamRecursiveViewPK","size":53,"dependencies":[]},{"type":"me.umov.ureport.model.dbview.TeamAgentRecursiveViewPK","size":53,"dependencies":[]},{"type":"me.umov.ureport.model.dbview.Team","size":52,"dependencies":[]},{"type":"me.umov.ureport.controller.PresentationDownloadController","size":52,"dependencies":["me.umov.ureport.exception.ScheduledReportException","me.umov.ureport.model.report.ScheduledReport","me.umov.ureport.service.report.ScheduledReportService"]},{"type":"me.umov.ureport.dao.ScheduledReportDAO","size":52,"dependencies":["me.umov.ureport.model.User","me.umov.ureport.model.report.ScheduledReport"]},{"type":"me.umov.ureport.model.dbview.Activity","size":51,"dependencies":[]},{"type":"me.umov.ureport.service.AuthenticationService","size":51,"dependencies":["me.umov.ureport.model.User","me.umov.ureport.model.report.Environment","me.umov.ureport.service.report.EnvironmentService","me.umov.ureport.service.report.LimitsService"]},{"type":"me.umov.ureport.model.dbview.LocalClass","size":50,"dependencies":[]},{"type":"me.umov.ureport.service.report.StatusService","size":50,"dependencies":["me.umov.ureport.BuildInfo","me.umov.ureport.model.report.DBServiceStatus","me.umov.ureport.model.report.Status"]},{"type":"me.umov.ureport.dao.FilterPermissionDAO","size":49,"dependencies":["me.umov.ureport.model.User","me.umov.ureport.model.report.Filter","me.umov.ureport.model.report.FilterPermission"]},{"type":"me.umov.ureport.model.dbview.ActivityField","size":48,"dependencies":[]},{"type":"me.umov.ureport.AppStarter","size":48,"dependencies":[]},{"type":"me.umov.ureport.controller.ActivityFieldController","size":45,"dependencies":["me.umov.ureport.controller.dto.multiselect.MultiSelectDTO","me.umov.ureport.model.dbview.ActivityField","me.umov.ureport.service.dbview.ActivityFieldService"]},{"type":"me.umov.ureport.model.report.FilterDTO","size":44,"dependencies":[]},{"type":"me.umov.ureport.model.dbview.ItemSubGroup","size":44,"dependencies":[]},{"type":"me.umov.ureport.model.dbview.Local","size":44,"dependencies":[]},{"type":"me.umov.ureport.model.report.Environment","size":44,"dependencies":[]},{"type":"me.umov.ureport.config.database.dataSource.ReportDatabaseConfig","size":44,"dependencies":[]},{"type":"me.umov.ureport.service.report.ReportService","size":44,"dependencies":["me.umov.ureport.dao.ReportDAO","me.umov.ureport.model.User","me.umov.ureport.model.report.Report"]},{"type":"me.umov.ureport.service.dbview.HistoryValueService","size":43,"dependencies":["me.umov.ureport.model.dbview.HistoryValue","me.umov.ureport.model.report.PhotoBookDataDTO"]},{"type":"me.umov.ureport.service.dbview.item.ItemGroupService","size":43,"dependencies":["me.umov.ureport.model.dbview.Item","me.umov.ureport.model.dbview.ItemGroup"]},{"type":"me.umov.ureport.model.dbview.Item","size":41,"dependencies":[]},{"type":"me.umov.ureport.controller.LoginController","size":41,"dependencies":["me.umov.ureport.model.User","me.umov.ureport.service.AuthenticationService"]},{"type":"me.umov.ureport.model.report.MediaTagsDTO","size":40,"dependencies":[]},{"type":"me.umov.ureport.model.dbview.ActivitySection","size":40,"dependencies":[]},{"type":"me.umov.ureport.controller.AgentController","size":40,"dependencies":["me.umov.ureport.controller.dto.multiselect.MultiSelectDTO","me.umov.ureport.model.User","me.umov.ureport.service.dbview.AgentService"]},{"type":"me.umov.ureport.model.dbview.ItemGroup","size":38,"dependencies":[]},{"type":"me.umov.ureport.service.report.LimitsService","size":38,"dependencies":["me.umov.ureport.config.report.DefaultLimits","me.umov.ureport.model.User","me.umov.ureport.model.UserLimits","me.umov.ureport.model.report.Limits"]},{"type":"me.umov.ureport.dao.ReportDAO","size":38,"dependencies":["me.umov.ureport.model.User","me.umov.ureport.model.report.Environment","me.umov.ureport.model.report.Report","me.umov.ureport.model.report.ScheduledReport"]},{"type":"me.umov.ureport.model.UserLimits","size":37,"dependencies":["me.umov.ureport.model.report.Limits"]},{"type":"me.umov.ureport.model.dbview.TeamAgent","size":36,"dependencies":[]},{"type":"me.umov.ureport.interceptor.UserInterceptor","size":36,"dependencies":["me.umov.ureport.model.User","me.umov.ureport.service.AuthenticationService"]},{"type":"me.umov.ureport.model.report.FilterPermission","size":34,"dependencies":[]},{"type":"me.umov.ureport.model.dbview.AgentActivity","size":33,"dependencies":[]},{"type":"me.umov.ureport.interceptor.LocaleInterceptor","size":31,"dependencies":["me.umov.ureport.model.User"]},{"type":"me.umov.ureport.controller.ActivitySectionController","size":30,"dependencies":["me.umov.ureport.controller.dto.multiselect.MultiSelectDTO","me.umov.ureport.model.dbview.ActivitySection","me.umov.ureport.service.dbview.ActivitySectionService"]},{"type":"me.umov.ureport.model.report.Tags","size":29,"dependencies":[]},{"type":"me.umov.ureport.model.report.HistoryValueDTO","size":29,"dependencies":[]},{"type":"me.umov.ureport.controller.LocalController","size":29,"dependencies":["me.umov.ureport.controller.dto.multiselect.MultiSelectDTO","me.umov.ureport.service.dbview.LocalService"]},{"type":"me.umov.ureport.controller.dto.multiselect.MultiSelectDTO","size":28,"dependencies":[]},{"type":"me.umov.ureport.controller.item.ItemSubGroupController","size":28,"dependencies":["me.umov.ureport.controller.dto.multiselect.MultiSelectDTO","me.umov.ureport.service.dbview.item.ItemSubGroupService"]},{"type":"me.umov.ureport.controller.item.ItemController","size":28,"dependencies":["me.umov.ureport.controller.dto.multiselect.MultiSelectDTO","me.umov.ureport.service.dbview.item.ItemService"]},{"type":"me.umov.ureport.controller.TeamController","size":26,"dependencies":["me.umov.ureport.controller.dto.multiselect.MultiSelectDTO","me.umov.ureport.model.User","me.umov.ureport.service.dbview.TeamService"]},{"type":"me.umov.ureport.controller.StatusController","size":26,"dependencies":["me.umov.ureport.BuildInfo","me.umov.ureport.model.report.Status","me.umov.ureport.service.report.StatusService"]},{"type":"me.umov.ureport.config.report.DefaultLimits","size":25,"dependencies":["me.umov.ureport.model.UserLimits"]},{"type":"me.umov.ureport.config.report.ReportConfiguration","size":24,"dependencies":[]},{"type":"me.umov.ureport.model.report.GoogleImageFile","size":23,"dependencies":[]},{"type":"me.umov.ureport.controller.dto.multiselect.MediaController","size":23,"dependencies":["me.umov.ureport.model.report.MediaTags","me.umov.ureport.model.report.MediaTagsDTO","me.umov.ureport.service.report.MediaService"]},{"type":"me.umov.ureport.controller.LocalClassController","size":23,"dependencies":["me.umov.ureport.controller.dto.multiselect.MultiSelectDTO","me.umov.ureport.service.dbview.LocalClassService"]},{"type":"me.umov.ureport.controller.IndexController","size":23,"dependencies":["me.umov.ureport.BuildInfo"]},{"type":"me.umov.ureport.controller.ActivityController","size":23,"dependencies":["me.umov.ureport.controller.dto.multiselect.MultiSelectDTO","me.umov.ureport.service.dbview.ActivityService"]},{"type":"me.umov.ureport.service.report.EnvironmentService","size":23,"dependencies":["me.umov.ureport.model.User","me.umov.ureport.model.report.Environment"]},{"type":"me.umov.ureport.config.spring.InterceptorConfig","size":22,"dependencies":["me.umov.ureport.interceptor.LocaleInterceptor","me.umov.ureport.interceptor.UserInterceptor"]},{"type":"me.umov.ureport.controller.item.ItemGroupController","size":22,"dependencies":["me.umov.ureport.controller.dto.multiselect.MultiSelectDTO","me.umov.ureport.service.dbview.item.ItemGroupService"]},{"type":"me.umov.ureport.config.database.multitenant.MultiTenantResolver","size":21,"dependencies":["me.umov.ureport.model.User"]},{"type":"me.umov.ureport.model.dbview.TeamAgentRecursiveView","size":20,"dependencies":[]},{"type":"me.umov.ureport.model.dbview.ResponsibleTeamRecursiveView","size":20,"dependencies":[]},{"type":"me.umov.ureport.exception.ScheduledReportException","size":19,"dependencies":[]},{"type":"me.umov.ureport.config.spring.AuthClientConfig","size":19,"dependencies":[]},{"type":"me.umov.ureport.service.aws.AWSProducerService","size":18,"dependencies":["me.umov.ureport.model.aws.ScheduledReportQueueItem"]},{"type":"me.umov.ureport.model.report.Status","size":16,"dependencies":["me.umov.ureport.BuildInfo"]},{"type":"me.umov.ureport.config.database.converter.LocalDateTimeAttributeConverter","size":16,"dependencies":[]},{"type":"me.umov.ureport.model.report.DBServiceStatus","size":15,"dependencies":[]},{"type":"me.umov.ureport.model.aws.ScheduledReportQueueItem","size":15,"dependencies":[]},{"type":"me.umov.ureport.BuildInfo","size":15,"dependencies":[]},{"type":"me.umov.ureport.dao.AbstractPhotoBookSQLFilter","size":12,"dependencies":[]},{"type":"me.umov.ureport.config.spring.SessionLocaleResolverConfig","size":11,"dependencies":[]},{"type":"me.umov.ureport.exception.AtLeastOneImageRequiredException","size":6,"dependencies":[]},{"type":"me.umov.ureport.exception.MissingActivityException","size":6,"dependencies":[]},{"type":"me.umov.ureport.exception.RangeDateFilterException","size":6,"dependencies":[]},{"type":"me.umov.ureport.exception.AtLeastOneFieldRequiredException","size":6,"dependencies":[]},{"type":"me.umov.ureport.exception.MissingPhotosActivityFieldsException","size":6,"dependencies":[]},{"type":"me.umov.ureport.exception.MissingTaskSituationException","size":6,"dependencies":[]},{"type":"me.umov.ureport.exception.TooManyImagesSelectedException","size":6,"dependencies":[]},{"type":"me.umov.ureport.exception.MissingDatesException","size":6,"dependencies":[]},{"type":"me.umov.ureport.exception.MediaValidationException","size":4,"dependencies":[]}]