"method","loc","cyclo","calls","nbd","param"
"me.umov.ureport.controller.ReportController.loadParameterForFilterStructure(ModelAndView model, ModelMap map, Report report, PhotoBookReportParameters photoBookReportParameters)",82,23,71,2,4
"me.umov.ureport.controller.ReportController.loadParameterValues(ModelAndView model, ModelMap map, Report report, PhotoBookReportParameters photoBookReportParameters)",59,15,51,2,4
"me.umov.ureport.model.report.PhotoBookReportParameters.validateFilters()",24,13,7,2,0
"me.umov.ureport.model.dbview.ResponsibleTeamRecursiveViewPK.equals(Object obj)",20,10,4,1,1
"me.umov.ureport.model.dbview.TeamAgentRecursiveViewPK.equals(Object obj)",20,10,4,1,1
"me.umov.ureport.controller.ReportController.buildModel(ModelAndView model, ModelMap map, Report report, PhotoBookReportParameters photoBookReportParameters, List<Team> teams, List<Agent> agents, List<LocalClass> localClasses, List<Local> locals, List<Activity> activities, List<ActivitySection> activitySections, List<ActivityField> activityFields, List<Filter> filters, List<ItemGroup> itemGroups, List<ItemSubGroup> itemSubGroups, List<Item> items)",44,8,61,2,15
"me.umov.ureport.dao.PhotoBookDao.getActivitiesToFilter(PhotoBookReportParameters photoBookReportParameters)",15,6,12,2,1
"me.umov.ureport.service.dbview.ActivityService.findActiveBy(String description)",20,5,13,2,1
"me.umov.ureport.service.dbview.ActivityFieldService.findActiveRelatedByActivity(List<Long> activityIds, List<String> filterTypes)",35,5,37,1,2
"me.umov.ureport.service.report.MediaService.processApproval(MediaTagsDTO mediaTagsDTO)",15,5,17,1,1
"me.umov.ureport.service.report.MediaService.processRating(MediaTagsDTO mediaTagsDTO)",14,5,17,1,1
"me.umov.ureport.controller.ReportController.view(@PathVariable(value='id') Long id, ModelMap map)",27,4,19,2,2
"me.umov.ureport.model.report.PhotoBookReportParameters.validateContent(User user)",9,4,6,2,1
"me.umov.ureport.service.report.FilterService.entityToDTO(Filter filter)",21,4,12,1,1
"me.umov.ureport.service.dbview.ActivityFieldService.findActiveByActivitySection(List<Long> activitySectionIds)",20,4,17,1,1
"me.umov.ureport.service.dbview.ActivitySectionService.findActiveByActivity(List<Long> activityIds)",19,4,15,1,1
"me.umov.ureport.service.dbview.AgentService.findActiveByTeam(List<Long> teamIds)",19,4,15,1,1
"me.umov.ureport.service.dbview.LocalService.findActiveByLocalClass(List<Long> localClassesIds)",19,4,15,1,1
"me.umov.ureport.model.report.PhotoBookDataDTO.equals(Object o)",20,4,17,0,1
"me.umov.ureport.model.report.ScheduledReport.equals(Object o)",17,4,11,0,1
"me.umov.ureport.model.dbview.Activity.equals(Object o)",8,4,5,0,1
"me.umov.ureport.model.dbview.Agent.equals(Object o)",8,4,5,0,1
"me.umov.ureport.model.dbview.LocalClass.equals(Object o)",8,4,5,0,1
"me.umov.ureport.controller.dto.multiselect.MultiSelectDTO.equals(Object o)",7,4,4,0,1
"me.umov.ureport.model.report.MediaTags.equals(Object o)",6,4,3,0,1
"me.umov.ureport.service.dbview.PhotoBookService.getPhotoBookData(Integer pagingSize, Integer lastImageLoaded, PhotoBookReportParameters photoBookReportParameters)",25,3,14,2,3
"me.umov.ureport.dao.PhotoBookDao.sqlFilterByApprovalStatuses(PhotoBookReportParameters photoBookReportParameters, PhotoBookSQLFilter sqlParam)",15,3,10,2,2
"me.umov.ureport.interceptor.UserInterceptor.preHandle(final HttpServletRequest request, final HttpServletResponse response, final Object handler)",14,3,6,2,3
"me.umov.ureport.service.report.StatusService.connectToDBViewDB()",8,3,3,2,0
"me.umov.ureport.service.report.StatusService.connectToReportDB()",8,3,3,2,0
"me.umov.ureport.service.report.StatusService.getDatabasesStatus()",8,3,2,2,0
"me.umov.ureport.dao.PhotoBookDao.setupQueryOrderAndPaging(Integer pagingSize, Integer lastImageLoaded, PhotoBookReportParameters photoBookReportParameters, String sql)",7,3,2,2,4
"me.umov.ureport.service.dbview.AgentService.findActiveBy(String name, User user)",24,3,31,1,2
"me.umov.ureport.service.dbview.TeamService.findActiveBy(String description, User user)",21,3,21,1,2
"me.umov.ureport.service.AuthenticationService.authenticate(String authorization)",18,3,18,1,1
"me.umov.ureport.service.report.ReportService.allActiveBy(String name)",15,3,16,1,1
"me.umov.ureport.service.dbview.ActivityFieldService.findActiveBy(String description)",15,3,13,1,1
"me.umov.ureport.service.dbview.LocalService.findActiveBy(String description)",15,3,12,1,1
"me.umov.ureport.service.dbview.item.ItemGroupService.loadBy(String description)",15,3,11,1,1
"me.umov.ureport.service.dbview.item.ItemService.loadBy(String description)",15,3,11,1,1
"me.umov.ureport.service.dbview.item.ItemSubGroupService.loadBy(String description)",15,3,11,1,1
"me.umov.ureport.service.dbview.ActivitySectionService.findActiveBy(String description)",14,3,11,1,1
"me.umov.ureport.service.dbview.LocalClassService.findActiveBy(String description)",14,3,11,1,1
"me.umov.ureport.service.dbview.item.ItemService.loadBy(List<Long> itemSubgroupIds)",14,3,11,1,1
"me.umov.ureport.service.dbview.item.ItemSubGroupService.loadBy(List<Long> itemGroupIds)",14,3,11,1,1
"me.umov.ureport.dao.FilterDAO.save(Filter filter)",8,3,5,1,1
"me.umov.ureport.dao.ScheduledReportDAO.save(ScheduledReport scheduledReport)",8,3,5,1,1
"me.umov.ureport.model.dbview.Task.getTeams()",8,3,4,1,0
"me.umov.ureport.model.dbview.ResponsibleTeamRecursiveViewPK.hashCode()",7,3,2,1,0
"me.umov.ureport.model.dbview.TeamAgentRecursiveViewPK.hashCode()",7,3,2,1,0
"me.umov.ureport.controller.PresentationDownloadController.validateDownload(ScheduledReport scheduledReport)",4,3,1,1,1
"me.umov.ureport.model.dbview.Team.equals(Object o)",8,3,3,0,1
"me.umov.ureport.controller.ReportController.getPhotoBook(@Valid @ModelAttribute PhotoBookReportParameters photoBookReportParameters, ModelMap map)",34,2,35,2,2
"me.umov.ureport.controller.FilterController.editFilter(@PathVariable(value='id') Long id, ModelMap map)",26,2,15,2,2
"me.umov.ureport.dao.PhotoBookDao.setupQueryFilters(PhotoBookReportParameters photoBookReportParameters, String sql, AbstractPhotoBookSQLFilter sqlParam)",24,2,18,2,3
"me.umov.ureport.dao.PhotoBookDao.sqlFilterByTeam(PhotoBookReportParameters photoBookReportParameters, PhotoBookSQLFilter sqlParam)",17,2,6,2,2
"me.umov.ureport.dao.PhotoBookDao.sqlFilterByActivity(PhotoBookReportParameters photoBookReportParameters, AbstractPhotoBookSQLFilter params)",16,2,8,2,2
"me.umov.ureport.dao.PhotoBookDao.sqlFilterByLocalClass(PhotoBookReportParameters photoBookReportParameters, PhotoBookSQLFilter sqlParam)",15,2,6,2,2
"me.umov.ureport.dao.PhotoBookDao.sqlOrderBy(PhotoBookReportParameters photoBookReportParameters)",12,2,8,2,1
"me.umov.ureport.dao.PhotoBookDao.sqlFilterByRating(PhotoBookReportParameters photoBookReportParameters, PhotoBookSQLFilter sqlParam)",12,2,7,2,2
"me.umov.ureport.dao.PhotoBookDao.sqlFilterByActivitySection(PhotoBookReportParameters photoBookReportParameters, AbstractPhotoBookSQLFilter params)",11,2,6,2,2
"me.umov.ureport.dao.PhotoBookDao.sqlFilterByAgent(PhotoBookReportParameters photoBookReportParameters, PhotoBookSQLFilter sqlParam)",11,2,6,2,2
"me.umov.ureport.dao.PhotoBookDao.sqlFilterByLocal(PhotoBookReportParameters photoBookReportParameters, PhotoBookSQLFilter sqlParam)",11,2,6,2,2
"me.umov.ureport.dao.PhotoBookDao.sqlFilterByRemovedImages(PhotoBookReportParameters photoBookReportParameters, PhotoBookSQLFilter params)",10,2,6,2,2
"me.umov.ureport.dao.PhotoBookDao.sqlFilterBySelectedImages(PhotoBookReportParameters photoBookReportParameters, PhotoBookSQLFilter params)",10,2,6,2,2
"me.umov.ureport.dao.PhotoBookDao.sqlFilterByTaskExecutionDateInterval(PhotoBookReportParameters photoBookReportParameters, AbstractPhotoBookSQLFilter params)",10,2,6,2,2
"me.umov.ureport.dao.PhotoBookDao.sqlFilterByActivityField(PhotoBookReportParameters photoBookReportParameters, AbstractPhotoBookSQLFilter params)",10,2,3,2,2
"me.umov.ureport.dao.PhotoBookDao.sqlFilterByTaskSituation(PhotoBookReportParameters photoBookReportParameters, AbstractPhotoBookSQLFilter params)",9,2,9,2,2
"me.umov.ureport.dao.PhotoBookDao.sqlFilterByItem(PhotoBookReportParameters photoBookReportParameters, PhotoBookSQLFilter sqlParam)",9,2,3,2,2
"me.umov.ureport.dao.PhotoBookDao.sqlFilterByItemGroup(PhotoBookReportParameters photoBookReportParameters, PhotoBookSQLFilter sqlParam)",9,2,3,2,2
"me.umov.ureport.dao.PhotoBookDao.sqlFilterByItemSubGroup(PhotoBookReportParameters photoBookReportParameters, PhotoBookSQLFilter sqlParam)",9,2,3,2,2
"me.umov.ureport.dao.PhotoBookDao.loadQueryFromFile(String queryname)",8,2,9,2,1
"me.umov.ureport.dao.PhotoBookDao.sqlFilterByTaskId(PhotoBookReportParameters photoBookReportParameters, PhotoBookSQLFilter sqlParam)",6,2,3,2,2
"me.umov.ureport.controller.FilterController.validateAccessToReportWith(Long id)",6,2,1,2,1
"me.umov.ureport.controller.ReportController.validateAccessToReportWith(Long id)",6,2,1,2,1
"me.umov.ureport.model.report.PhotoBookReportParameters.hasActivityFieldsToFilter()",5,2,7,2,0
"me.umov.ureport.service.dbview.PhotoBookService.setAgentLinkedActivities(PhotoBookReportParameters photoBookReportParameters)",5,2,3,2,1
"me.umov.ureport.model.report.PhotoBookReportParameters.getActivityFieldsToQuery()",5,2,2,2,0
"me.umov.ureport.controller.ReportController.getFilterSelected(Filter filter)",5,2,1,2,1
"me.umov.ureport.model.report.PhotoBookReportParameters.getBeginTaskExecutionDateFormatted()",2,2,2,2,0
"me.umov.ureport.model.report.PhotoBookReportParameters.getEndTaskExecutionDateFormatted()",2,2,2,2,0
"me.umov.ureport.dao.FilterDAO.findById(Long id)",20,2,22,1,1
"me.umov.ureport.dao.FilterDAO.findAllActiveByAgent()",19,2,20,1,0
"me.umov.ureport.dao.FilterDAO.findAllByAgent()",19,2,20,1,0
"me.umov.ureport.model.User.login(LoginResponse loginResponse, String authorization)",13,2,12,1,2
"me.umov.ureport.service.report.LimitsService.findBy(User user)",12,2,8,1,1
"me.umov.ureport.controller.LoginController.postLogin(String username, String password)",11,2,3,1,2
"me.umov.ureport.service.AuthenticationService.authenticate(String login, String domain, String password)",10,2,13,1,3
"me.umov.ureport.service.report.FilterService.savePermission(Filter filter, FilterDTO filterDTO)",9,2,6,1,2
"me.umov.ureport.service.report.FilterService.build(FilterDTO filterDTO)",8,2,7,1,1
"me.umov.ureport.dao.MediaDAO.save(MediaTags mediaTags)",7,2,4,1,1
"me.umov.ureport.service.report.FilterService.buildFilterEntity(FilterDTO filterDTO)",7,2,3,1,1
"me.umov.ureport.model.User.changeLang(String lang)",6,2,1,1,1
"me.umov.ureport.model.dbview.History.getActivityDescription()",5,2,3,1,0
"me.umov.ureport.model.dbview.History.getFormatteExecutionDate()",5,2,3,1,0
"me.umov.ureport.model.dbview.History.getTaskFormattedRealInitialDate()",5,2,3,1,0
"me.umov.ureport.model.dbview.History.getTaskFormattedScheduledInitialDate()",5,2,3,1,0
"me.umov.ureport.model.dbview.History.getTaskId()",5,2,3,1,0
"me.umov.ureport.model.dbview.History.getTaskIntegrationId()",5,2,3,1,0
"me.umov.ureport.model.dbview.History.getTaskObservation()",5,2,3,1,0
"me.umov.ureport.model.dbview.HistoryValue.getActivityFieldDescription()",5,2,3,1,0
"me.umov.ureport.model.dbview.HistoryValue.getActivitySectionDescription()",5,2,3,1,0
"me.umov.ureport.model.dbview.HistoryValue.getItemDescription()",5,2,3,1,0
"me.umov.ureport.model.dbview.Task.getAgentName()",5,2,3,1,0
"me.umov.ureport.model.dbview.Task.getLocalDescription()",5,2,3,1,0
"me.umov.ureport.model.dbview.History.getAgentName()",5,2,2,1,0
"me.umov.ureport.model.dbview.History.getLocalDescription()",5,2,2,1,0
"me.umov.ureport.model.dbview.HistoryValue.getActivityDescription()",5,2,2,1,0
"me.umov.ureport.model.dbview.HistoryValue.getAgentName()",5,2,2,1,0
"me.umov.ureport.model.dbview.HistoryValue.getFormattedExecutionDate()",5,2,2,1,0
"me.umov.ureport.model.dbview.HistoryValue.getLocalDescription()",5,2,2,1,0
"me.umov.ureport.model.dbview.HistoryValue.getTaskFormattedRealInitialDate()",5,2,2,1,0
"me.umov.ureport.model.dbview.HistoryValue.getTaskFormattedScheduledInitialDate()",5,2,2,1,0
"me.umov.ureport.model.dbview.HistoryValue.getTaskId()",5,2,2,1,0
"me.umov.ureport.model.dbview.HistoryValue.getTaskIntegrationId()",5,2,2,1,0
"me.umov.ureport.model.dbview.HistoryValue.getTaskObservation()",5,2,2,1,0
"me.umov.ureport.model.dbview.HistoryValue.getTaskSituation()",5,2,2,1,0
"me.umov.ureport.service.report.MediaService.save(MediaTags mediaTags)",4,2,3,1,1
"me.umov.ureport.model.dbview.History.getTaskSituation()",4,2,3,1,0
"me.umov.ureport.model.dbview.Task.getFormattedExecutionDate()",4,2,2,1,0
"me.umov.ureport.model.dbview.Task.getFormattedRealInitialDate()",4,2,2,1,0
"me.umov.ureport.persistence.type.JSONParametersType.nullSafeSet(PreparedStatement statement, Object value, int index, SharedSessionContractImplementor session)",6,2,3,0,4
"me.umov.ureport.persistence.type.JSONTagsType.nullSafeSet(PreparedStatement statement, Object value, int index, SharedSessionContractImplementor session)",6,2,3,0,4
"me.umov.ureport.BuildInfo.version()",4,2,5,0,0
"me.umov.ureport.BuildInfo.title()",3,2,5,0,0
"me.umov.ureport.persistence.type.JSONParametersType.nullSafeGet(ResultSet rs, String[] names, SharedSessionContractImplementor session, Object owner)",3,2,2,0,4
"me.umov.ureport.persistence.type.JSONTagsType.nullSafeGet(ResultSet rs, String[] names, SharedSessionContractImplementor session, Object owner)",3,2,2,0,4
"me.umov.ureport.persistence.type.JSONParametersType.equals(Object a, Object b)",3,2,1,0,2
"me.umov.ureport.persistence.type.JSONTagsType.equals(Object a, Object b)",3,2,1,0,2
"me.umov.ureport.config.database.converter.LocalDateTimeAttributeConverter.convertToDatabaseColumn(LocalDateTime localDateTime)",3,2,1,0,1
"me.umov.ureport.config.database.converter.LocalDateTimeAttributeConverter.convertToEntityAttribute(Timestamp timestamp)",3,2,1,0,1
"me.umov.ureport.controller.FilterController.buildModel(ModelAndView model, ModelMap map, Report report, PhotoBookReportParameters photoBookReportParameters, List<Team> teams, List<Agent> agents, List<LocalClass> localClasses, List<Local> locals, List<Activity> activities, List<ActivitySection> activitySections, List<ActivityField> activityFields, List<Filter> filters, List<ItemGroup> itemGroups, List<ItemSubGroup> itemSubGroups, List<Item> items)",32,1,43,2,15
"me.umov.ureport.dao.PhotoBookDao.getPhotoBookData(Integer pagingSize, Integer lastImageLoaded, PhotoBookReportParameters photoBookReportParameters)",27,1,25,2,3
"me.umov.ureport.controller.FilterController.loadParameterValues(ModelAndView model, ModelMap map, Report report, PhotoBookReportParameters photoBookReportParameters)",27,1,12,2,4
"me.umov.ureport.controller.ReportController.ReportController(ReportService reportService, TeamService teamService, LocalClassService localClassService, LocalService localService, PhotoBookService photoBookService, AgentService agentService, ActivityService activityService, User user, ReportConfiguration reportConfiguration, ActivitySectionService activitySectionService, ActivityFieldService activityFieldService, ScheduledReportService scheduledReportService, ItemGroupService itemGroupService, ItemSubGroupService itemSubGroupService, ItemService itemService, FilterService filterService)",26,1,0,2,16
"me.umov.ureport.controller.ReportController.applyFilters(@RequestParam Integer pagingSize, @RequestParam Integer lastImageLoaded, @Valid @ModelAttribute PhotoBookReportParameters photoBookReportParameters, ModelMap map)",24,1,15,2,4
"me.umov.ureport.controller.ReportController.countAppliedFilters(@Valid @ModelAttribute PhotoBookReportParameters photoBookReportParameters, ModelMap map)",21,1,15,2,2
"me.umov.ureport.controller.ReportController.viewWithFilterStructureSelected(@PathVariable(value='id') Long id, @PathVariable(value='structureId') Long structureId, ModelMap map)",20,1,14,2,3
"me.umov.ureport.controller.FilterController.newFilter(ModelMap map)",19,1,10,2,1
"me.umov.ureport.controller.FilterController.buildDefaultParameters()",12,1,10,2,0
"me.umov.ureport.controller.ReportController.list(@RequestParam(value='name',required=false) String name)",12,1,5,2,1
"me.umov.ureport.controller.ReportController.rescheduleReport(@PathVariable(value='scheduledReportId') Long scheduledReportId)",12,1,5,2,1
"me.umov.ureport.controller.ReportController.buildDefaultParameters()",11,1,9,2,0
"me.umov.ureport.controller.ReportController.accessScheduledReports()",11,1,4,2,0
"me.umov.ureport.controller.ReportController.listScheduledReport()",11,1,4,2,0
"me.umov.ureport.service.dbview.ActivityService.findActiveByIds(List<Long> activitiesIds)",9,1,9,2,1
"me.umov.ureport.service.dbview.ActivityService.findAgentLinkedActivities()",9,1,9,2,0
"me.umov.ureport.model.report.PhotoBookReportParameters.setContentFlags()",7,1,6,2,0
"me.umov.ureport.service.dbview.PhotoBookService.PhotoBookService(PhotoBookDao photoBookDao, MediaService mediaService, ActivityService activityService, HistoryValueService historyValueService, User user)",7,1,0,2,5
"me.umov.ureport.dao.PhotoBookDao.getPhotoBookDataCount(PhotoBookReportParameters photoBookReportParameters)",5,1,8,2,1
"me.umov.ureport.service.dbview.ActivityService.findAgentLinkedActivitiesIds()",4,1,6,2,0
"me.umov.ureport.controller.FilterController.saveFilter(@Valid @RequestBody FilterDTO filterDTO)",4,1,2,2,1
"me.umov.ureport.service.dbview.PhotoBookService.getPhotoBookDataCount(PhotoBookReportParameters photoBookReportParameters)",4,1,2,2,1
"me.umov.ureport.controller.FilterController.FilterController(User user, FilterService filterService)",4,1,0,2,2
"me.umov.ureport.model.report.PhotoBookReportParameters.approvalTagFilled()",3,1,3,2,0
"me.umov.ureport.model.report.PhotoBookReportParameters.allTagsFilled()",3,1,2,2,0
"me.umov.ureport.model.report.PhotoBookReportParameters.ratingTagFilled()",3,1,1,2,0
"me.umov.ureport.service.report.StatusService.getStatus()",3,1,1,2,0
"me.umov.ureport.interceptor.UserInterceptor.UserInterceptor(AuthenticationService authenticationService)",3,1,0,2,1
"me.umov.ureport.dao.PhotoBookDao.getSession()",2,1,1,2,0
"me.umov.ureport.model.report.PhotoBookReportParameters.hasTaskId()",2,1,1,2,0
"me.umov.ureport.model.report.PhotoBookReportParameters.isAnyRelatedFieldVisible()",2,1,1,2,0
"me.umov.ureport.model.report.PhotoBookReportParameters.itemGroupsFilled()",2,1,1,2,0
"me.umov.ureport.model.report.PhotoBookReportParameters.itemSubGroupsFilled()",2,1,1,2,0
"me.umov.ureport.model.report.PhotoBookReportParameters.itemsFilled()",2,1,1,2,0
"me.umov.ureport.dao.PhotoBookDao.sqlAddPaging(Integer pagingSize, Integer lastImageLoaded)",2,1,0,2,2
"me.umov.ureport.model.report.PhotoBookReportParameters.setActivities(List<Long> activities)",2,1,0,2,1
"me.umov.ureport.model.report.PhotoBookReportParameters.setActivityDescriptionVisible(boolean activityDescriptionVisible)",2,1,0,2,1
"me.umov.ureport.model.report.PhotoBookReportParameters.setActivityFieldFirstPhoto(Long activityFieldFirstPhoto)",2,1,0,2,1
"me.umov.ureport.model.report.PhotoBookReportParameters.setActivityFieldSecondPhoto(Long activityFieldSecondPhoto)",2,1,0,2,1
"me.umov.ureport.model.report.PhotoBookReportParameters.setActivityFields(List<Long> activityFields)",2,1,0,2,1
"me.umov.ureport.model.report.PhotoBookReportParameters.setActivityId(Long activityId)",2,1,0,2,1
"me.umov.ureport.model.report.PhotoBookReportParameters.setActivitySections(List<Long> activitySections)",2,1,0,2,1
"me.umov.ureport.model.report.PhotoBookReportParameters.setAgentLinkedActivities(List<Long> agentLinkedActivities)",2,1,0,2,1
"me.umov.ureport.model.report.PhotoBookReportParameters.setAgentVisible(boolean agentVisible)",2,1,0,2,1
"me.umov.ureport.model.report.PhotoBookReportParameters.setAgents(List<Long> agents)",2,1,0,2,1
"me.umov.ureport.model.report.PhotoBookReportParameters.setAllActivitiesSelected(boolean allActivitiesSelected)",2,1,0,2,1
"me.umov.ureport.model.report.PhotoBookReportParameters.setAllActivityFieldsSelected(boolean allActivityFieldsSelected)",2,1,0,2,1
"me.umov.ureport.model.report.PhotoBookReportParameters.setAllActivitySectionsSelected(boolean allActivitySectionsSelected)",2,1,0,2,1
"me.umov.ureport.model.report.PhotoBookReportParameters.setAllAgentsSelected(boolean allAgentsSelected)",2,1,0,2,1
"me.umov.ureport.model.report.PhotoBookReportParameters.setAllLocalClassesSelected(boolean allLocalClassesSelected)",2,1,0,2,1
"me.umov.ureport.model.report.PhotoBookReportParameters.setAllLocalsSelected(boolean allLocalsSelected)",2,1,0,2,1
"me.umov.ureport.model.report.PhotoBookReportParameters.setAllTeamsSelected(boolean allTeamsSelected)",2,1,0,2,1
"me.umov.ureport.model.report.PhotoBookReportParameters.setBeginTaskExecutionDate(LocalDate beginTaskExecutionDate)",2,1,0,2,1
"me.umov.ureport.model.report.PhotoBookReportParameters.setEditBook(boolean editBook)",2,1,0,2,1
"me.umov.ureport.model.report.PhotoBookReportParameters.setEndTaskExecutionDate(LocalDate endTaskExecutionDate)",2,1,0,2,1
"me.umov.ureport.model.report.PhotoBookReportParameters.setExecutionDateVisible(boolean executionDateVisible)",2,1,0,2,1
"me.umov.ureport.model.report.PhotoBookReportParameters.setExecutionHourVisible(boolean executionHourVisible)",2,1,0,2,1
"me.umov.ureport.model.report.PhotoBookReportParameters.setFieldNameVisible(boolean fieldNameVisible)",2,1,0,2,1
"me.umov.ureport.model.report.PhotoBookReportParameters.setFilterStructure(Long filterStructure)",2,1,0,2,1
"me.umov.ureport.model.report.PhotoBookReportParameters.setGroupPhotos(boolean groupPhotos)",2,1,0,2,1
"me.umov.ureport.model.report.PhotoBookReportParameters.setIntegrationIdVisible(boolean integrationIdVisible)",2,1,0,2,1
"me.umov.ureport.model.report.PhotoBookReportParameters.setItemDescriptionVisible(boolean itemDescriptionVisible)",2,1,0,2,1
"me.umov.ureport.model.report.PhotoBookReportParameters.setItemGroups(List<Long> itemGroups)",2,1,0,2,1
"me.umov.ureport.model.report.PhotoBookReportParameters.setItemSubGroups(List<Long> itemSubGroups)",2,1,0,2,1
"me.umov.ureport.model.report.PhotoBookReportParameters.setItems(List<Long> items)",2,1,0,2,1
"me.umov.ureport.model.report.PhotoBookReportParameters.setLocalClasses(List<Long> localClasses)",2,1,0,2,1
"me.umov.ureport.model.report.PhotoBookReportParameters.setLocalVisible(boolean localVisible)",2,1,0,2,1
"me.umov.ureport.model.report.PhotoBookReportParameters.setLocals(List<Long> locals)",2,1,0,2,1
"me.umov.ureport.model.report.PhotoBookReportParameters.setMediaApprovalStatuses(List<MediaApprovalStatus> mediaApprovalStatuses)",2,1,0,2,1
"me.umov.ureport.model.report.PhotoBookReportParameters.setObservationVisible(boolean observationVisible)",2,1,0,2,1
"me.umov.ureport.model.report.PhotoBookReportParameters.setPhotoLinkVisible(boolean photoLinkVisible)",2,1,0,2,1
"me.umov.ureport.model.report.PhotoBookReportParameters.setRatings(List<Long> ratings)",2,1,0,2,1
"me.umov.ureport.model.report.PhotoBookReportParameters.setRelatedFields(List<Long> relatedFields)",2,1,0,2,1
"me.umov.ureport.model.report.PhotoBookReportParameters.setRemovedImages(List<Long> removedImages)",2,1,0,2,1
"me.umov.ureport.model.report.PhotoBookReportParameters.setReport(Report report)",2,1,0,2,1
"me.umov.ureport.model.report.PhotoBookReportParameters.setReportSlideType(ReportSlideType reportSlideType)",2,1,0,2,1
"me.umov.ureport.model.report.PhotoBookReportParameters.setScheduledDateVisible(boolean scheduledDateVisible)",2,1,0,2,1
"me.umov.ureport.model.report.PhotoBookReportParameters.setScheduledHourVisible(boolean scheduledHourVisible)",2,1,0,2,1
"me.umov.ureport.model.report.PhotoBookReportParameters.setSectionNameVisible(boolean sectionNameVisible)",2,1,0,2,1
"me.umov.ureport.model.report.PhotoBookReportParameters.setSelectedImages(List<Long> selectedImages)",2,1,0,2,1
"me.umov.ureport.model.report.PhotoBookReportParameters.setSelectedImagesCounter(Long selectedImagesCounter)",2,1,0,2,1
"me.umov.ureport.model.report.PhotoBookReportParameters.setSituationVisible(boolean situationVisible)",2,1,0,2,1
"me.umov.ureport.model.report.PhotoBookReportParameters.setTaskId(Long taskId)",2,1,0,2,1
"me.umov.ureport.model.report.PhotoBookReportParameters.setTaskSituations(List<TaskSituation> taskSituations)",2,1,0,2,1
"me.umov.ureport.model.report.PhotoBookReportParameters.setTaskVisible(boolean taskVisible)",2,1,0,2,1
"me.umov.ureport.model.report.PhotoBookReportParameters.setTeams(List<Long> teams)",2,1,0,2,1
"me.umov.ureport.model.report.PhotoBookReportParameters.setWholeImagesSelected(boolean wholeImagesSelected)",2,1,0,2,1
"me.umov.ureport.model.report.PhotoBookReportParameters.getActivities()",2,1,0,2,0
"me.umov.ureport.model.report.PhotoBookReportParameters.getActivityFieldFirstPhoto()",2,1,0,2,0
"me.umov.ureport.model.report.PhotoBookReportParameters.getActivityFieldSecondPhoto()",2,1,0,2,0
"me.umov.ureport.model.report.PhotoBookReportParameters.getActivityFields()",2,1,0,2,0
"me.umov.ureport.model.report.PhotoBookReportParameters.getActivityId()",2,1,0,2,0
"me.umov.ureport.model.report.PhotoBookReportParameters.getActivitySections()",2,1,0,2,0
"me.umov.ureport.model.report.PhotoBookReportParameters.getAgentLinkedActivities()",2,1,0,2,0
"me.umov.ureport.model.report.PhotoBookReportParameters.getAgents()",2,1,0,2,0
"me.umov.ureport.model.report.PhotoBookReportParameters.getBeginTaskExecutionDate()",2,1,0,2,0
"me.umov.ureport.model.report.PhotoBookReportParameters.getEndTaskExecutionDate()",2,1,0,2,0
"me.umov.ureport.model.report.PhotoBookReportParameters.getFilterStructure()",2,1,0,2,0
"me.umov.ureport.model.report.PhotoBookReportParameters.getItemGroups()",2,1,0,2,0
"me.umov.ureport.model.report.PhotoBookReportParameters.getItemSubGroups()",2,1,0,2,0
"me.umov.ureport.model.report.PhotoBookReportParameters.getItems()",2,1,0,2,0
"me.umov.ureport.model.report.PhotoBookReportParameters.getLocalClasses()",2,1,0,2,0
"me.umov.ureport.model.report.PhotoBookReportParameters.getLocals()",2,1,0,2,0
"me.umov.ureport.model.report.PhotoBookReportParameters.getMediaApprovalStatuses()",2,1,0,2,0
"me.umov.ureport.model.report.PhotoBookReportParameters.getRatings()",2,1,0,2,0
"me.umov.ureport.model.report.PhotoBookReportParameters.getRelatedFields()",2,1,0,2,0
"me.umov.ureport.model.report.PhotoBookReportParameters.getRemovedImages()",2,1,0,2,0
"me.umov.ureport.model.report.PhotoBookReportParameters.getReport()",2,1,0,2,0
"me.umov.ureport.model.report.PhotoBookReportParameters.getReportSlideType()",2,1,0,2,0
"me.umov.ureport.model.report.PhotoBookReportParameters.getSelectedImages()",2,1,0,2,0
"me.umov.ureport.model.report.PhotoBookReportParameters.getSelectedImagesCounter()",2,1,0,2,0
"me.umov.ureport.model.report.PhotoBookReportParameters.getTaskId()",2,1,0,2,0
"me.umov.ureport.model.report.PhotoBookReportParameters.getTaskSituations()",2,1,0,2,0
"me.umov.ureport.model.report.PhotoBookReportParameters.getTeams()",2,1,0,2,0
"me.umov.ureport.model.report.PhotoBookReportParameters.isActivityDescriptionVisible()",2,1,0,2,0
"me.umov.ureport.model.report.PhotoBookReportParameters.isAgentVisible()",2,1,0,2,0
"me.umov.ureport.model.report.PhotoBookReportParameters.isAllActivitiesSelected()",2,1,0,2,0
"me.umov.ureport.model.report.PhotoBookReportParameters.isAllActivityFieldsSelected()",2,1,0,2,0
"me.umov.ureport.model.report.PhotoBookReportParameters.isAllActivitySectionsSelected()",2,1,0,2,0
"me.umov.ureport.model.report.PhotoBookReportParameters.isAllAgentsSelected()",2,1,0,2,0
"me.umov.ureport.model.report.PhotoBookReportParameters.isAllLocalClassesSelected()",2,1,0,2,0
"me.umov.ureport.model.report.PhotoBookReportParameters.isAllLocalsSelected()",2,1,0,2,0
"me.umov.ureport.model.report.PhotoBookReportParameters.isAllTeamsSelected()",2,1,0,2,0
"me.umov.ureport.model.report.PhotoBookReportParameters.isEditBook()",2,1,0,2,0
"me.umov.ureport.model.report.PhotoBookReportParameters.isExecutionDateVisible()",2,1,0,2,0
"me.umov.ureport.model.report.PhotoBookReportParameters.isExecutionHourVisible()",2,1,0,2,0
"me.umov.ureport.model.report.PhotoBookReportParameters.isFieldNameVisible()",2,1,0,2,0
"me.umov.ureport.model.report.PhotoBookReportParameters.isGroupPhotos()",2,1,0,2,0
"me.umov.ureport.model.report.PhotoBookReportParameters.isIntegrationIdVisible()",2,1,0,2,0
"me.umov.ureport.model.report.PhotoBookReportParameters.isItemDescriptionVisible()",2,1,0,2,0
"me.umov.ureport.model.report.PhotoBookReportParameters.isLocalVisible()",2,1,0,2,0
"me.umov.ureport.model.report.PhotoBookReportParameters.isObservationVisible()",2,1,0,2,0
"me.umov.ureport.model.report.PhotoBookReportParameters.isPhotoLinkVisible()",2,1,0,2,0
"me.umov.ureport.model.report.PhotoBookReportParameters.isSavedFilter()",2,1,0,2,0
"me.umov.ureport.model.report.PhotoBookReportParameters.isScheduledDateVisible()",2,1,0,2,0
"me.umov.ureport.model.report.PhotoBookReportParameters.isScheduledHourVisible()",2,1,0,2,0
"me.umov.ureport.model.report.PhotoBookReportParameters.isSectionNameVisible()",2,1,0,2,0
"me.umov.ureport.model.report.PhotoBookReportParameters.isSituationVisible()",2,1,0,2,0
"me.umov.ureport.model.report.PhotoBookReportParameters.isTaskVisible()",2,1,0,2,0
"me.umov.ureport.model.report.PhotoBookReportParameters.isWholeImagesSelected()",2,1,0,2,0
"me.umov.ureport.model.report.PhotoBookReportParameters.setReportOrder(ReportOrder reportOrder)",0,1,0,2,1
"me.umov.ureport.model.report.PhotoBookReportParameters.getReportOrder()",0,1,0,2,0
"me.umov.ureport.service.dbview.TeamService.findActiveByIds(List<Long> teamIds, User user)",34,1,43,1,2
"me.umov.ureport.service.report.FilterService.buildParameters(FilterStructureDTO filterStructure)",29,1,46,1,1
"me.umov.ureport.service.dbview.AgentService.findActiveByIds(List<Long> agentsIds)",26,1,25,1,1
"me.umov.ureport.service.dbview.ActivityFieldService.findActiveByIds(List<Long> activitiesIds)",23,1,25,1,1
"me.umov.ureport.service.dbview.LocalClassService.findActiveByIds(List<Long> localClassesIds)",23,1,23,1,1
"me.umov.ureport.service.dbview.ActivitySectionService.findActiveByIds(List<Long> activitiesIds)",22,1,23,1,1
"me.umov.ureport.service.dbview.LocalService.findActiveByIds(List<Long> localsIds)",22,1,23,1,1
"me.umov.ureport.dao.ScheduledReportDAO.allActiveMoreRecentFirst(User user)",20,1,28,1,1
"me.umov.ureport.dao.MediaDAO.findByApprovalPendingAndRating(List<MediaApprovalStatus> approvalStatuses, List<Long> ratings)",12,1,18,1,2
"me.umov.ureport.dao.ScheduledReportDAO.findBy(long id)",12,1,9,1,1
"me.umov.ureport.dao.MediaDAO.findByStatusesAndRating(List<MediaApprovalStatus> approvalStatuses, List<Long> ratings)",10,1,16,1,2
"me.umov.ureport.dao.MediaDAO.findByApprovalStatuses(List<MediaApprovalStatus> approvalStatuses)",10,1,13,1,1
"me.umov.ureport.service.dbview.ActivityFieldService.findByIds(List<Long> activitiesIds)",10,1,11,1,1
"me.umov.ureport.service.dbview.item.ItemGroupService.findActiveByIds(List<Long> ids)",10,1,9,1,1
"me.umov.ureport.service.dbview.item.ItemService.findActiveByIds(List<Long> ids)",10,1,9,1,1
"me.umov.ureport.service.dbview.item.ItemSubGroupService.findActiveByIds(List<Long> ids)",10,1,9,1,1
"me.umov.ureport.service.dbview.TeamService.findByIds(List<Long> teamIds, User user)",9,1,9,1,2
"me.umov.ureport.dao.MediaDAO.findByRating(List<Long> ratings)",9,1,9,1,1
"me.umov.ureport.service.dbview.ActivitySectionService.findByIds(List<Long> activitiesIds)",9,1,9,1,1
"me.umov.ureport.service.dbview.AgentService.findByIds(List<Long> agentsIds)",9,1,9,1,1
"me.umov.ureport.service.dbview.LocalClassService.findByIds(List<Long> localClassesIds)",9,1,9,1,1
"me.umov.ureport.service.dbview.LocalService.findByIds(List<Long> localsIds)",9,1,9,1,1
"me.umov.ureport.controller.PresentationDownloadController.downloadResource(HttpServletRequest request, HttpServletResponse response, @PathVariable('scheduleReportId') Long scheduledReportId)",9,1,6,1,3
"me.umov.ureport.config.database.multitenant.MultiTenantProvider.getConnection(String tenantIdentifier)",9,1,3,1,1
"me.umov.ureport.config.database.multitenant.MultiTenantProvider.releaseConnection(String tenantIdentifier, Connection connection)",8,1,3,1,2
"me.umov.ureport.service.report.FilterService.saveFilters(FilterDTO filterDTO)",7,1,6,1,1
"me.umov.ureport.dao.MediaDAO.findBy(Long id)",7,1,5,1,1
"me.umov.ureport.dao.MediaDAO.findAllApproved()",7,1,5,1,0
"me.umov.ureport.controller.PresentationDownloadController.buildResponse(HttpServletResponse response, ScheduledReport scheduledReport)",6,1,8,1,2
"me.umov.ureport.service.AuthenticationService.AuthenticationService(User user, AuthenticationClient authenticationClient, LimitsService limitsService, EnvironmentService environmentService)",6,1,0,1,4
"me.umov.ureport.service.report.MediaService.isDifferentMediaTagsApproval(MediaTagsDTO mediaTagsDTO, MediaTags mediaTags)",5,1,7,1,2
"me.umov.ureport.service.report.MediaService.isDifferentMediaTagsRating(MediaTagsDTO mediaTagsDTO, MediaTags mediaTags)",5,1,7,1,2
"me.umov.ureport.service.report.MediaService.MediaService(HistoryValueService historyValueService, MediaDAO mediaDAO, User user)",5,1,0,1,3
"me.umov.ureport.controller.PresentationDownloadController.getScheduledReport(Long scheduledReportId)",4,1,2,1,1
"me.umov.ureport.controller.LoginController.logout()",4,1,1,1,0
"me.umov.ureport.controller.LoginController.LoginController(User user, AuthenticationService authenticationService)",4,1,0,1,2
"me.umov.ureport.service.report.ReportService.ReportService(User user, ReportDAO dao)",4,1,0,1,2
"me.umov.ureport.config.database.multitenant.MultiTenantProvider.releaseAnyConnection(Connection connection)",3,1,1,1,1
"me.umov.ureport.config.database.multitenant.MultiTenantProvider.getAnyConnection()",3,1,1,1,0
"me.umov.ureport.config.database.multitenant.MultiTenantProvider.MultiTenantProvider(@Qualifier('dbviewDataSource') DataSource dataSource)",3,1,0,1,1
"me.umov.ureport.config.database.multitenant.MultiTenantProvider.isUnwrappableAs(Class unwrapType)",3,1,0,1,1
"me.umov.ureport.config.database.multitenant.MultiTenantProvider.unwrap(Class<T> unwrapType)",3,1,0,1,1
"me.umov.ureport.service.report.LimitsService.LimitsService(DefaultLimits defaultLimits)",3,1,0,1,1
"me.umov.ureport.config.database.multitenant.MultiTenantProvider.supportsAggressiveRelease()",3,1,0,1,0
"me.umov.ureport.controller.LoginController.getLogin()",3,1,0,1,0
"me.umov.ureport.service.dbview.AgentService.all()",2,1,3,1,0
"me.umov.ureport.model.User.canApproveAndReprove()",2,1,2,1,0
"me.umov.ureport.model.User.canRate()",2,1,2,1,0
"me.umov.ureport.model.User.hasFilterRestriction()",2,1,2,1,0
"me.umov.ureport.model.dbview.Task.getFormattedScheduledInitialDate()",2,1,2,1,0
"me.umov.ureport.model.User.reAuthenticate(String authorizationCode)",2,1,1,1,1
"me.umov.ureport.service.report.FilterService.findBy(Long id)",2,1,1,1,1
"me.umov.ureport.service.report.FilterService.save(Filter filter)",2,1,1,1,1
"me.umov.ureport.service.report.MediaService.findBy(Long id)",2,1,1,1,1
"me.umov.ureport.service.report.ReportService.findBy(Long id)",2,1,1,1,1
"me.umov.ureport.model.User.isSupport()",2,1,1,1,0
"me.umov.ureport.service.report.FilterService.findAllActiveByAgent()",2,1,1,1,0
"me.umov.ureport.service.report.FilterService.findAllByAgent()",2,1,1,1,0
"me.umov.ureport.model.User.setLimits(UserLimits limits)",2,1,0,1,1
"me.umov.ureport.model.User.useLinkedActivities(boolean useLinkedActivities)",2,1,0,1,1
"me.umov.ureport.model.dbview.History.History(Long id)",2,1,0,1,1
"me.umov.ureport.model.dbview.History.setActivity(Activity activity)",2,1,0,1,1
"me.umov.ureport.model.dbview.History.setId(Long id)",2,1,0,1,1
"me.umov.ureport.model.dbview.History.setStatus(String status)",2,1,0,1,1
"me.umov.ureport.model.dbview.HistoryValue.HistoryValue(Long id)",2,1,0,1,1
"me.umov.ureport.model.dbview.HistoryValue.setActivitySection(ActivitySection activitySection)",2,1,0,1,1
"me.umov.ureport.model.dbview.HistoryValue.setExecutionGroup(Long executionGroup)",2,1,0,1,1
"me.umov.ureport.model.dbview.HistoryValue.setExternalvalue(String externalvalue)",2,1,0,1,1
"me.umov.ureport.model.dbview.HistoryValue.setHistory(History history)",2,1,0,1,1
"me.umov.ureport.model.dbview.HistoryValue.setId(Long id)",2,1,0,1,1
"me.umov.ureport.model.dbview.HistoryValue.setInternalvalue(String internalvalue)",2,1,0,1,1
"me.umov.ureport.model.dbview.HistoryValue.setItem(Item item)",2,1,0,1,1
"me.umov.ureport.model.dbview.ResponsibleTeamRecursiveViewPK.setAgent(Long agent)",2,1,0,1,1
"me.umov.ureport.model.dbview.ResponsibleTeamRecursiveViewPK.setTeam(Long team)",2,1,0,1,1
"me.umov.ureport.model.dbview.Task.Task(Long id)",2,1,0,1,1
"me.umov.ureport.model.dbview.Task.setActive(String active)",2,1,0,1,1
"me.umov.ureport.model.dbview.Task.setAgent(Agent agent)",2,1,0,1,1
"me.umov.ureport.model.dbview.Task.setExecutionDate(LocalDateTime executionDate)",2,1,0,1,1
"me.umov.ureport.model.dbview.Task.setId(Long id)",2,1,0,1,1
"me.umov.ureport.model.dbview.Task.setIntegrationId(String integrationId)",2,1,0,1,1
"me.umov.ureport.model.dbview.Task.setLocal(Local local)",2,1,0,1,1
"me.umov.ureport.model.dbview.Task.setObservation(String observation)",2,1,0,1,1
"me.umov.ureport.model.dbview.Task.setRealInitialDate(LocalDateTime realInitialDate)",2,1,0,1,1
"me.umov.ureport.model.dbview.Task.setScheduledInitialDate(LocalDateTime scheduledInitialDate)",2,1,0,1,1
"me.umov.ureport.model.dbview.Task.setSituationDescription(String situationDescription)",2,1,0,1,1
"me.umov.ureport.model.dbview.Task.setSituationId(Long situationId)",2,1,0,1,1
"me.umov.ureport.model.dbview.Task.setTeam(Team team)",2,1,0,1,1
"me.umov.ureport.model.dbview.Task.setTeams(List<Team> teams)",2,1,0,1,1
"me.umov.ureport.model.dbview.TeamAgentRecursiveViewPK.setSubordinate(Long subordinate)",2,1,0,1,1
"me.umov.ureport.model.dbview.TeamAgentRecursiveViewPK.setSupervisor(Long supervisor)",2,1,0,1,1
"me.umov.ureport.model.User.dbview()",2,1,0,1,0
"me.umov.ureport.model.User.getAgentId()",2,1,0,1,0
"me.umov.ureport.model.User.getAuthorizationCode()",2,1,0,1,0
"me.umov.ureport.model.User.getClientId()",2,1,0,1,0
"me.umov.ureport.model.User.getLang()",2,1,0,1,0
"me.umov.ureport.model.User.getLimits()",2,1,0,1,0
"me.umov.ureport.model.User.getPermissions()",2,1,0,1,0
"me.umov.ureport.model.User.isAuthenticated()",2,1,0,1,0
"me.umov.ureport.model.User.logout()",2,1,0,1,0
"me.umov.ureport.model.User.useLinkedActivities()",2,1,0,1,0
"me.umov.ureport.model.dbview.History.getActivity()",2,1,0,1,0
"me.umov.ureport.model.dbview.History.getId()",2,1,0,1,0
"me.umov.ureport.model.dbview.History.getStatus()",2,1,0,1,0
"me.umov.ureport.model.dbview.HistoryValue.getActivitySection()",2,1,0,1,0
"me.umov.ureport.model.dbview.HistoryValue.getExecutionGroup()",2,1,0,1,0
"me.umov.ureport.model.dbview.HistoryValue.getExternalvalue()",2,1,0,1,0
"me.umov.ureport.model.dbview.HistoryValue.getHistory()",2,1,0,1,0
"me.umov.ureport.model.dbview.HistoryValue.getId()",2,1,0,1,0
"me.umov.ureport.model.dbview.HistoryValue.getInternalvalue()",2,1,0,1,0
"me.umov.ureport.model.dbview.HistoryValue.getItem()",2,1,0,1,0
"me.umov.ureport.model.dbview.ResponsibleTeamRecursiveViewPK.getAgent()",2,1,0,1,0
"me.umov.ureport.model.dbview.ResponsibleTeamRecursiveViewPK.getTeam()",2,1,0,1,0
"me.umov.ureport.model.dbview.Task.getActive()",2,1,0,1,0
"me.umov.ureport.model.dbview.Task.getAgent()",2,1,0,1,0
"me.umov.ureport.model.dbview.Task.getExecutionDate()",2,1,0,1,0
"me.umov.ureport.model.dbview.Task.getId()",2,1,0,1,0
"me.umov.ureport.model.dbview.Task.getIntegrationId()",2,1,0,1,0
"me.umov.ureport.model.dbview.Task.getLocal()",2,1,0,1,0
"me.umov.ureport.model.dbview.Task.getObservation()",2,1,0,1,0
"me.umov.ureport.model.dbview.Task.getRealInitialDate()",2,1,0,1,0
"me.umov.ureport.model.dbview.Task.getScheduledInitialDate()",2,1,0,1,0
"me.umov.ureport.model.dbview.Task.getSituationDescription()",2,1,0,1,0
"me.umov.ureport.model.dbview.Task.getSituationId()",2,1,0,1,0
"me.umov.ureport.model.dbview.Task.getTeam()",2,1,0,1,0
"me.umov.ureport.model.dbview.TeamAgentRecursiveViewPK.getSubordinate()",2,1,0,1,0
"me.umov.ureport.model.dbview.TeamAgentRecursiveViewPK.getSupervisor()",2,1,0,1,0
"me.umov.ureport.model.dbview.HistoryValue.HistoryValue()",1,1,0,1,0
"me.umov.ureport.model.dbview.Task.Task()",1,1,0,1,0
"me.umov.ureport.model.dbview.History.setTask(Task task)",0,1,0,1,1
"me.umov.ureport.model.dbview.HistoryValue.setActivityField(ActivityField activityField)",0,1,0,1,1
"me.umov.ureport.model.dbview.History.History()",0,1,0,1,0
"me.umov.ureport.model.dbview.History.getTask()",0,1,0,1,0
"me.umov.ureport.model.dbview.HistoryValue.getActivityField()",0,1,0,1,0
"me.umov.ureport.model.report.PhotoBookDataDTO.PhotoBookDataDTO(Long id, Long executionGroup, String photoLink, Long taskId, String taskIntegrationId, String agentName, String localDescription, String taskFormattedScheduledInitialDate, String taskFormattedExecutionDate, String taskSituation, String taskObservation, MediaTags mediaTags, String activityDescription, String activitySectionDescription, String activityFieldDescription, String itemDescription, String relatedFields, Long historyId, List<HistoryValueDTO> historyValueList)",33,1,0,0,19
"me.umov.ureport.config.database.dataSource.DbViewDatabaseConfig.entityManagerFactory(EntityManagerFactoryBuilder builder, @Qualifier('dbviewDataSource') DataSource dataSource, MultiTenantConnectionProvider multiTenantConnectionProvider, CurrentTenantIdentifierResolver tenantIdentifierResolver)",19,1,11,0,4
"me.umov.ureport.dao.ReportDAO.findBy(Long id)",16,1,16,0,1
"me.umov.ureport.service.dbview.HistoryValueService.findAllNotImageByHistory(PhotoBookDataDTO photoBook)",15,1,15,0,1
"me.umov.ureport.model.report.PhotoBookDataRelatedFieldsDTO.PhotoBookDataRelatedFieldsDTO(Long id, Long historyId, Long activityId, String activityDescription, Long activitySectionId, String activitySectionDescription, Long activityFieldId, String activityFieldDescription, Long itemId, String fieldValue, Long relatedFieldId, String relatedFieldDescription, String relatedFieldValue, Long relatedActivityFieldId)",15,1,0,0,14
"me.umov.ureport.dao.FilterPermissionDAO.findByFilter(Filter filter)",12,1,11,0,1
"me.umov.ureport.dao.FilterPermissionDAO.findById(Long id)",12,1,10,0,1
"me.umov.ureport.service.report.ScheduledReportService.createScheduledReport(PhotoBookReportParameters photoBookReportParameters, User user, Report report)",10,1,10,0,3
"me.umov.ureport.service.report.ScheduledReportService.reschedule(Long scheduledReportId)",10,1,6,0,1
"me.umov.ureport.config.database.dataSource.ReportDatabaseConfig.ureportEntityManagerFactory(EntityManagerFactoryBuilder builder)",8,1,5,0,1
"me.umov.ureport.service.report.EnvironmentService.findBy(User user)",7,1,6,0,1
"me.umov.ureport.controller.IndexController.index()",7,1,6,0,0
"me.umov.ureport.service.dbview.HistoryValueService.findBy(Long id)",7,1,5,0,1
"me.umov.ureport.model.report.Limits.Limits(Limits limits)",6,1,10,0,1
"me.umov.ureport.interceptor.LocaleInterceptor.preHandle(final HttpServletRequest request, final HttpServletResponse response, final Object handler)",6,1,5,0,3
"me.umov.ureport.AppStarter.createSQSConnectionFactory()",6,1,5,0,0
"me.umov.ureport.model.dbview.Agent.toString()",6,1,0,0,0
"me.umov.ureport.model.report.Filter.toString()",6,1,0,0,0
"me.umov.ureport.controller.AgentController.findActiveById(@RequestParam('agentId') Long agentId)",5,1,8,0,1
"me.umov.ureport.controller.ActivityController.findActiveBy(@RequestParam('description') String description)",5,1,7,0,1
"me.umov.ureport.controller.ActivitySectionController.findActiveBy(@RequestParam('description') String description)",5,1,7,0,1
"me.umov.ureport.controller.ActivitySectionController.findActiveByActivity(@RequestParam(value='queryids[]',required=false) List<Long> activityIds)",5,1,7,0,1
"me.umov.ureport.controller.AgentController.findActiveBy(@RequestParam('description') String name)",5,1,7,0,1
"me.umov.ureport.controller.AgentController.findActiveByTeam(@RequestParam(value='queryids[]',required=false) List<Long> teamIds)",5,1,7,0,1
"me.umov.ureport.controller.LocalClassController.findActiveBy(@RequestParam('description') String description)",5,1,7,0,1
"me.umov.ureport.controller.LocalController.findActiveBy(@RequestParam('description') String description)",5,1,7,0,1
"me.umov.ureport.controller.LocalController.findActiveByLocalClass(@RequestParam(value='queryids[]',required=false) List<Long> localClassesIds)",5,1,7,0,1
"me.umov.ureport.controller.TeamController.findActiveBy(@RequestParam('description') String description)",5,1,7,0,1
"me.umov.ureport.controller.item.ItemController.list(@RequestParam(value='description',required=false) String description)",5,1,7,0,1
"me.umov.ureport.controller.item.ItemController.list(@RequestParam(value='queryids[]',required=false) List<Long> itemGroupIds)",5,1,7,0,1
"me.umov.ureport.controller.item.ItemGroupController.list(@RequestParam(value='description',required=false) String description)",5,1,7,0,1
"me.umov.ureport.controller.item.ItemSubGroupController.list(@RequestParam(value='description',required=false) String description)",5,1,7,0,1
"me.umov.ureport.controller.item.ItemSubGroupController.list(@RequestParam(value='queryids[]',required=false) List<Long> itemGroupIds)",5,1,7,0,1
"me.umov.ureport.controller.ActivityFieldController.findActiveByActivity(@RequestParam(value='queryids[]') List<Long> activityIds)",5,1,3,0,1
"me.umov.ureport.config.database.dataSource.ReportDatabaseConfig.ureportDataSource()",5,1,2,0,0
"me.umov.ureport.AppStarter.jmsListenerContainerFactory()",5,1,1,0,0
"me.umov.ureport.model.report.MediaTags.MediaTags(Long id, Tags tags, Long cliCodigo, Long hpiCodigo)",5,1,0,0,4
"me.umov.ureport.config.database.dataSource.ReportDatabaseConfig.reportTransactionManager(@Qualifier('reportEM') EntityManagerFactory reportEntityManagerFactory)",5,1,0,0,1
"me.umov.ureport.config.database.dataSource.ReportDatabaseConfig.reportDataSourceProperties()",5,1,0,0,0
"me.umov.ureport.controller.ActivityFieldController.getFields(List<ActivityField> activeByActivitySection)",4,1,6,0,1
"me.umov.ureport.dao.FilterPermissionDAO.delete(Filter filter)",4,1,4,0,1
"me.umov.ureport.service.report.ScheduledReportService.schedule(PhotoBookReportParameters photoBookReportParameters, User user, Report report)",4,1,3,0,3
