{"nodes":[{"name":"me.umov.ureport.model.dbview","label":"me.umov.ureport.model.dbview","id":"me.umov.ureport.model.dbview","size":19},{"name":"me.umov.ureport.model.report","label":"me.umov.ureport.model.report","id":"me.umov.ureport.model.report","size":18},{"name":"me.umov.ureport.controller","label":"me.umov.ureport.controller","id":"me.umov.ureport.controller","size":13},{"name":"me.umov.ureport.exception","label":"me.umov.ureport.exception","id":"me.umov.ureport.exception","size":10},{"name":"me.umov.ureport.service.dbview","label":"me.umov.ureport.service.dbview","id":"me.umov.ureport.service.dbview","size":9},{"name":"me.umov.ureport.dao","label":"me.umov.ureport.dao","id":"me.umov.ureport.dao","size":9},{"name":"me.umov.ureport.service.report","label":"me.umov.ureport.service.report","id":"me.umov.ureport.service.report","size":7},{"name":"me.umov.ureport.model.enums","label":"me.umov.ureport.model.enums","id":"me.umov.ureport.model.enums","size":5},{"name":"me.umov.ureport.interceptor","label":"me.umov.ureport.interceptor","id":"me.umov.ureport.interceptor","size":3},{"name":"me.umov.ureport.config.spring","label":"me.umov.ureport.config.spring","id":"me.umov.ureport.config.spring","size":3},{"name":"me.umov.ureport.controller.item","label":"me.umov.ureport.controller.item","id":"me.umov.ureport.controller.item","size":3},{"name":"me.umov.ureport.service.dbview.item","label":"me.umov.ureport.service.dbview.item","id":"me.umov.ureport.service.dbview.item","size":3},{"name":"me.umov.ureport","label":"me.umov.ureport","id":"me.umov.ureport","size":2},{"name":"me.umov.ureport.config.database.multitenant","label":"me.umov.ureport.config.database.multitenant","id":"me.umov.ureport.config.database.multitenant","size":2},{"name":"me.umov.ureport.config.database.dataSource","label":"me.umov.ureport.config.database.dataSource","id":"me.umov.ureport.config.database.dataSource","size":2},{"name":"me.umov.ureport.config.report","label":"me.umov.ureport.config.report","id":"me.umov.ureport.config.report","size":2},{"name":"me.umov.ureport.persistence.type","label":"me.umov.ureport.persistence.type","id":"me.umov.ureport.persistence.type","size":2},{"name":"me.umov.ureport.controller.dto.multiselect","label":"me.umov.ureport.controller.dto.multiselect","id":"me.umov.ureport.controller.dto.multiselect","size":2},{"name":"me.umov.ureport.model","label":"me.umov.ureport.model","id":"me.umov.ureport.model","size":2},{"name":"me.umov.ureport.config.database.converter","label":"me.umov.ureport.config.database.converter","id":"me.umov.ureport.config.database.converter","size":1},{"name":"me.umov.ureport.service","label":"me.umov.ureport.service","id":"me.umov.ureport.service","size":1},{"name":"me.umov.ureport.service.aws","label":"me.umov.ureport.service.aws","id":"me.umov.ureport.service.aws","size":1},{"name":"me.umov.ureport.types","label":"me.umov.ureport.types","id":"me.umov.ureport.types","size":1},{"name":"me.umov.ureport.model.aws","label":"me.umov.ureport.model.aws","id":"me.umov.ureport.model.aws","size":1}],"links":[{"source":"me.umov.ureport.model.dbview","target":"me.umov.ureport.config.database.converter"},{"source":"me.umov.ureport.model.report","target":"me.umov.ureport"},{"source":"me.umov.ureport.model.report","target":"me.umov.ureport.config.database.converter"},{"source":"me.umov.ureport.model.report","target":"me.umov.ureport.exception"},{"source":"me.umov.ureport.model.report","target":"me.umov.ureport.model"},{"source":"me.umov.ureport.controller","target":"me.umov.ureport"},{"source":"me.umov.ureport.controller","target":"me.umov.ureport.config.report"},{"source":"me.umov.ureport.controller","target":"me.umov.ureport.controller.dto.multiselect"},{"source":"me.umov.ureport.controller","target":"me.umov.ureport.exception"},{"source":"me.umov.ureport.controller","target":"me.umov.ureport.model"},{"source":"me.umov.ureport.controller","target":"me.umov.ureport.model.dbview"},{"source":"me.umov.ureport.controller","target":"me.umov.ureport.model.report"},{"source":"me.umov.ureport.controller","target":"me.umov.ureport.service"},{"source":"me.umov.ureport.controller","target":"me.umov.ureport.service.dbview"},{"source":"me.umov.ureport.controller","target":"me.umov.ureport.service.dbview.item"},{"source":"me.umov.ureport.controller","target":"me.umov.ureport.service.report"},{"source":"me.umov.ureport.service.dbview","target":"me.umov.ureport.dao"},{"source":"me.umov.ureport.service.dbview","target":"me.umov.ureport.model"},{"source":"me.umov.ureport.service.dbview","target":"me.umov.ureport.model.dbview"},{"source":"me.umov.ureport.service.dbview","target":"me.umov.ureport.model.report"},{"source":"me.umov.ureport.service.dbview","target":"me.umov.ureport.service.report"},{"source":"me.umov.ureport.dao","target":"me.umov.ureport.model"},{"source":"me.umov.ureport.dao","target":"me.umov.ureport.model.dbview"},{"source":"me.umov.ureport.dao","target":"me.umov.ureport.model.report"},{"source":"me.umov.ureport.service.report","target":"me.umov.ureport"},{"source":"me.umov.ureport.service.report","target":"me.umov.ureport.config.report"},{"source":"me.umov.ureport.service.report","target":"me.umov.ureport.dao"},{"source":"me.umov.ureport.service.report","target":"me.umov.ureport.exception"},{"source":"me.umov.ureport.service.report","target":"me.umov.ureport.model"},{"source":"me.umov.ureport.service.report","target":"me.umov.ureport.model.aws"},{"source":"me.umov.ureport.service.report","target":"me.umov.ureport.model.report"},{"source":"me.umov.ureport.service.report","target":"me.umov.ureport.service.aws"},{"source":"me.umov.ureport.service.report","target":"me.umov.ureport.service.dbview"},{"source":"me.umov.ureport.interceptor","target":"me.umov.ureport.model"},{"source":"me.umov.ureport.interceptor","target":"me.umov.ureport.service"},{"source":"me.umov.ureport.config.spring","target":"me.umov.ureport.interceptor"},{"source":"me.umov.ureport.controller.item","target":"me.umov.ureport.controller.dto.multiselect"},{"source":"me.umov.ureport.controller.item","target":"me.umov.ureport.service.dbview.item"},{"source":"me.umov.ureport.service.dbview.item","target":"me.umov.ureport.model.dbview"},{"source":"me.umov.ureport.config.database.multitenant","target":"me.umov.ureport.model"},{"source":"me.umov.ureport.config.report","target":"me.umov.ureport.model"},{"source":"me.umov.ureport.persistence.type","target":"me.umov.ureport.model.report"},{"source":"me.umov.ureport.controller.dto.multiselect","target":"me.umov.ureport.model.report"},{"source":"me.umov.ureport.controller.dto.multiselect","target":"me.umov.ureport.service.report"},{"source":"me.umov.ureport.model","target":"me.umov.ureport.model.report"},{"source":"me.umov.ureport.service","target":"me.umov.ureport.model"},{"source":"me.umov.ureport.service","target":"me.umov.ureport.model.report"},{"source":"me.umov.ureport.service","target":"me.umov.ureport.service.report"},{"source":"me.umov.ureport.service.aws","target":"me.umov.ureport.model.aws"}]}