{"name":"variants","children":[{"name":"com.softwarepathfinder.model","children":[{"name":"Access","sloc":43,"wmc":9},{"name":"Field","sloc":53,"wmc":11},{"name":"Inheritance","sloc":38,"wmc":8},{"name":"Invocation","sloc":75,"wmc":14},{"name":"Locus","sloc":109,"wmc":21},{"name":"Method","sloc":146,"wmc":28},{"name":"Namespace","sloc":57,"wmc":8},{"name":"Path","sloc":140,"wmc":18},{"name":"Project","sloc":175,"wmc":28},{"name":"Type","sloc":246,"wmc":51}]},{"name":"com.softwarepathfinder.parsing.java","children":[{"name":"AccessParser","sloc":38,"wmc":4},{"name":"AccessVisitor","sloc":18,"wmc":2},{"name":"GenerateJava2JPA","sloc":154,"wmc":16},{"name":"InheritanceParser","sloc":25,"wmc":2},{"name":"InheritanceVisitor","sloc":40,"wmc":12},{"name":"InvocationParser","sloc":36,"wmc":4},{"name":"InvocationVisitor","sloc":220,"wmc":48},{"name":"NamespaceParser","sloc":52,"wmc":5},{"name":"NamespaceVisitor","sloc":17,"wmc":2},{"name":"TypeParser","sloc":41,"wmc":3},{"name":"TypeVisitor","sloc":91,"wmc":16}]},{"name":"com.softwarepathfinder.parsing","children":[{"name":"PathMaker","sloc":59,"wmc":8},{"name":"PolymorphismParser","sloc":24,"wmc":5}]},{"name":"com.softwarepathfinder.parsing.php","children":[{"name":"AccessParser","sloc":31,"wmc":4},{"name":"AccessVisitor","sloc":31,"wmc":5},{"name":"GenerateAstPhp","sloc":170,"wmc":32},{"name":"InheritanceParser","sloc":17,"wmc":2},{"name":"InheritanceVisitor","sloc":38,"wmc":9},{"name":"InvocationParser","sloc":20,"wmc":2},{"name":"InvocationVisitor","sloc":181,"wmc":46},{"name":"NamespaceParser","sloc":42,"wmc":6},{"name":"TypeParser","sloc":28,"wmc":2},{"name":"TypeVisitor","sloc":97,"wmc":15}]},{"name":"com.softwarepathfinder.persistence.jpa","children":[{"name":"PersistenceManager","sloc":43,"wmc":8}]},{"name":"com.softwarepathfinder.utils","children":[{"name":"Conf","sloc":40,"wmc":7},{"name":"Log","sloc":45,"wmc":8},{"name":"LogFormatter","sloc":29,"wmc":2},{"name":"SystemUtils","sloc":25,"wmc":4}]},{"name":"com.softwarepathfinder.utils.exceptions","children":[{"name":"ConfException","sloc":7,"wmc":1}]},{"name":"com.softwarepathfinder.visualization.blender","children":[{"name":"Blender","sloc":32,"wmc":2},{"name":"Geometry","sloc":51,"wmc":12}]},{"name":"com.softwarepathfinder.visualization.jgraph","children":[{"name":"PathfinderLayout","sloc":9,"wmc":1},{"name":"PathView","sloc":116,"wmc":13}]},{"name":"com.softwarepathfinder.visualization.prefuse","children":[{"name":"AggregateDemo","sloc":300,"wmc":13},{"name":"Example","sloc":81,"wmc":1},{"name":"InverseWheelZoomControl","sloc":22,"wmc":3},{"name":"MethodGraph","sloc":115,"wmc":10},{"name":"NamespaceGraph","sloc":114,"wmc":11},{"name":"NamespaceGraphByPath","sloc":115,"wmc":10},{"name":"PathGraph","sloc":92,"wmc":2},{"name":"PathMethodLayout","sloc":69,"wmc":13},{"name":"PathMethodsGraph","sloc":141,"wmc":6},{"name":"SimpleGraph","sloc":80,"wmc":2},{"name":"TypeGraph","sloc":142,"wmc":8},{"name":"TypeRenderer","sloc":4,"wmc":1}]},{"name":"com.softwarepathfinder.visualization.yEd","children":[{"name":"AccessGraphML","sloc":25,"wmc":6},{"name":"FieldGraphML","sloc":21,"wmc":5},{"name":"GraphML","sloc":22,"wmc":3},{"name":"GraphmlBuilder","sloc":71,"wmc":7},{"name":"GroundGraphML","sloc":15,"wmc":3},{"name":"InvocationGraphML","sloc":29,"wmc":8},{"name":"MethodGraphML","sloc":25,"wmc":7},{"name":"ModelGraphML","sloc":18,"wmc":4},{"name":"NamespaceGraphML","sloc":16,"wmc":3},{"name":"TypeGraphML","sloc":199,"wmc":38}]}]}