"type","dep","i-dep","fan-in","fan-out"
"edu.umd.cs.findbugs.OpcodeStack",58,22,45,46
"edu.umd.cs.findbugs.BugInstance",67,28,218,48
"edu.umd.cs.findbugs.detect.FindNullDeref",103,69,0,75
"edu.umd.cs.findbugs.detect.DumbMethods",49,29,0,42
"edu.umd.cs.findbugs.PluginLoader",62,21,3,36
"edu.umd.cs.findbugs.ba.type.TypeFrameModelingVisitor",38,24,4,31
"edu.umd.cs.findbugs.SortedBugCollection",58,13,49,27
"edu.umd.cs.findbugs.detect.UnreadFields",57,34,1,43
"edu.umd.cs.findbugs.detect.FindRefComparison",86,50,1,71
"edu.umd.cs.findbugs.gui2.CloudCommentsPane",59,8,1,23
"edu.umd.cs.findbugs.visitclass.DismantleBytecode",35,12,11,19
"edu.umd.cs.findbugs.gui2.MainFrame",53,21,3,42
"edu.umd.cs.findbugs.detect.FindNoSideEffectMethods",34,17,0,27
"edu.umd.cs.findbugs.ba.AbstractFrameModelingVisitor",4,2,5,4
"edu.umd.cs.findbugs.classfile.engine.bcel.ValueRangeAnalysisFactory",58,16,1,39
"edu.umd.cs.findbugs.FindBugs2",53,35,6,50
"edu.umd.cs.findbugs.ba.ch.Subtypes2",28,9,46,15
"edu.umd.cs.findbugs.cloud.AbstractCloud",34,15,2,27
"edu.umd.cs.findbugs.ba.BetterCFGBuilder2",59,11,2,28
"edu.umd.cs.findbugs.detect.FindInconsistentSync2",66,39,0,48
"edu.umd.cs.findbugs.workflow.Filter",44,24,0,37
"edu.umd.cs.findbugs.gui2.PreferencesFrame",64,8,1,25
"edu.umd.cs.findbugs.ba.deref.UnconditionalValueDerefAnalysis",53,33,5,41
"edu.umd.cs.findbugs.SAXBugCollectionHandler",39,22,4,32
"edu.umd.cs.findbugs.detect.FindUnrelatedTypesInGenericContainer",77,44,0,50
"edu.umd.cs.findbugs.Project",44,13,31,33
"edu.umd.cs.findbugs.ba.npe.IsNullValueAnalysis",38,25,1,30
"edu.umd.cs.findbugs.detect.FindUselessObjects",48,21,0,31
"edu.umd.cs.findbugs.ba.npe.NullDerefAndRedundantComparisonFinder",45,28,2,31
"edu.umd.cs.findbugs.ba.jsr305.TypeQualifierApplications",25,14,9,18
"edu.umd.cs.findbugs.detect.SerializableIdiom",36,19,0,26
"edu.umd.cs.findbugs.ba.AnalysisContext",47,28,137,36
"edu.umd.cs.findbugs.gui2.MainFrameMenu",36,12,1,22
"edu.umd.cs.findbugs.detect.FindPuzzlers",33,22,0,29
"edu.umd.cs.findbugs.TextUICommandLine",23,4,2,14
"edu.umd.cs.findbugs.SourceLineAnnotation",29,16,76,24
"edu.umd.cs.findbugs.gui2.MainFrameTree",51,4,1,17
"edu.umd.cs.findbugs.ba.ClassContext",50,27,114,34
"edu.umd.cs.findbugs.visitclass.PreorderVisitor",51,17,32,26
"edu.umd.cs.findbugs.workflow.RejarClassesForAnalysis",34,5,1,28
"edu.umd.cs.findbugs.ba.vna.ValueNumberFrameModelingVisitor",39,12,1,20
"edu.umd.cs.findbugs.gui2.BugTreeModel",19,2,2,10
"edu.umd.cs.findbugs.detect.FindHEmismatch",34,21,0,26
"edu.umd.cs.findbugs.detect.FindBadCast2",57,33,0,35
"edu.umd.cs.findbugs.ba.vna.ValueNumberFrame",18,5,43,14
"edu.umd.cs.findbugs.ba.type.TypeAnalysis",44,23,3,34
"edu.umd.cs.findbugs.classfile.engine.ClassParserUsingASM",27,12,2,18
"edu.umd.cs.findbugs.detect.Naming",37,21,0,29
"edu.umd.cs.findbugs.gui2.NewProjectWizard",42,7,2,21
"edu.umd.cs.findbugs.detect.FindDeadLocalStores",65,27,0,33
"edu.umd.cs.findbugs.gui2.MainFrameLoadSaveHelper",21,9,1,15
"edu.umd.cs.findbugs.util.Util",41,2,50,26
"edu.umd.cs.findbugs.classfile.impl.ClassPathBuilder",40,23,1,38
"edu.umd.cs.findbugs.classfile.analysis.MethodInfo",27,15,7,22
"edu.umd.cs.findbugs.detect.CheckTypeQualifiers",59,45,0,51
"edu.umd.cs.findbugs.workflow.Update",28,15,2,26
"edu.umd.cs.findbugs.detect.FindUnsatisfiedObligation",50,33,0,41
"edu.umd.cs.findbugs.updates.UpdateChecker",41,9,6,28
"edu.umd.cs.findbugs.ba.XFactory",40,20,59,26
"edu.umd.cs.findbugs.gui2.MainFrameComponentFactory",57,9,1,20
"edu.umd.cs.findbugs.ba.Hierarchy",28,8,35,12
"edu.umd.cs.findbugs.detect.FindSqlInjection",45,23,0,29
"edu.umd.cs.findbugs.anttask.FindBugsTask",11,2,0,9
"edu.umd.cs.findbugs.ba.DefaultNullnessAnnotations",1,1,1,2
"edu.umd.cs.findbugs.Plugin",24,5,17,16
"edu.umd.cs.findbugs.ProjectStats",35,5,13,18
"edu.umd.cs.findbugs.detect.DroppedException",27,16,0,22
"edu.umd.cs.findbugs.DetectorFactoryCollection",27,6,37,15
"edu.umd.cs.findbugs.detect.InfiniteLoop",16,7,0,20
"edu.umd.cs.findbugs.detect.OverridingEqualsNotSymmetrical",26,19,0,23
"edu.umd.cs.findbugs.config.UserPreferences",26,6,9,22
"edu.umd.cs.findbugs.cloud.AbstractCloudTest",26,9,0,16
"edu.umd.cs.findbugs.ba.SourceFinder",28,5,8,18
"edu.umd.cs.findbugs.gui2.GUISaveState",21,3,4,9
"edu.umd.cs.findbugs.ba.npe.IsNullValueFrameModelingVisitor",42,19,1,24
"edu.umd.cs.findbugs.gui2.ViewFilter",8,4,1,8
"edu.umd.cs.findbugs.ba.Dataflow",13,7,23,14
"edu.umd.cs.findbugs.classfile.analysis.ClassInfo",27,16,11,23
"edu.umd.cs.findbugs.detect.FindUnreleasedLock",44,29,0,37
"edu.umd.cs.findbugs.detect.NoiseNullDeref",63,43,0,49
"edu.umd.cs.findbugs.ba.generic.GenericUtilities",11,3,7,9
"edu.umd.cs.findbugs.plan.ExecutionPlan",20,8,2,13
"edu.umd.cs.findbugs.log.Profiler",17,5,16,25
"edu.umd.cs.findbugs.detect.CheckExpectedWarnings",42,27,0,33
"edu.umd.cs.findbugs.workflow.MineBugHistory",15,7,1,15
"edu.umd.cs.findbugs.cloud.DoNothingCloud",17,7,2,12
"edu.umd.cs.findbugs.classfile.impl.AnalysisCache",28,19,1,31
"edu.umd.cs.findbugs.gui2.SorterTableColumnModel",26,0,4,6
"edu.umd.cs.findbugs.ba.Hierarchy2",27,10,16,13
"edu.umd.cs.findbugs.FindBugs",21,7,30,17
"edu.umd.cs.findbugs.ba.CFG",13,2,91,7
"edu.umd.cs.findbugs.ba.npe.IsNullValue",9,8,20,13
"edu.umd.cs.findbugs.ba.npe.TypeQualifierNullnessAnnotationDatabase",33,27,3,33
"edu.umd.cs.findbugs.detect.MutableStaticFields",22,11,0,15
"edu.umd.cs.findbugs.ba.Frame",11,1,5,6
"edu.umd.cs.findbugs.ba.AnnotationDatabase",16,5,6,11
"edu.umd.cs.findbugs.classfile.engine.bcel.FinallyDuplicatesInfoFactory",32,6,1,18
"edu.umd.cs.findbugs.gui2.SourceDirectoryWizard",16,7,2,27
"edu.umd.cs.findbugs.detect.DuplicateBranches",27,11,0,19
"edu.umd.cs.findbugs.DiscoverSourceDirectories",22,13,2,25
"edu.umd.cs.findbugs.jaif.JAIFParser",4,1,1,10
"edu.umd.cs.findbugs.detect.FindOpenStream",32,18,0,25
"edu.umd.cs.findbugs.LocalVariableAnnotation",25,14,27,20
"edu.umd.cs.findbugs.ba.obl.ObligationAnalysis",31,18,1,21
"edu.umd.cs.findbugs.MethodAnnotation",16,12,37,18
"edu.umd.cs.findbugs.ba.bcp.PatternMatcher",21,13,1,19
"edu.umd.cs.findbugs.workflow.MergeSummarizeAndView",26,14,1,23
"edu.umd.cs.findbugs.ba.BytecodeScanner",1,1,6,2
"edu.umd.cs.findbugs.config.ProjectFilterSettings",13,5,2,15
"edu.umd.cs.findbugs.detect.SwitchFallthrough",28,18,0,23
"edu.umd.cs.findbugs.detect.CheckRelaxingNullnessAnnotation",36,17,0,24
"edu.umd.cs.findbugs.AbstractBugReporter",20,6,3,15
"edu.umd.cs.findbugs.ba.jsr305.TypeQualifierValueSet",9,2,2,7
"edu.umd.cs.findbugs.ba.jsr305.TypeQualifierValue",28,14,8,23
"edu.umd.cs.findbugs.detect.LazyInit",49,33,0,39
"edu.umd.cs.findbugs.detect.BuildObligationPolicyDatabase",39,25,1,33
"edu.umd.cs.findbugs.visitclass.BetterVisitor",37,0,1,3
"edu.umd.cs.findbugs.detect.FindSelfComparison",17,14,0,19
"edu.umd.cs.findbugs.detect.UselessSubclassMethod",17,5,0,11
"edu.umd.cs.findbugs.gui2.SourceCodeDisplay",20,6,1,13
"edu.umd.cs.findbugs.StackMapAnalyzer",25,4,0,8
"edu.umd.cs.findbugs.ba.deref.UnconditionalValueDerefSet",15,5,7,9
"edu.umd.cs.findbugs.ba.BasicBlock",10,2,37,11
"edu.umd.cs.findbugs.gui2.BugSet",15,5,10,10
"edu.umd.cs.findbugs.gui2.AbstractSwingGuiCallback",30,3,1,16
"edu.umd.cs.findbugs.Version",15,4,4,10
"edu.umd.cs.findbugs.cloud.Cloud",16,5,21,6
"edu.umd.cs.findbugs.config.CommandLine",18,4,16,16
"edu.umd.cs.findbugs.workflow.SetBugDatabaseInfo",19,9,0,18
"edu.umd.cs.findbugs.detect.MethodReturnCheck",25,19,0,24
"edu.umd.cs.findbugs.ba.IncompatibleTypes",17,8,16,11
"edu.umd.cs.findbugs.ba.URLClassPath",17,2,2,10
"edu.umd.cs.findbugs.ba.npe.IsNullValueFrame",13,6,11,10
"edu.umd.cs.findbugs.detect.DontIgnoreResultOfPutIfAbsent",51,29,0,34
"edu.umd.cs.findbugs.detect.LoadOfKnownNullValue",35,21,0,26
"edu.umd.cs.findbugs.PackageStats",13,2,10,15
"edu.umd.cs.findbugs.FieldAnnotation",23,11,36,17
"edu.umd.cs.findbugs.detect.UncallableMethodOfAnonymousClass",23,16,0,20
"edu.umd.cs.findbugs.detect.StaticCalendarDetector",28,17,0,21
"edu.umd.cs.findbugs.gui2.AnalyzingDialog",17,3,1,13
"edu.umd.cs.findbugs.ba.LockSet",5,3,7,6
"edu.umd.cs.findbugs.ba.ch.Subtypes2Test",8,5,0,7
"edu.umd.cs.findbugs.classfile.engine.ClassParser",15,8,3,14
"edu.umd.cs.findbugs.DetectorFactory",8,1,12,8
"edu.umd.cs.findbugs.ba.SourceInfoMap",13,2,5,14
"edu.umd.cs.findbugs.ba.vna.ValueNumberAnalysis",20,10,4,15
"edu.umd.cs.findbugs.DeepSubtypeAnalysis",13,5,6,9
"edu.umd.cs.findbugs.PrintingBugReporter",14,4,3,17
"edu.umd.cs.findbugs.anttask.FilterBugsTask",2,0,0,3
"edu.umd.cs.findbugs.util.TopologicalSort",14,3,1,17
"edu.umd.cs.findbugs.detect.BuildStringPassthruGraph",17,5,0,16
"edu.umd.cs.findbugs.detect.FunctionsThatMightBeMistakenForProcedures",23,15,0,18
"edu.umd.cs.findbugs.anttask.AbstractFindBugsTask",9,0,7,9
"edu.umd.cs.findbugs.gui2.BugLoader",31,16,0,25
"edu.umd.cs.findbugs.ba.type.ExceptionSet",10,3,2,8
"edu.umd.cs.findbugs.graph.AbstractGraph",3,0,5,7
"edu.umd.cs.findbugs.BugRanker",13,4,8,14
"edu.umd.cs.findbugs.detect.WrongMapIterator",17,13,0,18
"edu.umd.cs.findbugs.detect.FindNonShortCircuit",8,6,0,10
"edu.umd.cs.findbugs.detect.StringConcatenation",10,6,0,14
"edu.umd.cs.findbugs.updates.UpdateCheckerTest",25,4,0,13
"edu.umd.cs.findbugs.ba.CheckReturnAnnotationDatabase",6,0,2,4
"edu.umd.cs.findbugs.classfile.DescriptorFactory",16,5,89,10
"edu.umd.cs.findbugs.util.TestDesktopIntegration",23,1,1,16
"edu.umd.cs.findbugs.detect.RuntimeExceptionCapture",37,24,0,31
"edu.umd.cs.findbugs.BugDesignation",9,4,7,10
"edu.umd.cs.findbugs.model.ClassFeatureSet",17,7,6,17
"edu.umd.cs.findbugs.detect.Noise",9,6,0,9
"edu.umd.cs.findbugs.ba.Edge",9,1,36,9
"edu.umd.cs.findbugs.graph.AbstractDepthFirstSearch",5,0,2,8
"edu.umd.cs.findbugs.workflow.CopyBuggySource",22,10,1,15
"edu.umd.cs.findbugs.detect.FindMaskedFields",22,13,0,16
"edu.umd.cs.findbugs.FuzzyBugComparator",6,1,0,8
"edu.umd.cs.findbugs.detect.CrossSiteScripting",16,11,0,15
"edu.umd.cs.findbugs.ba.FieldSummary",20,9,11,11
"edu.umd.cs.findbugs.gui2.PluginUpdateDialog",28,4,1,16
"edu.umd.cs.findbugs.ba.PruneUnconditionalExceptionThrowerEdges",20,5,2,10
"edu.umd.cs.findbugs.cloud.BugFilingCommentHelper",19,10,0,15
"edu.umd.cs.findbugs.detect.Stream",15,7,6,11
"edu.umd.cs.findbugs.detect.FindSelfComparison2",26,18,0,23
"edu.umd.cs.findbugs.detect.RedundantConditions",25,11,0,14
"edu.umd.cs.findbugs.workflow.Churn",12,6,1,15
"edu.umd.cs.findbugs.detect.IncompatMask",5,4,0,9
"edu.umd.cs.findbugs.detect.InitializationChain",20,8,0,16
"edu.umd.cs.findbugs.detect.FindDoubleCheck",12,6,0,10
"edu.umd.cs.findbugs.filter.Filter",19,6,16,13
"edu.umd.cs.findbugs.detect.FindJSR166LockMonitorenter",33,21,0,26
"edu.umd.cs.findbugs.ba.UnresolvedXMethod",15,7,0,12
"edu.umd.cs.findbugs.ba.jsr305.TypeQualifierDataflowAnalysis",22,13,2,18
"edu.umd.cs.findbugs.ba.generic.GenericSignatureParser",10,0,14,9
"edu.umd.cs.findbugs.detect.FindUseOfNonSerializableValue",36,16,0,22
"edu.umd.cs.findbugs.ba.SignatureParser",7,0,43,10
"edu.umd.cs.findbugs.detect.RepeatedConditionals",17,6,0,11
"edu.umd.cs.findbugs.detect.BuildUnconditionalParamDerefDatabase",35,22,2,27
"edu.umd.cs.findbugs.ba.ClassHash",17,3,0,10
"edu.umd.cs.findbugs.SystemProperties",12,2,135,8
"edu.umd.cs.findbugs.ba.InnerClassAccessMap",15,1,4,7
"edu.umd.cs.findbugs.classfile.analysis.FieldInfo",23,14,6,20
"edu.umd.cs.findbugs.Obfuscate",5,1,1,5
"edu.umd.cs.findbugs.detect.FindRoughConstants",16,5,0,13
"edu.umd.cs.findbugs.ba.jsr305.ForwardTypeQualifierDataflowAnalysis",28,14,2,17
"edu.umd.cs.findbugs.VersionInsensitiveBugComparator",5,3,1,9
"edu.umd.cs.findbugs.detect.FormatStringChecker",18,12,0,13
"edu.umd.cs.findbugs.Tokenizer",4,0,1,3
"edu.umd.cs.findbugs.I18N",10,0,7,6
"edu.umd.cs.findbugs.detect.CloneIdiom",21,16,0,20
"edu.umd.cs.findbugs.ProjectPackagePrefixes",16,3,3,20
"edu.umd.cs.findbugs.ba.npe.DerefFinder",36,23,1,25
"edu.umd.cs.findbugs.io.IO",16,1,9,6
"edu.umd.cs.findbugs.gui2.NewFilterFrame",21,0,2,8
"edu.umd.cs.findbugs.cloud.username.WebCloudNameLookup",17,6,0,15
"edu.umd.cs.findbugs.ba.jsr305.BackwardTypeQualifierDataflowAnalysis",28,17,2,19
"edu.umd.cs.findbugs.Analyze",12,7,2,10
"edu.umd.cs.findbugs.util.ClassName",6,1,54,5
"edu.umd.cs.findbugs.detect.InvalidJUnitTest",14,11,0,14
"edu.umd.cs.findbugs.classfile.engine.bcel.CFGFactory",34,23,1,24
"edu.umd.cs.findbugs.detect.StreamResourceTracker",21,9,1,12
"edu.umd.cs.findbugs.ba.AssertionMethods",20,1,7,7
"edu.umd.cs.findbugs.detect.DumbMethodInvocations",27,16,0,21
"edu.umd.cs.findbugs.PropertyBundle",9,2,8,4
"edu.umd.cs.findbugs.TextUIBugReporter",4,1,5,4
"edu.umd.cs.findbugs.classfile.impl.ZipInputStreamCodeBase",13,6,1,14
"edu.umd.cs.findbugs.detect.FindCircularDependencies",10,3,0,13
"edu.umd.cs.findbugs.ba.obl.StateSet",8,1,4,4
"edu.umd.cs.findbugs.ba.Path",2,0,5,5
"edu.umd.cs.findbugs.ba.ResourceValueAnalysis",9,1,3,6
"edu.umd.cs.findbugs.detect.InfiniteRecursiveLoop",10,8,0,12
"edu.umd.cs.findbugs.BugInstanceTest",8,2,0,6
"edu.umd.cs.findbugs.detect.FindFloatEquality",11,7,0,13
"edu.umd.cs.findbugs.SAXBugCollectionHandlerTest",4,1,0,2
"edu.umd.cs.findbugs.props.WarningPropertySet",6,3,7,10
"edu.umd.cs.findbugs.detect.FindNullDerefsInvolvingNonShortCircuitEvaluation",24,18,0,21
"edu.umd.cs.findbugs.tools.FixIndentation",14,3,0,10
"edu.umd.cs.findbugs.ba.BlockType",1,0,1,3
"edu.umd.cs.findbugs.gui2.DockLayout",27,1,0,4
"edu.umd.cs.findbugs.ba.obl.InstructionActionCache",32,13,1,17
"edu.umd.cs.findbugs.gui2.CommentsArea",19,5,1,12
"edu.umd.cs.findbugs.Lookup",15,9,5,11
"edu.umd.cs.findbugs.XDocsBugReporter",10,1,1,6
"edu.umd.cs.findbugs.gui2.ProjectSettings",10,0,2,1
"edu.umd.cs.findbugs.detect.BadSyntaxForRegularExpression",7,5,0,10
"edu.umd.cs.findbugs.detect.CovariantArrayAssignment",17,12,0,16
"edu.umd.cs.findbugs.tools.xml.CheckMessages",12,1,1,10
"edu.umd.cs.findbugs.detect.ResolveAllReferences",29,13,0,18
"edu.umd.cs.findbugs.detect.FindUninitializedGet",21,10,0,13
"edu.umd.cs.findbugs.ba.type.StandardTypeMerger",13,7,3,11
"edu.umd.cs.findbugs.xml.OutputStreamXMLOutput",9,1,8,4
"edu.umd.cs.findbugs.gui2.StackedFilterMatcher",6,1,3,8
"edu.umd.cs.findbugs.gui2.FilterFactory",16,14,0,17
"edu.umd.cs.findbugs.workflow.CloudSyncAndReport",16,8,1,15
"edu.umd.cs.findbugs.classfile.impl.SingleFileCodeBase",20,13,1,16
"edu.umd.cs.findbugs.tools.html.PrettyPrintBugDescriptions",10,3,1,8
"edu.umd.cs.findbugs.classfile.analysis.ClassNameAndSuperclassInfo",10,3,9,5
"edu.umd.cs.findbugs.sourceViewer.NavigableTextPane",13,1,1,12
"edu.umd.cs.findbugs.gui2.SplashFrame",13,0,2,10
"edu.umd.cs.findbugs.detect.ReadOfInstanceFieldInMethodInvokedByConstructorInSuperclass",21,15,0,18
"edu.umd.cs.findbugs.cloud.BugCollectionStorageCloud",9,3,1,5
"edu.umd.cs.findbugs.SwitchHandler",8,4,1,7
"edu.umd.cs.findbugs.sourceViewer.JavaScanner",3,0,1,4
"edu.umd.cs.findbugs.detect.DefaultEncodingDetector",16,11,0,16
"edu.umd.cs.findbugs.ResourceTrackingDetector",19,14,2,20
"edu.umd.cs.findbugs.detect.InitializeNonnullFieldsInConstructor",14,9,0,12
"edu.umd.cs.findbugs.ba.generic.GenericObjectType",12,4,14,9
"edu.umd.cs.findbugs.detect.CallToUnconditionalThrower",30,21,0,26
"edu.umd.cs.findbugs.detect.FindReturnRef",10,7,0,10
"edu.umd.cs.findbugs.detect.LostLoggerDueToWeakReference",12,8,0,12
"edu.umd.cs.findbugs.CommandLineUiCallback",12,2,2,7
"edu.umd.cs.findbugs.BugAccumulator",11,4,55,6
"edu.umd.cs.findbugs.SelfCalls",16,4,1,7
"edu.umd.cs.findbugs.util.Strings",5,0,6,8
"edu.umd.cs.findbugs.BugPattern",2,1,8,5
"edu.umd.cs.findbugs.visitclass.PrintClass",11,0,0,7
"edu.umd.cs.findbugs.IntAnnotation",5,2,11,10
"edu.umd.cs.findbugs.ba.SignatureConverter",7,1,18,4
"edu.umd.cs.findbugs.gui2.AboutDialog",9,3,1,16
"edu.umd.cs.findbugs.ba.jsr305.SourceSinkInfo",3,2,6,4
"edu.umd.cs.findbugs.detect.MultithreadedInstanceAccess",17,5,0,9
"edu.umd.cs.findbugs.detect.FindMismatchedWaitOrNotify",28,17,0,22
"edu.umd.cs.findbugs.TypeAnnotation",8,6,22,11
"edu.umd.cs.findbugs.DetectorsTest",13,1,0,5
"edu.umd.cs.findbugs.ba.jsr305.TypeQualifierResolver",13,9,0,11
"edu.umd.cs.findbugs.PackageMemberAnnotation",6,4,3,7
"edu.umd.cs.findbugs.ba.LiveLocalStoreAnalysis",10,0,4,4
"edu.umd.cs.findbugs.jaif.JAIFScanner",5,0,2,1
"edu.umd.cs.findbugs.detect.FindNonSerializableValuePassedToWriteObject",26,15,0,21
"edu.umd.cs.findbugs.detect.InefficientInitializationInsideLoop",18,7,0,13
"edu.umd.cs.findbugs.workflow.CountClassVersions",21,6,0,17
"edu.umd.cs.findbugs.ba.jsr305.Analysis",22,14,3,17
"edu.umd.cs.findbugs.detect.CallToUnsupportedMethod",28,17,0,19
"edu.umd.cs.findbugs.detect.FindFieldSelfAssignment",13,9,0,13
"edu.umd.cs.findbugs.ClassAnnotation",8,6,29,11
"edu.umd.cs.findbugs.ba.ResourceValueFrameModelingVisitor",14,0,3,2
"edu.umd.cs.findbugs.anttask.FindBugsViewerTask",7,1,0,3
"edu.umd.cs.findbugs.gui2.FilterMatcher",6,3,4,7
"edu.umd.cs.findbugs.detect.FindTwoLockWait",23,12,0,17
"edu.umd.cs.findbugs.detect.VolatileUsage",11,8,0,11
"edu.umd.cs.findbugs.detect.FindNonSerializableStoreIntoSession",27,16,0,22
"edu.umd.cs.findbugs.classfile.impl.ZipFileCodeBase",12,3,1,8
"edu.umd.cs.findbugs.detect.UnnecessaryMath",13,5,0,10
"edu.umd.cs.findbugs.classfile.ClassDescriptor",8,2,136,7
"edu.umd.cs.findbugs.ba.bcp.Invoke",13,6,0,11
"edu.umd.cs.findbugs.gui2.Driver",9,6,2,12
"edu.umd.cs.findbugs.visitclass.Util",16,1,7,3
"edu.umd.cs.findbugs.ba.interproc.ParameterProperty",2,0,10,3
"edu.umd.cs.findbugs.gui2.SplitLayout",16,1,1,6
"edu.umd.cs.findbugs.util.LaunchBrowser",9,1,8,10
"edu.umd.cs.findbugs.Footprint",4,0,3,7
"edu.umd.cs.findbugs.sourceViewer.JavaSourceDocument",19,4,2,5
"edu.umd.cs.findbugs.detect.FieldItemSummary",17,13,0,16
"edu.umd.cs.findbugs.ba.SourceFile",4,0,8,5
"edu.umd.cs.findbugs.FindBugsTestCase",6,1,1,7
"edu.umd.cs.findbugs.AnalysisError",2,0,4,5
"edu.umd.cs.findbugs.ba.LockAnalysis",11,5,1,9
"edu.umd.cs.findbugs.gui2.SorterDialog",19,0,1,7
"edu.umd.cs.findbugs.detect.NumberConstructor",13,6,0,11
"edu.umd.cs.findbugs.detect.ConfusionBetweenInheritedAndOuterMethod",13,8,0,10
"edu.umd.cs.findbugs.detect.NoteSuppressedWarnings",23,16,1,21
"edu.umd.cs.findbugs.workflow.FileBugHash",15,7,2,15
"edu.umd.cs.findbugs.AddMessages",11,1,1,7
"edu.umd.cs.findbugs.classfile.analysis.AnnotationValue",8,3,14,9
"edu.umd.cs.findbugs.detect.ReadReturnShouldBeChecked",9,7,0,11
"edu.umd.cs.findbugs.ba.vna.ValueNumberSourceInfo",14,9,11,10
"edu.umd.cs.findbugs.gui2.SpringUtilities",4,0,0,3
"edu.umd.cs.findbugs.detect.FindUncalledPrivateMethods",16,7,0,11
"edu.umd.cs.findbugs.ba.interproc.PropertyDatabase",20,4,3,8
"edu.umd.cs.findbugs.cloud.CloudFactory",13,6,3,13
"edu.umd.cs.findbugs.ba.AbstractClassMember",4,2,2,5
"edu.umd.cs.findbugs.ba.heap.FieldSetAnalysis",15,7,2,9
"edu.umd.cs.findbugs.classfile.impl.ClassPathImpl",11,5,1,8
"edu.umd.cs.findbugs.FindBugsCommandLine",7,2,2,7
"edu.umd.cs.findbugs.detect.InheritanceUnsafeGetResource",13,7,0,11
"edu.umd.cs.findbugs.props.WarningPropertyUtil",17,10,4,11
"edu.umd.cs.findbugs.StringAnnotation",4,3,17,8
"edu.umd.cs.findbugs.ba.NullnessAnnotationDatabase",4,3,2,8
"edu.umd.cs.findbugs.detect.SynchronizeOnClassLiteralNotGetClass",9,7,0,9
"edu.umd.cs.findbugs.ba.FrameDataflowAnalysis",2,0,5,2
"edu.umd.cs.findbugs.detect.CheckAnalysisContextContainedAnnotation",18,11,0,15
"edu.umd.cs.findbugs.detect.BuildNonNullAnnotationDatabase",16,8,2,12
"edu.umd.cs.findbugs.detect.SynchronizingOnContentsOfFieldToProtectField",8,6,0,7
"edu.umd.cs.findbugs.ba.obl.ObligationFactory",15,5,3,8
"edu.umd.cs.findbugs.classfile.impl.DirectoryCodeBase",13,4,1,11
"edu.umd.cs.findbugs.util.HTML",12,0,1,3
"edu.umd.cs.findbugs.workflow.TestingGround",8,6,0,10
"edu.umd.cs.findbugs.anttask.SetBugDatabaseInfoTask",1,0,0,3
"edu.umd.cs.findbugs.ba.jsr305.TypeQualifierAnnotation",7,1,8,3
"edu.umd.cs.findbugs.visitclass.AnnotationVisitor",15,2,8,5
"edu.umd.cs.findbugs.bugReporter.SuppressionDecorator",15,6,0,10
"edu.umd.cs.findbugs.detect.FindBugsSummaryStats",16,9,0,13
"edu.umd.cs.findbugs.detect.BuildCheckReturnAnnotationDatabase",14,5,1,9
"edu.umd.cs.findbugs.ba.type.TypeFrame",4,2,27,6
"edu.umd.cs.findbugs.anttask.ConvertXmlToTextTask",3,1,0,3
"edu.umd.cs.findbugs.detect.URLProblems",12,7,0,10
"edu.umd.cs.findbugs.detect.SynchronizationOnSharedBuiltinConstant",16,11,0,16
"edu.umd.cs.findbugs.detect.VarArgsProblems",7,5,0,8
"edu.umd.cs.findbugs.jaif.JAIFScannerTest",2,0,0,2
"edu.umd.cs.findbugs.SloppyBugComparator",3,3,2,7
"edu.umd.cs.findbugs.detect.TestDataflowAnalysis",18,17,0,25
"edu.umd.cs.findbugs.detect.InefficientToArray",15,9,0,13
"edu.umd.cs.findbugs.ba.ch.ClassVertex",5,3,2,5
"edu.umd.cs.findbugs.detect.FindComparatorProblems",14,9,0,14
"edu.umd.cs.findbugs.workflow.UnionResults",11,8,1,15
"edu.umd.cs.findbugs.detect.AtomicityProblem",9,7,0,10
"edu.umd.cs.findbugs.detect.SuspiciousThreadInterrupted",8,5,0,8
"edu.umd.cs.findbugs.util.Multiset",8,0,2,9
"edu.umd.cs.findbugs.gui2.FBFileChooser",11,1,4,5
"edu.umd.cs.findbugs.classfile.engine.ClassParserUsingBCEL",20,10,0,13
"edu.umd.cs.findbugs.ba.vna.MergeTree",6,1,2,5
"edu.umd.cs.findbugs.xml.Dom4JXMLOutput",5,0,1,2
"edu.umd.cs.findbugs.AppVersion",5,3,8,9
"edu.umd.cs.findbugs.ba.bcp.PatternElementMatch",2,1,3,4
"edu.umd.cs.findbugs.util.FractionalMultiset",7,0,0,9
"edu.umd.cs.findbugs.ba.URLClassPathRepository",7,1,0,7
"edu.umd.cs.findbugs.detect.FindSleepWithLockHeld",19,11,0,14
"edu.umd.cs.findbugs.tools.junit.JUnitJarRunner",12,0,1,9
"edu.umd.cs.findbugs.detect.TrainFieldStoreTypes",23,15,0,18
"edu.umd.cs.findbugs.detect.XMLFactoryBypass",9,4,0,9
"edu.umd.cs.findbugs.tools.FilterAndCombineBitfieldPropertyDatabase",15,1,0,10
"edu.umd.cs.findbugs.gui2.BugAspects",3,1,5,5
"edu.umd.cs.findbugs.ba.ca.CallList",2,0,3,4
"edu.umd.cs.findbugs.bcel.BCELUtil",17,5,26,7
"edu.umd.cs.findbugs.graph.AbstractVertex",0,0,5,4
"edu.umd.cs.findbugs.ba.PruneInfeasibleExceptionEdges",11,4,1,9
"edu.umd.cs.findbugs.workflow.RebornIssues",11,5,1,11
"edu.umd.cs.findbugs.ba.generic.TestGenericObjectType",7,0,0,3
"edu.umd.cs.findbugs.classfile.FieldOrMethodDescriptor",1,0,9,3
"edu.umd.cs.findbugs.graph.StronglyConnectedComponents",4,0,0,4
"edu.umd.cs.findbugs.classfile.engine.bcel.AnalysisFactory",19,15,32,17
"edu.umd.cs.findbugs.ba.MethodHash",4,1,2,5
"edu.umd.cs.findbugs.anttask.ComputeBugHistoryTask",4,0,0,1
"edu.umd.cs.findbugs.ba.obl.ObligationSet",1,0,3,4
"edu.umd.cs.findbugs.config.ProjectFilterSettingsTest",4,2,0,4
"edu.umd.cs.findbugs.gui2.DisplayNonmodelMessage",14,0,0,2
"edu.umd.cs.findbugs.workflow.ListBugDatabaseInfo",13,8,0,12
"edu.umd.cs.findbugs.ba.vna.ValueNumber",2,2,46,5
"edu.umd.cs.findbugs.workflow.TreemapVisualization",10,7,1,12
"edu.umd.cs.findbugs.detect.BuildNonnullReturnDatabase",19,13,1,15
"edu.umd.cs.findbugs.detect.ExplicitSerialization",17,13,0,16
"edu.umd.cs.findbugs.ba.TargetEnumeratingVisitor",10,0,1,3
"edu.umd.cs.findbugs.BugCollectionBugReporter",7,4,4,9
"edu.umd.cs.findbugs.gui2.GUI2CommandLine",4,1,1,8
"edu.umd.cs.findbugs.gui.AnnotatedString",8,2,4,9
"edu.umd.cs.findbugs.detect.WaitInLoop",5,4,0,9
"edu.umd.cs.findbugs.classfile.engine.AbstractMethodVisitor",5,1,1,3
"edu.umd.cs.findbugs.workflow.FindSeqNumTest",10,1,0,3
"edu.umd.cs.findbugs.ba.jsr305.ValidationSecurityManager",5,0,1,9
"edu.umd.cs.findbugs.detect.HugeSharedStringConstants",14,6,0,13
"edu.umd.cs.findbugs.BugCollection",16,3,40,4
"edu.umd.cs.findbugs.ba.npe.PointerUsageRequiringNonNullValue",4,3,2,4
"edu.umd.cs.findbugs.ba.ca.CallListAnalysis",16,9,1,11
"edu.umd.cs.findbugs.EmacsBugReporter",9,3,1,7
"edu.umd.cs.findbugs.detect.EqualsOperandShouldHaveClassCompatibleWithThis",16,14,0,18
"edu.umd.cs.findbugs.ba.ExceptionHandlerMap",10,1,1,2
"edu.umd.cs.findbugs.IGuiCallback",6,1,8,1
"edu.umd.cs.findbugs.charsets.UTF8",17,0,30,2
"edu.umd.cs.findbugs.ba.AbstractDominatorsAnalysis",4,0,2,2
"edu.umd.cs.findbugs.ba.jsr305.ForwardTypeQualifierDataflowFactory",20,13,2,14
"edu.umd.cs.findbugs.classfile.engine.ClassDataAnalysisEngine",13,11,1,17
"edu.umd.cs.findbugs.detect.NoteDirectlyRelevantTypeQualifiers",19,14,0,18
"edu.umd.cs.findbugs.ba.bcp.PatternElement",7,4,5,10
"edu.umd.cs.findbugs.ba.npe.ReturnPathTypeAnalysis",10,9,1,10
"edu.umd.cs.findbugs.model.MovedClassMap",11,5,1,11
"edu.umd.cs.findbugs.ba.LineNumberMap",6,1,0,3
"edu.umd.cs.findbugs.cloud.MutableCloudTask",3,0,1,2
"edu.umd.cs.findbugs.ba.heap.FieldSet",3,1,1,2
"edu.umd.cs.findbugs.anttask.MineBugHistoryTask",2,0,0,3
"edu.umd.cs.findbugs.ba.vna.ValueNumberCache",5,1,1,3
"edu.umd.cs.findbugs.util.JavaWebStart",6,0,2,0
"edu.umd.cs.findbugs.detect.StreamFrameModelingVisitor",11,6,1,9
"edu.umd.cs.findbugs.detect.CheckCalls",17,12,0,16
"edu.umd.cs.findbugs.LaunchAppropriateUI",5,0,1,8
"edu.umd.cs.findbugs.ByteCodePatternDetector",11,7,1,13
"edu.umd.cs.findbugs.tools.ComparePerfomance",13,1,1,8
"edu.umd.cs.findbugs.detect.FindSpinLoop",7,6,0,9
"edu.umd.cs.findbugs.detect.QuestionableBooleanAssignment",5,4,0,7
"edu.umd.cs.findbugs.ba.BasicAbstractDataflowAnalysis",5,2,4,5
"edu.umd.cs.findbugs.ClassScreener",3,0,5,6
"edu.umd.cs.findbugs.detect.TrainLongInstantfParams",14,10,0,17
"edu.umd.cs.findbugs.detect.BadResultSetAccess",10,6,0,10
"edu.umd.cs.findbugs.ba.StackDepthAnalysis",4,0,0,1
"edu.umd.cs.findbugs.gui2.PropertiesDialog",12,0,1,6
"edu.umd.cs.findbugs.detect.FindUselessControlFlow",10,5,0,9
"edu.umd.cs.findbugs.detect.FindLocalSelfAssignment2",10,8,0,11
"edu.umd.cs.findbugs.DelegatingBugReporter",5,3,5,4
"edu.umd.cs.findbugs.filter.MethodMatcher",7,6,1,11
"edu.umd.cs.findbugs.detect.SuperfluousInstanceOf",9,5,0,8
"edu.umd.cs.findbugs.filter.RelationalOp",4,0,1,2
"edu.umd.cs.findbugs.filter.NameMatch",3,1,7,3
"edu.umd.cs.findbugs.ba.jsr305.TypeQualifierDataflowFactory",12,10,2,12
"edu.umd.cs.findbugs.util.EditDistance",0,0,3,4
"edu.umd.cs.findbugs.ba.OpcodeStackScanner",6,3,2,7
"edu.umd.cs.findbugs.util.WriteOnceProperties",3,0,1,7
"edu.umd.cs.findbugs.filter.BugMatcher",4,3,2,8
"edu.umd.cs.findbugs.anttask.UnionBugs",11,1,0,5
"edu.umd.cs.findbugs.RecursiveFileSearch",9,0,2,8
"edu.umd.cs.findbugs.detect.MethodReturnValueStreamFactory",11,4,30,6
"edu.umd.cs.findbugs.sourceViewer.DocumentCharacterIterator",4,0,1,0
"edu.umd.cs.findbugs.ba.jsr305.null",1,0,0,0
"edu.umd.cs.findbugs.filter.SourceMatcherTest",11,5,0,7
"edu.umd.cs.findbugs.gui2.BugRenderer",10,2,2,3
"edu.umd.cs.findbugs.detect.InefficientMemberAccess",10,8,0,11
"edu.umd.cs.findbugs.detect.InstantiateStaticClass",8,7,0,10
"edu.umd.cs.findbugs.detect.SynchronizeAndNullCheckField",5,4,0,5
"edu.umd.cs.findbugs.classfile.engine.bcel.LoadedFieldSetFactory",17,8,1,9
"edu.umd.cs.findbugs.ba.obl.ObligationPolicyDatabase",9,2,4,4
"edu.umd.cs.findbugs.filter.NotMatcherTest",8,3,0,5
"edu.umd.cs.findbugs.ba.SimplePathEnumerator",4,1,0,5
"edu.umd.cs.findbugs.sourceViewer.NumberedParagraphView",10,1,1,4
"edu.umd.cs.findbugs.ba.Location",3,0,96,2
"edu.umd.cs.findbugs.filter.SignatureUtil",2,0,0,2
"edu.umd.cs.findbugs.ba.UnresolvedXField",11,5,2,10
"edu.umd.cs.findbugs.detect.BuildInterproceduralCallGraph",13,11,0,14
"edu.umd.cs.findbugs.classfile.impl.NestedZipFileCodeBase",12,6,1,7
"edu.umd.cs.findbugs.detect.IteratorIdioms",11,9,0,12
"edu.umd.cs.findbugs.detect.FindNakedNotify",6,4,0,6
"edu.umd.cs.findbugs.ComponentPlugin",1,0,4,3
"edu.umd.cs.findbugs.ba.npe.ReturnPathTypeTest",3,1,0,2
"edu.umd.cs.findbugs.classfile.impl.ClassFactory",13,10,3,12
"edu.umd.cs.findbugs.JavaVersion",2,0,4,3
"edu.umd.cs.findbugs.ba.jsr305.ValidatorClassLoader",2,1,1,7
"edu.umd.cs.findbugs.detect.FindFinalizeInvocations",9,7,0,11
"edu.umd.cs.findbugs.BugCategory",0,0,2,2
"edu.umd.cs.findbugs.classfile.impl.AbstractScannableCodeBase",6,4,4,7
"edu.umd.cs.findbugs.filter.CompoundMatcher",6,1,4,4
"edu.umd.cs.findbugs.TextUIProgressCallback",1,0,1,3
"edu.umd.cs.findbugs.detect.UnreadFieldsData",11,5,3,5
"edu.umd.cs.findbugs.plan.AnalysisPass",9,4,3,5
"edu.umd.cs.findbugs.ba.vna.ValueNumberFactory",6,0,3,2
"edu.umd.cs.findbugs.detect.BadlyOverriddenAdapter",7,3,0,6
"edu.umd.cs.findbugs.HTMLBugReporter",11,0,3,3
"edu.umd.cs.findbugs.ba.npe.IsNullConditionDecision",5,4,2,6
"edu.umd.cs.findbugs.gui2.FilterFromBugPicker",14,3,1,7
"edu.umd.cs.findbugs.classfile.ReflectionDatabaseFactory",4,0,1,4
"edu.umd.cs.findbugs.ba.JCIPAnnotationDatabase",5,0,4,1
"edu.umd.cs.findbugs.ba.CFGPrinter",4,0,3,1
"edu.umd.cs.findbugs.ba.vna.AvailableLoad",1,1,8,3
"edu.umd.cs.findbugs.ClassScreenerTest",2,0,0,3
"edu.umd.cs.findbugs.workflow.ObfuscateBugs",8,7,0,9
"edu.umd.cs.findbugs.classfile.engine.bcel.EngineRegistrar",20,18,1,19
"edu.umd.cs.findbugs.workflow.CountByPackagePrefix",10,6,0,10
"edu.umd.cs.findbugs.cloud.CloudPluginBuilder",2,2,3,2
"edu.umd.cs.findbugs.ba.obl.MatchMethodEntry",9,6,2,7
"edu.umd.cs.findbugs.util.FutureValue",4,0,3,1
"edu.umd.cs.findbugs.ba.jsr305.ValidationSecurityManagerTest",8,0,0,4
"edu.umd.cs.findbugs.ba.type.FieldStoreType",8,3,2,6
"edu.umd.cs.findbugs.detect.FinalizerNullsFields",7,4,0,6
"edu.umd.cs.findbugs.detect.MutableLock",9,4,0,7
"edu.umd.cs.findbugs.L10N",6,1,9,3
"edu.umd.cs.findbugs.detect.DeadLocalStoreProperty",2,2,28,3
"edu.umd.cs.findbugs.ba.BlockTypeAnalysis",4,0,1,1
"edu.umd.cs.findbugs.asm.FBClassReader",6,1,5,5
"edu.umd.cs.findbugs.ba.CheckReturnValueAnnotation",2,1,11,4
"edu.umd.cs.findbugs.detect.PublicSemaphores",8,5,0,8
"edu.umd.cs.findbugs.ba.jsr305.BackwardTypeQualifierDataflowFactory",14,12,2,13
"edu.umd.cs.findbugs.detect.CalledMethods",9,8,0,10
"edu.umd.cs.findbugs.tools.CheckClassfileVersion",6,0,0,8
"edu.umd.cs.findbugs.ba.constant.Constant",1,0,9,3
"edu.umd.cs.findbugs.xml.XMLAttributeList",6,1,27,5
"edu.umd.cs.findbugs.ba.constant.ConstantFrameModelingVisitor",8,1,1,2
"edu.umd.cs.findbugs.ba.type.ExceptionObjectType",3,0,1,6
"edu.umd.cs.findbugs.detect.AppendingToAnObjectOutputStream",8,6,0,9
"edu.umd.cs.findbugs.detect.MutableEnum",7,5,0,6
"edu.umd.cs.findbugs.log.YourKitController",3,1,1,4
"edu.umd.cs.findbugs.FindBugsMessageFormat",0,0,9,4
"edu.umd.cs.findbugs.cloud.CloudPlugin",2,2,15,4
"edu.umd.cs.findbugs.graph.AbstractEdge",0,0,5,3
"edu.umd.cs.findbugs.util.MultiMap",4,0,8,4
"edu.umd.cs.findbugs.util.MergeMap",3,0,0,5
"edu.umd.cs.findbugs.gui2.CloudCommentsPaneSwing",9,1,1,6
"edu.umd.cs.findbugs.io.SlowInputStream",3,0,0,3
"edu.umd.cs.findbugs.ba.npe.UsagesRequiringNonNullValues",10,5,5,7
"edu.umd.cs.findbugs.detect.BadAppletConstructor",8,4,0,6
"edu.umd.cs.findbugs.detect.StartInConstructor",14,11,0,14
"edu.umd.cs.findbugs.detect.DontCatchIllegalMonitorStateException",10,6,0,11
"edu.umd.cs.findbugs.workflow.DefectDensity",6,5,0,12
"edu.umd.cs.findbugs.workflow.BackdateHistoryUsingSource",12,9,0,10
"edu.umd.cs.findbugs.ba.npe.ReturnPathType",1,1,8,2
"edu.umd.cs.findbugs.filter.MemberMatcher",2,1,2,4
"edu.umd.cs.findbugs.SuppressionMatcher",7,2,2,3
"edu.umd.cs.findbugs.ba.JavaClassAndMethod",6,2,15,4
"edu.umd.cs.findbugs.classfile.impl.SingleFileCodeBaseEntry",7,5,3,7
"edu.umd.cs.findbugs.filter.FieldMatcher",6,5,1,9
"edu.umd.cs.findbugs.detect.IDivResultCastToDouble",9,7,0,10
"edu.umd.cs.findbugs.detect.CbeckMustOverrideSuperAnnotation",11,9,0,11
"edu.umd.cs.findbugs.detect.FindBadForLoop",7,5,0,8
"edu.umd.cs.findbugs.classfile.impl.DelegatingCodeBaseEntry",7,5,2,7
"edu.umd.cs.findbugs.ba.bcp.ByteCodePattern",0,0,2,2
"edu.umd.cs.findbugs.ba.constant.ConstantAnalysis",8,6,1,7
"edu.umd.cs.findbugs.detect.DoInsideDoPrivileged",8,5,0,7
"edu.umd.cs.findbugs.CheckBcel",1,0,0,4
"edu.umd.cs.findbugs.detect.PreferZeroLengthArrays",8,5,0,8
"edu.umd.cs.findbugs.classfile.impl.ZipInputStreamCodeBaseEntry",6,2,2,5
"edu.umd.cs.findbugs.gui2.CheckBoxList",10,0,2,5
"edu.umd.cs.findbugs.detect.IntCast2LongAsInstant",9,8,0,9
"edu.umd.cs.findbugs.AnalysisCacheToRepositoryAdapter",9,5,2,9
"edu.umd.cs.findbugs.gui2.RecentMenu",3,0,1,4
"edu.umd.cs.findbugs.detect.ComparatorIdiom",10,8,0,11
"edu.umd.cs.findbugs.detect.FindUnsyncGet",9,4,0,8
"edu.umd.cs.findbugs.detect.NoteJCIPAnnotation",13,10,0,14
"edu.umd.cs.findbugs.filter.TypeMatcher",6,5,1,7
"edu.umd.cs.findbugs.detect.IOStreamFactory",8,4,5,5
"edu.umd.cs.findbugs.model.RegenerateClassFeatures",10,2,1,8
"edu.umd.cs.findbugs.classfile.engine.bcel.MethodGenFactory",12,8,1,10
"edu.umd.cs.findbugs.ba.ReturnPathAnalysis",1,0,1,2
"edu.umd.cs.findbugs.ba.jsr305.TypeQualifierAnnotationLookupResult",4,1,2,5
"edu.umd.cs.findbugs.tools.html.PlainPrintBugDescriptions",5,2,2,4
"edu.umd.cs.findbugs.gui2.OSXAdapter",2,0,1,2
"edu.umd.cs.findbugs.ba.ReturnPath",0,0,3,1
"edu.umd.cs.findbugs.ba.AbstractDataflowAnalysis",5,1,4,5
"edu.umd.cs.findbugs.detect.TestASM",10,6,0,9
"edu.umd.cs.findbugs.ba.LockChecker",9,5,2,5
"edu.umd.cs.findbugs.detect.RedundantInterfaces",10,6,0,11
"edu.umd.cs.findbugs.BugProperty",5,3,2,10
"edu.umd.cs.findbugs.ba.vna.LoadedFieldSet",6,1,4,2
"edu.umd.cs.findbugs.classfile.impl.DirectoryCodeBaseEntry",6,3,2,7
"edu.umd.cs.findbugs.ml.SplitCamelCaseIdentifierTest",4,1,0,4
"edu.umd.cs.findbugs.ProgramPoint",1,1,5,2
"edu.umd.cs.findbugs.gui2.NewFilterFromBug",9,1,1,5
"edu.umd.cs.findbugs.ba.jsr305.TypeQualifierDatabase",5,3,1,4
"edu.umd.cs.findbugs.detect.InconsistentAnnotations",18,15,0,17
"edu.umd.cs.findbugs.classfile.engine.bcel.ValueNumberDataflowFactory",16,13,1,15
"edu.umd.cs.findbugs.ba.bcp.MatchAny",6,3,0,4
"edu.umd.cs.findbugs.detect.NoteAnnotationRetention",12,8,0,13
"edu.umd.cs.findbugs.AddAnnotation",4,0,1,6
"edu.umd.cs.findbugs.filter.ClassMatcher",7,6,2,9
"edu.umd.cs.findbugs.FindBugsMain",3,0,2,3
"edu.umd.cs.findbugs.detect.FindRunInvocations",7,6,0,10
"edu.umd.cs.findbugs.xml.XPathFind",7,0,0,5
"edu.umd.cs.findbugs.classfile.engine.bcel.ObligationDataflowFactory",17,16,1,18
"edu.umd.cs.findbugs.classfile.impl.ZipFileCodeBaseEntry",5,2,2,5
"edu.umd.cs.findbugs.ba.bcp.FieldVariable",2,1,6,5
"edu.umd.cs.findbugs.ba.DebugRepositoryLookupFailureCallback",4,3,0,9
"edu.umd.cs.findbugs.ba.type.FieldStoreTypeDatabase",9,3,3,6
"edu.umd.cs.findbugs.detect.InefficientIndexOf",9,7,0,9
"edu.umd.cs.findbugs.workflow.SourceSearcher",6,3,1,4
"edu.umd.cs.findbugs.util.SplitCamelCaseIdentifier",4,0,4,4
"edu.umd.cs.findbugs.ba.XMethod",7,5,93,8
"edu.umd.cs.findbugs.classfile.impl.FilesystemCodeBaseLocator",4,2,3,5
"edu.umd.cs.findbugs.IFindBugsEngine",7,4,3,4
"edu.umd.cs.findbugs.BugCode",0,0,0,2
"edu.umd.cs.findbugs.gui2.MainFrameHelper",7,1,1,6
"edu.umd.cs.findbugs.ba.npe.NullValueUnconditionalDeref",3,1,3,1
"edu.umd.cs.findbugs.JUnitDetectorAdapter",2,2,0,6
"edu.umd.cs.findbugs.ba.DataflowCFGPrinter",2,0,3,1
"edu.umd.cs.findbugs.detect.DontUseEnum",9,5,0,8
"edu.umd.cs.findbugs.classfile.engine.SelfMethodCalls",13,7,1,10
"edu.umd.cs.findbugs.classfile.engine.bcel.TypeDataflowFactory",14,12,1,13
"edu.umd.cs.findbugs.tools.FilterPropertyDatabase",11,1,0,4
"edu.umd.cs.findbugs.ba.MethodHashTest",3,0,0,1
"edu.umd.cs.findbugs.architecture.PackageDependenciesTest",4,0,0,5
"edu.umd.cs.findbugs.classfile.engine.ClassInfoAnalysisEngine",9,9,1,11
"edu.umd.cs.findbugs.ba.obl.State",1,1,5,3
"edu.umd.cs.findbugs.util.Bag",4,0,4,1
"edu.umd.cs.findbugs.filter.NotMatcher",4,2,9,3
"edu.umd.cs.findbugs.util.DualKeyHashMap",4,0,8,2
"edu.umd.cs.findbugs.io.IOTest",5,0,0,1
"edu.umd.cs.findbugs.detect.BadUseOfReturnValue",5,4,0,6
"edu.umd.cs.findbugs.detect.InstanceFieldLoadStreamFactory",7,3,4,5
"edu.umd.cs.findbugs.gui2.BugLeafNode",2,1,2,2
"edu.umd.cs.findbugs.filter.DesignationMatcher",3,2,2,5
"edu.umd.cs.findbugs.anttask.UnionBugs2",4,0,0,1
"edu.umd.cs.findbugs.model.ClassNameRewriterUtil",4,3,2,7
"edu.umd.cs.findbugs.util.StringsTest",1,0,0,2
"edu.umd.cs.findbugs.ba.AbstractMethod",5,3,1,5
"edu.umd.cs.findbugs.detect.TypeReturnNull",9,8,2,10
"edu.umd.cs.findbugs.ba.PutfieldScanner",6,2,1,4
"edu.umd.cs.findbugs.filter.AndMatcher",4,2,2,4
"edu.umd.cs.findbugs.classfile.engine.bcel.UnconditionalValueDerefDataflowFactory",12,11,1,12
"edu.umd.cs.findbugs.bcel.OpcodeStackDetector",4,2,61,6
"edu.umd.cs.findbugs.classfile.impl.NestedZipFileCodeBaseLocator",4,3,2,6
"edu.umd.cs.findbugs.ErrorCountingBugReporter",2,0,1,4
"edu.umd.cs.findbugs.filter.StringSetMatch",3,0,4,3
"edu.umd.cs.findbugs.ba.npe.NonNullParamPropertyTest",3,1,0,2
"edu.umd.cs.findbugs.bcel.CFGDetector",11,8,2,12
"edu.umd.cs.findbugs.detect.EmptyZipFileEntry",6,4,0,7
"edu.umd.cs.findbugs.detect.FindUnconditionalWait",5,4,0,7
"edu.umd.cs.findbugs.ba.ClassNotFoundExceptionParser",8,4,3,7
"edu.umd.cs.findbugs.ba.bcp.Wild",5,3,3,4
"edu.umd.cs.findbugs.ba.bcp.ByteCodePatternMatch",4,0,3,2
"edu.umd.cs.findbugs.ba.npe.LocationWhereValueBecomesNull",2,2,0,4
"edu.umd.cs.findbugs.AWTEventQueueExecutor",6,0,1,1
"edu.umd.cs.findbugs.ba.bcp.FieldAccess",6,3,2,6
"edu.umd.cs.findbugs.filter.SourceMatcher",6,5,9,8
"edu.umd.cs.findbugs.util.ProfilingMapCache",1,0,0,7
"edu.umd.cs.findbugs.detect.AnyMethodReturnValueStreamFactory",8,4,0,5
"edu.umd.cs.findbugs.classfile.engine.bcel.IsNullValueDataflowFactory",14,13,1,14
"edu.umd.cs.findbugs.InstructionScannerDriver",5,2,0,3
"edu.umd.cs.findbugs.xml.QuoteMetaCharacters",2,0,0,2
"edu.umd.cs.findbugs.classfile.engine.bcel.JavaClassAnalysisEngine",12,8,1,9
"edu.umd.cs.findbugs.ba.interproc.FieldPropertyDatabase",8,5,1,8
"edu.umd.cs.findbugs.ba.XMethodParameter",0,0,9,1
"edu.umd.cs.findbugs.ba.ResourceValueFrame",0,0,7,2
"edu.umd.cs.findbugs.filter.RankMatcher",5,4,2,6
"edu.umd.cs.findbugs.detect.ReflectiveClasses",8,7,0,11
"edu.umd.cs.findbugs.ba.npe.IsNullValueTest",1,0,0,1
"edu.umd.cs.findbugs.ba.NullnessAnnotation",3,1,14,4
"edu.umd.cs.findbugs.NewResults",3,0,1,4
"edu.umd.cs.findbugs.util.ClassPathUtil",5,0,2,2
"edu.umd.cs.findbugs.ba.AnalysisFeatures",4,0,11,1
"edu.umd.cs.findbugs.filter.ConfidenceMatcher",4,3,1,5
"edu.umd.cs.findbugs.filter.LastVersionMatcher",4,3,4,6
"edu.umd.cs.findbugs.filter.PriorityMatcher",4,3,2,5
"edu.umd.cs.findbugs.ba.ObjectTypeFactory",5,1,14,4
"edu.umd.cs.findbugs.graph.Transpose",2,0,1,3
"edu.umd.cs.findbugs.filter.OrMatcher",4,2,3,4
"edu.umd.cs.findbugs.ba.interproc.MethodPropertyDatabase",8,5,5,8
"edu.umd.cs.findbugs.gui2.FBDialog",5,0,7,2
"edu.umd.cs.findbugs.ba.npe.NonNullSpecification",2,2,0,3
"edu.umd.cs.findbugs.filter.LocalMatcher",5,4,1,5
"edu.umd.cs.findbugs.ba.type.TypeDataflow",6,5,33,6
"edu.umd.cs.findbugs.util.ClassNameTest",1,0,0,1
"edu.umd.cs.findbugs.detect.FindFloatMath",4,4,0,6
"edu.umd.cs.findbugs.ba.type.ThrownException",1,0,1,1
"edu.umd.cs.findbugs.CallSite",4,2,2,4
"edu.umd.cs.findbugs.gui2.WideComboBox",4,0,2,4
"edu.umd.cs.findbugs.ba.generic.GenericUtilitiesTest",3,0,0,2
"edu.umd.cs.findbugs.ba.obl.ObligationPolicyDatabaseAction",1,0,6,0
"edu.umd.cs.findbugs.detect.CheckImmutableAnnotation",9,7,0,9
"edu.umd.cs.findbugs.graph.MergeVertices",3,0,0,3
"edu.umd.cs.findbugs.tools.html.PrintBugDescriptions",7,3,1,4
"edu.umd.cs.findbugs.ba.obl.Obligation",3,1,4,2
"edu.umd.cs.findbugs.AnalysisLocal",2,1,2,3
"edu.umd.cs.findbugs.xml.XMLOutputUtil",4,0,2,5
"edu.umd.cs.findbugs.gui2.FBFrame",5,0,1,4
"edu.umd.cs.findbugs.ba.ZipSourceFileDataSource",5,0,1,1
"edu.umd.cs.findbugs.util.SubtypeTypeMatcher",7,5,2,6
"edu.umd.cs.findbugs.classfile.engine.bcel.MethodBytecodeSetFactory",7,5,0,6
"edu.umd.cs.findbugs.ba.SignatureParserTest",3,0,0,2
"edu.umd.cs.findbugs.ba.bcp.Store",9,3,1,4
"edu.umd.cs.findbugs.detect.StaticFieldLoadStreamFactory",7,2,3,4
"edu.umd.cs.findbugs.ba.EdgeTypes",0,0,22,0
"edu.umd.cs.findbugs.sourceViewer.HighlightInformation",4,0,1,2
"edu.umd.cs.findbugs.detect.StreamEscape",1,1,1,2
"edu.umd.cs.findbugs.classfile.engine.ClassNameAndSuperclassInfoAnalysisEngine",9,7,1,8
"edu.umd.cs.findbugs.cloud.username.PromptForNameLookup",3,2,0,3
"edu.umd.cs.findbugs.WarningSuppressor",3,2,2,4
"edu.umd.cs.findbugs.ba.bcp.Load",9,3,1,4
"edu.umd.cs.findbugs.ba.XClass",8,4,54,7
"edu.umd.cs.findbugs.ba.ca.Call",0,0,2,2
"edu.umd.cs.findbugs.bcel.generic.NullnessConversationInstruction",4,0,3,2
"edu.umd.cs.findbugs.filter.FirstVersionMatcher",4,3,2,6
"edu.umd.cs.findbugs.ba.bcp.Opcode",5,3,0,4
"edu.umd.cs.findbugs.charsets.SourceCharset",11,0,2,1
"edu.umd.cs.findbugs.asm.ClassNodeDetector",8,6,2,10
"edu.umd.cs.findbugs.detect.ConfusedInheritance",8,6,0,8
"edu.umd.cs.findbugs.DetectorToDetector2Adapter",6,6,2,7
"edu.umd.cs.findbugs.sourceViewer.NumberedViewFactory",8,0,1,1
"edu.umd.cs.findbugs.classfile.engine.bcel.LiveLocalStoreDataflowFactory",9,8,1,9
"edu.umd.cs.findbugs.workflow.RecursiveSearchForJavaFiles",4,0,0,6
"edu.umd.cs.findbugs.classfile.IClassConstants",0,0,2,0
"edu.umd.cs.findbugs.workflow.FB",3,3,0,4
"edu.umd.cs.findbugs.ba.type.ExceptionSetFactory",4,0,6,2
"edu.umd.cs.findbugs.gui2.FilterActivity",5,0,0,1
"edu.umd.cs.findbugs.ba.vna.ValueNumberDataflow",8,3,38,5
"edu.umd.cs.findbugs.util.Archive",4,0,3,3
"edu.umd.cs.findbugs.ba.AnnotationEnumeration",0,0,3,3
"edu.umd.cs.findbugs.classfile.analysis.ClassData",4,2,7,2
"edu.umd.cs.findbugs.ResourceCollection",6,1,3,2
"edu.umd.cs.findbugs.ba.ch.OverriddenMethodsVisitor",3,3,2,4
"edu.umd.cs.findbugs.charsets.UserTextFile",12,0,6,1
"edu.umd.cs.findbugs.ba.AbstractBlockOrder",4,0,2,1
"edu.umd.cs.findbugs.classfile.engine.bcel.MethodFactory",6,4,1,5
"edu.umd.cs.findbugs.ba.InnerClassAccess",1,0,5,0
"edu.umd.cs.findbugs.BugAnnotationWithSourceLines",0,0,4,2
"edu.umd.cs.findbugs.classfile.InvalidClassFileFormatException",0,0,11,1
"edu.umd.cs.findbugs.ba.CompactLocationNumbering",2,0,2,1
"edu.umd.cs.findbugs.visitclass.GetNumberArgumentsTest",1,0,0,2
"edu.umd.cs.findbugs.ba.jsr305.DirectlyRelevantTypeQualifiersDatabase",7,1,3,1
"edu.umd.cs.findbugs.ba.jsr305.ParameterAnnotationAccumulator",1,1,0,3
"edu.umd.cs.findbugs.SortingBugReporter",3,1,1,2
"edu.umd.cs.findbugs.gui2.BugSaver",8,3,0,4
"edu.umd.cs.findbugs.ba.bcp.BindingSet",0,0,2,3
"edu.umd.cs.findbugs.ba.bcp.IfNull",9,4,1,6
"edu.umd.cs.findbugs.ExcludingHashesBugReporter",5,0,2,3
"edu.umd.cs.findbugs.classfile.engine.bcel.LockDataflowFactory",10,9,1,10
"edu.umd.cs.findbugs.workflow.CloudReport",8,5,0,6
"edu.umd.cs.findbugs.ba.AnalysisException",4,1,0,2
"edu.umd.cs.findbugs.ba.jsr305.AbstractMethodAnnotationAccumulator",2,2,2,4
"edu.umd.cs.findbugs.CallGraph",3,1,2,3
"edu.umd.cs.findbugs.classfile.MethodDescriptor",6,2,103,4
"edu.umd.cs.findbugs.graph.SearchTree",3,0,2,4
"edu.umd.cs.findbugs.model.SimilarClassSet",2,0,1,0
"edu.umd.cs.findbugs.graph.SearchTreeBuilder",3,0,1,2
"edu.umd.cs.findbugs.QueryBugAnnotations",3,0,0,3
"edu.umd.cs.findbugs.graph.VisitationTimeComparator",3,0,1,1
"edu.umd.cs.findbugs.ShowHelp",1,0,0,2
"edu.umd.cs.findbugs.detect.StreamEquivalenceClass",2,0,1,0
"edu.umd.cs.findbugs.ba.npe.RedundantBranch",2,2,4,2
"edu.umd.cs.findbugs.ParameterWarningSuppressor",0,0,1,2
"edu.umd.cs.findbugs.detect.RefComparisonWarningProperty",2,2,10,3
"edu.umd.cs.findbugs.ba.DataflowAnalysis",2,0,2,0
"edu.umd.cs.findbugs.classfile.IAnalysisCache",4,1,73,1
"edu.umd.cs.findbugs.ba.ResourceValue",0,0,5,0
"edu.umd.cs.findbugs.ba.MissingClassException",3,2,8,3
"edu.umd.cs.findbugs.classfile.analysis.EnumValue",2,2,5,3
"edu.umd.cs.findbugs.detect.NoteNonNullAnnotations",7,6,0,10
"edu.umd.cs.findbugs.model.SimilarClassFinder",3,0,0,0
"edu.umd.cs.findbugs.XMLBugReporter",1,0,1,2
"edu.umd.cs.findbugs.classfile.engine.asm.ClassNodeAnalysisEngine",8,6,1,7
"edu.umd.cs.findbugs.log.ConsoleLogger",2,1,1,3
"edu.umd.cs.findbugs.gui2.FilterFactoryTest",6,3,0,3
"edu.umd.cs.findbugs.BugAnnotationUtil",3,2,0,2
"edu.umd.cs.findbugs.plan.DetectorOrderingConstraint",0,0,2,0
"edu.umd.cs.findbugs.ba.bcp.Binding",0,0,2,1
"edu.umd.cs.findbugs.ba.CompoundMethodChooser",0,0,0,1
"edu.umd.cs.findbugs.FieldWarningSuppressor",0,0,1,3
"edu.umd.cs.findbugs.ba.DFSCFGPrinter",0,0,0,2
"edu.umd.cs.findbugs.FilterBugReporter",2,1,3,3
"edu.umd.cs.findbugs.detect.InconsistentSyncWarningProperty",2,2,9,3
"edu.umd.cs.findbugs.launchGUI.LaunchGUI",6,5,1,6
"edu.umd.cs.findbugs.props.GeneralWarningProperty",0,0,13,1
"edu.umd.cs.findbugs.classfile.TestClassDescriptor",2,0,0,0
"edu.umd.cs.findbugs.ba.ch.InterproceduralCallGraph",4,2,1,3
"edu.umd.cs.findbugs.Token",0,0,9,0
"edu.umd.cs.findbugs.gui2.SuppressionMatcher",5,3,0,5
"edu.umd.cs.findbugs.ClassWarningSuppressor",0,0,4,2
"edu.umd.cs.findbugs.filter.VersionMatcher",1,0,2,1
"edu.umd.cs.findbugs.classfile.engine.bcel.NonExceptionPostdominatorsAnalysisFactory",7,7,1,8
"edu.umd.cs.findbugs.classfile.engine.bcel.ReturnPathTypeDataflowFactory",8,8,1,9
"edu.umd.cs.findbugs.classfile.engine.bcel.UnpackedCodeFactory",6,4,1,5
"edu.umd.cs.findbugs.props.PriorityAdjustment",0,0,20,0
"edu.umd.cs.findbugs.ba.TestCaseDetector",3,3,2,3
"edu.umd.cs.findbugs.detect.NullDerefProperty",2,2,9,3
"edu.umd.cs.findbugs.graph.Graph",1,0,1,0
"edu.umd.cs.findbugs.NoOpFindBugsProgress",0,0,1,1
"edu.umd.cs.findbugs.ba.FileSourceFileDataSource",5,0,1,1
"edu.umd.cs.findbugs.ba.MethodUnprofitableException",3,1,18,2
"edu.umd.cs.findbugs.FindBugsAnalysisFeatures",3,2,7,3
"edu.umd.cs.findbugs.ba.ReverseDFSOrder",1,0,4,2
"edu.umd.cs.findbugs.bugReporter.BugReporterDecorator",4,3,3,7
"edu.umd.cs.findbugs.classfile.engine.bcel.LoadDataflowFactory",6,5,1,6
"edu.umd.cs.findbugs.classfile.engine.bcel.NonImplicitExceptionPostDominatorsAnalysisFactory",7,6,1,7
"edu.umd.cs.findbugs.classfile.engine.bcel.StoreDataflowFactory",6,5,1,6
"edu.umd.cs.findbugs.detect.IncompatMaskTest",1,0,0,2
"edu.umd.cs.findbugs.ba.AbstractField",4,2,1,4
"edu.umd.cs.findbugs.ba.BackwardDataflowAnalysis",0,0,2,1
"edu.umd.cs.findbugs.ba.jsr305.ReturnTypeAnnotationAccumulator",1,1,0,2
"edu.umd.cs.findbugs.ba.PostDominatorsAnalysis",0,0,6,1
"edu.umd.cs.findbugs.ba.RepositoryClassParser",5,0,0,0
"edu.umd.cs.findbugs.ba.StackDepth",0,0,1,2
"edu.umd.cs.findbugs.classfile.FieldDescriptor",2,1,25,3
"edu.umd.cs.findbugs.classfile.impl.DelegatingCodeBaseIterator",4,4,1,5
"edu.umd.cs.findbugs.PackageWarningSuppressor",0,0,1,3
"edu.umd.cs.findbugs.gui2.CompoundMatcher",5,3,1,5
"edu.umd.cs.findbugs.ba.ClassSummary",5,1,3,1
"edu.umd.cs.findbugs.CategoryFilteringBugReporter",2,0,1,3
"edu.umd.cs.findbugs.classfile.engine.bcel.ConstantDataflowFactory",6,5,1,6
"edu.umd.cs.findbugs.classfile.engine.bcel.DominatorsAnalysisFactory",7,7,1,8
"edu.umd.cs.findbugs.gui2.GuiUtil",4,0,0,1
"edu.umd.cs.findbugs.workflow.ListErrors",3,3,0,7
"edu.umd.cs.findbugs.ba.DataflowAnalysisException",3,1,98,2
"edu.umd.cs.findbugs.plugins.DuplicatePluginIdError",1,0,1,1
"edu.umd.cs.findbugs.plugins.DuplicatePluginIdException",1,0,1,1
"edu.umd.cs.findbugs.xml.MetaCharacterMap",3,0,0,1
"edu.umd.cs.findbugs.ba.AnnotationRetentionDatabase",1,0,1,2
"edu.umd.cs.findbugs.detect.TestingGround2",4,2,0,3
"edu.umd.cs.findbugs.ba.bcp.Monitorenter",6,2,0,3
"edu.umd.cs.findbugs.ba.bcp.New",6,2,0,3
"edu.umd.cs.findbugs.classfile.engine.bcel.BlockTypeAnalysisFactory",7,7,1,8
"edu.umd.cs.findbugs.classfile.engine.bcel.CompactLocationNumberingFactory",6,5,1,6
"edu.umd.cs.findbugs.classfile.engine.bcel.ReturnPathDataflowFactory",7,7,1,8
"edu.umd.cs.findbugs.classfile.engine.EngineRegistrar",5,5,1,6
"edu.umd.cs.findbugs.MethodWarningSuppressor",0,0,1,2
"edu.umd.cs.findbugs.CallGraphEdge",2,1,2,2
"edu.umd.cs.findbugs.ba.ForwardDataflowAnalysis",0,0,6,1
"edu.umd.cs.findbugs.BytecodeScanningDetector",3,2,55,4
"edu.umd.cs.findbugs.classfile.ResourceNotFoundException",0,0,12,1
"edu.umd.cs.findbugs.detect.NoteCheckReturnValueAnnotations",6,5,0,8
"edu.umd.cs.findbugs.detect.TrainUnconditionalDerefParams",4,4,0,6
"edu.umd.cs.findbugs.plan.ReportingDetectorFactorySelector",2,2,1,3
"edu.umd.cs.findbugs.internalAnnotations.SlashedClassNameTest",2,0,0,1
"edu.umd.cs.findbugs.gui2.ApplyNewFilter",3,2,1,2
"edu.umd.cs.findbugs.classfile.engine.asm.EngineRegistrar",4,4,1,5
"edu.umd.cs.findbugs.classfile.engine.bcel.ParameterSignatureListFactory",6,4,1,7
"edu.umd.cs.findbugs.config.SortedProperties",6,0,1,2
"edu.umd.cs.findbugs.util.TripleKeyHashMap",2,0,0,0
"edu.umd.cs.findbugs.detect.FindSqlInjectionTest",1,0,0,1
"edu.umd.cs.findbugs.AnalysisOptions",2,2,1,2
"edu.umd.cs.findbugs.xml.XMLOutput",3,0,51,0
"edu.umd.cs.findbugs.classfile.ICodeBase",0,0,14,0
"edu.umd.cs.findbugs.ba.npe.NullDerefAndRedundantComparisonCollector",9,5,2,5
"edu.umd.cs.findbugs.ba.type.BottomType",1,0,1,3
"edu.umd.cs.findbugs.ba.type.DoubleExtraType",1,0,1,3
"edu.umd.cs.findbugs.ba.type.LongExtraType",1,0,1,3
"edu.umd.cs.findbugs.ba.type.NullType",1,0,10,3
"edu.umd.cs.findbugs.ba.type.TopType",1,0,8,3
"edu.umd.cs.findbugs.graph.DepthFirstSearch",1,0,2,1
"edu.umd.cs.findbugs.graph.ReverseDepthFirstSearch",1,0,0,1
"edu.umd.cs.findbugs.gui2.Debug",0,0,1,2
"edu.umd.cs.findbugs.ba.bcp.LocalVariable",1,1,4,2
"edu.umd.cs.findbugs.jaif.JAIFToken",0,0,0,1
"edu.umd.cs.findbugs.plan.SingleDetectorFactorySelector",2,2,1,3
"edu.umd.cs.findbugs.ba.npe.ParameterNullnessPropertyDatabase",3,3,4,6
"edu.umd.cs.findbugs.classfile.engine.bcel.ClassContextClassAnalysisEngine",7,6,1,7
"edu.umd.cs.findbugs.classfile.engine.bcel.UsagesRequiringNonNullValuesFactory",7,6,1,7
"edu.umd.cs.findbugs.util.MapCache",3,0,9,4
"edu.umd.cs.findbugs.ba.generic.TestGenericSignatureParser",2,0,0,3
"edu.umd.cs.findbugs.OpcodeStackItemTest",1,0,0,1
"edu.umd.cs.findbugs.classfile.impl.ZipCodeBaseFactory",6,3,0,3
"edu.umd.cs.findbugs.gui2.FindBugsFBAFileFilter",1,0,1,2
"edu.umd.cs.findbugs.gui2.FindBugsFBPFileFilter",1,0,1,2
"edu.umd.cs.findbugs.bcel.AnnotationDetector",4,4,0,7
"edu.umd.cs.findbugs.classfile.engine.bcel.UnpackedBytecodeCallback",2,2,3,3
"edu.umd.cs.findbugs.detect.NoteUnconditionalParamDerefs",4,4,0,7
"edu.umd.cs.findbugs.util.ContainsCamelCaseWordStringMatcher",2,0,0,3
"edu.umd.cs.findbugs.ba.npe.MayReturnNullPropertyDatabase",3,3,1,5
"edu.umd.cs.findbugs.bugReporter.MaxRankDecorator",4,3,0,5
"edu.umd.cs.findbugs.classfile.engine.asm.ClassReaderAnalysisEngine",6,6,2,7
"edu.umd.cs.findbugs.classfile.engine.bcel.CallListDataflowFactory",5,5,1,6
"edu.umd.cs.findbugs.classfile.engine.bcel.ConstantPoolGenFactory",7,4,1,5
"edu.umd.cs.findbugs.classfile.engine.bcel.ReverseDepthFirstSearchFactory",5,5,1,6
"edu.umd.cs.findbugs.cloud.username.LocalNameLookup",2,2,0,4
"edu.umd.cs.findbugs.visitclass.LVTHelper",3,0,2,0
"edu.umd.cs.findbugs.IntAnnotationTest",2,0,0,0
"edu.umd.cs.findbugs.BugReporter",4,2,182,4
"edu.umd.cs.findbugs.ba.ClassMember",4,1,5,3
"edu.umd.cs.findbugs.ba.InvalidBytecodeException",2,0,19,1
"edu.umd.cs.findbugs.ba.InstructionHandleMap",2,0,0,1
"edu.umd.cs.findbugs.bcel.PreorderDetector",3,3,1,5
"edu.umd.cs.findbugs.detect.OptionalReturnNull",2,2,0,4
"edu.umd.cs.findbugs.detect.TestingGround",3,2,0,4
"edu.umd.cs.findbugs.detect.TrainNonNullAnnotations",4,4,0,7
"edu.umd.cs.findbugs.util.RegexStringMatcher",2,0,1,1
"edu.umd.cs.findbugs.classfile.engine.bcel.AssertionMethodsFactory",6,5,1,6
"edu.umd.cs.findbugs.classfile.engine.bcel.DepthFirstSearchFactory",5,5,1,6
"edu.umd.cs.findbugs.classfile.engine.bcel.NonImplicitExceptionPostDominatorsAnalysis",7,7,2,8
"edu.umd.cs.findbugs.plan.ByInterfaceDetectorFactorySelector",2,2,1,3
"edu.umd.cs.findbugs.gui2.SaveTypeTest",2,0,0,2
"edu.umd.cs.findbugs.ba.jsr305.FindBugsDefaultAnnotations",6,2,1,2
"edu.umd.cs.findbugs.classfile.analysis.AnnotatedObject",5,1,9,1
"edu.umd.cs.findbugs.gui2.FindBugsAnalysisFileFilter",1,0,2,2
"edu.umd.cs.findbugs.gui2.FindBugsHtmlFileFilter",1,0,1,2
"edu.umd.cs.findbugs.ba.bcp.SingleInstruction",2,1,2,2
"edu.umd.cs.findbugs.ba.ReversePostOrder",1,0,5,2
"edu.umd.cs.findbugs.ba.Target",1,0,5,0
"edu.umd.cs.findbugs.detect.BooleanReturnNull",2,2,0,4
"edu.umd.cs.findbugs.detect.Methods",5,5,0,8
"edu.umd.cs.findbugs.props.AbstractWarningProperty",0,0,9,3
"edu.umd.cs.findbugs.util.NullIterator",2,0,1,1
"edu.umd.cs.findbugs.gui2.FindBugsLayoutManagerFactory",1,0,3,2
"edu.umd.cs.findbugs.ba.bcp.LongOrDoubleLocalVariable",1,1,1,2
"edu.umd.cs.findbugs.detect.FindEmptySynchronizedBlock",3,3,0,4
"edu.umd.cs.findbugs.detect.NoteNonnullReturnValues",5,5,0,10
"edu.umd.cs.findbugs.ba.INullnessAnnotationDatabase",2,0,7,0
"edu.umd.cs.findbugs.sourceViewer.NoWrapBoxView",2,0,1,0
"edu.umd.cs.findbugs.ba.DominatorsAnalysis",0,0,4,1
"edu.umd.cs.findbugs.ba.heap.LoadAnalysis",3,2,1,3
"edu.umd.cs.findbugs.ba.heap.StoreAnalysis",3,2,1,3
"edu.umd.cs.findbugs.ba.npe.NonNullParamViolation",1,1,0,1
"edu.umd.cs.findbugs.classfile.engine.bcel.UnpackedCode",1,1,2,1
"edu.umd.cs.findbugs.plan.DetectorNode",2,2,1,3
"edu.umd.cs.findbugs.ResourceCreationPoint",1,1,2,1
"edu.umd.cs.findbugs.ba.EqualsKindSummary",3,1,3,1
"edu.umd.cs.findbugs.classfile.engine.bcel.AssignedFieldMapFactory",5,5,0,6
"edu.umd.cs.findbugs.classfile.engine.bcel.LockCheckerFactory",4,4,1,5
"edu.umd.cs.findbugs.config.AnalysisFeatureSetting",2,1,6,1
"edu.umd.cs.findbugs.model.IdentityClassNameRewriter",1,0,3,2
"edu.umd.cs.findbugs.NoClassesFoundToAnalyzeException",2,1,1,1
"edu.umd.cs.findbugs.detect.NullArgumentWarningProperty",2,2,4,3
"edu.umd.cs.findbugs.tools.GenerateUpdateXml",3,3,0,4
"edu.umd.cs.findbugs.ba.ResourceTracker",2,0,3,0
"edu.umd.cs.findbugs.classfile.impl.AbstractScannableCodeBaseEntry",1,1,3,3
"edu.umd.cs.findbugs.ba.bcp.MatchResult",0,0,5,0
"edu.umd.cs.findbugs.classfile.MissingClassException",0,0,8,1
"edu.umd.cs.findbugs.util.ExactStringMatcher",0,0,2,2
"edu.umd.cs.findbugs.ba.ch.InheritanceGraph",1,1,1,2
"edu.umd.cs.findbugs.classfile.engine.bcel.BackwardTypeQualifierDataflowFactoryFactory",4,4,1,5
"edu.umd.cs.findbugs.classfile.engine.bcel.ForwardTypeQualifierDataflowFactoryFactory",4,4,1,5
"edu.umd.cs.findbugs.config.UserPreferencesTest",2,0,0,1
"edu.umd.cs.findbugs.ObfuscateTest",1,0,0,3
"edu.umd.cs.findbugs.ba.MethodBytecodeSet",2,0,3,1
"edu.umd.cs.findbugs.visitclass.PreorderVisitorTest",1,0,0,1
"edu.umd.cs.findbugs.StartTime",1,0,1,1
"edu.umd.cs.findbugs.workflow.PrintAppVersion",2,2,0,5
"edu.umd.cs.findbugs.classfile.CheckedAnalysisException",0,0,133,2
"edu.umd.cs.findbugs.asm.AbstractFBMethodVisitor",0,0,1,1
"edu.umd.cs.findbugs.jaif.JAIFEnumConstant",0,0,1,0
"edu.umd.cs.findbugs.plan.ConstraintEdge",1,1,1,2
"edu.umd.cs.findbugs.gui2.FindBugsFilterFileFilter",2,0,1,1
"edu.umd.cs.findbugs.ba.DepthFirstSearch",0,0,34,0
"edu.umd.cs.findbugs.ba.ReverseDepthFirstSearch",0,0,11,0
"edu.umd.cs.findbugs.classfile.engine.bcel.ExceptionSetFactoryFactory",4,4,1,5
"edu.umd.cs.findbugs.ba.AccessibleEntity",1,1,2,1
"edu.umd.cs.findbugs.gui2.FindBugsLayoutManager",2,0,2,0
"edu.umd.cs.findbugs.FindBugsProgress",1,1,4,2
"edu.umd.cs.findbugs.classfile.Global",0,0,84,0
"edu.umd.cs.findbugs.sourceViewer.NumberedEditorKit",2,0,1,0
"edu.umd.cs.findbugs.ba.npe.IsNullValueDataflow",4,4,15,5
"edu.umd.cs.findbugs.classfile.ClassNameMismatchException",0,0,2,1
"edu.umd.cs.findbugs.cloud.username.NoNameLookup",2,2,2,3
"edu.umd.cs.findbugs.ba.generic.GenericSignatureParserTest",1,0,0,1
"edu.umd.cs.findbugs.visitclass.DismantleBytecodeTest",2,0,0,1
"edu.umd.cs.findbugs.cloud.username.ClearCloudPreferences",2,0,0,1
"edu.umd.cs.findbugs.BugAnnotation",1,0,27,3
"edu.umd.cs.findbugs.classfile.IClassPath",2,0,7,0
"edu.umd.cs.findbugs.anttask.DataFile",0,0,6,0
"edu.umd.cs.findbugs.asm.FBMethodVisitor",2,1,1,2
"edu.umd.cs.findbugs.gui2.SortableStringComparator",1,0,1,1
"edu.umd.cs.findbugs.ba.ch.InterproceduralCallGraphVertex",2,2,1,3
"edu.umd.cs.findbugs.ba.npe.ReturnValueNullnessPropertyDatabase",1,1,2,3
"edu.umd.cs.findbugs.ba.obl.ObligationAcquiredOrReleasedInLoopException",1,1,2,2
"edu.umd.cs.findbugs.CallGraphNode",2,1,2,2
"edu.umd.cs.findbugs.classfile.engine.AbstractFieldAnnotationVisitor",3,1,0,2
"edu.umd.cs.findbugs.plan.ConstraintGraph",1,1,1,2
"edu.umd.cs.findbugs.util.AnyTypeMatcher",1,0,0,1
"edu.umd.cs.findbugs.BugAnnotationVisitor",0,0,0,0
"edu.umd.cs.findbugs.jaif.JAIFEvents",0,0,0,0
"edu.umd.cs.findbugs.classfile.ICodeBaseEntry",2,0,21,0
"edu.umd.cs.findbugs.ba.AbstractDataflow",0,0,5,1
"edu.umd.cs.findbugs.ba.bcp.OneVariableInstruction",0,0,3,2
"edu.umd.cs.findbugs.tools.html.ColorAlternator",0,0,1,0
"edu.umd.cs.findbugs.classfile.IClassPathBuilder",2,0,4,0
"edu.umd.cs.findbugs.gui2.DeadBugFilter",0,0,0,1
"edu.umd.cs.findbugs.FatalException",0,0,1,1
"edu.umd.cs.findbugs.filter.FilterException",0,0,6,1
"edu.umd.cs.findbugs.FindBugsDisplayFeatures",0,0,1,0
"edu.umd.cs.findbugs.JavaVersionException",0,0,2,1
"edu.umd.cs.findbugs.PluginException",0,0,21,1
"edu.umd.cs.findbugs.classfile.engine.bcel.NonExceptionPostdominatorsAnalysis",4,4,2,5
"edu.umd.cs.findbugs.detect.DoomedCodeWarningProperty",2,2,1,3
"edu.umd.cs.findbugs.detect.NonNullReturnProperty",2,2,1,3
"edu.umd.cs.findbugs.ba.type.ExtendedTypes",0,0,8,0
"edu.umd.cs.findbugs.classfile.IClassFactory",1,1,4,1
"edu.umd.cs.findbugs.ba.obl.ObligationPolicyDatabaseEntry",2,0,3,0
"edu.umd.cs.findbugs.cloud.BugFiler",3,1,0,1
"edu.umd.cs.findbugs.classfile.UncheckedAnalysisException",0,0,3,1
"edu.umd.cs.findbugs.cloud.SignInCancelledException",0,0,0,1
"edu.umd.cs.findbugs.cloud.username.NameLookup",3,2,8,2
"edu.umd.cs.findbugs.jaif.JAIFSyntaxException",0,0,5,1
"edu.umd.cs.findbugs.WarningComparator",3,1,3,2
"edu.umd.cs.findbugs.ba.CFGBuilderFactory",3,1,1,1
"edu.umd.cs.findbugs.ba.deref.UnconditionalValueDerefDataflow",2,2,7,3
"edu.umd.cs.findbugs.ba.jsr305.TypeQualifierDataflow",2,2,2,3
"edu.umd.cs.findbugs.detect.StreamFactory",4,2,5,2
"edu.umd.cs.findbugs.xml.XMLUtil",2,0,5,0
"edu.umd.cs.findbugs.gui2.ClearGuiSaveState",2,0,0,0
"edu.umd.cs.findbugs.ba.jsr305.JSR305NullnessAnnotations",2,2,2,2
"edu.umd.cs.findbugs.ba.npe.IsNullValueAnalysisFeatures",1,1,2,1
"edu.umd.cs.findbugs.classfile.IErrorLogger",0,0,7,0
"edu.umd.cs.findbugs.graph.GraphEdge",0,0,1,1
"edu.umd.cs.findbugs.ba.SourceFileDataSource",2,0,2,0
"edu.umd.cs.findbugs.ba.XField",2,2,68,5
"edu.umd.cs.findbugs.classfile.ICodeBaseLocator",1,0,10,0
"edu.umd.cs.findbugs.Detector2",2,2,8,3
"edu.umd.cs.findbugs.InstructionScanner",2,1,0,1
"edu.umd.cs.findbugs.ba.ch.InheritanceGraphVisitor",3,2,0,2
"edu.umd.cs.findbugs.classfile.engine.ClassParserInterface",3,3,5,3
"edu.umd.cs.findbugs.filter.Matcher",3,2,34,2
"edu.umd.cs.findbugs.GlobalOptions",1,0,1,0
"edu.umd.cs.findbugs.ba.ca.CallListDataflow",2,2,3,3
"edu.umd.cs.findbugs.ba.CFGBuilderException",1,1,47,2
"edu.umd.cs.findbugs.ba.constant.ConstantDataflow",2,2,4,3
"edu.umd.cs.findbugs.ba.heap.LoadDataflow",2,2,2,3
"edu.umd.cs.findbugs.ba.heap.StoreDataflow",2,2,2,3
"edu.umd.cs.findbugs.ba.npe.ReturnPathTypeDataflow",2,2,4,3
"edu.umd.cs.findbugs.ba.obl.ObligationDataflow",2,2,2,3
"edu.umd.cs.findbugs.plan.OrderingConstraintException",1,1,4,2
"edu.umd.cs.findbugs.graph.DFSEdgeTypes",0,0,2,0
"edu.umd.cs.findbugs.Priorities",0,0,38,0
"edu.umd.cs.findbugs.Test",1,0,0,2
"edu.umd.cs.findbugs.classfile.FieldOrMethodName",0,0,2,0
"edu.umd.cs.findbugs.ba.PathVisitor",1,0,1,0
"edu.umd.cs.findbugs.gui2.FilterListener",0,0,1,0
"edu.umd.cs.findbugs.ba.ch.InheritanceEdge",1,1,1,2
"edu.umd.cs.findbugs.ba.ch.InterproceduralCallGraphEdge",1,1,1,2
"edu.umd.cs.findbugs.ba.constant.ConstantFrame",1,1,3,2
"edu.umd.cs.findbugs.ba.interproc.PropertyDatabaseFormatException",0,0,10,1
"edu.umd.cs.findbugs.ba.jsr305.BackwardTypeQualifierDataflow",1,1,2,2
"edu.umd.cs.findbugs.ba.jsr305.ForwardTypeQualifierDataflow",1,1,2,2
"edu.umd.cs.findbugs.ba.jsr305.ParameterAnnotationLookupResult",0,0,1,1
"edu.umd.cs.findbugs.ba.jsr305.ReturnTypeAnnotationLookupResult",0,0,1,1
"edu.umd.cs.findbugs.ba.LiveLocalStoreDataflow",1,0,2,1
"edu.umd.cs.findbugs.ba.obl.NonexistentObligationException",0,0,0,1
"edu.umd.cs.findbugs.classfile.RecomputableClassAnalysisEngine",0,0,7,1
"edu.umd.cs.findbugs.log.Logger",0,0,3,0
"edu.umd.cs.findbugs.XMLWriteableWithMessages",3,2,1,3
"edu.umd.cs.findbugs.ba.type.TypeFrameModelingVisitorTest",1,0,0,0
"edu.umd.cs.findbugs.graph.GraphToolkit",0,0,0,0
"edu.umd.cs.findbugs.gui2.AnalysisCallback",1,1,1,1
"edu.umd.cs.findbugs.ba.BlockOrder",1,0,5,0
"edu.umd.cs.findbugs.ba.JavaClassAndMethodChooser",0,0,1,0
"edu.umd.cs.findbugs.Detector",1,1,56,2
"edu.umd.cs.findbugs.ba.BlockTypeDataflow",0,0,1,1
"edu.umd.cs.findbugs.ba.ch.SupertypeTraversalVisitor",2,2,2,2
"edu.umd.cs.findbugs.ba.LockDataflow",0,0,6,1
"edu.umd.cs.findbugs.ba.ReturnPathDataflow",0,0,1,1
"edu.umd.cs.findbugs.ba.type.TypeMerger",2,1,4,1
"edu.umd.cs.findbugs.bcel.generic.NONNULL2Z",0,0,2,1
"edu.umd.cs.findbugs.bcel.generic.NULL2Z",0,0,2,1
"edu.umd.cs.findbugs.NonReportingDetectorToDetector2Adapter",0,0,1,2
"edu.umd.cs.findbugs.PluginDoesntContainMetadataException",0,0,1,1
"edu.umd.cs.findbugs.updates.UpdateCheckCallback",2,1,2,2
"edu.umd.cs.findbugs.util.NotImplementedYetException",0,0,1,1
"edu.umd.cs.findbugs.ba.vna.ValueNumberAnalysisFeatures",1,1,4,1
"edu.umd.cs.findbugs.ExitCodes",0,0,3,0
"edu.umd.cs.findbugs.ba.CFGBuilder",0,0,2,0
"edu.umd.cs.findbugs.classfile.IAnalysisEngine",0,0,3,0
"edu.umd.cs.findbugs.classfile.IClassPathBuilderProgress",0,0,3,0
"edu.umd.cs.findbugs.classfile.ICodeBaseIterator",0,0,7,0
"edu.umd.cs.findbugs.classfile.IDatabaseFactory",0,0,3,0
"edu.umd.cs.findbugs.DetectorFactoryChooser",0,0,1,0
"edu.umd.cs.findbugs.graph.GraphVertex",0,0,1,1
"edu.umd.cs.findbugs.graph.SearchTreeCallback",0,0,1,0
"edu.umd.cs.findbugs.IClassScreener",0,0,1,0
"edu.umd.cs.findbugs.InstructionScannerGenerator",0,0,0,0
"edu.umd.cs.findbugs.log.LogSync",0,0,1,0
"edu.umd.cs.findbugs.props.WarningProperty",0,0,6,0
"edu.umd.cs.findbugs.gui2.FindBugsFileFilter",1,0,4,0
"edu.umd.cs.findbugs.ba.MethodChooser",1,0,0,0
"edu.umd.cs.findbugs.graph.VertexCombinator",1,0,0,0
"edu.umd.cs.findbugs.plan.DetectorFactorySelector",1,1,4,1
"edu.umd.cs.findbugs.updates.PluginUpdateListener",1,0,2,0
"edu.umd.cs.findbugs.util.TypeMatcher",1,0,3,0
"edu.umd.cs.findbugs.xml.XMLWriteable",1,0,11,0
"edu.umd.cs.findbugs.ba.Debug",1,1,10,1
"edu.umd.cs.findbugs.classfile.engine.asm.FindBugsASM",1,0,9,0
"edu.umd.cs.findbugs.ba.bcp.Variable",0,0,3,0
"edu.umd.cs.findbugs.ba.DataflowValueChooser",0,0,1,0
"edu.umd.cs.findbugs.ba.EdgeChooser",0,0,1,0
"edu.umd.cs.findbugs.BugReporterObserver",0,0,1,0
"edu.umd.cs.findbugs.classfile.IAnalysisEngineRegistrar",0,0,6,0
"edu.umd.cs.findbugs.classfile.IClassAnalysisEngine",0,0,8,1
"edu.umd.cs.findbugs.classfile.IClassObserver",0,0,3,0
"edu.umd.cs.findbugs.classfile.IScannableCodeBase",0,0,6,1
"edu.umd.cs.findbugs.graph.VertexChooser",0,0,0,0
"edu.umd.cs.findbugs.model.ClassNameRewriter",0,0,6,0
"edu.umd.cs.findbugs.StatelessDetector",0,0,45,1
"edu.umd.cs.findbugs.util.StringMatcher",0,0,4,0
"edu.umd.cs.findbugs.RunnableWithExceptions",0,0,1,0
"edu.umd.cs.findbugs.ba.AssignedFieldMap",1,0,1,1
"edu.umd.cs.findbugs.ba.RepositoryLookupFailureCallback",1,1,18,2
"edu.umd.cs.findbugs.ba.ComparableField",0,0,3,1
"edu.umd.cs.findbugs.ba.ComparableMethod",0,0,3,1
"edu.umd.cs.findbugs.ba.DFSEdgeTypes",0,0,3,1
"edu.umd.cs.findbugs.classfile.IMethodAnalysisEngine",0,0,7,1
"edu.umd.cs.findbugs.cloud.BugLinkInterface",0,0,0,0
"edu.umd.cs.findbugs.cloud.OnlineCloud",0,0,0,1
"edu.umd.cs.findbugs.FirstPassDetector",0,0,5,0
"edu.umd.cs.findbugs.InterproceduralFirstPassDetector",0,0,2,1
"edu.umd.cs.findbugs.NonReportingDetector",0,0,23,1
"edu.umd.cs.findbugs.TrainingDetector",0,0,4,0
"edu.umd.cs.findbugs.UseAnnotationDatabase",0,0,5,0
"edu.umd.cs.findbugs.visitclass.Constants2",0,0,3,1
