{"name":"variants","children":[{"name":"one.util.huntbugs.analysis","children":[{"name":"AnalysisListener","sloc":5,"wmc":1},{"name":"AnalysisOptions","sloc":57,"wmc":9},{"name":"Context","sloc":297,"wmc":66},{"name":"ErrorMessage","sloc":82,"wmc":21},{"name":"HuntBugsResult","sloc":9,"wmc":3}]},{"name":"one.util.huntbugs.assertions","children":[{"name":"AssertionData","sloc":49,"wmc":14},{"name":"MemberAsserter","sloc":96,"wmc":31}]},{"name":"one.util.huntbugs.db","children":[{"name":"DeclaredAnnotations","sloc":46,"wmc":10},{"name":"FieldStats","sloc":240,"wmc":83},{"name":"Hierarchy","sloc":97,"wmc":26},{"name":"MethodStats","sloc":180,"wmc":73},{"name":"Mutability","sloc":26,"wmc":8}]},{"name":"one.util.huntbugs.detect","children":[{"name":"AbandonedStream","sloc":31,"wmc":7},{"name":"AppendObjectOutputStream","sloc":59,"wmc":17},{"name":"ArrayRangeCheck","sloc":103,"wmc":28},{"name":"AtomicConcurrent","sloc":86,"wmc":24},{"name":"AverageComputation","sloc":28,"wmc":6},{"name":"BadMath","sloc":205,"wmc":84},{"name":"BadMethodCalls","sloc":260,"wmc":129},{"name":"BadMethodReferences","sloc":39,"wmc":10},{"name":"BadMonitorObject","sloc":39,"wmc":8},{"name":"CheckReturnValue","sloc":46,"wmc":13},{"name":"CloneContract","sloc":85,"wmc":29},{"name":"CompareContract","sloc":38,"wmc":13},{"name":"CompareUsage","sloc":52,"wmc":16},{"name":"ConditionChain","sloc":75,"wmc":23},{"name":"CovariantArrays","sloc":81,"wmc":28},{"name":"DeadLocalStore","sloc":133,"wmc":60},{"name":"DroppedExceptionObject","sloc":28,"wmc":7},{"name":"DubiousCatch","sloc":36,"wmc":6},{"name":"DuplicateAssignment","sloc":64,"wmc":20},{"name":"EasyMockProblems","sloc":38,"wmc":12},{"name":"EmptySync","sloc":32,"wmc":8},{"name":"EqualsContract","sloc":268,"wmc":98},{"name":"ExceptionalExpression","sloc":26,"wmc":3},{"name":"ExclusiveConditions","sloc":125,"wmc":35},{"name":"ExposeRepresentation","sloc":82,"wmc":34},{"name":"FieldAccess","sloc":371,"wmc":179},{"name":"FinalizerContract","sloc":90,"wmc":26},{"name":"FloatingPointComparison","sloc":84,"wmc":48},{"name":"FloatingPointNaN","sloc":28,"wmc":6},{"name":"IgnoredException","sloc":57,"wmc":16},{"name":"IncorrectVarArg","sloc":43,"wmc":12},{"name":"InfiniteLoop","sloc":87,"wmc":36},{"name":"InfiniteRecursion","sloc":103,"wmc":47},{"name":"InitializerRefersSubclass","sloc":31,"wmc":11},{"name":"Internationalization","sloc":85,"wmc":15},{"name":"InvalidMinMax","sloc":73,"wmc":20},{"name":"IteratorContract","sloc":70,"wmc":23},{"name":"JcipProblems","sloc":27,"wmc":9},{"name":"KnownComparison","sloc":46,"wmc":11},{"name":"LockProblems","sloc":51,"wmc":22},{"name":"MinValueHandling","sloc":69,"wmc":26},{"name":"MutableServletField","sloc":55,"wmc":12},{"name":"Naming","sloc":156,"wmc":63},{"name":"NegativeRemainder","sloc":47,"wmc":19},{"name":"NewGetClass","sloc":23,"wmc":4},{"name":"NonShortCircuit","sloc":58,"wmc":19},{"name":"NoRuntimeRetention","sloc":35,"wmc":9},{"name":"NullCheck","sloc":164,"wmc":47},{"name":"NumberConstructor","sloc":54,"wmc":17},{"name":"NumericComparison","sloc":335,"wmc":114},{"name":"NumericPromotion","sloc":184,"wmc":53},{"name":"RandomUsage","sloc":87,"wmc":24},{"name":"RedundantInterfaces","sloc":25,"wmc":7},{"name":"RedundantStreamCalls","sloc":117,"wmc":36},{"name":"RegexProblems","sloc":85,"wmc":34},{"name":"ReturnNull","sloc":59,"wmc":21},{"name":"RoughConstant","sloc":125,"wmc":33},{"name":"SameBranches","sloc":110,"wmc":31},{"name":"SameIfChain","sloc":68,"wmc":16},{"name":"SelfAssignment","sloc":77,"wmc":20},{"name":"SelfComputation","sloc":39,"wmc":19},{"name":"SerializationIdiom","sloc":102,"wmc":34},{"name":"SpinLoop","sloc":45,"wmc":14},{"name":"SqlBadArgument","sloc":44,"wmc":13},{"name":"StartInConstructor","sloc":45,"wmc":10},{"name":"StaticFieldFromInstanceMethod","sloc":59,"wmc":20},{"name":"StaticFieldNonThreadSafe","sloc":72,"wmc":22},{"name":"StringConcatInLoop","sloc":103,"wmc":32},{"name":"StringIndex","sloc":67,"wmc":21},{"name":"StringUsage","sloc":43,"wmc":11},{"name":"SwingProblems","sloc":34,"wmc":11},{"name":"SyncGetClass","sloc":47,"wmc":13},{"name":"SyncOnUpdatedField","sloc":36,"wmc":12},{"name":"ToArrayDowncast","sloc":36,"wmc":9},{"name":"UncalledPrivateMethod","sloc":157,"wmc":49},{"name":"UnnecessaryBoxing","sloc":97,"wmc":20},{"name":"UnnecessaryInstanceOf","sloc":93,"wmc":20},{"name":"UnreachableCatch","sloc":20,"wmc":4},{"name":"UnsafeGetResource","sloc":53,"wmc":14},{"name":"UnsupportedCall","sloc":55,"wmc":18},{"name":"UnusedParameter","sloc":141,"wmc":56},{"name":"UselessVoidMethod","sloc":32,"wmc":12},{"name":"VolatileArray","sloc":41,"wmc":14},{"name":"VolatileIncrement","sloc":66,"wmc":28},{"name":"WaitContract","sloc":72,"wmc":28},{"name":"WrongMapIterator","sloc":76,"wmc":27}]},{"name":"one.util.huntbugs.filter","children":[{"name":"AnnotationFilters","sloc":100,"wmc":30}]},{"name":"one.util.huntbugs.flow","children":[{"name":"Annotator","sloc":36,"wmc":9},{"name":"Annotators","sloc":58,"wmc":16},{"name":"BackLinkAnnotator","sloc":78,"wmc":23},{"name":"CFG","sloc":1384,"wmc":398},{"name":"ClassFields","sloc":75,"wmc":27},{"name":"CodeBlock","sloc":12,"wmc":1},{"name":"ConstAnnotator","sloc":720,"wmc":304},{"name":"Dataflow","sloc":16,"wmc":12},{"name":"EnumConstant","sloc":35,"wmc":9},{"name":"ETypeAnnotator","sloc":310,"wmc":107},{"name":"Exceptional","sloc":28,"wmc":8},{"name":"FrameContext","sloc":101,"wmc":35},{"name":"GraphSearch","sloc":8,"wmc":3},{"name":"Inf","sloc":9,"wmc":1},{"name":"NullAnnotator","sloc":304,"wmc":113},{"name":"Nullness","sloc":186,"wmc":86},{"name":"PurityAnnotator","sloc":115,"wmc":41},{"name":"SourceAnnotator","sloc":457,"wmc":143},{"name":"TrueFalse","sloc":21,"wmc":7},{"name":"ValuesFlow","sloc":105,"wmc":31}]},{"name":"one.util.huntbugs.flow.etype","children":[{"name":"AndType","sloc":181,"wmc":64},{"name":"ComplexType","sloc":28,"wmc":11},{"name":"EType","sloc":124,"wmc":40},{"name":"OrType","sloc":134,"wmc":45},{"name":"SingleType","sloc":142,"wmc":55}]},{"name":"one.util.huntbugs","children":[{"name":"HuntBugs","sloc":247,"wmc":40},{"name":"AsserterTest","sloc":25,"wmc":1},{"name":"DataTest","sloc":9,"wmc":1},{"name":"FilteredRepositoryTest","sloc":20,"wmc":1},{"name":"MessagesTest","sloc":28,"wmc":2},{"name":"OptionsTest","sloc":15,"wmc":1},{"name":"ReportsTest","sloc":84,"wmc":3},{"name":"RuleTest","sloc":24,"wmc":1}]},{"name":"one.util.huntbugs.input","children":[{"name":"XmlReportReader","sloc":166,"wmc":31}]},{"name":"one.util.huntbugs.output","children":[{"name":"CombinedReportWriter","sloc":13,"wmc":2},{"name":"HtmlReportWriter","sloc":37,"wmc":2},{"name":"Reports","sloc":284,"wmc":44},{"name":"ReportWriter","sloc":5,"wmc":1},{"name":"XmlReportWriter","sloc":29,"wmc":2}]},{"name":"one.util.huntbugs.registry","children":[{"name":"AbstractTypeDatabase","sloc":32,"wmc":7},{"name":"ClassContext","sloc":94,"wmc":18},{"name":"ClassData","sloc":54,"wmc":12},{"name":"DatabaseRegistry","sloc":74,"wmc":16},{"name":"Detector","sloc":227,"wmc":46},{"name":"DetectorRegistry","sloc":364,"wmc":72},{"name":"ElementContext","sloc":27,"wmc":6},{"name":"FieldContext","sloc":58,"wmc":9},{"name":"FieldData","sloc":12,"wmc":2},{"name":"MethodContext","sloc":218,"wmc":52},{"name":"MethodData","sloc":107,"wmc":28},{"name":"DetectorRegistryTest","sloc":38,"wmc":5}]},{"name":"one.util.huntbugs.repo","children":[{"name":"AuxRepository","sloc":15,"wmc":3},{"name":"CompositeRepository","sloc":20,"wmc":4},{"name":"DirRepository","sloc":58,"wmc":4},{"name":"FilteredRepository","sloc":29,"wmc":3},{"name":"JarRepository","sloc":43,"wmc":13},{"name":"Repository","sloc":81,"wmc":11},{"name":"RepositoryVisitor","sloc":5,"wmc":2}]},{"name":"one.util.huntbugs.spi","children":[{"name":"DataTests","sloc":50,"wmc":4},{"name":"HuntBugsPlugin","sloc":5,"wmc":2}]},{"name":"one.util.huntbugs.util","children":[{"name":"Annotations","sloc":25,"wmc":11},{"name":"Equi","sloc":258,"wmc":94},{"name":"ExpressionFormatter","sloc":231,"wmc":83},{"name":"Exprs","sloc":122,"wmc":41},{"name":"Iterables","sloc":36,"wmc":2},{"name":"Maps","sloc":15,"wmc":3},{"name":"Methods","sloc":228,"wmc":94},{"name":"NodeChain","sloc":124,"wmc":39},{"name":"Nodes","sloc":405,"wmc":172},{"name":"Types","sloc":186,"wmc":61},{"name":"Variables","sloc":27,"wmc":1},{"name":"Xml","sloc":42,"wmc":11},{"name":"TestIterables","sloc":16,"wmc":1}]},{"name":"one.util.huntbugs.warning","children":[{"name":"Formatter","sloc":207,"wmc":67},{"name":"Messages","sloc":98,"wmc":18},{"name":"Role","sloc":161,"wmc":42},{"name":"Roles","sloc":46,"wmc":1},{"name":"Warning","sloc":71,"wmc":21},{"name":"WarningAnnotation","sloc":202,"wmc":58},{"name":"WarningType","sloc":28,"wmc":6}]},{"name":"one.util.huntbugs.warning.rule","children":[{"name":"CategoryRule","sloc":16,"wmc":3},{"name":"CompositeRule","sloc":17,"wmc":3},{"name":"RegexRule","sloc":17,"wmc":3},{"name":"Rule","sloc":11,"wmc":1}]},{"name":"one.util.huntbugs.asserter","children":[{"name":"TestAsserter","sloc":46,"wmc":5}]},{"name":"one.util.huntbugs.testdata.sub","children":[{"name":"SubFieldAccess","sloc":11,"wmc":1}]},{"name":"one.util.huntbugs.testdata","children":[{"name":"TestAbandonedStream","sloc":66,"wmc":14},{"name":"TestAppendObjectOutputStream","sloc":31,"wmc":5},{"name":"TestArrayRangeCheck","sloc":113,"wmc":17},{"name":"TestAtomicConcurrent","sloc":47,"wmc":9},{"name":"TestAverageComputation","sloc":47,"wmc":12},{"name":"TestBadMath","sloc":311,"wmc":81},{"name":"TestBadMethodCalls","sloc":244,"wmc":49},{"name":"TestBadMethodReferences","sloc":9,"wmc":1},{"name":"TestBadMonitorObject","sloc":29,"wmc":4},{"name":"TestCheckReturnValue","sloc":29,"wmc":6},{"name":"TestCloneContract","sloc":35,"wmc":5},{"name":"TestCompareContract","sloc":21,"wmc":2},{"name":"TestCompareUsage","sloc":45,"wmc":10},{"name":"TestConditionChain","sloc":91,"wmc":29},{"name":"TestCovariantArrays","sloc":52,"wmc":13},{"name":"TestDeadLocalStore","sloc":300,"wmc":65},{"name":"TestDroppedExceptionObject","sloc":17,"wmc":4},{"name":"TestDubiousCatch","sloc":39,"wmc":7},{"name":"TestDuplicateAssignment","sloc":56,"wmc":10},{"name":"TestEasyMockProblems","sloc":20,"wmc":3},{"name":"TestEmptySync","sloc":20,"wmc":2},{"name":"TestEqualsContract","sloc":238,"wmc":29},{"name":"TestExceptionalExpression","sloc":20,"wmc":2},{"name":"TestExclusiveConditions","sloc":56,"wmc":28},{"name":"TestExposeRepresentation","sloc":61,"wmc":13},{"name":"TestFieldAccess","sloc":252,"wmc":47},{"name":"TestFinalizer","sloc":88,"wmc":12},{"name":"TestFloatComparison","sloc":65,"wmc":25},{"name":"TestFloatNaN","sloc":29,"wmc":9},{"name":"TestIgnoredException","sloc":55,"wmc":6},{"name":"TestIncorrectVarArg","sloc":29,"wmc":6},{"name":"TestInfiniteLoop","sloc":63,"wmc":17},{"name":"TestInfiniteRecursion","sloc":112,"wmc":31},{"name":"TestInitializerRefersSubclass","sloc":19,"wmc":14},{"name":"TestInternationalization","sloc":41,"wmc":8},{"name":"TestInvalidMinMax","sloc":86,"wmc":19},{"name":"TestIteratorContract","sloc":46,"wmc":8},{"name":"TestJcipProblems","sloc":15,"wmc":1},{"name":"TestKnownComparison","sloc":779,"wmc":236},{"name":"TestLockProblems","sloc":27,"wmc":5},{"name":"TestMinValueHandling","sloc":49,"wmc":8},{"name":"TestMutableServletField","sloc":36,"wmc":6},{"name":"TestNaming","sloc":103,"wmc":21},{"name":"TestNegativeRemainder","sloc":57,"wmc":11},{"name":"TestNewGetClass","sloc":15,"wmc":2},{"name":"TestNonShortCircuit","sloc":89,"wmc":40},{"name":"TestNoRuntimeRetention","sloc":27,"wmc":3},{"name":"TestNullCheck","sloc":247,"wmc":59},{"name":"TestNumberConstructor","sloc":33,"wmc":7},{"name":"TestNumericComparison","sloc":268,"wmc":83},{"name":"TestNumericPromotion","sloc":92,"wmc":20},{"name":"TestRandomUsage","sloc":45,"wmc":9},{"name":"TestRedundantInterfaces","sloc":21,"wmc":3},{"name":"TestRedundantStreamCalls","sloc":71,"wmc":14},{"name":"TestRegexProblems","sloc":41,"wmc":10},{"name":"TestReturnNull","sloc":34,"wmc":8},{"name":"TestRoughConstants","sloc":116,"wmc":19},{"name":"TestSameBranches","sloc":164,"wmc":42},{"name":"TestSameIfChain","sloc":33,"wmc":9},{"name":"TestSelfAssignment","sloc":179,"wmc":35},{"name":"TestSelfComputation","sloc":43,"wmc":8},{"name":"TestSerializationIdiom","sloc":75,"wmc":12},{"name":"TestSpinLoop","sloc":40,"wmc":12},{"name":"TestSqlBadArgument","sloc":25,"wmc":5},{"name":"TestStartInConstructor","sloc":34,"wmc":14},{"name":"TestStaticFieldFromInstanceMethod","sloc":62,"wmc":11},{"name":"TestStaticFieldNonThreadSafe","sloc":25,"wmc":1},{"name":"TestStringConcatInLoop","sloc":61,"wmc":15},{"name":"TestStringIndex","sloc":49,"wmc":10},{"name":"TestStringUsage","sloc":29,"wmc":6},{"name":"TestSwingProblems","sloc":21,"wmc":3},{"name":"TestSyncGetClass","sloc":34,"wmc":4},{"name":"TestSyncOnUpdatedField","sloc":43,"wmc":5},{"name":"TestToArrayDowncast","sloc":24,"wmc":4},{"name":"TestUncalledPrivateMethod","sloc":84,"wmc":11},{"name":"TestUnnecessaryBoxing","sloc":53,"wmc":11},{"name":"TestUnnecessaryInstanceOf","sloc":248,"wmc":74},{"name":"TestUnreachableCatch","sloc":35,"wmc":3},{"name":"TestUnsafeGetResource","sloc":36,"wmc":15},{"name":"TestUnsupportedCall","sloc":36,"wmc":8},{"name":"TestUnusedParameter","sloc":84,"wmc":27},{"name":"TestUselessVoidMethod","sloc":29,"wmc":8},{"name":"TestValuesFlow","sloc":21,"wmc":4},{"name":"TestVolatileArray","sloc":20,"wmc":3},{"name":"TestVolatileIncrement","sloc":53,"wmc":9},{"name":"TestWaitContract","sloc":59,"wmc":20},{"name":"TestWrongMapIterator","sloc":182,"wmc":43}]},{"name":"one.util.huntbugs.ant","children":[{"name":"HuntBugsTask","sloc":137,"wmc":29}]},{"name":"one.util.huntbugs.maven.plugin","children":[{"name":"HuntBugsMojo","sloc":156,"wmc":24}]},{"name":"one.util.huntbugs.sample.detect","children":[{"name":"SampleCustomDetector","sloc":18,"wmc":2}]},{"name":"one.util.huntbugs.sample","children":[{"name":"SampleHuntBugsPlugin","sloc":12,"wmc":2},{"name":"DataTest","sloc":9,"wmc":1},{"name":"MyProductionCode","sloc":8,"wmc":1},{"name":"MyProductionCodeTest","sloc":15,"wmc":2}]},{"name":"one.util.huntbugs.sample.testdata","children":[{"name":"TestSampleCustomDetector","sloc":18,"wmc":2}]}]}