[{"type":"one.util.huntbugs.flow.CFG","size":1384,"dependencies":["one.util.huntbugs.util.Exprs","one.util.huntbugs.util.Nodes","one.util.huntbugs.util.Types"]},{"type":"one.util.huntbugs.testdata.TestKnownComparison","size":779,"dependencies":[]},{"type":"one.util.huntbugs.flow.ConstAnnotator","size":720,"dependencies":["one.util.huntbugs.util.Exprs","one.util.huntbugs.util.Methods","one.util.huntbugs.util.Nodes"]},{"type":"one.util.huntbugs.flow.SourceAnnotator","size":457,"dependencies":["one.util.huntbugs.util.Exprs","one.util.huntbugs.util.Maps"]},{"type":"one.util.huntbugs.util.Nodes","size":405,"dependencies":["one.util.huntbugs.flow.Annotators","one.util.huntbugs.flow.Inf","one.util.huntbugs.flow.ValuesFlow"]},{"type":"one.util.huntbugs.detect.FieldAccess","size":371,"dependencies":["one.util.huntbugs.db.FieldStats","one.util.huntbugs.db.Mutability","one.util.huntbugs.flow.Inf","one.util.huntbugs.flow.ValuesFlow","one.util.huntbugs.registry.FieldContext","one.util.huntbugs.registry.MethodContext","one.util.huntbugs.util.Annotations","one.util.huntbugs.util.Exprs","one.util.huntbugs.util.NodeChain","one.util.huntbugs.util.Nodes","one.util.huntbugs.util.Types","one.util.huntbugs.warning.Roles","one.util.huntbugs.warning.WarningAnnotation"]},{"type":"one.util.huntbugs.registry.DetectorRegistry","size":364,"dependencies":["one.util.huntbugs.analysis.Context","one.util.huntbugs.analysis.ErrorMessage","one.util.huntbugs.db.FieldStats","one.util.huntbugs.db.MethodStats","one.util.huntbugs.flow.CFG","one.util.huntbugs.flow.ClassFields","one.util.huntbugs.flow.ValuesFlow","one.util.huntbugs.repo.Repository","one.util.huntbugs.repo.RepositoryVisitor","one.util.huntbugs.spi.HuntBugsPlugin","one.util.huntbugs.util.NodeChain","one.util.huntbugs.util.Nodes","one.util.huntbugs.warning.WarningType"]},{"type":"one.util.huntbugs.detect.NumericComparison","size":335,"dependencies":["one.util.huntbugs.flow.CodeBlock","one.util.huntbugs.flow.ValuesFlow","one.util.huntbugs.registry.MethodContext","one.util.huntbugs.util.Exprs","one.util.huntbugs.util.Nodes","one.util.huntbugs.util.Types","one.util.huntbugs.warning.Roles","one.util.huntbugs.warning.WarningAnnotation"]},{"type":"one.util.huntbugs.testdata.TestBadMath","size":311,"dependencies":[]},{"type":"one.util.huntbugs.flow.ETypeAnnotator","size":310,"dependencies":["one.util.huntbugs.flow.etype.EType","one.util.huntbugs.util.Methods","one.util.huntbugs.util.Types"]},{"type":"one.util.huntbugs.flow.NullAnnotator","size":304,"dependencies":["one.util.huntbugs.util.Exprs","one.util.huntbugs.util.Methods"]},{"type":"one.util.huntbugs.testdata.TestDeadLocalStore","size":300,"dependencies":[]},{"type":"one.util.huntbugs.analysis.Context","size":297,"dependencies":["one.util.huntbugs.registry.DetectorRegistry","one.util.huntbugs.repo.Repository","one.util.huntbugs.repo.RepositoryVisitor","one.util.huntbugs.warning.Messages","one.util.huntbugs.warning.Warning","one.util.huntbugs.warning.WarningType"]},{"type":"one.util.huntbugs.output.Reports","size":284,"dependencies":["one.util.huntbugs.analysis.Context","one.util.huntbugs.analysis.ErrorMessage","one.util.huntbugs.analysis.HuntBugsResult","one.util.huntbugs.warning.Formatter","one.util.huntbugs.warning.Messages","one.util.huntbugs.warning.Roles","one.util.huntbugs.warning.Warning","one.util.huntbugs.warning.WarningAnnotation"]},{"type":"one.util.huntbugs.testdata.TestNumericComparison","size":268,"dependencies":[]},{"type":"one.util.huntbugs.detect.EqualsContract","size":268,"dependencies":["one.util.huntbugs.registry.ClassContext","one.util.huntbugs.registry.MethodContext","one.util.huntbugs.util.Exprs","one.util.huntbugs.util.Methods","one.util.huntbugs.util.Nodes","one.util.huntbugs.util.Types","one.util.huntbugs.warning.Roles"]},{"type":"one.util.huntbugs.detect.BadMethodCalls","size":260,"dependencies":["one.util.huntbugs.flow.Inf","one.util.huntbugs.flow.ValuesFlow","one.util.huntbugs.flow.etype.EType","one.util.huntbugs.registry.MethodContext","one.util.huntbugs.util.Exprs","one.util.huntbugs.util.Methods","one.util.huntbugs.util.NodeChain","one.util.huntbugs.util.Nodes","one.util.huntbugs.util.Types","one.util.huntbugs.warning.Roles"]},{"type":"one.util.huntbugs.util.Equi","size":258,"dependencies":[]},{"type":"one.util.huntbugs.testdata.TestFieldAccess","size":252,"dependencies":[]},{"type":"one.util.huntbugs.testdata.TestUnnecessaryInstanceOf","size":248,"dependencies":[]},{"type":"one.util.huntbugs.testdata.TestNullCheck","size":247,"dependencies":[]},{"type":"one.util.huntbugs.HuntBugs","size":247,"dependencies":["one.util.huntbugs.analysis.AnalysisOptions","one.util.huntbugs.analysis.Context","one.util.huntbugs.analysis.HuntBugsResult","one.util.huntbugs.input.XmlReportReader","one.util.huntbugs.output.Reports","one.util.huntbugs.repo.AuxRepository","one.util.huntbugs.repo.CompositeRepository","one.util.huntbugs.repo.DirRepository","one.util.huntbugs.repo.JarRepository","one.util.huntbugs.repo.Repository","one.util.huntbugs.warning.rule.CategoryRule","one.util.huntbugs.warning.rule.CompositeRule","one.util.huntbugs.warning.rule.RegexRule","one.util.huntbugs.warning.rule.Rule"]},{"type":"one.util.huntbugs.testdata.TestBadMethodCalls","size":244,"dependencies":[]},{"type":"one.util.huntbugs.db.FieldStats","size":240,"dependencies":["one.util.huntbugs.registry.AbstractTypeDatabase","one.util.huntbugs.util.Types"]},{"type":"one.util.huntbugs.testdata.TestEqualsContract","size":238,"dependencies":[]},{"type":"one.util.huntbugs.util.ExpressionFormatter","size":231,"dependencies":["one.util.huntbugs.warning.Formatter"]},{"type":"one.util.huntbugs.util.Methods","size":228,"dependencies":[]},{"type":"one.util.huntbugs.registry.Detector","size":227,"dependencies":["one.util.huntbugs.util.NodeChain","one.util.huntbugs.warning.WarningType"]},{"type":"one.util.huntbugs.registry.MethodContext","size":218,"dependencies":["one.util.huntbugs.analysis.Context","one.util.huntbugs.analysis.ErrorMessage","one.util.huntbugs.flow.CFG","one.util.huntbugs.flow.CodeBlock","one.util.huntbugs.flow.Inf","one.util.huntbugs.flow.ValuesFlow","one.util.huntbugs.warning.Roles","one.util.huntbugs.warning.Warning","one.util.huntbugs.warning.WarningAnnotation","one.util.huntbugs.warning.WarningType"]},{"type":"one.util.huntbugs.warning.Formatter","size":207,"dependencies":[]},{"type":"one.util.huntbugs.detect.BadMath","size":205,"dependencies":["one.util.huntbugs.flow.Inf","one.util.huntbugs.registry.MethodContext","one.util.huntbugs.util.Exprs","one.util.huntbugs.util.Methods","one.util.huntbugs.util.NodeChain","one.util.huntbugs.util.Nodes","one.util.huntbugs.warning.Roles"]},{"type":"one.util.huntbugs.warning.WarningAnnotation","size":202,"dependencies":[]},{"type":"one.util.huntbugs.util.Types","size":186,"dependencies":[]},{"type":"one.util.huntbugs.flow.Nullness","size":186,"dependencies":[]},{"type":"one.util.huntbugs.detect.NumericPromotion","size":184,"dependencies":["one.util.huntbugs.flow.Inf","one.util.huntbugs.flow.ValuesFlow","one.util.huntbugs.registry.MethodContext","one.util.huntbugs.util.Exprs","one.util.huntbugs.util.Methods","one.util.huntbugs.util.NodeChain","one.util.huntbugs.util.Nodes","one.util.huntbugs.warning.Roles","one.util.huntbugs.warning.WarningAnnotation"]},{"type":"one.util.huntbugs.testdata.TestWrongMapIterator","size":182,"dependencies":[]},{"type":"one.util.huntbugs.flow.etype.AndType","size":181,"dependencies":["one.util.huntbugs.util.Types"]},{"type":"one.util.huntbugs.db.MethodStats","size":180,"dependencies":["one.util.huntbugs.registry.AbstractTypeDatabase","one.util.huntbugs.util.Methods"]},{"type":"one.util.huntbugs.testdata.TestSelfAssignment","size":179,"dependencies":[]},{"type":"one.util.huntbugs.input.XmlReportReader","size":166,"dependencies":["one.util.huntbugs.analysis.Context","one.util.huntbugs.analysis.ErrorMessage","one.util.huntbugs.analysis.HuntBugsResult","one.util.huntbugs.util.Xml","one.util.huntbugs.warning.Messages","one.util.huntbugs.warning.Roles","one.util.huntbugs.warning.Warning","one.util.huntbugs.warning.WarningAnnotation","one.util.huntbugs.warning.WarningType"]},{"type":"one.util.huntbugs.testdata.TestSameBranches","size":164,"dependencies":[]},{"type":"one.util.huntbugs.detect.NullCheck","size":164,"dependencies":["one.util.huntbugs.flow.CodeBlock","one.util.huntbugs.flow.Inf","one.util.huntbugs.registry.MethodContext","one.util.huntbugs.util.Methods","one.util.huntbugs.util.NodeChain","one.util.huntbugs.warning.Roles","one.util.huntbugs.warning.WarningAnnotation"]},{"type":"one.util.huntbugs.warning.Role","size":161,"dependencies":["one.util.huntbugs.registry.MethodContext","one.util.huntbugs.util.ExpressionFormatter","one.util.huntbugs.util.Methods","one.util.huntbugs.util.Nodes"]},{"type":"one.util.huntbugs.detect.UncalledPrivateMethod","size":157,"dependencies":["one.util.huntbugs.registry.AbstractTypeDatabase","one.util.huntbugs.registry.ClassContext","one.util.huntbugs.util.Annotations","one.util.huntbugs.util.Methods","one.util.huntbugs.util.Nodes","one.util.huntbugs.util.Types","one.util.huntbugs.warning.Roles","one.util.huntbugs.warning.WarningAnnotation"]},{"type":"one.util.huntbugs.detect.Naming","size":156,"dependencies":["one.util.huntbugs.registry.ClassContext","one.util.huntbugs.registry.FieldContext","one.util.huntbugs.registry.MethodContext","one.util.huntbugs.util.Nodes","one.util.huntbugs.util.Types","one.util.huntbugs.warning.Roles"]},{"type":"one.util.huntbugs.maven.plugin.HuntBugsMojo","size":156,"dependencies":["one.util.huntbugs.analysis.AnalysisOptions","one.util.huntbugs.analysis.Context","one.util.huntbugs.analysis.HuntBugsResult","one.util.huntbugs.input.XmlReportReader","one.util.huntbugs.output.Reports","one.util.huntbugs.repo.AuxRepository","one.util.huntbugs.repo.CompositeRepository","one.util.huntbugs.repo.DirRepository","one.util.huntbugs.repo.Repository","one.util.huntbugs.warning.Warning"]},{"type":"one.util.huntbugs.flow.etype.SingleType","size":142,"dependencies":["one.util.huntbugs.util.Types"]},{"type":"one.util.huntbugs.detect.UnusedParameter","size":141,"dependencies":["one.util.huntbugs.db.Hierarchy","one.util.huntbugs.registry.MethodContext","one.util.huntbugs.util.Annotations","one.util.huntbugs.util.Methods","one.util.huntbugs.util.Nodes","one.util.huntbugs.util.Types","one.util.huntbugs.warning.Roles"]},{"type":"one.util.huntbugs.ant.HuntBugsTask","size":137,"dependencies":["one.util.huntbugs.analysis.AnalysisOptions","one.util.huntbugs.analysis.Context","one.util.huntbugs.analysis.HuntBugsResult","one.util.huntbugs.input.XmlReportReader","one.util.huntbugs.output.Reports","one.util.huntbugs.repo.AuxRepository","one.util.huntbugs.repo.CompositeRepository","one.util.huntbugs.repo.DirRepository","one.util.huntbugs.repo.JarRepository","one.util.huntbugs.repo.Repository"]},{"type":"one.util.huntbugs.flow.etype.OrType","size":134,"dependencies":["one.util.huntbugs.util.Types"]},{"type":"one.util.huntbugs.detect.DeadLocalStore","size":133,"dependencies":["one.util.huntbugs.flow.Inf","one.util.huntbugs.flow.ValuesFlow","one.util.huntbugs.registry.MethodContext","one.util.huntbugs.util.NodeChain","one.util.huntbugs.util.Nodes","one.util.huntbugs.util.Types","one.util.huntbugs.warning.Roles"]},{"type":"one.util.huntbugs.detect.RoughConstant","size":125,"dependencies":["one.util.huntbugs.registry.MethodContext","one.util.huntbugs.util.NodeChain","one.util.huntbugs.util.Nodes","one.util.huntbugs.warning.Roles","one.util.huntbugs.warning.Warning"]},{"type":"one.util.huntbugs.detect.ExclusiveConditions","size":125,"dependencies":["one.util.huntbugs.registry.MethodContext","one.util.huntbugs.util.Equi","one.util.huntbugs.util.Methods","one.util.huntbugs.util.Nodes"]},{"type":"one.util.huntbugs.flow.etype.EType","size":124,"dependencies":[]},{"type":"one.util.huntbugs.util.NodeChain","size":124,"dependencies":[]},{"type":"one.util.huntbugs.util.Exprs","size":122,"dependencies":["one.util.huntbugs.flow.Inf","one.util.huntbugs.flow.ValuesFlow"]},{"type":"one.util.huntbugs.detect.RedundantStreamCalls","size":117,"dependencies":["one.util.huntbugs.flow.Inf","one.util.huntbugs.registry.MethodContext","one.util.huntbugs.util.ExpressionFormatter","one.util.huntbugs.util.Exprs","one.util.huntbugs.util.Types","one.util.huntbugs.warning.Roles"]},{"type":"one.util.huntbugs.testdata.TestRoughConstants","size":116,"dependencies":[]},{"type":"one.util.huntbugs.flow.PurityAnnotator","size":115,"dependencies":["one.util.huntbugs.util.Methods","one.util.huntbugs.util.Types"]},{"type":"one.util.huntbugs.testdata.TestArrayRangeCheck","size":113,"dependencies":[]},{"type":"one.util.huntbugs.testdata.TestInfiniteRecursion","size":112,"dependencies":[]},{"type":"one.util.huntbugs.detect.SameBranches","size":110,"dependencies":["one.util.huntbugs.registry.MethodContext","one.util.huntbugs.util.Equi","one.util.huntbugs.util.NodeChain","one.util.huntbugs.util.Nodes","one.util.huntbugs.warning.WarningAnnotation"]},{"type":"one.util.huntbugs.registry.MethodData","size":107,"dependencies":["one.util.huntbugs.flow.CFG","one.util.huntbugs.util.NodeChain","one.util.huntbugs.warning.Roles","one.util.huntbugs.warning.WarningAnnotation"]},{"type":"one.util.huntbugs.flow.ValuesFlow","size":105,"dependencies":["one.util.huntbugs.analysis.Context","one.util.huntbugs.util.Types"]},{"type":"one.util.huntbugs.testdata.TestNaming","size":103,"dependencies":[]},{"type":"one.util.huntbugs.detect.InfiniteRecursion","size":103,"dependencies":["one.util.huntbugs.flow.ValuesFlow","one.util.huntbugs.registry.MethodContext","one.util.huntbugs.util.Exprs","one.util.huntbugs.util.NodeChain","one.util.huntbugs.util.Nodes"]},{"type":"one.util.huntbugs.detect.StringConcatInLoop","size":103,"dependencies":["one.util.huntbugs.flow.ValuesFlow","one.util.huntbugs.registry.MethodContext","one.util.huntbugs.util.NodeChain","one.util.huntbugs.util.Nodes","one.util.huntbugs.util.Types"]},{"type":"one.util.huntbugs.detect.ArrayRangeCheck","size":103,"dependencies":["one.util.huntbugs.flow.ValuesFlow","one.util.huntbugs.registry.MethodContext","one.util.huntbugs.util.Exprs","one.util.huntbugs.util.NodeChain","one.util.huntbugs.util.Nodes","one.util.huntbugs.util.Types","one.util.huntbugs.warning.Roles"]},{"type":"one.util.huntbugs.detect.SerializationIdiom","size":102,"dependencies":["one.util.huntbugs.registry.ClassContext","one.util.huntbugs.registry.FieldContext","one.util.huntbugs.registry.MethodContext","one.util.huntbugs.util.Types"]},{"type":"one.util.huntbugs.flow.FrameContext","size":101,"dependencies":["one.util.huntbugs.util.Exprs","one.util.huntbugs.util.Maps"]},{"type":"one.util.huntbugs.filter.AnnotationFilters","size":100,"dependencies":["one.util.huntbugs.warning.Roles","one.util.huntbugs.warning.Warning"]},{"type":"one.util.huntbugs.warning.Messages","size":98,"dependencies":["one.util.huntbugs.util.Xml"]},{"type":"one.util.huntbugs.db.Hierarchy","size":97,"dependencies":["one.util.huntbugs.registry.AbstractTypeDatabase","one.util.huntbugs.util.Methods","one.util.huntbugs.util.Types"]},{"type":"one.util.huntbugs.detect.UnnecessaryBoxing","size":97,"dependencies":["one.util.huntbugs.flow.Inf","one.util.huntbugs.registry.MethodContext","one.util.huntbugs.util.Nodes","one.util.huntbugs.util.Types","one.util.huntbugs.warning.Roles","one.util.huntbugs.warning.WarningAnnotation"]},{"type":"one.util.huntbugs.assertions.MemberAsserter","size":96,"dependencies":["one.util.huntbugs.warning.Warning"]},{"type":"one.util.huntbugs.registry.ClassContext","size":94,"dependencies":["one.util.huntbugs.analysis.Context","one.util.huntbugs.analysis.ErrorMessage","one.util.huntbugs.assertions.MemberAsserter","one.util.huntbugs.util.Types","one.util.huntbugs.warning.Roles","one.util.huntbugs.warning.Warning","one.util.huntbugs.warning.WarningAnnotation","one.util.huntbugs.warning.WarningType"]},{"type":"one.util.huntbugs.detect.UnnecessaryInstanceOf","size":93,"dependencies":["one.util.huntbugs.flow.CodeBlock","one.util.huntbugs.flow.Inf","one.util.huntbugs.flow.ValuesFlow","one.util.huntbugs.flow.etype.EType","one.util.huntbugs.registry.MethodContext","one.util.huntbugs.util.Methods","one.util.huntbugs.util.Nodes","one.util.huntbugs.warning.Roles","one.util.huntbugs.warning.WarningAnnotation"]},{"type":"one.util.huntbugs.testdata.TestNumericPromotion","size":92,"dependencies":[]},{"type":"one.util.huntbugs.testdata.TestConditionChain","size":91,"dependencies":[]},{"type":"one.util.huntbugs.detect.FinalizerContract","size":90,"dependencies":["one.util.huntbugs.registry.MethodContext","one.util.huntbugs.util.Nodes","one.util.huntbugs.util.Types","one.util.huntbugs.warning.Roles"]},{"type":"one.util.huntbugs.testdata.TestNonShortCircuit","size":89,"dependencies":[]},{"type":"one.util.huntbugs.testdata.TestFinalizer","size":88,"dependencies":[]},{"type":"one.util.huntbugs.detect.RandomUsage","size":87,"dependencies":["one.util.huntbugs.flow.Inf","one.util.huntbugs.registry.MethodContext","one.util.huntbugs.util.Exprs","one.util.huntbugs.util.Nodes","one.util.huntbugs.util.Types","one.util.huntbugs.warning.Roles","one.util.huntbugs.warning.WarningAnnotation"]},{"type":"one.util.huntbugs.detect.InfiniteLoop","size":87,"dependencies":["one.util.huntbugs.registry.MethodContext","one.util.huntbugs.util.Exprs","one.util.huntbugs.util.Nodes","one.util.huntbugs.warning.Roles"]},{"type":"one.util.huntbugs.testdata.TestInvalidMinMax","size":86,"dependencies":[]},{"type":"one.util.huntbugs.detect.AtomicConcurrent","size":86,"dependencies":["one.util.huntbugs.flow.ValuesFlow","one.util.huntbugs.registry.MethodContext","one.util.huntbugs.util.Exprs","one.util.huntbugs.util.NodeChain","one.util.huntbugs.util.Nodes","one.util.huntbugs.util.Types"]},{"type":"one.util.huntbugs.detect.CloneContract","size":85,"dependencies":["one.util.huntbugs.registry.ClassContext","one.util.huntbugs.registry.MethodContext","one.util.huntbugs.util.Nodes","one.util.huntbugs.util.Types"]},{"type":"one.util.huntbugs.detect.RegexProblems","size":85,"dependencies":["one.util.huntbugs.registry.MethodContext","one.util.huntbugs.util.Exprs","one.util.huntbugs.util.Nodes","one.util.huntbugs.warning.Roles"]},{"type":"one.util.huntbugs.detect.Internationalization","size":85,"dependencies":["one.util.huntbugs.registry.MethodContext","one.util.huntbugs.util.Exprs","one.util.huntbugs.warning.Roles"]},{"type":"one.util.huntbugs.testdata.TestUnusedParameter","size":84,"dependencies":[]},{"type":"one.util.huntbugs.testdata.TestUncalledPrivateMethod","size":84,"dependencies":[]},{"type":"one.util.huntbugs.ReportsTest","size":84,"dependencies":["one.util.huntbugs.analysis.AnalysisOptions","one.util.huntbugs.analysis.Context","one.util.huntbugs.analysis.ErrorMessage","one.util.huntbugs.analysis.HuntBugsResult","one.util.huntbugs.output.Reports","one.util.huntbugs.repo.Repository","one.util.huntbugs.warning.Roles","one.util.huntbugs.warning.Warning","one.util.huntbugs.warning.WarningType"]},{"type":"one.util.huntbugs.detect.FloatingPointComparison","size":84,"dependencies":["one.util.huntbugs.flow.ValuesFlow","one.util.huntbugs.registry.MethodContext","one.util.huntbugs.util.Exprs","one.util.huntbugs.util.Nodes","one.util.huntbugs.warning.Roles"]},{"type":"one.util.huntbugs.analysis.ErrorMessage","size":82,"dependencies":["one.util.huntbugs.registry.Detector"]},{"type":"one.util.huntbugs.detect.ExposeRepresentation","size":82,"dependencies":["one.util.huntbugs.db.Mutability","one.util.huntbugs.registry.MethodContext","one.util.huntbugs.util.Exprs","one.util.huntbugs.util.NodeChain","one.util.huntbugs.util.Types","one.util.huntbugs.warning.Roles"]},{"type":"one.util.huntbugs.repo.Repository","size":81,"dependencies":["one.util.huntbugs.spi.HuntBugsPlugin"]},{"type":"one.util.huntbugs.detect.CovariantArrays","size":81,"dependencies":["one.util.huntbugs.db.Hierarchy","one.util.huntbugs.flow.ValuesFlow","one.util.huntbugs.registry.MethodContext","one.util.huntbugs.util.Exprs","one.util.huntbugs.util.Types","one.util.huntbugs.warning.Roles"]},{"type":"one.util.huntbugs.flow.BackLinkAnnotator","size":78,"dependencies":[]},{"type":"one.util.huntbugs.detect.SelfAssignment","size":77,"dependencies":["one.util.huntbugs.registry.MethodContext","one.util.huntbugs.util.Exprs","one.util.huntbugs.util.Nodes","one.util.huntbugs.warning.Roles"]},{"type":"one.util.huntbugs.detect.WrongMapIterator","size":76,"dependencies":["one.util.huntbugs.flow.Inf","one.util.huntbugs.flow.ValuesFlow","one.util.huntbugs.registry.MethodContext","one.util.huntbugs.util.Exprs","one.util.huntbugs.util.NodeChain","one.util.huntbugs.util.Nodes","one.util.huntbugs.util.Types","one.util.huntbugs.warning.Roles"]},{"type":"one.util.huntbugs.testdata.TestSerializationIdiom","size":75,"dependencies":[]},{"type":"one.util.huntbugs.flow.ClassFields","size":75,"dependencies":["one.util.huntbugs.db.FieldStats","one.util.huntbugs.db.MethodStats","one.util.huntbugs.util.Annotations","one.util.huntbugs.util.Methods"]},{"type":"one.util.huntbugs.detect.ConditionChain","size":75,"dependencies":["one.util.huntbugs.registry.MethodContext","one.util.huntbugs.util.Nodes","one.util.huntbugs.warning.Roles"]},{"type":"one.util.huntbugs.registry.DatabaseRegistry","size":74,"dependencies":["one.util.huntbugs.analysis.Context"]},{"type":"one.util.huntbugs.detect.InvalidMinMax","size":73,"dependencies":["one.util.huntbugs.registry.MethodContext","one.util.huntbugs.util.Nodes"]},{"type":"one.util.huntbugs.detect.StaticFieldNonThreadSafe","size":72,"dependencies":["one.util.huntbugs.registry.FieldContext","one.util.huntbugs.registry.MethodContext","one.util.huntbugs.util.Exprs","one.util.huntbugs.util.Methods","one.util.huntbugs.util.NodeChain","one.util.huntbugs.util.Types","one.util.huntbugs.warning.Roles"]},{"type":"one.util.huntbugs.detect.WaitContract","size":72,"dependencies":["one.util.huntbugs.registry.MethodContext","one.util.huntbugs.util.NodeChain","one.util.huntbugs.util.Nodes","one.util.huntbugs.util.Types","one.util.huntbugs.warning.Roles"]},{"type":"one.util.huntbugs.testdata.TestRedundantStreamCalls","size":71,"dependencies":[]},{"type":"one.util.huntbugs.warning.Warning","size":71,"dependencies":[]},{"type":"one.util.huntbugs.detect.IteratorContract","size":70,"dependencies":["one.util.huntbugs.flow.Inf","one.util.huntbugs.registry.MethodContext","one.util.huntbugs.util.Exprs","one.util.huntbugs.util.Nodes","one.util.huntbugs.util.Types"]},{"type":"one.util.huntbugs.detect.MinValueHandling","size":69,"dependencies":["one.util.huntbugs.registry.MethodContext","one.util.huntbugs.util.Methods","one.util.huntbugs.util.NodeChain","one.util.huntbugs.util.Nodes","one.util.huntbugs.util.Types"]},{"type":"one.util.huntbugs.detect.SameIfChain","size":68,"dependencies":["one.util.huntbugs.registry.MethodContext","one.util.huntbugs.util.Equi","one.util.huntbugs.util.Exprs","one.util.huntbugs.util.Nodes","one.util.huntbugs.warning.Roles"]},{"type":"one.util.huntbugs.detect.StringIndex","size":67,"dependencies":["one.util.huntbugs.registry.MethodContext","one.util.huntbugs.util.Nodes","one.util.huntbugs.warning.Roles"]},{"type":"one.util.huntbugs.testdata.TestAbandonedStream","size":66,"dependencies":[]},{"type":"one.util.huntbugs.detect.VolatileIncrement","size":66,"dependencies":["one.util.huntbugs.registry.MethodContext","one.util.huntbugs.util.Exprs","one.util.huntbugs.util.NodeChain","one.util.huntbugs.util.Nodes"]},{"type":"one.util.huntbugs.testdata.TestFloatComparison","size":65,"dependencies":[]},{"type":"one.util.huntbugs.detect.DuplicateAssignment","size":64,"dependencies":["one.util.huntbugs.registry.MethodContext","one.util.huntbugs.util.Exprs","one.util.huntbugs.util.NodeChain","one.util.huntbugs.util.Nodes"]},{"type":"one.util.huntbugs.testdata.TestInfiniteLoop","size":63,"dependencies":[]},{"type":"one.util.huntbugs.testdata.TestStaticFieldFromInstanceMethod","size":62,"dependencies":[]},{"type":"one.util.huntbugs.testdata.TestExposeRepresentation","size":61,"dependencies":[]},{"type":"one.util.huntbugs.testdata.TestStringConcatInLoop","size":61,"dependencies":[]},{"type":"one.util.huntbugs.testdata.TestWaitContract","size":59,"dependencies":[]},{"type":"one.util.huntbugs.detect.AppendObjectOutputStream","size":59,"dependencies":["one.util.huntbugs.flow.ValuesFlow","one.util.huntbugs.registry.MethodContext","one.util.huntbugs.util.Exprs","one.util.huntbugs.util.Nodes"]},{"type":"one.util.huntbugs.detect.ReturnNull","size":59,"dependencies":["one.util.huntbugs.registry.MethodContext","one.util.huntbugs.util.Exprs","one.util.huntbugs.util.NodeChain","one.util.huntbugs.util.Types"]},{"type":"one.util.huntbugs.detect.StaticFieldFromInstanceMethod","size":59,"dependencies":["one.util.huntbugs.registry.MethodContext","one.util.huntbugs.util.Exprs","one.util.huntbugs.util.NodeChain","one.util.huntbugs.util.Types"]},{"type":"one.util.huntbugs.flow.Annotators","size":58,"dependencies":[]},{"type":"one.util.huntbugs.repo.DirRepository","size":58,"dependencies":[]},{"type":"one.util.huntbugs.registry.FieldContext","size":58,"dependencies":["one.util.huntbugs.analysis.Context","one.util.huntbugs.analysis.ErrorMessage","one.util.huntbugs.warning.Roles","one.util.huntbugs.warning.Warning","one.util.huntbugs.warning.WarningAnnotation","one.util.huntbugs.warning.WarningType"]},{"type":"one.util.huntbugs.detect.NonShortCircuit","size":58,"dependencies":["one.util.huntbugs.flow.Inf","one.util.huntbugs.registry.MethodContext","one.util.huntbugs.util.Equi","one.util.huntbugs.util.Exprs","one.util.huntbugs.util.NodeChain","one.util.huntbugs.util.Nodes","one.util.huntbugs.warning.Roles","one.util.huntbugs.warning.WarningAnnotation"]},{"type":"one.util.huntbugs.testdata.TestNegativeRemainder","size":57,"dependencies":[]},{"type":"one.util.huntbugs.analysis.AnalysisOptions","size":57,"dependencies":["one.util.huntbugs.warning.rule.Rule"]},{"type":"one.util.huntbugs.detect.IgnoredException","size":57,"dependencies":["one.util.huntbugs.registry.MethodContext","one.util.huntbugs.util.Exprs","one.util.huntbugs.util.Nodes","one.util.huntbugs.warning.Roles"]},{"type":"one.util.huntbugs.testdata.TestDuplicateAssignment","size":56,"dependencies":[]},{"type":"one.util.huntbugs.testdata.TestExclusiveConditions","size":56,"dependencies":[]},{"type":"one.util.huntbugs.detect.MutableServletField","size":55,"dependencies":["one.util.huntbugs.registry.MethodContext","one.util.huntbugs.util.NodeChain","one.util.huntbugs.util.Types","one.util.huntbugs.warning.Roles","one.util.huntbugs.warning.WarningAnnotation"]},{"type":"one.util.huntbugs.testdata.TestIgnoredException","size":55,"dependencies":[]},{"type":"one.util.huntbugs.detect.UnsupportedCall","size":55,"dependencies":["one.util.huntbugs.db.MethodStats","one.util.huntbugs.registry.MethodContext","one.util.huntbugs.util.NodeChain"]},{"type":"one.util.huntbugs.registry.ClassData","size":54,"dependencies":["one.util.huntbugs.analysis.Context","one.util.huntbugs.analysis.ErrorMessage","one.util.huntbugs.assertions.MemberAsserter","one.util.huntbugs.filter.AnnotationFilters","one.util.huntbugs.warning.Warning"]},{"type":"one.util.huntbugs.detect.NumberConstructor","size":54,"dependencies":["one.util.huntbugs.flow.Inf","one.util.huntbugs.registry.MethodContext","one.util.huntbugs.util.Nodes","one.util.huntbugs.warning.Roles","one.util.huntbugs.warning.WarningAnnotation"]},{"type":"one.util.huntbugs.testdata.TestUnnecessaryBoxing","size":53,"dependencies":[]},{"type":"one.util.huntbugs.testdata.TestVolatileIncrement","size":53,"dependencies":[]},{"type":"one.util.huntbugs.detect.UnsafeGetResource","size":53,"dependencies":["one.util.huntbugs.registry.MethodContext","one.util.huntbugs.util.Exprs","one.util.huntbugs.util.Methods","one.util.huntbugs.util.Nodes","one.util.huntbugs.warning.Roles"]},{"type":"one.util.huntbugs.testdata.TestCovariantArrays","size":52,"dependencies":[]},{"type":"one.util.huntbugs.detect.CompareUsage","size":52,"dependencies":["one.util.huntbugs.flow.ValuesFlow","one.util.huntbugs.registry.MethodContext","one.util.huntbugs.util.Exprs","one.util.huntbugs.util.Nodes","one.util.huntbugs.util.Types","one.util.huntbugs.warning.Roles"]},{"type":"one.util.huntbugs.detect.LockProblems","size":51,"dependencies":["one.util.huntbugs.flow.ValuesFlow","one.util.huntbugs.registry.MethodContext","one.util.huntbugs.util.Types","one.util.huntbugs.warning.Roles"]},{"type":"one.util.huntbugs.spi.DataTests","size":50,"dependencies":["one.util.huntbugs.analysis.AnalysisOptions","one.util.huntbugs.analysis.Context","one.util.huntbugs.analysis.ErrorMessage","one.util.huntbugs.analysis.HuntBugsResult","one.util.huntbugs.input.XmlReportReader","one.util.huntbugs.output.Reports","one.util.huntbugs.repo.CompositeRepository","one.util.huntbugs.repo.Repository"]},{"type":"one.util.huntbugs.testdata.TestStringIndex","size":49,"dependencies":[]},{"type":"one.util.huntbugs.testdata.TestMinValueHandling","size":49,"dependencies":[]},{"type":"one.util.huntbugs.assertions.AssertionData","size":49,"dependencies":["one.util.huntbugs.warning.Warning"]},{"type":"one.util.huntbugs.testdata.TestAtomicConcurrent","size":47,"dependencies":[]},{"type":"one.util.huntbugs.detect.SyncGetClass","size":47,"dependencies":["one.util.huntbugs.registry.MethodContext","one.util.huntbugs.util.Exprs","one.util.huntbugs.util.Methods","one.util.huntbugs.util.Nodes"]},{"type":"one.util.huntbugs.testdata.TestAverageComputation","size":47,"dependencies":[]},{"type":"one.util.huntbugs.detect.NegativeRemainder","size":47,"dependencies":["one.util.huntbugs.registry.MethodContext","one.util.huntbugs.util.Exprs","one.util.huntbugs.util.Methods","one.util.huntbugs.util.Types"]},{"type":"one.util.huntbugs.asserter.TestAsserter","size":46,"dependencies":[]},{"type":"one.util.huntbugs.testdata.TestIteratorContract","size":46,"dependencies":[]},{"type":"one.util.huntbugs.db.DeclaredAnnotations","size":46,"dependencies":["one.util.huntbugs.registry.AbstractTypeDatabase","one.util.huntbugs.util.Types"]},{"type":"one.util.huntbugs.detect.CheckReturnValue","size":46,"dependencies":["one.util.huntbugs.flow.ValuesFlow","one.util.huntbugs.registry.MethodContext","one.util.huntbugs.util.NodeChain","one.util.huntbugs.util.Types"]},{"type":"one.util.huntbugs.detect.KnownComparison","size":46,"dependencies":["one.util.huntbugs.flow.CodeBlock","one.util.huntbugs.registry.MethodContext","one.util.huntbugs.util.Exprs","one.util.huntbugs.util.Methods","one.util.huntbugs.util.Nodes","one.util.huntbugs.warning.Roles"]},{"type":"one.util.huntbugs.warning.Roles","size":46,"dependencies":[]},{"type":"one.util.huntbugs.testdata.TestRandomUsage","size":45,"dependencies":[]},{"type":"one.util.huntbugs.testdata.TestCompareUsage","size":45,"dependencies":[]},{"type":"one.util.huntbugs.detect.SpinLoop","size":45,"dependencies":["one.util.huntbugs.registry.MethodContext","one.util.huntbugs.util.Nodes","one.util.huntbugs.warning.Roles"]},{"type":"one.util.huntbugs.detect.StartInConstructor","size":45,"dependencies":["one.util.huntbugs.registry.MethodContext","one.util.huntbugs.util.NodeChain","one.util.huntbugs.util.Types"]},{"type":"one.util.huntbugs.detect.SqlBadArgument","size":44,"dependencies":["one.util.huntbugs.flow.ValuesFlow","one.util.huntbugs.registry.MethodContext","one.util.huntbugs.util.Nodes"]},{"type":"one.util.huntbugs.testdata.TestSelfComputation","size":43,"dependencies":[]},{"type":"one.util.huntbugs.testdata.TestSyncOnUpdatedField","size":43,"dependencies":[]},{"type":"one.util.huntbugs.repo.JarRepository","size":43,"dependencies":[]},{"type":"one.util.huntbugs.detect.IncorrectVarArg","size":43,"dependencies":["one.util.huntbugs.registry.MethodContext","one.util.huntbugs.warning.Roles"]},{"type":"one.util.huntbugs.detect.StringUsage","size":43,"dependencies":["one.util.huntbugs.flow.Inf","one.util.huntbugs.registry.MethodContext","one.util.huntbugs.warning.Roles"]},{"type":"one.util.huntbugs.util.Xml","size":42,"dependencies":[]},{"type":"one.util.huntbugs.testdata.TestInternationalization","size":41,"dependencies":[]},{"type":"one.util.huntbugs.testdata.TestRegexProblems","size":41,"dependencies":[]},{"type":"one.util.huntbugs.detect.VolatileArray","size":41,"dependencies":["one.util.huntbugs.db.FieldStats","one.util.huntbugs.registry.FieldContext","one.util.huntbugs.warning.Roles"]},{"type":"one.util.huntbugs.testdata.TestSpinLoop","size":40,"dependencies":[]},{"type":"one.util.huntbugs.testdata.TestDubiousCatch","size":39,"dependencies":[]},{"type":"one.util.huntbugs.detect.BadMethodReferences","size":39,"dependencies":["one.util.huntbugs.registry.MethodContext","one.util.huntbugs.util.Nodes","one.util.huntbugs.warning.Roles"]},{"type":"one.util.huntbugs.detect.SelfComputation","size":39,"dependencies":["one.util.huntbugs.registry.MethodContext","one.util.huntbugs.util.Exprs","one.util.huntbugs.util.Methods","one.util.huntbugs.util.Nodes","one.util.huntbugs.warning.Roles"]},{"type":"one.util.huntbugs.detect.BadMonitorObject","size":39,"dependencies":["one.util.huntbugs.flow.ValuesFlow","one.util.huntbugs.registry.MethodContext","one.util.huntbugs.util.Types","one.util.huntbugs.warning.Roles"]},{"type":"one.util.huntbugs.registry.DetectorRegistryTest","size":38,"dependencies":["one.util.huntbugs.analysis.AnalysisOptions","one.util.huntbugs.analysis.Context","one.util.huntbugs.repo.Repository"]},{"type":"one.util.huntbugs.detect.CompareContract","size":38,"dependencies":["one.util.huntbugs.flow.Inf","one.util.huntbugs.registry.MethodContext","one.util.huntbugs.util.Nodes","one.util.huntbugs.util.Types"]},{"type":"one.util.huntbugs.detect.EasyMockProblems","size":38,"dependencies":["one.util.huntbugs.registry.MethodContext","one.util.huntbugs.util.Exprs","one.util.huntbugs.util.Nodes"]},{"type":"one.util.huntbugs.output.HtmlReportWriter","size":37,"dependencies":[]},{"type":"one.util.huntbugs.testdata.TestUnsupportedCall","size":36,"dependencies":[]},{"type":"one.util.huntbugs.flow.Annotator","size":36,"dependencies":["one.util.huntbugs.util.Nodes"]},{"type":"one.util.huntbugs.testdata.TestUnsafeGetResource","size":36,"dependencies":[]},{"type":"one.util.huntbugs.testdata.TestMutableServletField","size":36,"dependencies":[]},{"type":"one.util.huntbugs.util.Iterables","size":36,"dependencies":[]},{"type":"one.util.huntbugs.detect.DubiousCatch","size":36,"dependencies":["one.util.huntbugs.registry.MethodContext","one.util.huntbugs.warning.Roles"]},{"type":"one.util.huntbugs.detect.SyncOnUpdatedField","size":36,"dependencies":["one.util.huntbugs.registry.MethodContext","one.util.huntbugs.util.NodeChain","one.util.huntbugs.util.Nodes"]},{"type":"one.util.huntbugs.detect.ToArrayDowncast","size":36,"dependencies":["one.util.huntbugs.registry.MethodContext","one.util.huntbugs.util.Exprs","one.util.huntbugs.util.Types","one.util.huntbugs.warning.Roles"]},{"type":"one.util.huntbugs.flow.EnumConstant","size":35,"dependencies":["one.util.huntbugs.warning.WarningAnnotation"]},{"type":"one.util.huntbugs.testdata.TestCloneContract","size":35,"dependencies":[]},{"type":"one.util.huntbugs.testdata.TestUnreachableCatch","size":35,"dependencies":[]},{"type":"one.util.huntbugs.detect.NoRuntimeRetention","size":35,"dependencies":["one.util.huntbugs.db.DeclaredAnnotations","one.util.huntbugs.registry.MethodContext","one.util.huntbugs.util.Nodes"]},{"type":"one.util.huntbugs.testdata.TestStartInConstructor","size":34,"dependencies":[]},{"type":"one.util.huntbugs.testdata.TestReturnNull","size":34,"dependencies":[]},{"type":"one.util.huntbugs.testdata.TestSyncGetClass","size":34,"dependencies":[]},{"type":"one.util.huntbugs.detect.SwingProblems","size":34,"dependencies":["one.util.huntbugs.registry.MethodContext","one.util.huntbugs.util.Methods","one.util.huntbugs.util.NodeChain"]},{"type":"one.util.huntbugs.testdata.TestNumberConstructor","size":33,"dependencies":[]},{"type":"one.util.huntbugs.testdata.TestSameIfChain","size":33,"dependencies":[]},{"type":"one.util.huntbugs.registry.AbstractTypeDatabase","size":32,"dependencies":[]},{"type":"one.util.huntbugs.detect.EmptySync","size":32,"dependencies":["one.util.huntbugs.registry.MethodContext","one.util.huntbugs.util.Nodes"]},{"type":"one.util.huntbugs.detect.UselessVoidMethod","size":32,"dependencies":["one.util.huntbugs.db.MethodStats","one.util.huntbugs.registry.MethodContext","one.util.huntbugs.util.Nodes"]},{"type":"one.util.huntbugs.testdata.TestAppendObjectOutputStream","size":31,"dependencies":[]},{"type":"one.util.huntbugs.detect.AbandonedStream","size":31,"dependencies":["one.util.huntbugs.flow.Inf","one.util.huntbugs.registry.MethodContext","one.util.huntbugs.util.Types"]},{"type":"one.util.huntbugs.detect.InitializerRefersSubclass","size":31,"dependencies":["one.util.huntbugs.registry.MethodContext","one.util.huntbugs.util.NodeChain","one.util.huntbugs.util.Types","one.util.huntbugs.warning.Roles"]},{"type":"one.util.huntbugs.testdata.TestIncorrectVarArg","size":29,"dependencies":[]},{"type":"one.util.huntbugs.repo.FilteredRepository","size":29,"dependencies":[]},{"type":"one.util.huntbugs.testdata.TestFloatNaN","size":29,"dependencies":[]},{"type":"one.util.huntbugs.testdata.TestStringUsage","size":29,"dependencies":[]},{"type":"one.util.huntbugs.testdata.TestBadMonitorObject","size":29,"dependencies":[]},{"type":"one.util.huntbugs.testdata.TestCheckReturnValue","size":29,"dependencies":[]},{"type":"one.util.huntbugs.testdata.TestUselessVoidMethod","size":29,"dependencies":[]},{"type":"one.util.huntbugs.output.XmlReportWriter","size":29,"dependencies":[]},{"type":"one.util.huntbugs.flow.etype.ComplexType","size":28,"dependencies":[]},{"type":"one.util.huntbugs.warning.WarningType","size":28,"dependencies":[]},{"type":"one.util.huntbugs.flow.Exceptional","size":28,"dependencies":[]},{"type":"one.util.huntbugs.detect.AverageComputation","size":28,"dependencies":["one.util.huntbugs.registry.MethodContext","one.util.huntbugs.util.Exprs","one.util.huntbugs.util.Nodes"]},{"type":"one.util.huntbugs.MessagesTest","size":28,"dependencies":["one.util.huntbugs.warning.Formatter","one.util.huntbugs.warning.Messages","one.util.huntbugs.warning.Roles","one.util.huntbugs.warning.Warning","one.util.huntbugs.warning.WarningType"]},{"type":"one.util.huntbugs.detect.DroppedExceptionObject","size":28,"dependencies":["one.util.huntbugs.registry.MethodContext","one.util.huntbugs.util.NodeChain","one.util.huntbugs.util.Types","one.util.huntbugs.warning.Roles"]},{"type":"one.util.huntbugs.detect.FloatingPointNaN","size":28,"dependencies":["one.util.huntbugs.registry.MethodContext","one.util.huntbugs.util.Nodes","one.util.huntbugs.warning.Roles"]},{"type":"one.util.huntbugs.testdata.TestLockProblems","size":27,"dependencies":[]},{"type":"one.util.huntbugs.registry.ElementContext","size":27,"dependencies":["one.util.huntbugs.analysis.Context","one.util.huntbugs.warning.WarningType"]},{"type":"one.util.huntbugs.testdata.TestNoRuntimeRetention","size":27,"dependencies":[]},{"type":"one.util.huntbugs.detect.JcipProblems","size":27,"dependencies":["one.util.huntbugs.registry.FieldContext"]},{"type":"one.util.huntbugs.util.Variables","size":27,"dependencies":[]},{"type":"one.util.huntbugs.db.Mutability","size":26,"dependencies":["one.util.huntbugs.registry.AbstractTypeDatabase"]},{"type":"one.util.huntbugs.detect.ExceptionalExpression","size":26,"dependencies":["one.util.huntbugs.flow.Exceptional","one.util.huntbugs.flow.Inf","one.util.huntbugs.registry.MethodContext","one.util.huntbugs.util.NodeChain","one.util.huntbugs.warning.Roles"]},{"type":"one.util.huntbugs.testdata.TestSqlBadArgument","size":25,"dependencies":[]},{"type":"one.util.huntbugs.detect.RedundantInterfaces","size":25,"dependencies":["one.util.huntbugs.registry.ClassContext","one.util.huntbugs.util.Types","one.util.huntbugs.warning.Roles"]},{"type":"one.util.huntbugs.util.Annotations","size":25,"dependencies":[]},{"type":"one.util.huntbugs.AsserterTest","size":25,"dependencies":["one.util.huntbugs.analysis.AnalysisOptions","one.util.huntbugs.analysis.Context","one.util.huntbugs.repo.Repository"]},{"type":"one.util.huntbugs.testdata.TestStaticFieldNonThreadSafe","size":25,"dependencies":[]},{"type":"one.util.huntbugs.testdata.TestToArrayDowncast","size":24,"dependencies":[]},{"type":"one.util.huntbugs.RuleTest","size":24,"dependencies":["one.util.huntbugs.analysis.AnalysisOptions","one.util.huntbugs.analysis.Context","one.util.huntbugs.repo.Repository","one.util.huntbugs.warning.rule.CategoryRule","one.util.huntbugs.warning.rule.CompositeRule","one.util.huntbugs.warning.rule.RegexRule"]},{"type":"one.util.huntbugs.detect.NewGetClass","size":23,"dependencies":["one.util.huntbugs.registry.MethodContext","one.util.huntbugs.util.Methods"]},{"type":"one.util.huntbugs.flow.TrueFalse","size":21,"dependencies":[]},{"type":"one.util.huntbugs.testdata.TestCompareContract","size":21,"dependencies":[]},{"type":"one.util.huntbugs.testdata.TestSwingProblems","size":21,"dependencies":[]},{"type":"one.util.huntbugs.testdata.TestValuesFlow","size":21,"dependencies":[]},{"type":"one.util.huntbugs.testdata.TestRedundantInterfaces","size":21,"dependencies":[]},{"type":"one.util.huntbugs.repo.CompositeRepository","size":20,"dependencies":[]},{"type":"one.util.huntbugs.testdata.TestEasyMockProblems","size":20,"dependencies":[]},{"type":"one.util.huntbugs.testdata.TestEmptySync","size":20,"dependencies":[]},{"type":"one.util.huntbugs.testdata.TestExceptionalExpression","size":20,"dependencies":[]},{"type":"one.util.huntbugs.detect.UnreachableCatch","size":20,"dependencies":["one.util.huntbugs.registry.MethodContext","one.util.huntbugs.util.Nodes"]},{"type":"one.util.huntbugs.FilteredRepositoryTest","size":20,"dependencies":["one.util.huntbugs.analysis.AnalysisOptions","one.util.huntbugs.analysis.Context","one.util.huntbugs.repo.FilteredRepository","one.util.huntbugs.repo.Repository"]},{"type":"one.util.huntbugs.testdata.TestVolatileArray","size":20,"dependencies":[]},{"type":"one.util.huntbugs.testdata.TestInitializerRefersSubclass","size":19,"dependencies":[]},{"type":"one.util.huntbugs.sample.testdata.TestSampleCustomDetector","size":18,"dependencies":[]},{"type":"one.util.huntbugs.sample.detect.SampleCustomDetector","size":18,"dependencies":["one.util.huntbugs.registry.MethodContext","one.util.huntbugs.util.Types"]},{"type":"one.util.huntbugs.warning.rule.CompositeRule","size":17,"dependencies":["one.util.huntbugs.warning.WarningType"]},{"type":"one.util.huntbugs.warning.rule.RegexRule","size":17,"dependencies":["one.util.huntbugs.warning.WarningType"]},{"type":"one.util.huntbugs.testdata.TestDroppedExceptionObject","size":17,"dependencies":[]},{"type":"one.util.huntbugs.flow.Dataflow","size":16,"dependencies":[]},{"type":"one.util.huntbugs.warning.rule.CategoryRule","size":16,"dependencies":["one.util.huntbugs.warning.WarningType"]},{"type":"one.util.huntbugs.util.TestIterables","size":16,"dependencies":[]},{"type":"one.util.huntbugs.repo.AuxRepository","size":15,"dependencies":[]},{"type":"one.util.huntbugs.testdata.TestNewGetClass","size":15,"dependencies":[]},{"type":"one.util.huntbugs.sample.MyProductionCodeTest","size":15,"dependencies":[]},{"type":"one.util.huntbugs.util.Maps","size":15,"dependencies":[]},{"type":"one.util.huntbugs.OptionsTest","size":15,"dependencies":["one.util.huntbugs.analysis.AnalysisOptions"]},{"type":"one.util.huntbugs.testdata.TestJcipProblems","size":15,"dependencies":[]},{"type":"one.util.huntbugs.output.CombinedReportWriter","size":13,"dependencies":[]},{"type":"one.util.huntbugs.registry.FieldData","size":12,"dependencies":[]},{"type":"one.util.huntbugs.sample.SampleHuntBugsPlugin","size":12,"dependencies":["one.util.huntbugs.spi.HuntBugsPlugin"]},{"type":"one.util.huntbugs.flow.CodeBlock","size":12,"dependencies":[]},{"type":"one.util.huntbugs.warning.rule.Rule","size":11,"dependencies":["one.util.huntbugs.warning.WarningType"]},{"type":"one.util.huntbugs.testdata.sub.SubFieldAccess","size":11,"dependencies":["one.util.huntbugs.testdata.TestFieldAccess"]},{"type":"one.util.huntbugs.analysis.HuntBugsResult","size":9,"dependencies":["one.util.huntbugs.warning.Messages","one.util.huntbugs.warning.Warning"]},{"type":"one.util.huntbugs.DataTest","size":9,"dependencies":["one.util.huntbugs.spi.DataTests"]},{"type":"one.util.huntbugs.testdata.TestBadMethodReferences","size":9,"dependencies":[]},{"type":"one.util.huntbugs.sample.DataTest","size":9,"dependencies":["one.util.huntbugs.spi.DataTests"]},{"type":"one.util.huntbugs.flow.Inf","size":9,"dependencies":[]},{"type":"one.util.huntbugs.flow.GraphSearch","size":8,"dependencies":[]},{"type":"one.util.huntbugs.sample.MyProductionCode","size":8,"dependencies":[]},{"type":"one.util.huntbugs.repo.RepositoryVisitor","size":5,"dependencies":[]},{"type":"one.util.huntbugs.spi.HuntBugsPlugin","size":5,"dependencies":[]},{"type":"one.util.huntbugs.analysis.AnalysisListener","size":5,"dependencies":[]},{"type":"one.util.huntbugs.output.ReportWriter","size":5,"dependencies":[]}]