{"nodes":[{"name":"one.util.huntbugs.testdata","label":"one.util.huntbugs.testdata","id":"one.util.huntbugs.testdata","size":87},{"name":"one.util.huntbugs.detect","label":"one.util.huntbugs.detect","id":"one.util.huntbugs.detect","size":86},{"name":"one.util.huntbugs.flow","label":"one.util.huntbugs.flow","id":"one.util.huntbugs.flow","size":20},{"name":"one.util.huntbugs.util","label":"one.util.huntbugs.util","id":"one.util.huntbugs.util","size":15},{"name":"one.util.huntbugs.registry","label":"one.util.huntbugs.registry","id":"one.util.huntbugs.registry","size":12},{"name":"one.util.huntbugs.registry.anno","label":"one.util.huntbugs.registry.anno","id":"one.util.huntbugs.registry.anno","size":12},{"name":"one.util.huntbugs","label":"one.util.huntbugs","id":"one.util.huntbugs","size":8},{"name":"one.util.huntbugs.warning","label":"one.util.huntbugs.warning","id":"one.util.huntbugs.warning","size":8},{"name":"one.util.huntbugs.repo","label":"one.util.huntbugs.repo","id":"one.util.huntbugs.repo","size":7},{"name":"one.util.huntbugs.analysis","label":"one.util.huntbugs.analysis","id":"one.util.huntbugs.analysis","size":5},{"name":"one.util.huntbugs.db","label":"one.util.huntbugs.db","id":"one.util.huntbugs.db","size":5},{"name":"one.util.huntbugs.flow.etype","label":"one.util.huntbugs.flow.etype","id":"one.util.huntbugs.flow.etype","size":5},{"name":"one.util.huntbugs.output","label":"one.util.huntbugs.output","id":"one.util.huntbugs.output","size":5},{"name":"one.util.huntbugs.warning.rule","label":"one.util.huntbugs.warning.rule","id":"one.util.huntbugs.warning.rule","size":4},{"name":"one.util.huntbugs.sample","label":"one.util.huntbugs.sample","id":"one.util.huntbugs.sample","size":4},{"name":"one.util.huntbugs.assertions","label":"one.util.huntbugs.assertions","id":"one.util.huntbugs.assertions","size":2},{"name":"one.util.huntbugs.spi","label":"one.util.huntbugs.spi","id":"one.util.huntbugs.spi","size":2},{"name":"one.util.huntbugs.filter","label":"one.util.huntbugs.filter","id":"one.util.huntbugs.filter","size":1},{"name":"one.util.huntbugs.input","label":"one.util.huntbugs.input","id":"one.util.huntbugs.input","size":1},{"name":"one.util.huntbugs.asserter","label":"one.util.huntbugs.asserter","id":"one.util.huntbugs.asserter","size":1},{"name":"one.util.huntbugs.testdata.sub","label":"one.util.huntbugs.testdata.sub","id":"one.util.huntbugs.testdata.sub","size":1},{"name":"one.util.huntbugs.ant","label":"one.util.huntbugs.ant","id":"one.util.huntbugs.ant","size":1},{"name":"one.util.huntbugs.maven.plugin","label":"one.util.huntbugs.maven.plugin","id":"one.util.huntbugs.maven.plugin","size":1},{"name":"one.util.huntbugs.sample.detect","label":"one.util.huntbugs.sample.detect","id":"one.util.huntbugs.sample.detect","size":1},{"name":"one.util.huntbugs.sample.testdata","label":"one.util.huntbugs.sample.testdata","id":"one.util.huntbugs.sample.testdata","size":1}],"links":[{"source":"one.util.huntbugs.detect","target":"one.util.huntbugs.db"},{"source":"one.util.huntbugs.detect","target":"one.util.huntbugs.flow"},{"source":"one.util.huntbugs.detect","target":"one.util.huntbugs.flow.etype"},{"source":"one.util.huntbugs.detect","target":"one.util.huntbugs.registry"},{"source":"one.util.huntbugs.detect","target":"one.util.huntbugs.util"},{"source":"one.util.huntbugs.detect","target":"one.util.huntbugs.warning"},{"source":"one.util.huntbugs.flow","target":"one.util.huntbugs.analysis"},{"source":"one.util.huntbugs.flow","target":"one.util.huntbugs.db"},{"source":"one.util.huntbugs.flow","target":"one.util.huntbugs.flow.etype"},{"source":"one.util.huntbugs.flow","target":"one.util.huntbugs.util"},{"source":"one.util.huntbugs.flow","target":"one.util.huntbugs.warning"},{"source":"one.util.huntbugs.util","target":"one.util.huntbugs.flow"},{"source":"one.util.huntbugs.util","target":"one.util.huntbugs.warning"},{"source":"one.util.huntbugs.registry","target":"one.util.huntbugs.analysis"},{"source":"one.util.huntbugs.registry","target":"one.util.huntbugs.assertions"},{"source":"one.util.huntbugs.registry","target":"one.util.huntbugs.db"},{"source":"one.util.huntbugs.registry","target":"one.util.huntbugs.filter"},{"source":"one.util.huntbugs.registry","target":"one.util.huntbugs.flow"},{"source":"one.util.huntbugs.registry","target":"one.util.huntbugs.repo"},{"source":"one.util.huntbugs.registry","target":"one.util.huntbugs.spi"},{"source":"one.util.huntbugs.registry","target":"one.util.huntbugs.util"},{"source":"one.util.huntbugs.registry","target":"one.util.huntbugs.warning"},{"source":"one.util.huntbugs","target":"one.util.huntbugs.analysis"},{"source":"one.util.huntbugs","target":"one.util.huntbugs.input"},{"source":"one.util.huntbugs","target":"one.util.huntbugs.output"},{"source":"one.util.huntbugs","target":"one.util.huntbugs.repo"},{"source":"one.util.huntbugs","target":"one.util.huntbugs.spi"},{"source":"one.util.huntbugs","target":"one.util.huntbugs.warning"},{"source":"one.util.huntbugs","target":"one.util.huntbugs.warning.rule"},{"source":"one.util.huntbugs.warning","target":"one.util.huntbugs.registry"},{"source":"one.util.huntbugs.warning","target":"one.util.huntbugs.util"},{"source":"one.util.huntbugs.repo","target":"one.util.huntbugs.spi"},{"source":"one.util.huntbugs.analysis","target":"one.util.huntbugs.registry"},{"source":"one.util.huntbugs.analysis","target":"one.util.huntbugs.repo"},{"source":"one.util.huntbugs.analysis","target":"one.util.huntbugs.warning"},{"source":"one.util.huntbugs.analysis","target":"one.util.huntbugs.warning.rule"},{"source":"one.util.huntbugs.db","target":"one.util.huntbugs.registry"},{"source":"one.util.huntbugs.db","target":"one.util.huntbugs.util"},{"source":"one.util.huntbugs.flow.etype","target":"one.util.huntbugs.util"},{"source":"one.util.huntbugs.output","target":"one.util.huntbugs.analysis"},{"source":"one.util.huntbugs.output","target":"one.util.huntbugs.warning"},{"source":"one.util.huntbugs.warning.rule","target":"one.util.huntbugs.warning"},{"source":"one.util.huntbugs.sample","target":"one.util.huntbugs.spi"},{"source":"one.util.huntbugs.assertions","target":"one.util.huntbugs.warning"},{"source":"one.util.huntbugs.spi","target":"one.util.huntbugs.analysis"},{"source":"one.util.huntbugs.spi","target":"one.util.huntbugs.input"},{"source":"one.util.huntbugs.spi","target":"one.util.huntbugs.output"},{"source":"one.util.huntbugs.spi","target":"one.util.huntbugs.repo"},{"source":"one.util.huntbugs.filter","target":"one.util.huntbugs.warning"},{"source":"one.util.huntbugs.input","target":"one.util.huntbugs.analysis"},{"source":"one.util.huntbugs.input","target":"one.util.huntbugs.util"},{"source":"one.util.huntbugs.input","target":"one.util.huntbugs.warning"},{"source":"one.util.huntbugs.testdata.sub","target":"one.util.huntbugs.testdata"},{"source":"one.util.huntbugs.ant","target":"one.util.huntbugs.analysis"},{"source":"one.util.huntbugs.ant","target":"one.util.huntbugs.input"},{"source":"one.util.huntbugs.ant","target":"one.util.huntbugs.output"},{"source":"one.util.huntbugs.ant","target":"one.util.huntbugs.repo"},{"source":"one.util.huntbugs.maven.plugin","target":"one.util.huntbugs.analysis"},{"source":"one.util.huntbugs.maven.plugin","target":"one.util.huntbugs.input"},{"source":"one.util.huntbugs.maven.plugin","target":"one.util.huntbugs.output"},{"source":"one.util.huntbugs.maven.plugin","target":"one.util.huntbugs.repo"},{"source":"one.util.huntbugs.maven.plugin","target":"one.util.huntbugs.warning"},{"source":"one.util.huntbugs.sample.detect","target":"one.util.huntbugs.registry"},{"source":"one.util.huntbugs.sample.detect","target":"one.util.huntbugs.util"}]}