"from","to","number"
"com.trevisan.umovandroid.UMovApplication","com.trevisan.umovandroid.androidservice.TaskExceededExecutionTimeMonitorService",1
"com.trevisan.umovandroid.UMovApplication","com.trevisan.umovandroid.sync.AutomaticSync",1
"com.trevisan.umovandroid.UMovApplication","com.trevisan.umovandroid.view.lib.TTActivityBase",1
"com.trevisan.umovandroid.UMovMainActivity","com.trevisan.umovandroid.action.ActionVerifyPermissions",1
"com.trevisan.umovandroid.action.ActionActivityCompletedHistoricalsDelete","com.trevisan.umovandroid.view.ActivityCompletedHistoricals",1
"com.trevisan.umovandroid.action.ActionActivityLoginChangePerson","com.trevisan.umovandroid.action.login.ActionDoLoginWithFacebookUsingUMovAuthToken",1
"com.trevisan.umovandroid.action.ActionAttachOrViewDocument","com.trevisan.umovandroid.component.TTDocument",1
"com.trevisan.umovandroid.action.ActionCancelItem","com.trevisan.umovandroid.view.ActivityFieldsNew",1
"com.trevisan.umovandroid.action.ActionCancelItem","com.trevisan.umovandroid.view.larepublica.ActivityCheckDataLR",1
"com.trevisan.umovandroid.action.ActionCancelItem","com.trevisan.umovandroid.view.materialdesign.ActivityFieldsMD",1
"com.trevisan.umovandroid.action.ActionConfirmAddNewTask","com.trevisan.umovandroid.view.ActivityConfirmAddNewTaskNew",1
"com.trevisan.umovandroid.action.ActionExecuteItemFragment","com.trevisan.umovandroid.fragment.materialdesign.ItemsFragmentMD",1
"com.trevisan.umovandroid.action.ActionExecuteItemsGroupMD","com.trevisan.umovandroid.fragment.materialdesign.ItemsFragmentMD",1
"com.trevisan.umovandroid.action.ActionExecuteMasterGroupMD","com.trevisan.umovandroid.fragment.materialdesign.ItemsFragmentMD",1
"com.trevisan.umovandroid.action.ActionLoadDataManagementPanel","com.trevisan.umovandroid.view.ActivityManagementPanel",1
"com.trevisan.umovandroid.action.ActionManageCollectedItemsViewMode","com.trevisan.umovandroid.fragment.materialdesign.ItemsFragmentMD",1
"com.trevisan.umovandroid.action.ActionPickVideoFromGallery","com.trevisan.umovandroid.component.TTVideoRecorder",1
"com.trevisan.umovandroid.action.ActionRemoveAudioFromAudioSectionField","com.trevisan.umovandroid.component.TTAudioRecorder",1
"com.trevisan.umovandroid.action.ActionRemoveFieldHistoricalFromSectionWithDuplicatedItems","com.trevisan.umovandroid.adapter.AlertDialogListAdapter",1
"com.trevisan.umovandroid.action.ActionSaveSectionFieldsEditionsFromItemList","com.trevisan.umovandroid.adapter.materialdesign.ItemsAdapterForRecyclerViewMD",1
"com.trevisan.umovandroid.action.ActionSelectItemGroupMD","com.trevisan.umovandroid.fragment.materialdesign.ItemsFragmentMD",1
"com.trevisan.umovandroid.action.ActionSelectMessage","com.trevisan.umovandroid.view.ActivityMessages",1
"com.trevisan.umovandroid.action.ActionShowActivities","com.trevisan.umovandroid.view.ActivityActivitiesLR",1
"com.trevisan.umovandroid.action.ActionShowDangerousPermissionsDeniedByUserMessage","com.trevisan.umovandroid.service.MarshmallowOrHigherVersionDangerousPermissionsService",1
"com.trevisan.umovandroid.action.ActionShowSections","com.trevisan.umovandroid.service.SectionService",1
"com.trevisan.umovandroid.action.ActionShowTasks","com.trevisan.umovandroid.view.ActivityTasksNew",1
"com.trevisan.umovandroid.action.ActionShowWebRouter","com.trevisan.umovandroid.view.ActivityWebRouter",1
"com.trevisan.umovandroid.action.ActionTTImagePhotoOrDrawButton","com.trevisan.umovandroid.component.TTImage",1
"com.trevisan.umovandroid.action.ActionTTRankingListShowListData","com.trevisan.umovandroid.component.TTRankingList",1
"com.trevisan.umovandroid.action.ActionTTUniqueListShowListData","com.trevisan.umovandroid.component.TTUniqueList",1
"com.trevisan.umovandroid.action.ActionTaskGPSExecutionAlertDontExecute","com.trevisan.umovandroid.view.ActivityTaskGPSExecutionAlert",1
"com.trevisan.umovandroid.action.ActionVerifyPermissions","com.trevisan.umovandroid.view.ActivityPermissions",1
"com.trevisan.umovandroid.action.LinkedAction","com.trevisan.umovandroid.action.constraint.ActionConstraint",1
"com.trevisan.umovandroid.action.LinkedAction","com.trevisan.umovandroid.view.ProcessingDialog",1
"com.trevisan.umovandroid.adapter.materialdesign.ItemsAdapterForRecyclerViewMD","com.trevisan.umovandroid.fragment.materialdesign.ItemsFragmentMD",1
"com.trevisan.umovandroid.adapter.materialdesign.ItemsAdapterForViewPagerMD","com.trevisan.umovandroid.fragment.materialdesign.ItemsFragmentMD",1
"com.trevisan.umovandroid.adapter.materialdesign.ItemsAdapterForViewPagerMD","com.trevisan.umovandroid.fragment.materialdesign.OnlyOneItemByPageFragment",1
"com.trevisan.umovandroid.androidservice.AudioRecordForActivityTaskService","com.trevisan.umovandroid.service.AudioPlayerAndRecorderService",1
"com.trevisan.umovandroid.component.ItemsAndTasksSearchManagerMD","com.trevisan.umovandroid.view.lib.TTActionBarActivity",1
"com.trevisan.umovandroid.component.TTAudioRecorder","com.trevisan.umovandroid.service.AudioPlayerAndRecorderService",1
"com.trevisan.umovandroid.component.TTComponent","com.trevisan.umovandroid.lib.expressions.ExpressionsController",1
"com.trevisan.umovandroid.component.TTComponent","com.trevisan.umovandroid.manager.TaskExecutionManager",1
"com.trevisan.umovandroid.eca.context.input.InputContextManager","com.trevisan.umovandroid.service.eca.EcaService",1
"com.trevisan.umovandroid.expressions.EntitiesAttributeRetrieverForCustomFieldListRelationshipWithCustomEntity","com.trevisan.umovandroid.service.CustomFieldValueService",1
"com.trevisan.umovandroid.expressions.TaskAttributeRetriever","com.trevisan.umovandroid.lib.expressions.operand.task.TaskOperand",1
"com.trevisan.umovandroid.fragment.materialdesign.ItemsFragmentMD","com.trevisan.umovandroid.view.materialdesign.ActivityItemsMD",1
"com.trevisan.umovandroid.fragment.materialdesign.TaskFragmentMD","com.trevisan.umovandroid.view.materialdesign.ActivityTasksMD",1
"com.trevisan.umovandroid.geoposition.ActivityGeoPositionRequesterRetryAfterFinish","com.trevisan.umovandroid.service.GeoPositionHistoricalService",1
"com.trevisan.umovandroid.geoposition.ActivityTaskGeoPositionRequester","com.trevisan.umovandroid.service.GeoPositionHistoricalService",1
"com.trevisan.umovandroid.imageloader.ImageLoader","com.trevisan.umovandroid.service.MultimediaLinksService",1
"com.trevisan.umovandroid.lib.expressions.ExpressionsController","com.trevisan.umovandroid.manager.TaskExecutionManager",1
"com.trevisan.umovandroid.lib.expressions.operand.ExpressionValue","com.trevisan.umovandroid.lib.util.SectionFieldValuesConverter",1
"com.trevisan.umovandroid.lib.expressions.operand.OperandParser","com.trevisan.umovandroid.lib.expressions.operand.function.CustomEntityMultipleFilterFunctionOperand",1
"com.trevisan.umovandroid.lib.util.CustomFieldManager","com.trevisan.umovandroid.service.CustomFieldValueService",1
"com.trevisan.umovandroid.listdatasource.ListDataSource","com.trevisan.umovandroid.model.ActivityListContent",1
"com.trevisan.umovandroid.manager.PhotoManager","com.trevisan.umovandroid.service.MediaHistoricalService",1
"com.trevisan.umovandroid.manager.TaskExecutionManager","com.trevisan.umovandroid.model.ItemGroup",1
"com.trevisan.umovandroid.manager.TaskExecutionManager","com.trevisan.umovandroid.model.MasterGroup",1
"com.trevisan.umovandroid.manager.TaskExecutionManager","com.trevisan.umovandroid.model.Section",1
"com.trevisan.umovandroid.service.ExtractionService","com.trevisan.umovandroid.sync.SyncController",1
"com.trevisan.umovandroid.service.LocalNotificationService","com.trevisan.umovandroid.view.ActivityOpenNotification",1
"com.trevisan.umovandroid.service.MarshmallowOrHigherVersionDangerousPermissionsService","com.trevisan.umovandroid.view.lib.TTActionBarActivity",1
"com.trevisan.umovandroid.service.MarshmallowOrHigherVersionDangerousPermissionsService","com.trevisan.umovandroid.view.lib.TTActivity",1
"com.trevisan.umovandroid.service.MultimediaLinksService","com.trevisan.umovandroid.util.UMovUtils",1
"com.trevisan.umovandroid.service.PhoneParametersService","com.trevisan.umovandroid.util.UMovUtils",1
"com.trevisan.umovandroid.service.SectionService","com.trevisan.umovandroid.service.payment.PaymentService",1
"com.trevisan.umovandroid.service.TaskGPSExecutionService","com.trevisan.umovandroid.view.ActivityTasksNew",1
"com.trevisan.umovandroid.service.TaskGPSExecutionService","com.trevisan.umovandroid.view.materialdesign.ActivityTasksMD",1
"com.trevisan.umovandroid.service.TaskService","com.trevisan.umovandroid.view.ActivityTasksNew",1
"com.trevisan.umovandroid.service.WebRouterService","com.trevisan.umovandroid.util.AppRuntime",1
"com.trevisan.umovandroid.sync.AutomaticSync","com.trevisan.umovandroid.view.ActivityTasksNew",1
"com.trevisan.umovandroid.sync.AutomaticSync","com.trevisan.umovandroid.view.materialdesign.ActivityTasksMD",1
"com.trevisan.umovandroid.sync.SyncController","com.trevisan.umovandroid.sync.historical.HistoricalManager",1
"com.trevisan.umovandroid.view.ActivityForgotMyPassword","com.trevisan.umovandroid.view.lib.TTActionBarActivity",1
"com.trevisan.umovandroid.view.ActivitySignUp","com.trevisan.umovandroid.view.lib.TTActionBarActivity",1
"com.trevisan.umovandroid.view.ActivitySignUpWithFacebook","com.trevisan.umovandroid.view.lib.TTActionBarActivity",1
"com.trevisan.umovandroid.view.ActivityTasksNew","com.trevisan.umovandroid.view.lib.TTActionBarActivity",1
"com.trevisan.umovandroid.view.ActivityTour","com.trevisan.umovandroid.view.lib.TTActionBarActivity",1
"com.trevisan.umovandroid.view.lib.TTActionBarActivity","com.trevisan.umovandroid.view.materialdesign.ActivityFieldsMD",1
"com.trevisan.umovandroid.view.lib.TTActionBarActivity","com.trevisan.umovandroid.view.materialdesign.ActivityTasksMD",1
