"type","dep","i-dep","fan-in","fan-out"
"com.trevisan.umovandroid.model.SystemParameters",6,1,98,4
"com.trevisan.umovandroid.service.TaskService",50,28,52,37
"com.trevisan.umovandroid.db.UpgradeScripts",5,4,1,5
"com.trevisan.umovandroid.adapter.materialdesign.ItemsAdapterForRecyclerViewMD",51,28,3,34
"com.trevisan.umovandroid.component.TTQualification",27,8,2,13
"com.trevisan.umovandroid.lib.expressions.ExpressionsController",28,20,26,24
"com.trevisan.umovandroid.service.FieldHistoricalService",33,21,58,32
"com.trevisan.umovandroid.service.ActivityTaskService",42,27,37,34
"com.trevisan.umovandroid.view.materialdesign.ActivityFieldsMD",77,51,8,57
"com.trevisan.umovandroid.sync.SyncController",45,35,31,41
"com.trevisan.umovandroid.service.SaveAndRestoreUmovContext",39,28,1,36
"com.trevisan.umovandroid.service.MultimediaLinksService",39,16,47,29
"com.trevisan.umovandroid.adapter.SectionsAndConferenceAdapter",50,28,3,31
"com.trevisan.umovandroid.service.ItemService",44,27,46,37
"com.trevisan.umovandroid.view.lib.TTActionBarActivity",80,39,64,44
"com.trevisan.umovandroid.dao.TaskDAO",21,14,1,18
"com.trevisan.umovandroid.service.SectionService",35,24,56,28
"com.trevisan.umovandroid.db.CreationScripts",1,0,1,0
"com.trevisan.umovandroid.dao.DAO",16,7,73,19
"com.trevisan.umovandroid.model.Field",5,0,122,5
"com.trevisan.umovandroid.service.DataCheckingService",38,19,3,28
"com.trevisan.umovandroid.view.ActivityLogin",62,31,3,37
"com.trevisan.umovandroid.model.FeatureToggle",1,0,72,1
"com.trevisan.umovandroid.sync.extraction.ExtractionManager",23,17,2,24
"com.trevisan.umovandroid.fragment.materialdesign.TaskFragmentMD",61,26,3,33
"com.trevisan.umovandroid.fragment.materialdesign.ItemsFragmentMD",54,34,17,39
"com.trevisan.umovandroid.service.LocationFieldService",7,4,4,6
"com.trevisan.umovandroid.component.TTComponent",36,18,49,20
"com.trevisan.umovandroid.action.ActionExecuteSection",52,42,17,48
"com.trevisan.umovandroid.manager.TaskExecutionManager",24,18,282,23
"com.trevisan.umovandroid.dao.ItemDAO",26,13,1,21
"com.trevisan.umovandroid.model.ActivityTask",6,0,96,7
"com.trevisan.umovandroid.model.Agent",5,1,45,7
"com.trevisan.umovandroid.model.Location",1,0,25,5
"com.trevisan.umovandroid.adapter.materialdesign.TasksAdapterMD",48,25,1,29
"com.trevisan.umovandroid.model.settingsproperties.SettingsProperties",4,1,25,7
"com.trevisan.umovandroid.action.ActionStemac",16,5,3,9
"com.trevisan.umovandroid.component.TTTextBox",33,9,3,16
"com.trevisan.umovandroid.util.UMovUtils",51,12,74,24
"com.trevisan.umovandroid.model.Section",5,1,112,5
"com.trevisan.umovandroid.action.ActionExecuter",36,13,3,16
"com.trevisan.umovandroid.model.Task",9,2,120,9
"com.trevisan.umovandroid.action.ActionShowFields",44,32,5,36
"com.trevisan.umovandroid.service.payment.PaymentService",63,35,4,39
"com.trevisan.umovandroid.adapter.TaskListAdapterNew",45,23,9,29
"com.trevisan.umovandroid.service.MediaHistoricalService",40,19,32,22
"com.trevisan.umovandroid.view.materialdesign.ActivityTasksMD",49,27,10,31
"com.trevisan.umovandroid.dao.SystemParametersDAO",12,3,1,4
"com.trevisan.umovandroid.sync.HttpConnector",34,4,16,15
"com.trevisan.umovandroid.component.address.ActivityAddressSectionField",29,9,1,14
"com.trevisan.umovandroid.component.TTAudioRecorder",28,11,10,16
"com.trevisan.umovandroid.action.ActionFinalizeActivityTask1PrePhotos",33,27,10,32
"com.trevisan.umovandroid.view.ActivityFieldsNew",52,33,8,38
"com.trevisan.umovandroid.view.ActivityTasksNew",58,29,10,34
"com.trevisan.umovandroid.dao.customcriteria.ValidationExpressionWhenShowItemsCriteria",31,23,1,30
"com.trevisan.umovandroid.action.ActionQuitFieldsScreen",31,24,6,26
"com.trevisan.umovandroid.component.TTMultipleList",22,7,4,13
"com.trevisan.umovandroid.action.lib.ActionBehavior",35,10,62,18
"com.trevisan.umovandroid.service.larepublica.DataCheckingServiceCurrent",42,18,2,21
"com.trevisan.umovandroid.view.materialdesign.ActivityItemsMD",35,17,7,19
"com.trevisan.umovandroid.lib.util.DateFormatter",10,0,50,8
"com.trevisan.umovandroid.model.FieldHistorical",9,2,47,8
"com.trevisan.umovandroid.component.TTGeocoordinateNew",29,14,2,20
"com.trevisan.umovandroid.lib.expressions.ArithmeticalCalculator",21,9,2,17
"com.trevisan.umovandroid.view.ActivityItemsNew",44,28,6,33
"com.trevisan.umovandroid.lib.expressions.operand.OperandParser",62,51,15,62
"com.trevisan.umovandroid.imageloader.ImageLoader",9,1,1,9
"com.trevisan.umovandroid.dao.FieldHistoricalDAO",15,8,3,14
"com.trevisan.umovandroid.service.CustomFieldValueService",31,14,21,20
"com.trevisan.umovandroid.action.ActionExecuteActivityTask",39,34,4,36
"com.trevisan.umovandroid.service.api.DownloadActivityHistoricalFromGraphQLService",36,26,1,32
"com.trevisan.umovandroid.dao.CustomEntityEntryDAO",21,11,1,17
"com.trevisan.umovandroid.util.AppRuntime",10,3,31,4
"com.trevisan.umovandroid.lib.expressions.operand.ExpressionValue",15,4,94,8
"com.trevisan.umovandroid.service.AutomaticActivityExecutionService",26,21,1,25
"com.trevisan.umovandroid.util.mask.MaskListener",9,2,11,8
"com.trevisan.umovandroid.view.ActivityTaskNew",47,27,5,32
"com.trevisan.umovandroid.expressions.ActivityFieldManipulator",21,15,5,17
"com.trevisan.umovandroid.model.settingsproperties.SignUpSettings",7,2,10,5
"com.trevisan.umovandroid.service.MenuItemService",31,26,2,27
"com.trevisan.umovandroid.component.TTImageNew",33,18,3,23
"com.trevisan.umovandroid.component.ItemsAndTasksSearchManagerMD",39,20,3,21
"com.trevisan.umovandroid.geoposition.GeoPositionRequester",19,6,4,10
"com.trevisan.umovandroid.db.OldDataBaseUpdater",4,1,1,3
"com.trevisan.umovandroid.service.TimeWorkIntervalsService",19,14,2,17
"com.trevisan.umovandroid.view.larepublica.expanableTaskSection.ExpandableTaskSection",38,19,6,25
"com.trevisan.umovandroid.sync.MediaSyncController",17,10,8,14
"com.trevisan.umovandroid.component.TTLinearDistance",24,11,2,17
"com.trevisan.umovandroid.view.ActivityLocationEditNew",38,22,1,27
"com.trevisan.umovandroid.view.theme.CustomThemeParser",26,4,3,7
"com.trevisan.umovandroid.action.ActionActivityLoginTests",22,14,1,22
"com.trevisan.umovandroid.component.TTUniqueList",27,13,2,18
"com.trevisan.umovandroid.lib.expressions.operand.Operand",15,10,58,16
"com.trevisan.umovandroid.view.ActivityAnaliticalQueryNew",36,21,1,27
"com.trevisan.umovandroid.service.AgentService",21,12,85,15
"com.trevisan.umovandroid.view.larepublica.ActivityCheckDataLR",31,20,5,22
"com.trevisan.umovandroid.action.ActionCancelItem",37,31,15,36
"com.trevisan.umovandroid.component.address.TTAddress",27,11,2,15
"com.trevisan.umovandroid.service.FieldValidatorService",13,7,5,11
"com.trevisan.umovandroid.lib.util.CustomFieldManager",17,8,8,13
"com.trevisan.umovandroid.action.ActionExecuteItem",26,21,13,25
"com.trevisan.umovandroid.component.duration.TTChronometer",19,8,1,12
"com.trevisan.umovandroid.view.ActivitySignUp",31,17,1,19
"com.trevisan.umovandroid.view.ActivityConfirmAddNewTaskNew",33,21,1,24
"com.trevisan.umovandroid.action.ActionFinalizeActivityTask5PostConfirmation",41,35,1,38
"com.trevisan.umovandroid.adapter.GenericListAdapterNew",27,13,6,19
"com.trevisan.umovandroid.model.eca.ConnectorImpl",1,0,8,2
"com.trevisan.umovandroid.view.MessageDialogWithEditText",21,3,1,8
"com.trevisan.umovandroid.service.PhoneParametersService",21,3,30,6
"com.trevisan.umovandroid.dao.ActivityTaskDAO",10,4,1,7
"com.trevisan.umovandroid.component.GettingGeocoordinate",20,8,5,13
"com.trevisan.umovandroid.service.MediaHistoricalReadyToBeSentService",17,12,12,17
"com.trevisan.umovandroid.service.FeatureToggleService",6,3,99,5
"com.trevisan.umovandroid.dao.FieldDAO",11,4,1,7
"com.trevisan.umovandroid.service.retroalimentation.CustomEntityEntryRetroalimentation",14,7,1,14
"com.trevisan.umovandroid.model.ActivityHistorical",4,1,75,11
"com.trevisan.umovandroid.view.ActivityActivitiesLR",40,18,2,20
"com.trevisan.umovandroid.view.actionbar.ActionBarSearchExpandListener",30,13,2,15
"com.trevisan.umovandroid.service.SystemParametersService",15,10,134,14
"com.trevisan.umovandroid.adapter.MenuAdapter",28,13,2,16
"com.trevisan.umovandroid.service.LocalNotificationService",22,5,7,10
"com.trevisan.umovandroid.service.retroalimentation.EntityRetroalimentation",22,19,5,23
"com.trevisan.umovandroid.view.ActivitySettings",30,16,1,20
"com.trevisan.umovandroid.model.Item",1,0,74,5
"com.trevisan.umovandroid.component.multimedia.TTMultiMediaCarousel",26,14,2,19
"com.trevisan.umovandroid.service.TaskExecutionStateService",9,8,0,11
"com.trevisan.umovandroid.component.TTVideoRecorder",24,12,6,16
"com.trevisan.umovandroid.adapter.TaskGridAdapterNew",31,10,1,16
"com.trevisan.umovandroid.sync.extraction.SystemParametersExtractor",10,4,1,5
"com.trevisan.umovandroid.component.additionalsettings.AdditionalSettingsAddressField",1,0,2,1
"com.trevisan.umovandroid.service.ActivityHistoricalService",14,10,29,14
"com.trevisan.umovandroid.action.login.ActionDoLoginWithFacebookUsingUMovAuthToken",30,24,2,27
"com.trevisan.umovandroid.action.ActionShowActivities",20,15,5,18
"com.trevisan.umovandroid.service.TraveledDistanceService",12,9,4,12
"com.trevisan.umovandroid.service.WorkingJourneyService",21,13,2,19
"com.trevisan.umovandroid.view.ActivityPrePhotoNew",33,18,1,24
"com.trevisan.umovandroid.service.TaskGPSExecutionService",17,9,5,14
"com.trevisan.umovandroid.service.TaskGPSStateService",14,5,2,10
"com.trevisan.umovandroid.dao.LocationDAO",9,5,1,7
"com.trevisan.umovandroid.lib.vo.CustomField",6,0,30,1
"com.trevisan.umovandroid.action.ActionActivitySignUpRegister",21,18,1,21
"com.trevisan.umovandroid.component.TTLogic",15,4,3,8
"com.trevisan.umovandroid.service.gps.GpsTrackingProvider",22,14,2,17
"com.trevisan.umovandroid.eca.business.EcaProcessResultManager",29,18,2,19
"com.trevisan.umovandroid.action.ActionActivitySignUpWithFacebookOk",15,11,1,15
"com.trevisan.umovandroid.view.ActivityMasterGroupsNew",33,22,2,25
"com.trevisan.umovandroid.action.ActionShowWebRouter",21,15,5,20
"com.trevisan.umovandroid.service.WebRouterService",17,10,2,15
"com.trevisan.umovandroid.component.TTTextBoxNew",18,7,8,12
"com.trevisan.umovandroid.component.TTRankingList",18,7,2,11
"com.trevisan.umovandroid.action.ActionActivityLocationEditOk",23,21,1,24
"com.trevisan.umovandroid.action.ActionFinalizeActivityTask4CheckOptionalGpsRetry",27,23,3,25
"com.trevisan.umovandroid.model.GeoPositionHistorical",1,1,8,4
"com.trevisan.umovandroid.view.ProcessingDialog",17,5,19,9
"com.trevisan.umovandroid.action.ActionShowFilterItemsOptions",21,8,1,10
"com.trevisan.umovandroid.service.FieldService",18,10,29,12
"com.trevisan.umovandroid.db.DataBaseManager",12,4,17,8
"com.trevisan.umovandroid.action.ActionExecuteTask",25,21,10,23
"com.trevisan.umovandroid.view.lib.TTActivity",15,5,12,9
"com.trevisan.umovandroid.component.multimedia.TTMultiMedia",23,7,6,12
"com.trevisan.umovandroid.service.AudioPlayerAndRecorderService",15,8,13,10
"com.trevisan.umovandroid.component.ComponentsFactory",19,16,9,16
"com.trevisan.umovandroid.service.LoginService",16,9,19,11
"com.trevisan.umovandroid.view.ActivitySignUpWithFacebook",25,13,2,15
"com.trevisan.umovandroid.component.duration.TTDuration",19,6,1,10
"com.trevisan.umovandroid.component.TTImage",14,6,6,9
"com.trevisan.umovandroid.service.ExecutionExpressionsFromItemsListService",15,8,1,14
"com.trevisan.umovandroid.component.multimedia.TTMultiMediaImageNew",24,15,3,20
"com.trevisan.umovandroid.lib.expressions.operand.customEntity.CustomEntityOperand",16,10,2,17
"com.trevisan.umovandroid.action.ActionExecuteItemsGroup",19,13,6,15
"com.trevisan.umovandroid.adapter.materialdesign.ItemsAdapterForViewPagerMD",34,21,2,23
"com.trevisan.umovandroid.view.ActivitySectionsNew",30,16,2,18
"com.trevisan.umovandroid.view.ActivitySectionsAndConference",26,15,4,18
"com.trevisan.umovandroid.service.ClearDataService",28,25,9,27
"com.trevisan.umovandroid.service.CustomFieldService",16,7,22,11
"com.trevisan.umovandroid.component.TTTime",18,4,2,7
"com.trevisan.umovandroid.view.ActivityItemGroupsNew",31,20,1,23
"com.trevisan.umovandroid.service.RealimentationService",12,9,2,11
"com.trevisan.umovandroid.imagemanager.ImageManager",17,3,6,5
"com.trevisan.umovandroid.eca.business.EcaManager",28,18,8,22
"com.trevisan.umovandroid.component.TTDate",18,5,2,8
"com.trevisan.umovandroid.component.UMovReader",26,5,3,11
"com.trevisan.umovandroid.view.ActivityCamera",34,2,1,7
"com.trevisan.umovandroid.service.GeoPositionHistoricalService",17,11,21,15
"com.trevisan.umovandroid.adapter.ItemListAdapterNew",25,16,4,19
"com.trevisan.umovandroid.service.ActivityHistoricalReadyToBeSentService",13,10,18,12
"com.trevisan.umovandroid.service.MarshmallowOrHigherVersionDangerousPermissionsService",13,6,12,8
"com.trevisan.umovandroid.model.LocationField",2,0,8,2
"com.trevisan.umovandroid.action.ActionActivityFieldsValidate",18,12,2,16
"com.trevisan.umovandroid.lib.vo.ValidationExpressionVO",0,0,13,5
"com.trevisan.umovandroid.view.ActivityMessages",31,15,1,18
"com.trevisan.umovandroid.dao.LocationDataHistoricalDAO",8,4,1,5
"com.trevisan.umovandroid.dao.FieldHistoricalReadyToBeSentDAO",11,4,1,7
"com.trevisan.umovandroid.action.ActionSelectActivityTask",24,18,6,24
"com.trevisan.umovandroid.listdatasource.CustomEntityListDataSource",30,22,2,26
"com.trevisan.umovandroid.view.ActivityTour",19,6,2,10
"com.trevisan.umovandroid.view.ActivityActivitiesNew",26,13,5,15
"com.trevisan.umovandroid.view.larepublica.expanableTaskSection.ExpandableHorizontalTaskSection",25,7,3,9
"com.trevisan.umovandroid.model.ActivityType",5,0,48,4
"com.trevisan.umovandroid.service.DataService",5,3,6,7
"com.trevisan.umovandroid.lib.util.NumberFormatter",7,0,7,5
"com.trevisan.umovandroid.action.ActionSelectTask",23,17,10,19
"com.trevisan.umovandroid.service.UMovTroublesOnExecutionLogService",12,2,40,13
"com.trevisan.umovandroid.service.ImageService",16,7,7,12
"com.trevisan.umovandroid.imageloader.DefaultImageLoaderDelegate",13,0,2,6
"com.trevisan.umovandroid.component.TTDocument",20,9,5,12
"com.trevisan.umovandroid.dao.customcriteria.CustomCriteriaItem",11,8,4,12
"com.trevisan.umovandroid.view.ActivityCreateNewTaskNew",25,12,1,16
"com.trevisan.umovandroid.listdatasource.EntityCustomFieldListDataSource",16,12,2,17
"com.trevisan.umovandroid.dao.GeoPositionHistoricalDAO",7,3,1,7
"com.trevisan.umovandroid.dao.AgentDAO",8,3,1,4
"com.trevisan.umovandroid.lib.expressions.operand.connector.ConnectorOperand",18,7,1,11
"com.trevisan.umovandroid.action.ActionFinalizeActivityTask2PreConfirmation",16,12,3,16
"com.trevisan.umovandroid.lib.expressions.tree.ExpressionTree",4,2,7,7
"com.trevisan.umovandroid.service.LanguageService",16,9,159,13
"com.trevisan.umovandroid.component.multimedia.TTMultiMediaWebNew",17,4,1,8
"com.trevisan.umovandroid.action.ActionSaveSectionFieldsEditionsFromItemList",22,13,1,16
"com.trevisan.umovandroid.sync.historical.HistoricalManager",18,16,2,19
"com.trevisan.umovandroid.dao.TaskActivityTaskRelationshipDAO",8,3,1,6
"com.trevisan.umovandroid.model.InfoHistorical",0,0,3,0
"com.trevisan.umovandroid.service.TaskActivityTaskRelationshipService",12,6,10,10
"com.trevisan.umovandroid.service.AuthService",21,1,21,3
"com.trevisan.umovandroid.service.MaterialDesignShowMessageService",16,1,25,3
"com.trevisan.umovandroid.action.ActionUMovEnter",24,21,2,24
"com.trevisan.umovandroid.model.SyncHeader",1,1,15,4
"com.trevisan.umovandroid.UMovApplication",23,13,40,18
"com.trevisan.umovandroid.service.ExtractionService",16,14,2,17
"com.trevisan.umovandroid.geoposition.ActivityTaskGeoPositionRequester",18,11,5,15
"com.trevisan.umovandroid.service.FileSystemLogService",17,10,1,17
"com.trevisan.umovandroid.dao.customcriteria.CustomCountCriteriaItem",3,2,1,4
"com.trevisan.umovandroid.service.TaskExceededExecutionTimeService",13,6,1,10
"com.trevisan.umovandroid.action.ActionExtractRecordsFromActivityTasks",14,13,1,17
"com.trevisan.umovandroid.component.TTDateTimePicker",20,2,1,4
"com.trevisan.umovandroid.dao.ActivityHistoricalDAO",8,4,1,7
"com.trevisan.umovandroid.component.TTTimeNew",19,5,3,8
"com.trevisan.umovandroid.component.address.UMovAddress",5,0,9,3
"com.trevisan.umovandroid.adapter.materialdesign.SectionsAdapterMD",24,12,1,14
"com.trevisan.umovandroid.view.larepublica.expanableTaskSection.ExpandableVerticalTaskSection",18,8,5,10
"com.trevisan.umovandroid.component.address.ActionConfirmAddress",12,4,1,7
"com.trevisan.umovandroid.expressions.ItemAttributeRetriever",17,12,1,17
"com.trevisan.umovandroid.action.ActionSearchItems",23,20,7,22
"com.trevisan.umovandroid.sync.extraction.TaskExtractor",12,8,1,12
"com.trevisan.umovandroid.action.ActionOfflineFlowAfterFinalizeActivityTask",10,9,2,11
"com.trevisan.umovandroid.service.SearchTaskAndLocationFieldsService",11,4,5,10
"com.trevisan.umovandroid.action.ActionSearchItemsMD",22,17,3,19
"com.trevisan.umovandroid.action.ActionVerifyGeoLocationProviders",14,9,1,11
"com.trevisan.umovandroid.lib.expressions.operand.function.AddressFunctionOperand",11,5,1,8
"com.trevisan.umovandroid.db.Criteria",2,0,84,5
"com.trevisan.umovandroid.service.TaskFieldService",10,5,3,8
"com.trevisan.umovandroid.component.TTLabel",15,4,2,7
"com.trevisan.umovandroid.view.ActivityTaskGPSExecutionAlert",12,6,2,8
"com.trevisan.umovandroid.action.ActionExecuteActivityTaskStemac",7,4,3,7
"com.trevisan.umovandroid.action.ActionManageSyncOptionsAfterFinalizeActivity",11,8,1,11
"com.trevisan.umovandroid.action.ActionActivityFieldsBackMD",14,11,1,13
"com.trevisan.umovandroid.component.TTUniqueListNew",17,5,8,8
"com.trevisan.umovandroid.action.ActionActivityChangePasswordOk",14,11,1,15
"com.trevisan.umovandroid.lib.expressions.parser.ValidationExpressionParser",18,13,1,16
"com.trevisan.umovandroid.dao.CustomFieldDAO",12,4,1,6
"com.trevisan.umovandroid.service.InfoHistoricalService",14,4,5,11
"com.trevisan.umovandroid.action.login.ActionDoLoginWithUserAndPasswordAuthentication",17,12,3,15
"com.trevisan.umovandroid.adapter.AlertDialogListAdapter",22,12,4,16
"com.trevisan.umovandroid.expressions.LocationAttributeRetriever",10,6,1,11
"com.trevisan.umovandroid.model.WorkingJourney",1,0,6,0
"com.trevisan.umovandroid.dao.ValidationExpressionDAO",9,4,1,7
"com.trevisan.umovandroid.view.ActivityNewTaskActivitiesNew",24,11,1,17
"com.trevisan.umovandroid.component.input.cognex.CognexScanner",14,4,10,5
"com.trevisan.umovandroid.eca.business.HttpClientImpl",18,6,1,8
"com.trevisan.umovandroid.view.materialdesign.ActivitySectionsMD",24,12,2,14
"com.trevisan.umovandroid.listdatasource.ListDataSource",13,7,10,10
"com.trevisan.umovandroid.service.SectionsAndConferenceService",13,9,1,11
"com.trevisan.umovandroid.service.MobileParametersService",9,4,22,6
"com.trevisan.umovandroid.service.ItemGroupService",18,11,21,14
"com.trevisan.umovandroid.component.materialdesign.ActivitiesTasksHorizontalScrollView",20,9,1,12
"com.trevisan.umovandroid.lib.expressions.operand.item.ItemOperand",11,6,3,10
"com.trevisan.umovandroid.component.TTFocusAnimationView",5,0,1,0
"com.trevisan.umovandroid.action.ActionManageCollectedItemsViewMode",16,13,10,15
"com.trevisan.umovandroid.sync.extraction.SectionExtraction",9,6,1,9
"com.trevisan.umovandroid.action.ActionResult",9,2,13,2
"com.trevisan.umovandroid.service.ValidationExpressionService",18,12,10,14
"com.trevisan.umovandroid.action.ActionShowTasks",14,12,32,14
"com.trevisan.umovandroid.adapter.MessageListAdapter",17,6,1,8
"com.trevisan.umovandroid.action.ActionShowGeocoordinatesOrAddressOnMap",14,8,6,13
"com.trevisan.umovandroid.action.ActionShowSections",14,11,17,13
"com.trevisan.umovandroid.sync.extraction.LocationExtractor",6,4,1,8
"com.trevisan.umovandroid.dao.SectionDAO",7,3,1,4
"com.trevisan.umovandroid.lib.vo.SimpleModel",4,0,49,4
"com.trevisan.umovandroid.component.input.NFCReader",11,1,3,7
"com.trevisan.umovandroid.lib.expressions.flow.ExpressionsFlow",1,1,19,3
"com.trevisan.umovandroid.sync.GeoPositionSyncController",13,11,2,15
"com.trevisan.umovandroid.component.input.BarcodeScanner",10,3,11,5
"com.trevisan.umovandroid.action.ActionShareConferenceDataAsImage",16,1,2,3
"com.trevisan.umovandroid.model.eca.binder.ActivityHistoryItemBinder",17,8,1,14
"com.trevisan.umovandroid.service.retroalimentation.AgentRetroalimentation",7,4,1,5
"com.trevisan.umovandroid.language.LanguageEN",1,0,1,2
"com.trevisan.umovandroid.language.LanguagePT",1,0,1,2
"com.trevisan.umovandroid.action.LinkedAction",10,4,211,6
"com.trevisan.umovandroid.action.ActionMessage",2,0,52,1
"com.trevisan.umovandroid.model.MediaHistorical",2,1,21,5
"com.trevisan.umovandroid.service.api.ApiService",10,5,1,8
"com.trevisan.umovandroid.view.ActivityWebRouter",23,12,1,16
"com.trevisan.umovandroid.view.larepublica.expanableTaskSection.ExpandableVerticalGridTaskSection",14,6,1,7
"com.trevisan.umovandroid.sync.historical.HistoricalRecord",1,0,21,4
"com.trevisan.umovandroid.view.actionbar.SearchBar",10,2,1,3
"com.trevisan.umovandroid.action.constraint.CheckFieldsFilledOnSignUpConstraint",12,7,1,9
"com.trevisan.umovandroid.action.ActionExecuteItemFragment",8,7,1,9
"com.trevisan.umovandroid.component.TTMultipleListAsGridView",20,7,1,10
"com.trevisan.umovandroid.component.address.SuggestedAddressAdapter",8,0,2,3
"com.trevisan.umovandroid.geoposition.ActivityGeoPositionRequesterRetryAfterFinish",11,7,1,10
"com.trevisan.umovandroid.model.ActivityListContent",10,6,10,9
"com.trevisan.umovandroid.action.ActionDownloadApk",14,1,2,6
"com.trevisan.umovandroid.util.BitmapStaticIcons",4,0,29,0
"com.trevisan.umovandroid.service.api.AgentApiService",5,3,2,7
"com.trevisan.umovandroid.action.ActionActivityLoginChangePerson",13,11,4,13
"com.trevisan.umovandroid.sync.ForegroundSyncController",10,8,14,10
"com.trevisan.umovandroid.sync.CommunicationTest",12,7,2,9
"com.trevisan.umovandroid.service.eca.EcaService",28,19,3,23
"com.trevisan.umovandroid.action.ActionCheckData",11,7,5,9
"com.trevisan.umovandroid.service.CustomEntityEntryService",15,11,12,15
"com.trevisan.umovandroid.dao.CustomFieldValueDAO",9,4,1,6
"com.trevisan.umovandroid.component.TTSection",17,9,3,11
"com.trevisan.umovandroid.dao.MediaHistoricalDAO",7,4,1,5
"com.trevisan.umovandroid.component.TTDateNew",14,4,4,6
"com.trevisan.umovandroid.service.downloadimagesentity.DownloadImagesEntityRequester",20,2,1,4
"com.trevisan.umovandroid.lib.expressions.BooleanCalculator",9,7,1,11
"com.trevisan.umovandroid.util.ImageUtils",10,5,4,9
"com.trevisan.umovandroid.service.profile.ProfileService",22,10,3,12
"com.trevisan.umovandroid.action.ActionManagePhotoTips",10,7,6,9
"com.trevisan.umovandroid.adapter.SimpleOptionAdapter",13,2,7,4
"com.trevisan.umovandroid.action.ActionFlowWhenUMovWasOpennedFromAnotherApp",11,8,1,11
"com.trevisan.umovandroid.action.ActionShowSectionsAndConference",11,7,3,9
"com.trevisan.umovandroid.view.larepublica.expanableActivityTaskSection.ExpanableActivityTaskSection",21,12,2,14
"com.trevisan.umovandroid.action.ActionActivityCreateNewTask",18,12,2,15
"com.trevisan.umovandroid.action.ActionShowAboutUMovMe",14,7,2,10
"com.trevisan.umovandroid.sync.AutomaticSync",17,13,9,14
"com.trevisan.umovandroid.action.ActionTTUniqueListShowListData",10,7,1,11
"com.trevisan.umovandroid.service.LocationService",7,4,7,8
"com.trevisan.umovandroid.adapter.ActivitiesListAdapter",22,11,2,14
"com.trevisan.umovandroid.dao.ActivityHistoricalReadyToBeSentDAO",7,3,1,4
"com.trevisan.umovandroid.component.input.ScanditScanner",7,3,9,5
"com.trevisan.umovandroid.action.SafetyAsyncExecution",5,1,1,5
"com.trevisan.umovandroid.view.actionbar.ItemSearchExpandableListener",18,12,3,15
"com.trevisan.umovandroid.view.ActivityForgotMyPassword",20,10,1,13
"com.trevisan.umovandroid.eca.business.LocalTaskImpl",15,3,1,8
"com.trevisan.umovandroid.view.larepublica.expanableActivityTaskSection.ExpandableVerticalGridActivityTaskSection",13,6,1,7
"com.trevisan.umovandroid.lib.expressions.operand.function.SectionFieldMaxFunctionOperand",13,6,1,12
"com.trevisan.umovandroid.lib.expressions.operand.function.SectionFieldMinFunctionOperand",13,6,1,12
"com.trevisan.umovandroid.service.HeaderService",15,6,8,7
"com.trevisan.umovandroid.action.login.ActionDoLoginFacebookSignUpOrLogIn",17,12,2,17
"com.trevisan.umovandroid.action.ActionActivityFieldsSave",17,15,5,17
"com.trevisan.umovandroid.sync.UrlManager",7,5,2,9
"com.trevisan.umovandroid.action.ActionList",3,1,3,2
"com.trevisan.umovandroid.action.ActionSaveSettings",15,9,1,12
"com.trevisan.umovandroid.component.materialdesign.SubgroupsHorizontalScrollView",19,10,1,14
"com.trevisan.umovandroid.lib.expressions.tree.ExpressionTreeIterator",0,0,4,1
"com.trevisan.umovandroid.UMovMainActivity",13,5,2,7
"com.trevisan.umovandroid.lib.expressions.operand.function.CMC7FunctionOperand",10,5,1,11
"com.trevisan.umovandroid.lib.expressions.operand.function.CustomEntityMultipleFilterFunctionOperand",16,11,2,15
"com.trevisan.umovandroid.model.TaskGPSState",1,0,3,4
"com.trevisan.umovandroid.model.LocationQueryResult",5,0,9,3
"com.trevisan.umovandroid.expressions.TaskAttributeRetriever",12,8,4,12
"com.trevisan.umovandroid.lib.util.StringUtils",4,0,15,5
"com.trevisan.umovandroid.view.ActivityTwoPhasesSMSAuthenticationVerificationInput",20,7,1,9
"com.trevisan.umovandroid.service.retroalimentation.RetroalimentationService",13,6,2,9
"com.trevisan.umovandroid.eca.event.EcaSevenBoysDistribuidoraMaisNfeDemo",10,7,1,9
"com.trevisan.umovandroid.model.MobileParameters",0,0,16,1
"com.trevisan.umovandroid.dao.TaskExecutionHistoricalDAO",7,3,1,4
"com.trevisan.umovandroid.adapter.SectionListAdapterNew",19,10,1,12
"com.trevisan.umovandroid.sync.extraction.ItemExtractor",10,6,1,10
"com.trevisan.umovandroid.action.login.ActionDoLoginWithSync",14,12,3,14
"com.trevisan.umovandroid.sync.extraction.CustomFieldExtractor",13,5,1,8
"com.trevisan.umovandroid.model.LoginSettings",0,0,5,0
"com.trevisan.umovandroid.action.ActionCancelActivityTask",13,10,12,12
"com.trevisan.umovandroid.lib.expressions.ValidationExpressionMessageGenerator",6,4,1,7
"com.trevisan.umovandroid.dao.ActivityTypeDAO",10,3,1,5
"com.trevisan.umovandroid.action.ActionActivityFieldsChangeItem",9,7,1,9
"com.trevisan.umovandroid.action.ActionShowItemsMD",15,12,8,14
"com.trevisan.umovandroid.service.TaskExecutionHistoricalService",10,6,11,7
"com.trevisan.umovandroid.component.materialdesign.UMovHorizontalScrollView",17,4,3,6
"com.trevisan.umovandroid.action.ActionShowSearchTaskAndLocationFields",19,5,1,7
"com.trevisan.umovandroid.adapter.materialdesign.ItemsTagsAdapterMD",14,2,1,5
"com.trevisan.umovandroid.action.ActionSuspendOrCancelActivity",9,8,4,10
"com.trevisan.umovandroid.lib.expressions.operand.task.TaskOperand",10,6,2,11
"com.trevisan.umovandroid.service.ActivityTypeService",15,4,20,6
"com.trevisan.umovandroid.sync.extraction.ActivityTaskExtractor",7,5,1,8
"com.trevisan.umovandroid.eca.context.input.InputContextManager",21,15,2,17
"com.trevisan.umovandroid.model.Login",3,1,27,4
"com.trevisan.umovandroid.view.lib.FieldsPagesManager",4,2,19,5
"com.trevisan.umovandroid.service.SmartPushService",13,5,3,8
"com.trevisan.umovandroid.expressions.PersonAttributeRetriever",9,5,1,8
"com.trevisan.umovandroid.sync.extraction.RecordData",1,0,9,6
"com.trevisan.umovandroid.component.address.ActionLoadAddressFromGeocoordinates",10,7,2,10
"com.trevisan.umovandroid.action.ActionActivityAnaliticalQueryOk",11,8,1,11
"com.trevisan.umovandroid.sync.historical.LocationDataHistoricalSync",5,2,1,4
"com.trevisan.umovandroid.action.ActionSendNewTaskConfirmation",12,9,2,12
"com.trevisan.umovandroid.dao.ValueExpressionDAO",8,4,1,7
"com.trevisan.umovandroid.service.CustomThemeService",9,4,98,6
"com.trevisan.umovandroid.service.ExecutionStateService",10,9,30,11
"com.trevisan.umovandroid.component.chromecustomtabs.TTChromeCustomTab",13,2,3,5
"com.trevisan.umovandroid.sync.extraction.CustomFieldValueExtractor",7,3,1,8
"com.trevisan.umovandroid.lib.expressions.parser.ValueExpressionParser",15,13,1,15
"com.trevisan.umovandroid.dao.eca.ConnectorDAO",6,3,1,5
"com.trevisan.umovandroid.model.TaskField",1,0,5,2
"com.trevisan.umovandroid.model.ChronometerTime",4,0,1,6
"com.trevisan.umovandroid.action.ActionShowListFieldHistoricalsDuplicateItems",11,8,2,11
"com.trevisan.umovandroid.service.SuspendedActivityAndTaskService",9,6,9,9
"com.trevisan.umovandroid.sync.TimeWorkIntervalsSyncController",12,7,1,13
"com.trevisan.umovandroid.service.VideoService",9,4,3,6
"com.trevisan.umovandroid.action.ActionActivityFieldsFinalizeActivity",7,5,1,7
"com.trevisan.umovandroid.action.login.ActionDoLoginWithAuthResponse",11,6,4,10
"com.trevisan.umovandroid.dao.WorkingJourneyDAO",8,4,1,5
"com.trevisan.umovandroid.lib.expressions.operand.location.LocationOperand",10,6,1,11
"com.trevisan.umovandroid.androidservice.backgroundsyncdata.ReceiveBackgroundData",18,13,1,14
"com.trevisan.umovandroid.geoposition.GPSVerifierForActivityTaskExecution",8,5,2,6
"com.trevisan.umovandroid.view.ActivityManagementPanel",16,5,2,7
"com.trevisan.umovandroid.action.ActionConfirmAddNewTask",14,7,4,10
"com.trevisan.umovandroid.lib.expressions.tree.ExpressionTreeNode",2,0,9,3
"com.trevisan.umovandroid.dao.ItemGroupDAO",10,6,1,10
"com.trevisan.umovandroid.action.ActionShowManagementPanel",16,9,1,12
"com.trevisan.umovandroid.dao.MediaHistoricalReadyToBeSentDAO",7,4,1,6
"com.trevisan.umovandroid.adapter.ActivitiesListAdapterMD",13,7,1,9
"com.trevisan.umovandroid.lib.expressions.operand.group.GroupOperand",12,9,1,11
"com.trevisan.umovandroid.imagegallery.MediaGallery",15,4,3,5
"com.trevisan.umovandroid.action.ActionOpenCamera",9,5,3,7
"com.trevisan.umovandroid.action.ActionResendSMSAuthentication",10,2,1,5
"com.trevisan.umovandroid.lib.expressions.operand.function.ConcatenateSectionFieldFunctionOperand",13,6,1,9
"com.trevisan.umovandroid.adapter.CompletedHistoricalsAdapter",13,3,1,5
"com.trevisan.umovandroid.androidservice.backgroundsyncdata.SendBackgroundData",13,10,1,11
"com.trevisan.umovandroid.service.SyncHeaderService",7,5,7,7
"com.trevisan.umovandroid.dao.InfoHistoricalDAO",7,3,1,4
"com.trevisan.umovandroid.expressions.EntitiesAttributeRetrieverForCustomFieldListRelationshipWithCustomEntity",15,11,1,14
"com.trevisan.umovandroid.lib.expressions.operand.person.PersonOperand",10,6,1,10
"com.trevisan.umovandroid.component.multimedia.TTMultiMediaXMLNew",14,6,2,8
"com.trevisan.umovandroid.action.ActionExecuteMasterGroup",12,9,7,11
"com.trevisan.umovandroid.adapter.DashboardsListAdapterNew",12,3,1,4
"com.trevisan.umovandroid.model.ItemGroup",2,1,34,5
"com.trevisan.umovandroid.lib.util.SectionFieldValuesConverter",5,2,13,5
"com.trevisan.umovandroid.adapter.ItemGroupListAdapterNew",18,10,2,11
"com.trevisan.umovandroid.dao.WorkingJourneyReadyToBeSentDAO",8,4,1,5
"com.trevisan.umovandroid.sync.extraction.FieldExtractor",6,3,1,4
"com.trevisan.umovandroid.model.CustomEntityMultipleFilter",1,0,3,1
"com.trevisan.umovandroid.model.MenuItem",2,1,2,2
"com.trevisan.umovandroid.model.MasterGroup",3,1,20,5
"com.trevisan.umovandroid.lib.vo.ListableObject",2,0,11,5
"com.trevisan.umovandroid.expressions.DefaultEntitiesAttributeRetriever",10,6,4,8
"com.trevisan.umovandroid.androidservice.backgroundsyncdata.BackgroundSyncDataService",10,4,4,6
"com.trevisan.umovandroid.util.TaskExhibitionFieldUtils",9,4,1,6
"com.trevisan.umovandroid.view.larepublica.expanableTaskSection.ExpandableSectionTaskFactory",9,3,1,4
"com.trevisan.umovandroid.service.gps.GpsTrackingNativeApiProvider",8,2,2,5
"com.trevisan.umovandroid.service.SyncCounterAndVerbasService",3,1,8,2
"com.trevisan.umovandroid.action.DialogDismissBehaviorOnActivityFields",8,6,7,8
"com.trevisan.umovandroid.view.ActivityPhotoHistoricalListNew",17,11,1,13
"com.trevisan.umovandroid.service.CrudService",6,3,117,7
"com.trevisan.umovandroid.view.ActivityCollectedItems",20,13,3,15
"com.trevisan.umovandroid.component.multimedia.TTMultimediaOthersMediaTypes",13,8,3,11
"com.trevisan.umovandroid.action.ActionShowExecutionsOnDashboard",16,9,1,11
"com.trevisan.umovandroid.view.ActivityCompletedHistoricals",15,9,2,11
"com.trevisan.umovandroid.adapter.ListItemOnlineQueryListAdapterNew",15,4,1,5
"com.trevisan.umovandroid.service.DocumentService",10,3,1,7
"com.trevisan.umovandroid.sync.extraction.AgentExtractor",5,3,1,4
"com.trevisan.umovandroid.action.ActionExecuteEcaBeforeFinalizeActivity",8,4,5,8
"com.trevisan.umovandroid.lib.language.LanguageExpressionsRetriever",3,0,3,6
"com.trevisan.umovandroid.action.ActionActivityCheckDataBack",8,5,1,7
"com.trevisan.umovandroid.service.gps.GpsTrackingProviderFactory",4,3,7,4
"com.trevisan.umovandroid.model.TimeWorkIntervals",0,0,3,0
"com.trevisan.umovandroid.action.ActionForgotMyPassword",8,3,1,5
"com.trevisan.umovandroid.adapter.larepublica.TaskSectionCardFullImage",10,1,0,3
"com.trevisan.umovandroid.action.ActionEditLocation",15,12,4,14
"com.trevisan.umovandroid.action.ActionActivityCompletedHistoricalsDelete",10,5,1,6
"com.trevisan.umovandroid.model.AnswersFromValueExpressionsToSectionFieldsOnItemsList",0,0,2,0
"com.trevisan.umovandroid.model.ViaCepAddress",0,0,1,0
"com.trevisan.umovandroid.listdatasource.ConnectorListDataSource",11,7,1,10
"com.trevisan.umovandroid.adapter.MasterGroupListAdapterNew",17,9,2,10
"com.trevisan.umovandroid.component.DatasetColumnOrderOrShuffleOnListFieldManager",7,4,3,8
"com.trevisan.umovandroid.androidservice.ServiceManager",7,0,0,4
"com.trevisan.umovandroid.expressions.LocationActivityExecutionGeocoordinatesManipulator",6,4,1,8
"com.trevisan.umovandroid.component.CodeAndDescription",5,1,1,4
"com.trevisan.umovandroid.action.ActionRemoveAudioFromAudioSectionField",9,5,1,7
"com.trevisan.umovandroid.action.ActionExecuteEcaAfterFinalizeActivity",13,10,1,13
"com.trevisan.umovandroid.action.login.ActionDoLoginWithSMSAuthenticationStep1",12,7,3,9
"com.trevisan.umovandroid.lib.expressions.operand.subgroup.SubgroupOperand",9,6,1,8
"com.trevisan.umovandroid.listdatasource.ListDataSourceFactory",9,7,3,9
"com.trevisan.umovandroid.action.ActionShowMedia",9,6,8,9
"com.trevisan.umovandroid.model.larepublica.CheckDataButton",9,3,2,5
"com.trevisan.umovandroid.action.login.ActionDoLoginFacebookAuthentication",11,3,2,5
"com.trevisan.umovandroid.expressions.CustomEntityEntryManipulator",12,9,2,10
"com.trevisan.umovandroid.imageloader.BitmapMemoryCache",2,0,2,3
"com.trevisan.umovandroid.action.ActionCreateTaskFragment",9,7,1,9
"com.trevisan.umovandroid.view.ActivityItemsSearchResult",15,8,2,10
"com.trevisan.umovandroid.lib.expressions.operand.field.FieldOperand",8,4,3,8
"com.trevisan.umovandroid.action.ActionTTImagePhotoOrDrawButton",7,4,3,6
"com.trevisan.umovandroid.sync.WorkingJourneySyncController",10,6,1,10
"com.trevisan.umovandroid.action.ActionBindWithFacebookSession",7,3,0,5
"com.trevisan.umovandroid.manager.PhotoManager",3,1,10,2
"com.trevisan.umovandroid.model.DataResult",4,0,167,4
"com.trevisan.umovandroid.fragment.materialdesign.OnlyOneItemByPageFragment",11,2,1,4
"com.trevisan.umovandroid.sync.historical.FieldHistoricalSync",7,4,2,7
"com.trevisan.umovandroid.adapter.ConversationMessageListAdapter",13,1,1,3
"com.trevisan.umovandroid.model.retroalimentation.Retroalimentation",2,0,7,2
"com.trevisan.umovandroid.model.TaskGPSExecutionAlertData",2,0,3,0
"com.trevisan.umovandroid.sync.CancelableHttpConnector",1,0,2,2
"com.trevisan.umovandroid.component.multimedia.TTMultiMediaURLNew",12,5,3,6
"com.trevisan.umovandroid.dao.ItemMixDAO",5,2,1,5
"com.trevisan.umovandroid.action.ActionApplyItemsTagsFilter",10,7,2,10
"com.trevisan.umovandroid.model.CustomFieldObject",7,1,0,4
"com.trevisan.umovandroid.action.login.ActionDoLoginWithNFC",9,4,1,6
"com.trevisan.umovandroid.lib.expressions.operand.function.SectionFieldSumFunctionOperand",12,7,1,9
"com.trevisan.umovandroid.action.ActionGetAndShareMultimediaImage",11,4,3,8
"com.trevisan.umovandroid.model.Message",1,0,8,1
"com.trevisan.umovandroid.lib.vo.ExpressionVO",0,0,17,0
"com.trevisan.umovandroid.service.ChangePasswordHistoricalService",3,1,2,5
"com.trevisan.umovandroid.action.constraint.TaskAndActivityAvailabilityConstraint",9,8,46,10
"com.trevisan.umovandroid.action.ActionSignUpWithFacebook",9,2,1,4
"com.trevisan.umovandroid.view.ActivityListMessages",15,6,3,8
"com.trevisan.umovandroid.lib.expressions.operand.function.CTEFunctionOperand",10,5,1,11
"com.trevisan.umovandroid.model.larepublica.ExpandableViewRelationship",3,0,1,1
"com.trevisan.umovandroid.eca.business.EcaByFieldManager",16,11,1,13
"com.trevisan.umovandroid.action.login.ActionAfterLoginSuccessful",12,7,6,10
"com.trevisan.umovandroid.sync.extraction.TaskActivityTaskRelationshipExtractor",6,3,1,6
"com.trevisan.umovandroid.action.ActionProcessPaymentResult",9,4,1,9
"com.trevisan.umovandroid.action.ActionSelectMessage",11,8,2,10
"com.trevisan.umovandroid.adapter.TTUniqueListAdapter",10,0,1,4
"com.trevisan.umovandroid.action.ActionRetryGPSCaptureYes",9,8,1,11
"com.trevisan.umovandroid.action.ActionFlowAfterCancelSuspendOrFinalizeActivityTask",9,8,3,10
"com.trevisan.umovandroid.lib.expressions.operand.function.CPFFunctionOperand",12,5,3,10
"com.trevisan.umovandroid.lib.expressions.operand.function.CNPJFunctionOperand",12,5,3,10
"com.trevisan.umovandroid.model.onlinequery.ListItemOnlineQuery",2,1,4,3
"com.trevisan.umovandroid.sync.BusinessCommunicationSyncController",9,6,2,7
"com.trevisan.umovandroid.action.ActionLogoff",8,6,5,8
"com.trevisan.umovandroid.view.larepublica.expanableActivityTaskSection.ExpandableVerticalActivityTaskSection",12,6,1,7
"com.trevisan.umovandroid.ActionDeleteFileFromSectionField",12,8,3,9
"com.trevisan.umovandroid.dao.customcriteria.CustomSelectCriteriaLinkedByAllItems",5,3,1,5
"com.trevisan.umovandroid.sync.HttpConnectorResult",0,0,10,0
"com.trevisan.umovandroid.action.constraint.ActionConstraintResult",3,3,22,4
"com.trevisan.umovandroid.action.ActionSendDataWhenChangeUserFromAnotherApp",9,6,2,8
"com.trevisan.umovandroid.lib.expressions.operand.function.SplitFunctionOperand",10,5,2,6
"com.trevisan.umovandroid.component.input.QRCodeInputMethod",9,4,1,7
"com.trevisan.umovandroid.action.ActionChangePersonSendData",6,5,1,6
"com.trevisan.umovandroid.action.ActionShowFilteredItems",12,9,1,11
"com.trevisan.umovandroid.model.SyncResult",0,0,24,0
"com.trevisan.umovandroid.model.GeoPosition",2,0,1,2
"com.trevisan.umovandroid.action.ActionSyncGuide",11,9,1,10
"com.trevisan.umovandroid.action.ActionSync",6,5,4,7
"com.trevisan.umovandroid.adapter.QueryListAdapter",12,3,1,6
"com.trevisan.umovandroid.action.ActionManageSharingConferenceData",8,3,1,5
"com.trevisan.umovandroid.view.ActivityDoPaymentWebview",11,4,1,8
"com.trevisan.umovandroid.lib.expressions.operand.function.CheckerDigitFunctionOperand",10,6,1,13
"com.trevisan.umovandroid.view.larepublica.expanableTaskSection.CustomGridCardViewHolder",7,0,1,1
"com.trevisan.umovandroid.component.TTList",6,4,3,5
"com.trevisan.umovandroid.action.login.ActionDoLoginWithAutomaticAuthentication",8,5,1,7
"com.trevisan.umovandroid.service.SoundPlayerService",5,0,4,2
"com.trevisan.umovandroid.dao.ItemsTagsDAO",9,6,1,8
"com.trevisan.umovandroid.listdatasource.DefaultEntitiesListDataSource",10,7,7,10
"com.trevisan.umovandroid.component.input.AnyTypeInputMethod",9,4,1,7
"com.trevisan.umovandroid.component.input.BarCodeInputMethod",9,4,1,7
"com.trevisan.umovandroid.component.input.ReadingDeviceInputMethod",9,4,1,7
"com.trevisan.umovandroid.service.MasterGroupService",13,8,11,10
"com.trevisan.umovandroid.service.gps.GpsTrackingGooglePlayServicesProvider",7,0,2,1
"com.trevisan.umovandroid.sync.extraction.ValidationExpressionExtractor",8,5,1,7
"com.trevisan.umovandroid.component.multimedia.TTMultiMediaWeb",10,3,1,6
"com.trevisan.umovandroid.service.googlePlayServices.GettingGeocoordinateFromGooglePlayServices",12,2,2,2
"com.trevisan.umovandroid.service.DowntimeService",10,5,4,6
"com.trevisan.umovandroid.androidservice.AudioRecordForActivityTaskService",10,3,1,4
"com.trevisan.umovandroid.model.TaskExecutionHistorical",0,0,5,1
"com.trevisan.umovandroid.dao.MasterGroupDAO",9,4,1,6
"com.trevisan.umovandroid.sync.extraction.CustomEntityEntryExtractor",7,4,1,7
"com.trevisan.umovandroid.service.ConversationMessageService",8,6,2,8
"com.trevisan.umovandroid.dao.SuspendedActivityAndTaskDAO",9,3,1,5
"com.trevisan.umovandroid.dao.TaskGPSStateDAO",7,4,1,5
"com.trevisan.umovandroid.view.ActivityExecutionsOnDashboard",11,4,1,9
"com.trevisan.umovandroid.action.ActionFinalizeActivityTask3CheckMandatoryGpsRetry",13,12,1,13
"com.trevisan.umovandroid.model.ExecutionState",1,0,29,0
"com.trevisan.umovandroid.model.SearchTaskAndLocationField",0,0,6,1
"com.trevisan.umovandroid.action.ActionShowOnlyItemsWithAdditionalInfo",10,8,2,10
"com.trevisan.umovandroid.lib.expressions.operand.function.LinearDistanceBetweenCoordinatesFunctionOperand",10,6,1,8
"com.trevisan.umovandroid.action.ActionConfirmDownloadApk",6,1,4,3
"com.trevisan.umovandroid.action.ActionSelectPhotoHistoricalList",13,7,1,8
"com.trevisan.umovandroid.util.SearchUtils",12,5,5,8
"com.trevisan.umovandroid.component.multimedia.TTMultiMediaPDFNew",16,9,2,10
"com.trevisan.umovandroid.view.ActivityConfirmPhoto",13,2,1,4
"com.trevisan.umovandroid.model.eca.binder.LocationBinder",2,1,2,2
"com.trevisan.umovandroid.model.NewTaskConfirmation",1,0,2,0
"com.trevisan.umovandroid.model.eca.ActionImpl",1,0,9,1
"com.trevisan.umovandroid.model.SimpleOptionModel",1,1,6,1
"com.trevisan.umovandroid.util.ExternalStorageAnalyzer",3,0,2,3
"com.trevisan.umovandroid.util.mask.OnMaskTextChanged",4,0,2,4
"com.trevisan.umovandroid.geoposition.ActivityGeoPositionRequesterOptionalRetry",7,5,1,8
"com.trevisan.umovandroid.dao.MobileParametersDAO",6,3,1,4
"com.trevisan.umovandroid.view.ActivityCreateSchedulingInWebview",12,5,1,9
"com.trevisan.umovandroid.graphql.response.FieldHistoricalResponse",0,0,1,0
"com.trevisan.umovandroid.graphql.request.FieldHistoricalRequest",0,0,0,0
"com.trevisan.umovandroid.model.TaskActivityTaskRelationship",0,0,6,0
"com.trevisan.umovandroid.model.eca.Action",0,0,1,1
"com.trevisan.umovandroid.model.webrouter.WebRouterSettings",0,0,1,0
"com.trevisan.umovandroid.service.structuralfunction.scheduling.SchedulingModel",1,0,1,1
"com.trevisan.umovandroid.action.ActionActivityGuideSelect",9,8,1,9
"com.trevisan.umovandroid.model.eca.binder.GenericEcaBinder",1,0,10,2
"com.trevisan.umovandroid.action.ActionTaskGPSExecutionAlertDontExecute",8,4,1,6
"com.trevisan.umovandroid.service.WorkingJourneyReadyToBeSentService",7,5,4,6
"com.trevisan.umovandroid.adapter.GuideListAdapterNew",11,3,1,4
"com.trevisan.umovandroid.imagemanager.ImageManagerWithTempImagePath",11,2,3,5
"com.trevisan.umovandroid.action.ActionTTRankingListShowListData",8,4,1,9
"com.trevisan.umovandroid.dao.customcriteria.CustomSelectCriteriaItemLinkedByMix",5,3,1,5
"com.trevisan.umovandroid.model.eca.EcaContext",6,6,4,6
"com.trevisan.umovandroid.model.LocationQueryForNewTask",3,0,3,1
"com.trevisan.umovandroid.model.GeocoordinateCapturePolicy",4,2,2,4
"com.trevisan.umovandroid.view.TextViewWithActivationCallback",4,0,1,3
"com.trevisan.umovandroid.action.ActionOnlineFlowAfterFinalizeActivityTask",7,6,1,7
"com.trevisan.umovandroid.service.downloadimagesentity.DownloadImagesEntityAfterSyncService",8,4,8,6
"com.trevisan.umovandroid.component.input.InputMethodFactory",4,2,2,3
"com.trevisan.umovandroid.lib.expressions.operand.function.ModuleFunctionOperand",9,3,2,5
"com.trevisan.umovandroid.action.ActionConfirmPasswordToTurnOnBlueGreenMode",4,2,1,4
"com.trevisan.umovandroid.action.ActionLoadDataManagementPanel",7,5,1,8
"com.trevisan.umovandroid.action.constraint.CheckIfVersionIsSupportedConstraint",5,3,1,7
"com.trevisan.umovandroid.service.retroalimentation.ItemRetroalimentation",6,3,1,4
"com.trevisan.umovandroid.action.login.ActionDoLoginWithVisitorAuthentication",10,6,3,8
"com.trevisan.umovandroid.sync.extraction.eca.ConnectorExtractor",6,5,1,6
"com.trevisan.umovandroid.action.ActionGetAndShareOnlineQueryResult",12,6,1,7
"com.trevisan.umovandroid.model.ValidationResult",1,1,8,1
"com.trevisan.umovandroid.model.retroalimentation.RetroalimentationFields",0,0,2,1
"com.trevisan.umovandroid.sync.extraction.EntityExtractorException",0,0,7,2
"com.trevisan.umovandroid.lib.expressions.operand.function.TaskTrackingFunctionOperand",10,7,1,9
"com.trevisan.umovandroid.action.ActionTTMultiMediaURLButton",10,3,2,5
"com.trevisan.umovandroid.action.ActionSelectActivityTypeForRouting",8,4,1,6
"com.trevisan.umovandroid.util.TasksExistenceChecker",4,2,0,4
"com.trevisan.umovandroid.imagemanager.ImageManagerWithUri",9,2,2,4
"com.trevisan.umovandroid.action.ActionValidationsBeforeSelectTask",6,5,1,7
"com.trevisan.umovandroid.sync.ImageSync",4,3,1,4
"com.trevisan.umovandroid.service.retroalimentation.TaskRetroalimentation",7,4,1,5
"com.trevisan.umovandroid.view.drawable.PressedButtonIntrusion",6,0,0,1
"com.trevisan.umovandroid.sync.historical.GeoPositionHistoricalSync",4,2,1,5
"com.trevisan.umovandroid.sync.historical.InfoHistoricalSync",6,3,1,6
"com.trevisan.umovandroid.util.CleanerAccentsAndCedilla",3,0,4,2
"com.trevisan.umovandroid.sync.historical.JsonEntityHistoricalDataGenerator",1,0,1,4
"com.trevisan.umovandroid.dao.MessageDAO",6,3,1,4
"com.trevisan.umovandroid.action.ActionSelectItemGroupMD",10,7,1,9
"com.trevisan.umovandroid.sync.historical.ActivityHistoricalSync",6,3,2,6
"com.trevisan.umovandroid.view.eca.ActivityLocalTask",9,5,1,7
"com.trevisan.umovandroid.model.CardObject",3,0,1,0
"com.trevisan.umovandroid.lib.vo.CustomFieldValue",2,0,18,2
"com.trevisan.umovandroid.adapter.PhotoHistoricalListAdapterNew",13,6,1,7
"com.trevisan.umovandroid.lib.expressions.operand.device.DeviceOperand",7,4,1,7
"com.trevisan.umovandroid.action.ActionSaveSearchTaskAndLocationFields",6,2,1,4
"com.trevisan.umovandroid.action.ActionShowActivityHistoricalOnReadOnlyMode",11,7,1,9
"com.trevisan.umovandroid.view.drawable.FocusedButtonRectangle",7,1,0,2
"com.trevisan.umovandroid.sync.extraction.ActivityTypeExtractor",8,3,1,4
"com.trevisan.umovandroid.action.ActionRemoveFieldHistoricalFromSectionWithDuplicatedItems",11,10,1,11
"com.trevisan.umovandroid.model.MediaSyncStatus",1,0,3,0
"com.trevisan.umovandroid.model.MessageHistorical",1,1,5,3
"com.trevisan.umovandroid.model.sectionsandconference.SectionConference",5,1,3,1
"com.trevisan.umovandroid.dao.ConversationMessageDAO",6,3,1,4
"com.trevisan.umovandroid.util.GPSUtils",9,2,9,3
"com.trevisan.umovandroid.component.input.cognex.ActivityCognexScanner",9,2,0,5
"com.trevisan.umovandroid.dao.TimeWorkIntervalsDAO",5,2,1,3
"com.trevisan.umovandroid.sync.extraction.ItemGroupExtractor",6,4,1,7
"com.trevisan.umovandroid.action.ActionBackToSections",6,5,5,6
"com.trevisan.umovandroid.lib.expressions.result.ArithmeticalResult",4,2,8,4
"com.trevisan.umovandroid.service.VersionService",5,3,4,7
"com.trevisan.umovandroid.adapter.SearchTaskAndLocationFieldsAdapter",10,1,1,2
"com.trevisan.umovandroid.sync.extraction.MasterGroupExtractor",6,4,1,7
"com.trevisan.umovandroid.adapter.CustomFieldValuesAdapter",8,0,1,3
"com.trevisan.umovandroid.action.ActionExecuteMaterialDesignInterfaceFlowFromActivityItemsMD",7,6,2,7
"com.trevisan.umovandroid.action.ActionCaptureMandatoryGPS",7,6,1,8
"com.trevisan.umovandroid.action.ActionAddNewLocationOrNewTask",10,6,1,7
"com.trevisan.umovandroid.action.ActionOnSelectItemFromAdapter",5,4,2,5
"com.trevisan.umovandroid.action.ActionActivityDrawSave",9,7,0,9
"com.trevisan.umovandroid.model.TraveledDistance",0,0,1,0
"com.trevisan.umovandroid.model.eca.EcaEvent",0,0,10,0
"com.trevisan.umovandroid.model.CheckInCheckOutData",0,0,5,0
"com.trevisan.umovandroid.sync.BackgroundSyncController",5,3,4,4
"com.trevisan.umovandroid.model.MediaSyncResult",0,0,2,1
"com.trevisan.umovandroid.model.retroalimentation.RetroalimentationCriteria",0,0,3,1
"com.trevisan.umovandroid.model.api.ApiResult",1,0,1,0
"com.trevisan.umovandroid.lib.vo.CustomEntity",2,1,15,3
"com.trevisan.umovandroid.lib.theme.CustomTheme",3,0,40,1
"com.trevisan.umovandroid.dao.LocationFieldDAO",6,3,1,4
"com.trevisan.umovandroid.dao.eca.ActionDAO",8,5,1,7
"com.trevisan.umovandroid.action.ActionCancelSection",8,6,4,8
"com.trevisan.umovandroid.action.ActionDownloadActivityHistoricalFromGraphQL",8,5,1,7
"com.trevisan.umovandroid.service.FieldHistoricalReadyToBeSentService",7,4,8,5
"com.trevisan.umovandroid.component.multimedia.TTMultiMediaImage",8,7,0,8
"com.trevisan.umovandroid.action.onlinequery.ActionActivityOnlineQueryListSelect",8,7,0,10
"com.trevisan.umovandroid.db.DataBaseUpdater",3,1,2,2
"com.trevisan.umovandroid.sync.extraction.TaskTypeExtractor",5,1,1,4
"com.trevisan.umovandroid.sync.extraction.SectionItemExtractor",5,3,1,6
"com.trevisan.umovandroid.lib.util.ValuesValidator",0,0,1,1
"com.trevisan.umovandroid.dao.MessageHistoricalDAO",7,3,1,4
"com.trevisan.umovandroid.sync.extraction.CustomThemeExtractor",6,5,1,6
"com.trevisan.umovandroid.action.ActionConfirmPhotoYes",7,6,2,7
"com.trevisan.umovandroid.service.ItemsTagsService",9,7,4,9
"com.trevisan.umovandroid.dao.SyncPackageDAO",5,2,1,3
"com.trevisan.umovandroid.lib.expressions.operand.function.LocationGeocoordinateFunctionOperand",7,4,1,7
"com.trevisan.umovandroid.service.PicassoService",5,0,8,2
"com.trevisan.umovandroid.androidservice.UMovForegroundService",8,3,5,4
"com.trevisan.umovandroid.sync.extraction.DashboardExtractor",5,3,1,6
"com.trevisan.umovandroid.sync.extraction.AdditionalItemInfoExtractor",5,3,1,6
"com.trevisan.umovandroid.sync.extraction.ItemMixExtractor",5,3,1,6
"com.trevisan.umovandroid.util.RecyclingBitmapDrawable",3,0,1,2
"com.trevisan.umovandroid.service.NewTaskConfirmationService",6,3,3,6
"com.trevisan.umovandroid.action.login.ActionDoLogin",4,3,4,4
"com.trevisan.umovandroid.view.drawable.ButtonBackgroundUMovTheme20",6,2,3,3
"com.trevisan.umovandroid.action.ActionGetAndShareMultimediaXML",4,2,1,4
"com.trevisan.umovandroid.action.ActionSelectMasterGroup",7,6,2,7
"com.trevisan.umovandroid.view.larepublica.expanableActivityTaskSection.ExpandableSectionActivityTaskFactory",8,2,1,3
"com.trevisan.umovandroid.UMovSmartPushListenerService",12,6,0,10
"com.trevisan.umovandroid.dao.customcriteria.CustomSelectCriteriaItemLinkedByItems",5,3,1,5
"com.trevisan.umovandroid.model.onlinequery.ResultTypeOnlineQuery",3,1,3,1
"com.trevisan.umovandroid.dao.TaskExceededExecutionTimeDAO",6,3,1,4
"com.trevisan.umovandroid.service.SyncService",6,1,2,2
"com.trevisan.umovandroid.action.ActionSearchTasksMD",7,5,1,7
"com.trevisan.umovandroid.androidservice.TaskExceededExecutionTimeMonitorService",4,2,1,6
"com.trevisan.umovandroid.view.ActivityTransparentForGetActivityResultOrShowMessageDialog",7,2,1,4
"com.trevisan.umovandroid.sync.extraction.ActivityLocationMixExtractor",5,3,1,6
"com.trevisan.umovandroid.sync.extraction.SectionItemGroupExtractor",5,3,1,6
"com.trevisan.umovandroid.lib.expressions.operand.function.CurrentTimeFunctionOperand",13,7,1,10
"com.trevisan.umovandroid.view.ActivityQueriesListNew",15,8,0,10
"com.trevisan.umovandroid.model.SectionFieldAnswersOnListItems",0,0,3,1
"com.trevisan.umovandroid.dao.AncestorActivityTaskDAO",7,3,1,4
"com.trevisan.umovandroid.sync.extraction.FeatureToggleExtractor",5,3,1,6
"com.trevisan.umovandroid.util.HTTPProtocol",0,0,3,2
"com.trevisan.umovandroid.dao.ConfirmReadMessageDAO",7,3,1,4
"com.trevisan.umovandroid.dao.ActivityLocationMixDAO",6,3,1,4
"com.trevisan.umovandroid.sync.extraction.MessageExtractor",5,3,1,6
"com.trevisan.umovandroid.sync.extraction.LocationTypeExtractor",5,3,1,6
"com.trevisan.umovandroid.dao.ExecutionStateDAO",6,3,1,4
"com.trevisan.umovandroid.dao.eca.EcaEventDAO",8,5,1,6
"com.trevisan.umovandroid.action.ActionShowDangerousPermissionsDeniedByUserMessage",4,1,1,3
"com.trevisan.umovandroid.action.ActionSearchLocationFromGeocoder",5,0,0,2
"com.trevisan.umovandroid.view.theme.CustomActivityBackground",7,3,2,4
"com.trevisan.umovandroid.action.ActionShowImageOnAndroidImageViewer",8,4,3,5
"com.trevisan.umovandroid.lib.expressions.parser.ExpressionParser",9,6,3,8
"com.trevisan.umovandroid.lib.expressions.operand.function.EmailFunctionOperand",10,5,1,9
"com.trevisan.umovandroid.view.larepublica.HeaderViewHolder",10,0,7,1
"com.trevisan.umovandroid.view.ActivityChangePasswordNew",10,4,1,5
"com.trevisan.umovandroid.view.actionbar.TaskSearchExpandableListener",9,6,1,8
"com.trevisan.umovandroid.action.ActionActivityItemsMDBack",5,3,1,5
"com.trevisan.umovandroid.lib.expressions.operand.function.CheckoutDistanceOperand",8,5,1,7
"com.trevisan.umovandroid.lib.expressions.operand.function.CheckinStartTimeOperand",8,5,1,6
"com.trevisan.umovandroid.view.ActivityDashboardNew",11,5,0,7
"com.trevisan.umovandroid.adapter.TTSpinnerAdapter",11,2,1,4
"com.trevisan.umovandroid.action.ActionActivityCameraTakePhoto",6,1,1,4
"com.trevisan.umovandroid.imagemanager.ImageManagerForEmbeddedCamera",7,1,2,3
"com.trevisan.umovandroid.action.ActionCreationNewLocationByActivityTemplateOrNormalFlow",7,5,3,6
"com.trevisan.umovandroid.lib.expressions.operand.function.FullPersonAddressOperand",10,6,1,7
"com.trevisan.umovandroid.component.address.ViaCepApiAsyncTask",6,4,2,7
"com.trevisan.umovandroid.view.larepublica.expanableTaskSection.ExpandableVerticalTaskCardViewHolder",7,0,1,1
"com.trevisan.umovandroid.lib.vo.CustomEntityEntry",0,0,16,0
"com.trevisan.umovandroid.model.AdditionalItemInfo",0,0,3,0
"com.trevisan.umovandroid.model.MultimediaLinks",0,0,3,0
"com.trevisan.umovandroid.model.SuspendedActivityAndTask",0,0,4,0
"com.trevisan.umovandroid.model.TaskExecutionState",0,0,2,0
"com.trevisan.umovandroid.model.SectionItem",0,0,3,0
"com.trevisan.umovandroid.model.webrouter.WebRouterAgent",0,0,1,0
"com.trevisan.umovandroid.model.webrouter.WebRouterSchedule",0,0,4,0
"com.trevisan.umovandroid.model.ReadBytesResult",0,0,9,0
"com.trevisan.umovandroid.service.ValueExpressionService",5,4,10,6
"com.trevisan.umovandroid.model.LoginNFCData",1,0,3,1
"com.trevisan.umovandroid.component.input.NFCInputMethod",8,2,1,5
"com.trevisan.umovandroid.action.ActionActivityFieldsBackToPreviousPage",7,5,4,6
"com.trevisan.umovandroid.action.ActionDownloadBarcodeScannerOrQRDroidZapper",4,2,2,3
"com.trevisan.umovandroid.action.ActionDeletePhotoHistorical",7,6,2,8
"com.trevisan.umovandroid.action.ActionShareDataAsPrint",10,8,1,9
"com.trevisan.umovandroid.action.ActionKeyboardLayout",6,2,1,3
"com.trevisan.umovandroid.action.ActionVerifyPermissions",5,3,4,4
"com.trevisan.umovandroid.lib.expressions.operand.function.FullLocationAddressOperand",9,5,1,6
"com.trevisan.umovandroid.graphql.request.ActivityHistoricalRequest",10,2,1,3
"com.trevisan.umovandroid.service.downloadimagesentity.DownloadImagesEntityExecutor",3,2,1,2
"com.trevisan.umovandroid.model.retroalimentation.Operation",1,0,0,1
"com.trevisan.umovandroid.dao.LocationFieldValueDAO",6,3,1,4
"com.trevisan.umovandroid.sync.TimeOutController",2,0,1,0
"com.trevisan.umovandroid.service.downloadimagesentity.DownloadImagesTaskAfterSync",7,2,1,4
"com.trevisan.umovandroid.service.downloadimagesentity.DownloadImagesItemAfterSync",7,2,1,4
"com.trevisan.umovandroid.service.downloadimagesentity.DownloadImagesItemGroupAfterSync",7,2,1,4
"com.trevisan.umovandroid.service.downloadimagesentity.DownloadImagesAgentAfterSync",7,2,1,4
"com.trevisan.umovandroid.service.downloadimagesentity.DownloadImagesSectionAfterSync",7,2,1,4
"com.trevisan.umovandroid.service.downloadimagesentity.DownloadImagesMasterGroupAfterSync",7,2,1,4
"com.trevisan.umovandroid.service.downloadimagesentity.DownloadImagesActivityTaskAfterSync",7,2,1,4
"com.trevisan.umovandroid.service.downloadimagesentity.DownloadImagesLocationAfterSync",7,2,1,4
"com.trevisan.umovandroid.dao.MultimediaLinksDAO",5,2,1,3
"com.trevisan.umovandroid.dao.SectionItemDAO",6,3,1,4
"com.trevisan.umovandroid.view.drawable.ActivityBackground",10,2,1,3
"com.trevisan.umovandroid.sync.extraction.onlinequery.ListOnlineQueryExtractor",6,4,1,8
"com.trevisan.umovandroid.sync.extraction.LocationItemExtractor",5,3,1,5
"com.trevisan.umovandroid.sync.extraction.TaskItemExtractor",5,3,1,5
"com.trevisan.umovandroid.service.structuralfunction.StructuralFunctionRunnerService",8,4,1,5
"com.trevisan.umovandroid.service.structuralfunction.scheduling.SchedulingService",10,5,1,7
"com.trevisan.umovandroid.action.ActionCancelSync",6,5,1,7
"com.trevisan.umovandroid.action.ActionProcessWebRouterResult",4,1,1,4
"com.trevisan.umovandroid.action.ActionConfirmResetPasswordUsingSMS",3,1,1,2
"com.trevisan.umovandroid.db.CursorReader",1,0,5,1
"com.trevisan.umovandroid.eca.event.EcaPlatformEvent",1,1,13,2
"com.trevisan.umovandroid.dao.LocationItemDAO",5,2,1,3
"com.trevisan.umovandroid.dao.TaskItemDAO",5,2,1,3
"com.trevisan.umovandroid.lib.expressions.operand.function.CountSelectedListElementsFunctionOperand",8,3,1,5
"com.trevisan.umovandroid.dao.DuplicatedTaskHistoricalDAO",7,3,1,4
"com.trevisan.umovandroid.dao.AdditionalItemInfoDAO",5,2,1,3
"com.trevisan.umovandroid.action.ActionGoToLoginOrTour",5,4,6,6
"com.trevisan.umovandroid.view.drawable.FocusedListItemRectangle",8,1,0,2
"com.trevisan.umovandroid.sync.extraction.ValueExpressionExtractor",5,4,1,5
"com.trevisan.umovandroid.sync.historical.NewTaskConfirmationSync",5,3,1,5
"com.trevisan.umovandroid.listdatasource.ItemListDataSourceFromJson",7,5,1,7
"com.trevisan.umovandroid.action.ActionDowntime",5,4,1,5
"com.trevisan.umovandroid.service.CustomEntityService",7,6,4,7
"com.trevisan.umovandroid.model.Dashboard",1,0,7,1
"com.trevisan.umovandroid.action.ActionBackFromWebPayment",8,4,1,7
"com.trevisan.umovandroid.action.constraint.CheckEmailValidOnSignUpConstraint",5,4,1,7
"com.trevisan.umovandroid.action.constraint.CheckCPFOrCNPJIsValidConstraint",5,3,1,6
"com.trevisan.umovandroid.service.nonconformities.ControlNonconformityService",7,0,1,2
"com.trevisan.umovandroid.service.retroalimentation.LocationRetroalimentation",6,3,1,4
"com.trevisan.umovandroid.service.downloadimagesentity.DownloadImagesEntityWorker",9,2,1,3
"com.trevisan.umovandroid.geoposition.ActivityGeoPositionRequesterMandatoryRetry",7,5,1,8
"com.trevisan.umovandroid.dao.GeocoordinateCapturePolicyDAO",7,3,0,4
"com.trevisan.umovandroid.action.ActionSendWhatsAppMessage",6,1,1,3
"com.trevisan.umovandroid.dao.CheckInCheckOutDataDAO",5,2,1,3
"com.trevisan.umovandroid.action.ActionTaskGPSExecutionAlertExecute",6,5,1,6
"com.trevisan.umovandroid.action.ActionExecuteOrCancelItemOnItemsAdapter",4,3,2,4
"com.trevisan.umovandroid.sync.historical.MessageHistoricalSync",5,2,1,4
"com.trevisan.umovandroid.model.saveAndRestoreContext.ComponentAnswerData",3,1,1,1
"com.trevisan.umovandroid.model.sectionsandconference.ItemConference",6,2,2,2
"com.trevisan.umovandroid.component.input.DefaultInputMethod",6,2,2,5
"com.trevisan.umovandroid.action.ActionExecuteMasterGroupMD",5,3,1,5
"com.trevisan.umovandroid.sync.historical.InfoSync",5,4,1,6
"com.trevisan.umovandroid.imagemanager.ImageManagerFactory",4,2,2,3
"com.trevisan.umovandroid.action.ActionSelectTaskFromNavigationDrawer",5,4,7,5
"com.trevisan.umovandroid.action.ActionPlayVideoOnAndroidVideoPlayer",6,2,2,3
"com.trevisan.umovandroid.action.ActionAttachOrViewDocument",5,2,1,3
"com.trevisan.umovandroid.action.ActionViewTaskDataMD",8,5,3,6
"com.trevisan.umovandroid.lib.expressions.operand.geocoordinate.GeoCoordinateCalculator",1,0,7,5
"com.trevisan.umovandroid.dao.customcriteria.CustomSelectCriteriaItemLinkedBySubgroup",5,3,1,5
"com.trevisan.umovandroid.action.ActionLoadDashboards",10,7,1,8
"com.trevisan.umovandroid.model.BusinessResponseProcessResult",2,0,3,0
"com.trevisan.umovandroid.dao.FeatureToggleDAO",5,2,1,3
"com.trevisan.umovandroid.dao.SectionItemGroupDAO",6,3,1,4
"com.trevisan.umovandroid.dao.CustomEntityDAO",5,2,1,3
"com.trevisan.umovandroid.action.ActionExecuteMandatoryAsFirstExecutionSideMenuActivityTask",4,2,2,3
"com.trevisan.umovandroid.service.CheckInCheckOutDataService",5,3,5,5
"com.trevisan.umovandroid.dao.DashboardDAO",5,2,1,3
"com.trevisan.umovandroid.dao.TaskExecutionStateDAO",5,2,1,3
"com.trevisan.umovandroid.action.ActionUnbindWithFacebook",6,3,0,4
"com.trevisan.umovandroid.listdatasource.ConstantListDataSource",7,4,2,5
"com.trevisan.umovandroid.graphql.GraphQLService",7,1,1,4
"com.trevisan.umovandroid.service.FlowFinalizeByExecutionTypeByExpression",7,5,1,5
"com.trevisan.umovandroid.action.ActionActivityItemGroupsBack",9,7,1,8
"com.trevisan.umovandroid.action.ActionActivityItemsSearchResultBack",5,4,1,5
"com.trevisan.umovandroid.view.onlinequery.ActivityOnlineQueryListNew",13,6,1,8
"com.trevisan.umovandroid.view.ActivityDashboardsNew",12,5,1,7
"com.trevisan.umovandroid.model.webrouter.WebRouter",1,0,1,0
"com.trevisan.umovandroid.model.payment.Payment",1,0,1,0
"com.trevisan.umovandroid.model.ConversationMessage",0,0,4,1
"com.trevisan.umovandroid.model.LocationDataHistorical",0,0,4,1
"com.trevisan.umovandroid.lib.expressions.ExpressionLog",1,1,4,4
"com.trevisan.umovandroid.lib.expressions.operand.constantOperand.ConstantOperand",6,3,6,5
"com.trevisan.umovandroid.lib.expressions.operand.function.CurrentMonthFunctionOperand",7,3,1,5
"com.trevisan.umovandroid.lib.expressions.operand.function.CurrentSecondFunctionOperand",7,3,1,6
"com.trevisan.umovandroid.lib.expressions.operand.function.CurrentDayOfMonthFunctionOperand",7,3,1,5
"com.trevisan.umovandroid.service.AncestorActivityTaskService",8,4,2,7
"com.trevisan.umovandroid.view.drawable.LineSeparator",6,0,1,1
"com.trevisan.umovandroid.sync.extraction.LocationFieldExtractor",4,3,1,4
"com.trevisan.umovandroid.action.ActionDownloadOthersMediaTypes",6,2,1,3
"com.trevisan.umovandroid.action.ActionEditSectionFromSectionAndConferenceScreen",5,4,1,5
"com.trevisan.umovandroid.action.ActionShowCompletedHistoricals",8,5,2,6
"com.trevisan.umovandroid.action.ActionGoToTour",5,3,3,4
"com.trevisan.umovandroid.action.ActionTTMultiMediaXMLButton",3,2,2,5
"com.trevisan.umovandroid.lib.expressions.operand.function.CurrentSectionFieldFunctionOperand",9,4,1,6
"com.trevisan.umovandroid.service.EnabledActivityService",7,3,3,5
"com.trevisan.umovandroid.action.ActionActivityTasksSearchByTaskDescriptionOrLocationAlternativeId",8,5,1,7
"com.trevisan.umovandroid.action.ActionShowAnaliticalQuery",8,6,4,7
"com.trevisan.umovandroid.view.ActivityGuidesNew",13,7,1,9
"com.trevisan.umovandroid.view.larepublica.expanableActivityTaskSection.ExpanableVerticalGridActivityTaskViewHolder",6,0,1,1
"com.trevisan.umovandroid.model.CustomSelectCriteriaItemClauseOrderByModel",0,0,1,0
"com.trevisan.umovandroid.model.DuplicatedTaskHistorical",0,0,4,0
"com.trevisan.umovandroid.model.ActivityLocationMix",0,0,4,0
"com.trevisan.umovandroid.model.ItemMix",0,0,3,0
"com.trevisan.umovandroid.model.webrouter.WebRouterServiceLocal",0,0,2,0
"com.trevisan.umovandroid.model.payment.PaymentValue",0,0,1,0
"com.trevisan.umovandroid.model.payment.PaymentTokenResult",0,0,1,0
"com.trevisan.umovandroid.model.payment.Split",0,0,1,0
"com.trevisan.umovandroid.action.ActionShowNotificationDialog",5,1,2,4
"com.trevisan.umovandroid.sync.extraction.LanguageExtractor",4,3,1,4
"com.trevisan.umovandroid.lib.expressions.operand.function.CurrentHourOfDayFunctionOperand",7,3,1,6
"com.trevisan.umovandroid.lib.expressions.operand.function.CurrentYearFunctionOperand",7,3,1,6
"com.trevisan.umovandroid.lib.expressions.operand.function.CurrentMinuteFunctionOperand",7,3,1,6
"com.trevisan.umovandroid.dao.EnabledActivityDAO",5,2,1,3
"com.trevisan.umovandroid.dao.DeletedTaskDAO",5,2,1,3
"com.trevisan.umovandroid.action.ActionRequestSync",5,4,1,6
"com.trevisan.umovandroid.sync.extraction.TaskIdChangeExtractor",6,3,1,4
"com.trevisan.umovandroid.lib.expressions.operand.OperandDescriptor",1,0,53,0
"com.trevisan.umovandroid.eca.business.RemoteConnectorsActionManagerImpl",8,1,2,2
"com.trevisan.umovandroid.dao.TaskFieldDAO",5,2,1,3
"com.trevisan.umovandroid.action.ActionCompressVideoAndSetItAsComponentAnswer",6,3,1,4
"com.trevisan.umovandroid.action.ActionActivityItemsBack",4,3,2,4
"com.trevisan.umovandroid.sync.historical.TaskExecutionHistoricalSync",5,2,1,4
"com.trevisan.umovandroid.sync.historical.DuplicatedTaskHistoricalSync",5,2,1,4
"com.trevisan.umovandroid.component.address.GeocoderAsyncTaskByAddress",6,0,2,2
"com.trevisan.umovandroid.view.NFCReaderActivityToGetTagIdAsDecimalFormat",9,2,0,5
"com.trevisan.umovandroid.view.NFCReaderActivityForTextPlainMimeType",9,2,0,5
"com.trevisan.umovandroid.manager.WebRouterManager",0,0,5,1
"com.trevisan.umovandroid.lib.expressions.result.BooleanResult",0,0,7,1
"com.trevisan.umovandroid.model.LocationFieldValue",1,0,4,0
"com.trevisan.umovandroid.service.MessageService",5,3,6,4
"com.trevisan.umovandroid.sync.extraction.TaskConferenceExtractor",5,2,1,4
"com.trevisan.umovandroid.sync.extraction.ActivityTaskDeleteExtractor",5,2,1,4
"com.trevisan.umovandroid.sync.extraction.ActivityTaskConferenceExtractor",5,2,1,4
"com.trevisan.umovandroid.util.EncrypterUtils",5,0,3,3
"com.trevisan.umovandroid.listdatasource.CustomFieldListDataSource",4,3,0,5
"com.trevisan.umovandroid.action.ActionRecoveryPasswordByEmail",4,2,0,4
"com.trevisan.umovandroid.sync.extraction.CustomEntityExtractor",4,3,1,4
"com.trevisan.umovandroid.action.ActionDownloadImage",4,2,2,3
"com.trevisan.umovandroid.action.ActionGoToLogin",5,3,1,4
"com.trevisan.umovandroid.sync.historical.ConfirmReadMessageSync",5,2,1,4
"com.trevisan.umovandroid.view.ActivityResetPasswordUsingSMS",7,3,1,4
"com.trevisan.umovandroid.model.settingsproperties.FieldSettingsForProperties",0,0,11,1
"com.trevisan.umovandroid.model.hidebyexpressionvalidation.EntityHideByValidationExpression",2,2,6,2
"com.trevisan.umovandroid.action.ActionDeprecatedDeviceFlow",3,1,3,2
"com.trevisan.umovandroid.sync.extraction.eca.ConnectorConferenceExtractor",7,4,1,6
"com.trevisan.umovandroid.sync.extraction.eca.PlatformEventConferenceExtractor",7,4,1,6
"com.trevisan.umovandroid.dao.CustomThemeDAO",5,2,1,3
"com.trevisan.umovandroid.action.ActionResetApp",5,3,2,4
"com.trevisan.umovandroid.action.ActionShowSubgroupsMD",8,5,1,6
"com.trevisan.umovandroid.action.constraint.AllowAutomaticTimeZoneAndDateAndTimeAndroidSettingsConstraint",4,3,1,5
"com.trevisan.umovandroid.lib.theme.ColorUtils",0,0,2,1
"com.trevisan.umovandroid.util.ColorUtils",0,0,2,1
"com.trevisan.umovandroid.service.ServiceProvider",2,0,32,1
"com.trevisan.umovandroid.service.eca.EcaEventService",8,6,3,7
"com.trevisan.umovandroid.action.acceleratedactivity.ActionExecuteAcceleratedActivity3",8,6,1,7
"com.trevisan.umovandroid.action.acceleratedactivity.ActionExecuteAcceleratedActivity2",6,4,1,6
"com.trevisan.umovandroid.action.ActionActivityFieldsBackAndCancelItem",4,2,2,4
"com.trevisan.umovandroid.action.ActionSelectTaskData",6,3,2,4
"com.trevisan.umovandroid.component.input.QRDroidZapper",5,3,4,3
"com.trevisan.umovandroid.action.ActionStemacExit",9,8,1,9
"com.trevisan.umovandroid.view.ActivityCustomFieldDetailNew",10,3,1,5
"com.trevisan.umovandroid.sync.historical.EntityHistoricalDataGenerator",0,0,18,2
"com.trevisan.umovandroid.adapter.materialdesign.TaskFragmentStatePagerAdapter",6,1,1,2
"com.trevisan.umovandroid.action.ActionBack",3,2,32,4
"com.trevisan.umovandroid.sync.extraction.GeocoordinateCapturePolicyExtractor",5,2,1,3
"com.trevisan.umovandroid.sync.extraction.TaskFieldExtractor",4,3,1,4
"com.trevisan.umovandroid.action.ActionExecuteItemFromSectionsAndConference",4,3,1,4
"com.trevisan.umovandroid.sync.extraction.eca.EcaEventExtractor",6,5,1,6
"com.trevisan.umovandroid.sync.extraction.eca.ActionExtractor",6,5,1,6
"com.trevisan.umovandroid.lib.expressions.operand.function.AlternativeIdFromCurrentActivityTaskOperand",7,4,1,5
"com.trevisan.umovandroid.service.eca.ConnectorService",6,4,6,5
"com.trevisan.umovandroid.sync.historical.PDAActivitiesTaskSync",4,2,1,3
"com.trevisan.umovandroid.action.ActionGoToNextMandatorySection",8,7,3,8
"com.trevisan.umovandroid.adapter.CollectedItemListAdapterNew",10,6,1,7
"com.trevisan.umovandroid.model.StateButtonPlusOptions",3,0,1,1
"com.trevisan.umovandroid.model.ConfirmReadMessage",2,1,4,3
"com.trevisan.umovandroid.component.multimedia.TTMultiMediaXML",5,4,0,5
"com.trevisan.umovandroid.sync.extraction.LocationFieldValueExtractor",4,3,1,4
"com.trevisan.umovandroid.service.LocationDataHistoricalService",5,3,4,4
"com.trevisan.umovandroid.service.downloadimagesentity.DownloadImagesEntityQueue",4,0,1,1
"com.trevisan.umovandroid.dao.LocationTypeDAO",5,2,1,3
"com.trevisan.umovandroid.dao.LanguageDAO",5,2,1,3
"com.trevisan.umovandroid.action.ActionBackToActivities",5,4,11,5
"com.trevisan.umovandroid.action.login.ActionDoLoginWithSMSAuthenticationStep2",5,3,1,4
"com.trevisan.umovandroid.sync.extraction.LocationQueryResultExtractor",4,2,1,3
"com.trevisan.umovandroid.lib.expressions.operand.function.ListElementsWithAnswerFunctionOperand",6,3,1,4
"com.trevisan.umovandroid.service.DuplicatedTaskHistoricalService",8,5,4,6
"com.trevisan.umovandroid.component.multimedia.TTMultiMediaAudioNew",7,3,1,4
"com.trevisan.umovandroid.component.multimedia.TTMultiMediaVideoNew",7,3,1,4
"com.trevisan.umovandroid.component.TTLabelNew",6,2,1,3
"com.trevisan.umovandroid.action.ActionLoadPhotoHistorical",8,6,5,7
"com.trevisan.umovandroid.model.eca.binder.ActivityHistoricalBinder",7,2,1,3
"com.trevisan.umovandroid.action.ActionBackFromWebCreateScheduling",4,1,1,3
"com.trevisan.umovandroid.sync.extraction.EnabledActivityExtractor",4,3,1,4
"com.trevisan.umovandroid.util.InputFilterWithMinMax",2,0,2,4
"com.trevisan.umovandroid.action.ActionRestartAppAfterAndroidRestoreContext",5,4,3,5
"com.trevisan.umovandroid.action.ActionShowMasterGroupsMD",7,6,1,7
"com.trevisan.umovandroid.action.ActionExecuteSideMenuActivityTask",5,4,2,5
"com.trevisan.umovandroid.action.ActionFinishTour",2,1,1,2
"com.trevisan.umovandroid.action.ActionCancelActivityTaskFromSectionsAndConference",5,4,1,5
"com.trevisan.umovandroid.action.ActionVerifyIfThereAreDataToExtract",3,2,3,3
"com.trevisan.umovandroid.eca.business.RemoteConnectorAdapterImpl",7,1,1,2
"com.trevisan.umovandroid.action.ActionViewCustomField",7,3,2,4
"com.trevisan.umovandroid.component.multimedia.TTMultiMediaFactory",2,2,1,2
"com.trevisan.umovandroid.model.eca.binder.TaskBinder",3,2,1,3
"com.trevisan.umovandroid.sync.extraction.EntityExtractor",3,1,56,3
"com.trevisan.umovandroid.model.UMovTroublesOnExecutionLog",1,0,1,0
"com.trevisan.umovandroid.model.AncestorActivityTask",1,0,4,0
"com.trevisan.umovandroid.service.ItemMixService",5,2,2,3
"com.trevisan.umovandroid.service.FacebookService",2,0,6,0
"com.trevisan.umovandroid.dao.TaskConferenceDAO",4,1,1,2
"com.trevisan.umovandroid.action.ActionGPSTestCancel",2,1,1,2
"com.trevisan.umovandroid.action.ActionActivityMenuMessages",4,2,1,3
"com.trevisan.umovandroid.eca.business.LocalConnectorAdapterImpl",6,1,1,2
"com.trevisan.umovandroid.service.LocationFieldValueService",5,4,2,6
"com.trevisan.umovandroid.lib.expressions.operator.OperatorTypes",0,0,10,1
"com.trevisan.umovandroid.service.retroalimentation.EntityRetroalimentationFactory",1,0,1,0
"com.trevisan.umovandroid.service.retroalimentation.RecordIdAndItemId",0,0,5,0
"com.trevisan.umovandroid.model.SectionItemGroup",0,0,3,0
"com.trevisan.umovandroid.model.SimpleModelFromFieldHistorical",0,0,2,0
"com.trevisan.umovandroid.model.LocationItem",0,0,3,0
"com.trevisan.umovandroid.model.eca.AuthorizationData",0,0,1,0
"com.trevisan.umovandroid.model.TaskItem",0,0,3,0
"com.trevisan.umovandroid.model.payment.PaymentError",0,0,1,0
"com.trevisan.umovandroid.model.TaskExceededExecutionTime",0,0,2,0
"com.trevisan.umovandroid.model.WriteFileResult",0,0,4,0
"com.trevisan.umovandroid.view.lib.BackFromFieldsScreenBehavior",0,0,3,0
"com.trevisan.umovandroid.dao.customcriteria.SqlStatement",0,0,11,0
"com.trevisan.umovandroid.sync.extraction.GuideExtractor",3,1,3,2
"com.trevisan.umovandroid.component.multimedia.TTMultiMediaURL",6,4,0,5
"com.trevisan.umovandroid.action.ActionGoToSectionBeforeSelectItemOfAnotherSectionBySectionFieldType",3,2,3,3
"com.trevisan.umovandroid.action.ActionDownloadSendSMSService",3,1,2,2
"com.trevisan.umovandroid.action.ActionButtonTasksOrActivityType",3,2,1,3
"com.trevisan.umovandroid.action.constraint.CheckPasswordAndPasswordConfirmationIsDifferentOnSignUpConstraint",2,2,1,4
"com.trevisan.umovandroid.action.ActionExecuteTaskFromSelectedActivityTask",4,2,1,4
"com.trevisan.umovandroid.action.ActionOpenGooglePlay",3,0,2,1
"com.trevisan.umovandroid.sync.extraction.AncestorActivityTaskExtractor",5,3,1,4
"com.trevisan.umovandroid.lib.expressions.operand.function.CurrentGeopositionOperand",6,3,2,4
"com.trevisan.umovandroid.action.constraint.MustSyncOnFirstDayOperationConstraint",4,2,1,4
"com.trevisan.umovandroid.action.ActionSelectTaskFromList",4,3,3,4
"com.trevisan.umovandroid.view.WaitingNFCActivity",4,2,3,5
"com.trevisan.umovandroid.lib.expressions.CalculatorBase",2,2,2,2
"com.trevisan.umovandroid.model.GeneralStatusAndMessage",0,0,7,0
"com.trevisan.umovandroid.model.Language",0,0,3,0
"com.trevisan.umovandroid.model.FieldsPage",1,0,3,2
"com.trevisan.umovandroid.action.ActionExecuteItemsGroupMD",2,1,2,3
"com.trevisan.umovandroid.action.ActionActivityFieldsSaveAndChangeItem",3,2,1,3
"com.trevisan.umovandroid.action.ActionActivityFieldsChangeItemWithoutSave",3,2,2,3
"com.trevisan.umovandroid.action.ActionSelectTasksFromSelectedActivityTask",3,2,6,4
"com.trevisan.umovandroid.action.constraint.ActivityTaskBlockedConstraint",3,2,4,4
"com.trevisan.umovandroid.sync.extraction.onlinequery.FormOnlineQueryExtractor",5,4,1,8
"com.trevisan.umovandroid.lib.expressions.operand.function.CurrentSectionFunctionOperand",6,3,1,4
"com.trevisan.umovandroid.lib.expressions.operand.function.CurrentActivityTaskFunctionOperand",6,3,1,4
"com.trevisan.umovandroid.lib.expressions.operand.function.EmptyFunctionOperand",6,3,2,4
"com.trevisan.umovandroid.lib.expressions.operand.function.CurrentDateFunctionOperand",8,4,1,5
"com.trevisan.umovandroid.component.chromecustomtabs.ChromeServiceConnection",4,0,1,1
"com.trevisan.umovandroid.dao.customcriteria.CustomSelectCriteriaItemGroup",2,2,4,3
"com.trevisan.umovandroid.view.ActivityPermissions",7,4,1,5
"com.trevisan.umovandroid.sync.historical.SyncHeaderSync",1,1,1,2
"com.trevisan.umovandroid.action.ActionPhotoFlow",4,3,2,4
"com.trevisan.umovandroid.action.ActionOpenNewDraw",5,2,2,3
"com.trevisan.umovandroid.action.constraint.DowntimeConstraint",5,3,58,4
"com.trevisan.umovandroid.model.DeviceChangedStatus",0,0,8,0
"com.trevisan.umovandroid.dao.VersionDAO",4,1,1,2
"com.trevisan.umovandroid.action.ActionPickVideoFromGallery",3,2,1,3
"com.trevisan.umovandroid.action.ActionShowSettings",4,2,1,3
"com.trevisan.umovandroid.util.UriUtils",4,0,2,0
"com.trevisan.umovandroid.service.SyncPackageService",5,3,4,5
"com.trevisan.umovandroid.action.ActionActivityMasterGroupsBack",5,4,1,5
"com.trevisan.umovandroid.view.larepublica.expanableActivityTaskSection.ExpanableVerticalActivityTaskViewHolder",6,0,1,1
"com.trevisan.umovandroid.view.ActivityOpenNotification",5,4,1,5
"com.trevisan.umovandroid.lib.expressions.result.Result",0,0,2,0
"com.trevisan.umovandroid.model.ItemTag",1,0,5,1
"com.trevisan.umovandroid.db.DataBaseCreator",2,0,1,0
"com.trevisan.umovandroid.service.TaskItemService",4,2,6,3
"com.trevisan.umovandroid.service.Service",1,0,21,0
"com.trevisan.umovandroid.service.LocationItemService",4,2,5,3
"com.trevisan.umovandroid.action.ActionDownloadUmovPrinter",3,1,4,2
"com.trevisan.umovandroid.action.ActionShowImageOnEditImageViewer",3,1,1,2
"com.trevisan.umovandroid.action.ActionShowAutomaticTimeZoneAndDateAndTimeMessage",4,1,6,2
"com.trevisan.umovandroid.action.ActionExit",2,1,8,2
"com.trevisan.umovandroid.viewmodel.MessageViewModel",4,1,1,3
"com.trevisan.umovandroid.service.eca.ActionService",7,5,3,6
"com.trevisan.umovandroid.component.address.GeocoderAsyncTaskByGeocoordinate",3,0,1,2
"com.trevisan.umovandroid.sync.historical.LocationQueryForNewTaskSync",2,2,1,3
"com.trevisan.umovandroid.sync.SyncAudibleAlert",5,3,1,4
"com.trevisan.umovandroid.eca.business.ActionManagerImpl",7,1,1,2
"com.trevisan.umovandroid.service.MessageHistoricalService",4,2,3,3
"com.trevisan.umovandroid.service.SyncOptionsService",4,2,2,4
"com.trevisan.umovandroid.service.ManagementPanelService",2,0,2,0
"com.trevisan.umovandroid.model.FilterOperatorInModel",1,0,2,0
"com.trevisan.umovandroid.model.ItemQuery",0,0,8,1
"com.trevisan.umovandroid.action.ActionValidadeActivityShareData",2,0,2,1
"com.trevisan.umovandroid.action.ActionSyncResponseMessages",3,2,1,3
"com.trevisan.umovandroid.action.ActionActivityFieldsNextPage",2,1,3,2
"com.trevisan.umovandroid.expressions.ActivityHistoricalManipulator",4,3,1,3
"com.trevisan.umovandroid.sync.historical.SettingsSync",2,1,1,2
"com.trevisan.umovandroid.sync.historical.TaskConferenceSync",3,1,1,2
"com.trevisan.umovandroid.model.BusinessResponse",2,0,1,0
"com.trevisan.umovandroid.model.TaskButtonData",1,0,0,1
"com.trevisan.umovandroid.model.ValueChangedType",1,0,2,0
"com.trevisan.umovandroid.action.ActionProcessCreateSchedulingResult",1,0,1,1
"com.trevisan.umovandroid.action.ActionActivityMenuQueries",2,1,1,2
"com.trevisan.umovandroid.action.ActionSelectTaskWithoutActivities",3,2,1,3
"com.trevisan.umovandroid.service.SettingsPropertiesService",2,1,34,3
"com.trevisan.umovandroid.service.SectionItemGroupService",5,3,3,4
"com.trevisan.umovandroid.service.ConfirmReadMessageService",5,3,3,4
"com.trevisan.umovandroid.service.SectionItemService",5,3,3,4
"com.trevisan.umovandroid.service.ActivityLocationMixService",5,3,2,4
"com.trevisan.umovandroid.action.acceleratedactivity.ActionExecuteAcceleratedActivity1",4,3,1,4
"com.trevisan.umovandroid.sync.extraction.DeviceChangedStatusExtractor",1,1,1,3
"com.trevisan.umovandroid.sync.historical.ChangePasswordHistoricalSync",2,1,1,2
"com.trevisan.umovandroid.action.acceleratedactivity.ActionExecuteAcceleratedActivity5",3,2,1,3
"com.trevisan.umovandroid.dao.customcriteria.CustomSelectCriteriaItemFactory",4,2,2,2
"com.trevisan.umovandroid.service.downloadimagesentity.DownloadImagesEntityModel",1,0,1,0
"com.trevisan.umovandroid.action.ActionShowAboutNFC",2,0,1,1
"com.trevisan.umovandroid.service.AdditionalItemInfoService",4,2,3,3
"com.trevisan.umovandroid.expressions.CustomEntityManipulatorImpl",5,4,1,4
"com.trevisan.umovandroid.util.FlowWithManyActivities",5,3,2,3
"com.trevisan.umovandroid.action.ActionShowSyncPhotoInformation",4,3,1,4
"com.trevisan.umovandroid.model.eca.binder.MobileAppearanceBinder",3,2,1,3
"com.trevisan.umovandroid.view.lib.TTActivityBase",5,2,12,2
"com.trevisan.umovandroid.lib.vo.ValueExpressionVO",0,0,5,1
"com.trevisan.umovandroid.service.NewLocationService",0,0,2,0
"com.trevisan.umovandroid.service.retroalimentation.RetroalimentationPropertyStatus",0,0,1,0
"com.trevisan.umovandroid.component.additionalsettings.AdditionalSettingsMultimediaXMLField",0,0,1,1
"com.trevisan.umovandroid.model.executionsondashboard.Props",0,0,1,0
"com.trevisan.umovandroid.model.executionsondashboard.Filters",0,0,1,0
"com.trevisan.umovandroid.model.executionsondashboard.ExecutionOnDashboard",0,0,1,0
"com.trevisan.umovandroid.model.SyncCounterAndVerbas",0,0,3,0
"com.trevisan.umovandroid.model.WhatsAppMessageData",0,0,8,0
"com.trevisan.umovandroid.model.LocationType",0,0,3,0
"com.trevisan.umovandroid.model.PhotoTip",0,0,2,0
"com.trevisan.umovandroid.model.eca.EcaDefaultResult",0,0,1,0
"com.trevisan.umovandroid.model.TaskIdChange",0,0,10,0
"com.trevisan.umovandroid.model.ItemIdAndGroupingDuplicatedItem",0,0,6,0
"com.trevisan.umovandroid.model.DeletedTask",0,0,3,0
"com.trevisan.umovandroid.service.downloadimagesentity.ResponseResultModel",2,0,1,0
"com.trevisan.umovandroid.util.IPValidate",2,0,1,2
"com.trevisan.umovandroid.listdatasource.LocationItemListDataSource",3,2,1,3
"com.trevisan.umovandroid.listdatasource.TaskItemListDataSource",3,2,1,3
"com.trevisan.umovandroid.adapter.larepublica.TaskSectionHeaderViewHolder",5,0,1,1
"com.trevisan.umovandroid.dao.customcriteria.CustomSelectCriteriaItemGroupLinkedByAllItems",3,2,1,3
"com.trevisan.umovandroid.eca.ActivityLocalTaskSynchronizer",0,0,3,0
"com.trevisan.umovandroid.action.ActionShowTaskGPSExecutionAlert",1,0,0,1
"com.trevisan.umovandroid.action.ActionRecordVideo",1,0,1,1
"com.trevisan.umovandroid.action.ActionBindWithFacebook",1,0,0,1
"com.trevisan.umovandroid.model.EnabledActivity",1,0,9,1
"com.trevisan.umovandroid.service.LocationQueryResultService",3,1,2,1
"com.trevisan.umovandroid.adapter.materialdesign.TasksOnScrollListener",1,0,1,1
"com.trevisan.umovandroid.model.ActivityListContentElement",1,1,3,2
"com.trevisan.umovandroid.action.ActionActivityTasksAddNewTask",5,3,2,4
"com.trevisan.umovandroid.action.ActionAutomaticSync",3,2,1,3
"com.trevisan.umovandroid.view.drawable.BottomLineSeparator",2,0,0,1
"com.trevisan.umovandroid.model.EntityUpdaterByFieldHistorical",0,0,1,0
"com.trevisan.umovandroid.model.Idiom",0,0,2,0
"com.trevisan.umovandroid.lib.expressions.operand.item.ItemOperandField",0,0,2,0
"com.trevisan.umovandroid.model.Guide",0,0,4,2
"com.trevisan.umovandroid.expressions.MediaPlayerImpl",4,2,2,3
"com.trevisan.umovandroid.sync.historical.UMovTroublesOnExecutionLogSync",1,1,1,2
"com.trevisan.umovandroid.sync.historical.GuideSync",1,1,1,2
"com.trevisan.umovandroid.service.SignUpSettingsService",2,1,7,2
"com.trevisan.umovandroid.action.ActionNextPhoto",3,2,1,3
"com.trevisan.umovandroid.action.ActionPreviousPhoto",3,2,1,3
"com.trevisan.umovandroid.view.larepublica.expanableTaskSection.ExpandableHorizontalTaskCardViewHolder",5,0,1,1
"com.trevisan.umovandroid.db.CRUD",1,1,2,1
"com.trevisan.umovandroid.sync.extraction.SyncResultExtractor",1,1,1,2
"com.trevisan.umovandroid.sync.extraction.PackagesCountExtractor",1,1,1,2
"com.trevisan.umovandroid.component.multimedia.TTMultiMediaNew",4,2,4,3
"com.trevisan.umovandroid.model.BaseEntity",2,0,29,0
"com.trevisan.umovandroid.action.ActionActivityFieldsFinalizeActivityWithoutSave",3,2,1,3
"com.trevisan.umovandroid.model.eca.binder.SectionFieldBinder",1,0,0,1
"com.trevisan.umovandroid.model.eca.binder.AgentBinder",1,0,3,1
"com.trevisan.umovandroid.dao.customcriteria.CustomSelectCriteriaItemGroupLinkedByMix",2,2,1,4
"com.trevisan.umovandroid.dao.customcriteria.CustomSelectCriteriaItemGroupLinkedByItems",2,2,1,4
"com.trevisan.umovandroid.dao.customcriteria.CustomSelectCriteriaItemGroupLinkedBySubgroup",2,2,1,4
"com.trevisan.umovandroid.sync.extraction.VerbasExtractor",2,1,1,2
"com.trevisan.umovandroid.lib.expressions.operand.field.FieldManipulationException",0,0,48,1
"com.trevisan.umovandroid.error.UMovUncaughtExceptionHandler",2,1,1,2
"com.trevisan.umovandroid.service.LocationTypeService",4,2,1,3
"com.trevisan.umovandroid.service.DashboardService",4,2,2,3
"com.trevisan.umovandroid.component.filter.LoginUserInputFilter",2,0,1,3
"com.trevisan.umovandroid.component.filter.LoginWorkspaceInputFilter",2,0,1,3
"com.trevisan.umovandroid.model.SyncPackage",2,1,5,3
"com.trevisan.umovandroid.dao.customcriteria.CustomSelectCriteriaItem",4,2,4,3
"com.trevisan.umovandroid.action.ActionActivityGoToOtherSectionAndCancelItem",3,2,1,3
"com.trevisan.umovandroid.action.ActionActivityLoginCommunicationTest",3,2,0,3
"com.trevisan.umovandroid.action.ActionTTImagePhotoOrDrawButtonAfterDelete",2,1,0,2
"com.trevisan.umovandroid.action.ActionActivityFieldsConsultationDone",3,2,1,3
"com.trevisan.umovandroid.dao.customcriteria.CustomSelectCriteriaItemGroupFactory",1,1,1,1
"com.trevisan.umovandroid.view.ActivitySyncPhoto",4,3,0,4
"com.trevisan.umovandroid.model.Listable",2,0,5,0
"com.trevisan.umovandroid.language.DefaultLanguage",1,0,3,1
"com.trevisan.umovandroid.listdatasource.LocationListDataSource",2,1,1,2
"com.trevisan.umovandroid.listdatasource.PersonListDataSource",2,1,1,2
"com.trevisan.umovandroid.listdatasource.ItemListDataSource",2,1,1,2
"com.trevisan.umovandroid.listdatasource.TaskListDataSource",2,1,1,2
"com.trevisan.umovandroid.error.ActionException",1,1,0,2
"com.trevisan.umovandroid.TTProgressBar",5,1,0,2
"com.trevisan.umovandroid.imageloader.ImageLoaderDelegate",4,0,1,0
"com.trevisan.umovandroid.graphql.response.ActivityHistoricalResponse",1,0,0,0
"com.trevisan.umovandroid.service.LocationQueryForNewTaskService",1,1,3,1
"com.trevisan.umovandroid.model.sync.SyncOptions",1,0,9,0
"com.trevisan.umovandroid.action.ActionActivityFieldsSaveAndFinalizeActivity",1,0,1,1
"com.trevisan.umovandroid.view.lib.ViewController",1,0,16,0
"com.trevisan.umovandroid.util.XMLUtils",2,0,0,0
"com.trevisan.umovandroid.model.eca.binder.SectionBinder",1,0,0,1
"com.trevisan.umovandroid.model.eca.binder.ItemBinder",1,0,0,1
"com.trevisan.umovandroid.model.eca.binder.ActivityBinder",1,0,0,1
"com.trevisan.umovandroid.action.ActionManualSync",3,2,6,3
"com.trevisan.umovandroid.component.GeocoordinateCaptureCallback",1,0,7,0
"com.trevisan.umovandroid.service.retroalimentation.EntityUpdater",2,1,1,1
"com.trevisan.umovandroid.fragment.materialdesign.FragmentInterface",0,0,3,0
"com.trevisan.umovandroid.eca.business.EcaFlowBehavior",4,1,15,1
"com.trevisan.umovandroid.graphql.response.ActivityHistoricalWrapperResponse",0,0,2,0
"com.trevisan.umovandroid.graphql.request.ActivityHistoricalWrapperRequest",0,0,0,0
"com.trevisan.umovandroid.model.onlinequery.FormOnlineQuery",0,0,1,1
"com.trevisan.umovandroid.expressions.ExpressionLogWriter",3,2,1,3
"com.trevisan.umovandroid.sync.extraction.NewLocationExtractor",1,1,1,2
"com.trevisan.umovandroid.util.mask.ConfigureMaskOnField",1,0,2,0
"com.trevisan.umovandroid.view.larepublica.FooterViewHolder",2,0,5,1
"com.trevisan.umovandroid.view.drawable.ButtonBackgroundSelectorUMovTheme20",2,1,1,2
"com.trevisan.umovandroid.listener.LineBreakFocusChangeListener",2,0,1,1
"com.trevisan.umovandroid.sync.SyncListener",2,2,18,2
"com.trevisan.umovandroid.AccessLinkReceiver",3,0,0,1
"com.trevisan.umovandroid.service.DeletedTaskService",3,2,2,3
"com.trevisan.umovandroid.model.eca.EcaByFieldEvent",2,2,1,3
"com.trevisan.umovandroid.model.eca.ActionByField",1,1,1,2
"com.trevisan.umovandroid.view.InvisibleActivity",2,1,0,2
"com.trevisan.umovandroid.Version",0,0,9,0
"com.trevisan.umovandroid.lib.util.CustomFieldType",0,0,3,0
"com.trevisan.umovandroid.component.input.InputMethodInterface",1,0,7,0
"com.trevisan.umovandroid.dao.listener.DeletionListener",1,0,2,0
"com.trevisan.umovandroid.listener.ItemsLoadListener",2,1,3,1
"com.trevisan.umovandroid.fragment.ITaskFragmentBehavior",2,1,2,1
"com.trevisan.umovandroid.eca.business.LocalConnectorImpl",2,0,0,1
"com.trevisan.umovandroid.eca.event.EcaPlatformEventBeforeFinalizeActivity",1,1,1,2
"com.trevisan.umovandroid.eca.event.EcaPlatformEventAfterStartActivity",1,1,1,2
"com.trevisan.umovandroid.service.TaskConferenceService",2,1,4,2
"com.trevisan.umovandroid.action.acceleratedactivity.ActionExecuteAcceleratedActivity4",2,1,1,2
"com.trevisan.umovandroid.graphql.GraphQLRequest",2,0,1,0
"com.trevisan.umovandroid.component.materialdesign.UpdateViewFromHorizontalScrollViewInterface",1,0,1,0
"com.trevisan.umovandroid.eca.event.EcaByFieldPlatformEvent",0,0,1,1
"com.trevisan.umovandroid.eca.event.EcaPlatformEventOnShareDataOfDataCheckActivity",1,1,1,2
"com.trevisan.umovandroid.eca.event.EcaPlatformEventAfterFinalizeTask",1,1,1,2
"com.trevisan.umovandroid.eca.event.EcaPlatformEventAfterLogin",1,1,2,2
"com.trevisan.umovandroid.pushnotification.PushNotification",0,0,1,0
"com.trevisan.umovandroid.imageloader.ImageLoaderListener",0,0,14,0
"com.trevisan.umovandroid.component.chromecustomtabs.ChromeServiceConnectionCallback",1,0,1,0
"com.trevisan.umovandroid.sync.MediaCallbackToShowStatusOnTasksScreen",0,0,2,0
"com.trevisan.umovandroid.adapter.ListAdapterListener",0,0,0,0
"com.trevisan.umovandroid.model.interfaces.AutoIncrementIndex",0,0,10,0
"com.trevisan.umovandroid.dao.listener.CreateListener",0,0,2,0
"com.trevisan.umovandroid.action.ActionVerifyGeoLocationProvidersListener",0,0,0,0
"com.trevisan.umovandroid.view.lib.ValueChangedByUserOrExpressionValue",0,0,2,0
"com.trevisan.umovandroid.view.ISearchItemsRequestFocus",0,0,4,0
"com.trevisan.umovandroid.adapter.ActionListBaseAdapterInterface",1,0,2,0
"com.trevisan.umovandroid.action.constraint.ActionConstraint",1,1,12,1
"com.trevisan.umovandroid.view.actionbar.OnActionBarSearchListener",1,0,0,0
"com.trevisan.umovandroid.log.UMovLogTag",0,0,23,0
"com.trevisan.umovandroid.sync.extraction.ExtractionListener",0,0,2,0
"com.trevisan.umovandroid.sync.MediaSyncListener",0,0,0,0
"com.trevisan.umovandroid.lib.expressions.parser.OnListItemRemovedListener",0,0,0,0
"com.trevisan.umovandroid.lib.media.MediaPlayer",0,0,1,0
"com.trevisan.umovandroid.lib.Version",0,0,0,0
"com.trevisan.umovandroid.lib.expressions.parser.ExpressionTerminatedException",0,0,0,1
"com.trevisan.umovandroid.lib.expressions.operand.item.NoCurrentItemException",0,0,1,1
