{"name":"variants","children":[{"name":"com.trevisan.umovandroid.manager","children":[{"name":"WebRouterManager","sloc":30,"wmc":8},{"name":"TaskExecutionManager","sloc":501,"wmc":135},{"name":"PhotoManager","sloc":63,"wmc":17}]},{"name":"com.trevisan.umovandroid.expressions","children":[{"name":"EntitiesAttributeRetrieverForCustomFieldListRelationshipWithCustomEntity","sloc":75,"wmc":9},{"name":"LocationAttributeRetriever","sloc":118,"wmc":44},{"name":"ActivityHistoricalManipulator","sloc":20,"wmc":2},{"name":"ItemAttributeRetriever","sloc":127,"wmc":36},{"name":"ExpressionLogWriter","sloc":10,"wmc":1},{"name":"CustomEntityEntryManipulator","sloc":64,"wmc":13},{"name":"TaskAttributeRetriever","sloc":90,"wmc":32},{"name":"DefaultEntitiesAttributeRetriever","sloc":71,"wmc":16},{"name":"LocationActivityExecutionGeocoordinatesManipulator","sloc":65,"wmc":15},{"name":"ActivityFieldManipulator","sloc":279,"wmc":75},{"name":"PersonAttributeRetriever","sloc":84,"wmc":32},{"name":"MediaPlayerImpl","sloc":15,"wmc":2},{"name":"CustomEntityManipulatorImpl","sloc":18,"wmc":3}]},{"name":"com.trevisan.umovandroid.sync","children":[{"name":"WorkingJourneySyncController","sloc":64,"wmc":9},{"name":"BusinessCommunicationSyncController","sloc":59,"wmc":14},{"name":"BackgroundSyncController","sloc":45,"wmc":12},{"name":"ForegroundSyncController","sloc":101,"wmc":18},{"name":"UrlManager","sloc":93,"wmc":23},{"name":"AutomaticSync","sloc":96,"wmc":21},{"name":"GeoPositionSyncController","sloc":107,"wmc":22},{"name":"CommunicationTest","sloc":101,"wmc":17},{"name":"TimeWorkIntervalsSyncController","sloc":81,"wmc":16},{"name":"HttpConnector","sloc":405,"wmc":66},{"name":"HttpConnectorResult","sloc":58,"wmc":18},{"name":"SyncAudibleAlert","sloc":21,"wmc":4},{"name":"MediaCallbackToShowStatusOnTasksScreen","sloc":5,"wmc":2},{"name":"SyncController","sloc":710,"wmc":154},{"name":"TimeOutController","sloc":37,"wmc":6},{"name":"MediaSyncController","sloc":259,"wmc":52},{"name":"MediaSyncListener","sloc":4,"wmc":1},{"name":"ImageSync","sloc":50,"wmc":11},{"name":"CancelableHttpConnector","sloc":62,"wmc":12},{"name":"SyncListener","sloc":9,"wmc":4}]},{"name":"com.trevisan.umovandroid.sync.extraction","children":[{"name":"VerbasExtractor","sloc":13,"wmc":2},{"name":"TaskActivityTaskRelationshipExtractor","sloc":60,"wmc":11},{"name":"EnabledActivityExtractor","sloc":26,"wmc":4},{"name":"ActivityLocationMixExtractor","sloc":42,"wmc":7},{"name":"EntityExtractor","sloc":25,"wmc":8},{"name":"FieldExtractor","sloc":73,"wmc":3},{"name":"TaskConferenceExtractor","sloc":30,"wmc":5},{"name":"DeviceChangedStatusExtractor","sloc":19,"wmc":4},{"name":"AncestorActivityTaskExtractor","sloc":24,"wmc":3},{"name":"DashboardExtractor","sloc":43,"wmc":7},{"name":"LocationItemExtractor","sloc":37,"wmc":6},{"name":"AgentExtractor","sloc":69,"wmc":4},{"name":"TaskTypeExtractor","sloc":44,"wmc":7},{"name":"GeocoordinateCapturePolicyExtractor","sloc":28,"wmc":4},{"name":"CustomThemeExtractor","sloc":44,"wmc":5},{"name":"SectionExtraction","sloc":111,"wmc":14},{"name":"MessageExtractor","sloc":41,"wmc":6},{"name":"CustomFieldValueExtractor","sloc":82,"wmc":17},{"name":"TaskFieldExtractor","sloc":28,"wmc":4},{"name":"SystemParametersExtractor","sloc":205,"wmc":7},{"name":"AdditionalItemInfoExtractor","sloc":43,"wmc":7},{"name":"RecordData","sloc":83,"wmc":15},{"name":"ActivityTaskDeleteExtractor","sloc":30,"wmc":5},{"name":"GuideExtractor","sloc":24,"wmc":5},{"name":"LocationFieldValueExtractor","sloc":27,"wmc":4},{"name":"TaskExtractor","sloc":126,"wmc":13},{"name":"ActivityTaskExtractor","sloc":85,"wmc":6},{"name":"TaskIdChangeExtractor","sloc":31,"wmc":4},{"name":"TaskItemExtractor","sloc":37,"wmc":6},{"name":"SyncResultExtractor","sloc":14,"wmc":2},{"name":"FeatureToggleExtractor","sloc":41,"wmc":8},{"name":"ItemGroupExtractor","sloc":47,"wmc":7},{"name":"ItemExtractor","sloc":89,"wmc":13},{"name":"ExtractionManager","sloc":530,"wmc":129},{"name":"MasterGroupExtractor","sloc":46,"wmc":7},{"name":"SectionItemGroupExtractor","sloc":42,"wmc":7},{"name":"LanguageExtractor","sloc":31,"wmc":5},{"name":"ActivityTaskConferenceExtractor","sloc":30,"wmc":5},{"name":"ActivityTypeExtractor","sloc":48,"wmc":5},{"name":"ExtractionListener","sloc":4,"wmc":1},{"name":"PackagesCountExtractor","sloc":14,"wmc":2},{"name":"LocationFieldExtractor","sloc":32,"wmc":4},{"name":"ValidationExpressionExtractor","sloc":56,"wmc":6},{"name":"LocationQueryResultExtractor","sloc":27,"wmc":3},{"name":"ItemMixExtractor","sloc":43,"wmc":7},{"name":"CustomFieldExtractor","sloc":88,"wmc":14},{"name":"CustomEntityExtractor","sloc":30,"wmc":5},{"name":"CustomEntityEntryExtractor","sloc":55,"wmc":9},{"name":"NewLocationExtractor","sloc":10,"wmc":1},{"name":"ValueExpressionExtractor","sloc":36,"wmc":4},{"name":"LocationExtractor","sloc":110,"wmc":10},{"name":"LocationTypeExtractor","sloc":41,"wmc":7},{"name":"SectionItemExtractor","sloc":44,"wmc":7},{"name":"EntityExtractorException","sloc":50,"wmc":12}]},{"name":"com.trevisan.umovandroid.sync.extraction.onlinequery","children":[{"name":"ListOnlineQueryExtractor","sloc":37,"wmc":4},{"name":"FormOnlineQueryExtractor","sloc":23,"wmc":3}]},{"name":"com.trevisan.umovandroid.sync.extraction.eca","children":[{"name":"ConnectorExtractor","sloc":51,"wmc":3},{"name":"EcaEventExtractor","sloc":28,"wmc":3},{"name":"ActionExtractor","sloc":28,"wmc":3},{"name":"ConnectorConferenceExtractor","sloc":29,"wmc":4},{"name":"PlatformEventConferenceExtractor","sloc":29,"wmc":4}]},{"name":"com.trevisan.umovandroid.sync.historical","children":[{"name":"ConfirmReadMessageSync","sloc":30,"wmc":4},{"name":"GeoPositionHistoricalSync","sloc":50,"wmc":7},{"name":"EntityHistoricalDataGenerator","sloc":28,"wmc":7},{"name":"NewTaskConfirmationSync","sloc":36,"wmc":7},{"name":"FieldHistoricalSync","sloc":63,"wmc":11},{"name":"MessageHistoricalSync","sloc":35,"wmc":5},{"name":"UMovTroublesOnExecutionLogSync","sloc":15,"wmc":2},{"name":"HistoricalRecord","sloc":104,"wmc":29},{"name":"GuideSync","sloc":15,"wmc":2},{"name":"ActivityHistoricalSync","sloc":49,"wmc":8},{"name":"LocationQueryForNewTaskSync","sloc":21,"wmc":3},{"name":"ChangePasswordHistoricalSync","sloc":19,"wmc":3},{"name":"TaskExecutionHistoricalSync","sloc":31,"wmc":5},{"name":"InfoSync","sloc":34,"wmc":4},{"name":"HistoricalManager","sloc":140,"wmc":19},{"name":"DuplicatedTaskHistoricalSync","sloc":31,"wmc":4},{"name":"LocationDataHistoricalSync","sloc":83,"wmc":5},{"name":"PDAActivitiesTaskSync","sloc":28,"wmc":4},{"name":"InfoHistoricalSync","sloc":50,"wmc":7},{"name":"JsonEntityHistoricalDataGenerator","sloc":49,"wmc":9},{"name":"SyncHeaderSync","sloc":23,"wmc":4},{"name":"SettingsSync","sloc":20,"wmc":2},{"name":"TaskConferenceSync","sloc":20,"wmc":3}]},{"name":"com.trevisan.umovandroid","children":[{"name":"Version","sloc":9,"wmc":1},{"name":"TTProgressBar","sloc":12,"wmc":1},{"name":"UMovMainActivity","sloc":91,"wmc":16},{"name":"ActionDeleteFileFromSectionField","sloc":59,"wmc":4},{"name":"AccessLinkReceiver","sloc":9,"wmc":1},{"name":"UMovSmartPushListenerService","sloc":43,"wmc":6},{"name":"UMovApplication","sloc":134,"wmc":25}]},{"name":"com.trevisan.umovandroid.lib.vo","children":[{"name":"ExpressionVO","sloc":61,"wmc":12},{"name":"SimpleModel","sloc":109,"wmc":30},{"name":"ListableObject","sloc":71,"wmc":18},{"name":"CustomEntity","sloc":45,"wmc":12},{"name":"ValidationExpressionVO","sloc":154,"wmc":32},{"name":"CustomFieldValue","sloc":48,"wmc":11},{"name":"CustomField","sloc":190,"wmc":53},{"name":"ValueExpressionVO","sloc":17,"wmc":4},{"name":"CustomEntityEntry","sloc":38,"wmc":10}]},{"name":"com.trevisan.umovandroid.lib.expressions","children":[{"name":"ValidationExpressionMessageGenerator","sloc":87,"wmc":28},{"name":"CalculatorBase","sloc":24,"wmc":7},{"name":"BooleanCalculator","sloc":100,"wmc":26},{"name":"ExpressionsController","sloc":822,"wmc":219},{"name":"ExpressionLog","sloc":32,"wmc":8},{"name":"ArithmeticalCalculator","sloc":334,"wmc":91}]},{"name":"com.trevisan.umovandroid.lib.expressions.flow","children":[{"name":"ExpressionsFlow","sloc":107,"wmc":30}]},{"name":"com.trevisan.umovandroid.lib.expressions.result","children":[{"name":"BooleanResult","sloc":30,"wmc":8},{"name":"ArithmeticalResult","sloc":46,"wmc":9},{"name":"Result","sloc":21,"wmc":5}]},{"name":"com.trevisan.umovandroid.lib.expressions.parser","children":[{"name":"ExpressionTerminatedException","sloc":3,"wmc":1},{"name":"ValueExpressionParser","sloc":82,"wmc":20},{"name":"ValidationExpressionParser","sloc":119,"wmc":24},{"name":"ExpressionParser","sloc":41,"wmc":8},{"name":"OnListItemRemovedListener","sloc":4,"wmc":1}]},{"name":"com.trevisan.umovandroid.lib.expressions.operand","children":[{"name":"OperandParser","sloc":317,"wmc":50},{"name":"ExpressionValue","sloc":285,"wmc":75},{"name":"Operand","sloc":249,"wmc":71},{"name":"OperandDescriptor","sloc":31,"wmc":4}]},{"name":"com.trevisan.umovandroid.lib.expressions.operand.subgroup","children":[{"name":"SubgroupOperand","sloc":65,"wmc":12}]},{"name":"com.trevisan.umovandroid.lib.expressions.operand.task","children":[{"name":"TaskOperand","sloc":85,"wmc":16}]},{"name":"com.trevisan.umovandroid.lib.expressions.operand.person","children":[{"name":"PersonOperand","sloc":74,"wmc":16}]},{"name":"com.trevisan.umovandroid.lib.expressions.operand.connector","children":[{"name":"ConnectorOperand","sloc":142,"wmc":29}]},{"name":"com.trevisan.umovandroid.lib.expressions.operand.group","children":[{"name":"GroupOperand","sloc":77,"wmc":15}]},{"name":"com.trevisan.umovandroid.lib.expressions.operand.function","children":[{"name":"SectionFieldSumFunctionOperand","sloc":62,"wmc":9},{"name":"SectionFieldMaxFunctionOperand","sloc":94,"wmc":18},{"name":"ListElementsWithAnswerFunctionOperand","sloc":27,"wmc":3},{"name":"CurrentMonthFunctionOperand","sloc":32,"wmc":6},{"name":"CurrentSectionFieldFunctionOperand","sloc":32,"wmc":3},{"name":"CurrentSectionFunctionOperand","sloc":23,"wmc":3},{"name":"CTEFunctionOperand","sloc":61,"wmc":12},{"name":"CMC7FunctionOperand","sloc":91,"wmc":22},{"name":"CurrentSecondFunctionOperand","sloc":32,"wmc":6},{"name":"AlternativeIdFromCurrentActivityTaskOperand","sloc":28,"wmc":4},{"name":"LinearDistanceBetweenCoordinatesFunctionOperand","sloc":54,"wmc":10},{"name":"FullLocationAddressOperand","sloc":38,"wmc":3},{"name":"CurrentActivityTaskFunctionOperand","sloc":23,"wmc":3},{"name":"EmptyFunctionOperand","sloc":23,"wmc":3},{"name":"CheckoutDistanceOperand","sloc":40,"wmc":5},{"name":"CurrentHourOfDayFunctionOperand","sloc":31,"wmc":6},{"name":"ModuleFunctionOperand","sloc":51,"wmc":11},{"name":"TaskTrackingFunctionOperand","sloc":50,"wmc":10},{"name":"SplitFunctionOperand","sloc":58,"wmc":8},{"name":"SectionFieldMinFunctionOperand","sloc":94,"wmc":19},{"name":"AddressFunctionOperand","sloc":122,"wmc":37},{"name":"CurrentYearFunctionOperand","sloc":31,"wmc":6},{"name":"EmailFunctionOperand","sloc":41,"wmc":4},{"name":"CurrentDateFunctionOperand","sloc":23,"wmc":3},{"name":"CPFFunctionOperand","sloc":60,"wmc":8},{"name":"CurrentTimeFunctionOperand","sloc":42,"wmc":9},{"name":"CNPJFunctionOperand","sloc":60,"wmc":8},{"name":"CurrentMinuteFunctionOperand","sloc":31,"wmc":6},{"name":"CheckerDigitFunctionOperand","sloc":57,"wmc":8},{"name":"CurrentDayOfMonthFunctionOperand","sloc":32,"wmc":6},{"name":"FullPersonAddressOperand","sloc":39,"wmc":3},{"name":"LocationGeocoordinateFunctionOperand","sloc":43,"wmc":11},{"name":"CountSelectedListElementsFunctionOperand","sloc":36,"wmc":6},{"name":"CustomEntityMultipleFilterFunctionOperand","sloc":91,"wmc":13},{"name":"ConcatenateSectionFieldFunctionOperand","sloc":75,"wmc":12},{"name":"CheckinStartTimeOperand","sloc":40,"wmc":5},{"name":"CurrentGeopositionOperand","sloc":24,"wmc":3}]},{"name":"com.trevisan.umovandroid.lib.expressions.operand.field","children":[{"name":"FieldManipulationException","sloc":13,"wmc":2},{"name":"FieldOperand","sloc":64,"wmc":11}]},{"name":"com.trevisan.umovandroid.lib.expressions.operand.constantOperand","children":[{"name":"ConstantOperand","sloc":32,"wmc":6}]},{"name":"com.trevisan.umovandroid.lib.expressions.operand.device","children":[{"name":"DeviceOperand","sloc":48,"wmc":13}]},{"name":"com.trevisan.umovandroid.lib.expressions.operand.geocoordinate","children":[{"name":"GeoCoordinateCalculator","sloc":34,"wmc":5}]},{"name":"com.trevisan.umovandroid.lib.expressions.operand.location","children":[{"name":"LocationOperand","sloc":79,"wmc":18}]},{"name":"com.trevisan.umovandroid.lib.expressions.operand.item","children":[{"name":"ItemOperand","sloc":113,"wmc":26},{"name":"ItemOperandField","sloc":15,"wmc":3},{"name":"NoCurrentItemException","sloc":3,"wmc":1}]},{"name":"com.trevisan.umovandroid.lib.expressions.operand.customEntity","children":[{"name":"CustomEntityOperand","sloc":167,"wmc":36}]},{"name":"com.trevisan.umovandroid.lib.expressions.tree","children":[{"name":"ExpressionTree","sloc":141,"wmc":28},{"name":"ExpressionTreeNode","sloc":77,"wmc":19},{"name":"ExpressionTreeIterator","sloc":91,"wmc":28}]},{"name":"com.trevisan.umovandroid.lib.expressions.operator","children":[{"name":"OperatorTypes","sloc":25,"wmc":2}]},{"name":"com.trevisan.umovandroid.lib","children":[{"name":"Version","sloc":4,"wmc":1}]},{"name":"com.trevisan.umovandroid.lib.util","children":[{"name":"CustomFieldType","sloc":9,"wmc":1},{"name":"SectionFieldValuesConverter","sloc":73,"wmc":19},{"name":"CustomFieldManager","sloc":242,"wmc":50},{"name":"DateFormatter","sloc":353,"wmc":83},{"name":"StringUtils","sloc":90,"wmc":27},{"name":"ValuesValidator","sloc":44,"wmc":10},{"name":"NumberFormatter","sloc":149,"wmc":40}]},{"name":"com.trevisan.umovandroid.lib.media","children":[{"name":"MediaPlayer","sloc":4,"wmc":1}]},{"name":"com.trevisan.umovandroid.lib.language","children":[{"name":"LanguageExpressionsRetriever","sloc":68,"wmc":16}]},{"name":"com.trevisan.umovandroid.lib.theme","children":[{"name":"ColorUtils","sloc":29,"wmc":5},{"name":"CustomTheme","sloc":45,"wmc":10}]},{"name":"com.trevisan.umovandroid.util","children":[{"name":"RecyclingBitmapDrawable","sloc":43,"wmc":11},{"name":"FlowWithManyActivities","sloc":18,"wmc":2},{"name":"AppRuntime","sloc":292,"wmc":64},{"name":"CleanerAccentsAndCedilla","sloc":50,"wmc":10},{"name":"TaskExhibitionFieldUtils","sloc":71,"wmc":30},{"name":"ImageUtils","sloc":100,"wmc":14},{"name":"IPValidate","sloc":17,"wmc":3},{"name":"ColorUtils","sloc":29,"wmc":5},{"name":"InputFilterWithMinMax","sloc":26,"wmc":6},{"name":"EncrypterUtils","sloc":30,"wmc":5},{"name":"XMLUtils","sloc":11,"wmc":1},{"name":"UMovUtils","sloc":453,"wmc":83},{"name":"GPSUtils","sloc":47,"wmc":8},{"name":"ExternalStorageAnalyzer","sloc":53,"wmc":9},{"name":"HTTPProtocol","sloc":41,"wmc":14},{"name":"TasksExistenceChecker","sloc":50,"wmc":8},{"name":"SearchUtils","sloc":54,"wmc":14},{"name":"BitmapStaticIcons","sloc":103,"wmc":1},{"name":"UriUtils","sloc":22,"wmc":3}]},{"name":"com.trevisan.umovandroid.util.mask","children":[{"name":"ConfigureMaskOnField","sloc":10,"wmc":3},{"name":"OnMaskTextChanged","sloc":53,"wmc":16},{"name":"MaskListener","sloc":282,"wmc":62}]},{"name":"com.trevisan.umovandroid.db","children":[{"name":"Criteria","sloc":122,"wmc":34},{"name":"CursorReader","sloc":36,"wmc":13},{"name":"CRUD","sloc":14,"wmc":10},{"name":"DataBaseCreator","sloc":21,"wmc":4},{"name":"UpgradeScripts","sloc":913,"wmc":161},{"name":"OldDataBaseUpdater","sloc":264,"wmc":59},{"name":"CreationScripts","sloc":550,"wmc":1},{"name":"DataBaseUpdater","sloc":44,"wmc":10},{"name":"DataBaseManager","sloc":178,"wmc":30}]},{"name":"com.trevisan.umovandroid.language","children":[{"name":"LanguageEN","sloc":106,"wmc":1},{"name":"LanguagePT","sloc":106,"wmc":1},{"name":"DefaultLanguage","sloc":12,"wmc":3}]},{"name":"com.trevisan.umovandroid.listdatasource","children":[{"name":"ListDataSourceFactory","sloc":65,"wmc":15},{"name":"CustomFieldListDataSource","sloc":30,"wmc":8},{"name":"ConstantListDataSource","sloc":33,"wmc":5},{"name":"LocationListDataSource","sloc":12,"wmc":2},{"name":"DefaultEntitiesListDataSource","sloc":56,"wmc":9},{"name":"PersonListDataSource","sloc":12,"wmc":2},{"name":"LocationItemListDataSource","sloc":17,"wmc":2},{"name":"EntityCustomFieldListDataSource","sloc":144,"wmc":32},{"name":"ItemListDataSourceFromJson","sloc":36,"wmc":7},{"name":"TaskItemListDataSource","sloc":17,"wmc":2},{"name":"ListDataSource","sloc":115,"wmc":34},{"name":"CustomEntityListDataSource","sloc":151,"wmc":31},{"name":"ConnectorListDataSource","sloc":66,"wmc":13},{"name":"ItemListDataSource","sloc":12,"wmc":2},{"name":"TaskListDataSource","sloc":12,"wmc":2}]},{"name":"com.trevisan.umovandroid.viewmodel","children":[{"name":"MessageViewModel","sloc":21,"wmc":4}]},{"name":"com.trevisan.umovandroid.error","children":[{"name":"ActionException","sloc":12,"wmc":2},{"name":"UMovUncaughtExceptionHandler","sloc":13,"wmc":2}]},{"name":"com.trevisan.umovandroid.eca.business","children":[{"name":"HttpClientImpl","sloc":116,"wmc":25},{"name":"EcaByFieldManager","sloc":60,"wmc":9},{"name":"ActionManagerImpl","sloc":21,"wmc":2},{"name":"EcaProcessResultManager","sloc":188,"wmc":45},{"name":"EcaFlowBehavior","sloc":10,"wmc":3},{"name":"RemoteConnectorAdapterImpl","sloc":26,"wmc":4},{"name":"RemoteConnectorsActionManagerImpl","sloc":31,"wmc":4},{"name":"LocalConnectorAdapterImpl","sloc":25,"wmc":4},{"name":"LocalConnectorImpl","sloc":8,"wmc":1},{"name":"LocalTaskImpl","sloc":94,"wmc":14},{"name":"EcaManager","sloc":161,"wmc":33}]},{"name":"com.trevisan.umovandroid.eca.context.input","children":[{"name":"InputContextManager","sloc":85,"wmc":24}]},{"name":"com.trevisan.umovandroid.eca.event","children":[{"name":"EcaByFieldPlatformEvent","sloc":7,"wmc":1},{"name":"EcaPlatformEvent","sloc":36,"wmc":7},{"name":"EcaPlatformEventBeforeFinalizeActivity","sloc":8,"wmc":1},{"name":"EcaPlatformEventOnShareDataOfDataCheckActivity","sloc":7,"wmc":1},{"name":"EcaPlatformEventAfterStartActivity","sloc":8,"wmc":1},{"name":"EcaPlatformEventAfterFinalizeTask","sloc":7,"wmc":1},{"name":"EcaPlatformEventAfterLogin","sloc":7,"wmc":1},{"name":"EcaSevenBoysDistribuidoraMaisNfeDemo","sloc":90,"wmc":19}]},{"name":"com.trevisan.umovandroid.eca","children":[{"name":"ActivityLocalTaskSynchronizer","sloc":16,"wmc":5}]},{"name":"com.trevisan.umovandroid.graphql","children":[{"name":"GraphQLService","sloc":33,"wmc":2},{"name":"GraphQLRequest","sloc":7,"wmc":2}]},{"name":"com.trevisan.umovandroid.graphql.response","children":[{"name":"ActivityHistoricalResponse","sloc":11,"wmc":2},{"name":"FieldHistoricalResponse","sloc":52,"wmc":14},{"name":"ActivityHistoricalWrapperResponse","sloc":10,"wmc":2}]},{"name":"com.trevisan.umovandroid.graphql.request","children":[{"name":"ActivityHistoricalWrapperRequest","sloc":10,"wmc":2},{"name":"ActivityHistoricalRequest","sloc":38,"wmc":3},{"name":"FieldHistoricalRequest","sloc":52,"wmc":14}]},{"name":"com.trevisan.umovandroid.log","children":[{"name":"UMovLogTag","sloc":5,"wmc":1}]},{"name":"com.trevisan.umovandroid.imagegallery","children":[{"name":"MediaGallery","sloc":77,"wmc":11}]},{"name":"com.trevisan.umovandroid.pushnotification","children":[{"name":"PushNotification","sloc":7,"wmc":1}]},{"name":"com.trevisan.umovandroid.service","children":[{"name":"NewLocationService","sloc":17,"wmc":4},{"name":"AudioPlayerAndRecorderService","sloc":174,"wmc":35},{"name":"SearchTaskAndLocationFieldsService","sloc":124,"wmc":29},{"name":"TaskService","sloc":974,"wmc":256},{"name":"MessageHistoricalService","sloc":21,"wmc":4},{"name":"LanguageService","sloc":141,"wmc":36},{"name":"ServiceProvider","sloc":29,"wmc":5},{"name":"ConversationMessageService","sloc":55,"wmc":8},{"name":"FieldHistoricalReadyToBeSentService","sloc":44,"wmc":11},{"name":"AgentService","sloc":248,"wmc":54},{"name":"UMovTroublesOnExecutionLogService","sloc":147,"wmc":27},{"name":"VersionService","sloc":46,"wmc":11},{"name":"SectionService","sloc":555,"wmc":150},{"name":"TaskActivityTaskRelationshipService","sloc":138,"wmc":41},{"name":"EnabledActivityService","sloc":32,"wmc":5},{"name":"CustomEntityService","sloc":36,"wmc":5},{"name":"FlowFinalizeByExecutionTypeByExpression","sloc":33,"wmc":3},{"name":"CustomFieldService","sloc":162,"wmc":41},{"name":"SyncOptionsService","sloc":21,"wmc":3},{"name":"LocationDataHistoricalService","sloc":27,"wmc":6},{"name":"ValidationExpressionService","sloc":110,"wmc":26},{"name":"LocationFieldValueService","sloc":25,"wmc":3},{"name":"AutomaticActivityExecutionService","sloc":285,"wmc":53},{"name":"LocationQueryResultService","sloc":16,"wmc":3},{"name":"ActivityHistoricalReadyToBeSentService","sloc":157,"wmc":32},{"name":"MaterialDesignShowMessageService","sloc":138,"wmc":24},{"name":"WorkingJourneyReadyToBeSentService","sloc":52,"wmc":11},{"name":"FieldService","sloc":178,"wmc":48},{"name":"DocumentService","sloc":69,"wmc":10},{"name":"LocationTypeService","sloc":13,"wmc":2},{"name":"TraveledDistanceService","sloc":199,"wmc":41},{"name":"MediaHistoricalReadyToBeSentService","sloc":223,"wmc":37},{"name":"MenuItemService","sloc":273,"wmc":52},{"name":"DashboardService","sloc":13,"wmc":2},{"name":"ExtractionService","sloc":134,"wmc":21},{"name":"TaskExceededExecutionTimeService","sloc":130,"wmc":30},{"name":"NewTaskConfirmationService","sloc":43,"wmc":9},{"name":"MarshmallowOrHigherVersionDangerousPermissionsService","sloc":157,"wmc":43},{"name":"TaskItemService","sloc":21,"wmc":4},{"name":"ActivityTaskService","sloc":760,"wmc":207},{"name":"LocalNotificationService","sloc":213,"wmc":55},{"name":"TimeWorkIntervalsService","sloc":263,"wmc":52},{"name":"SettingsPropertiesService","sloc":19,"wmc":4},{"name":"SyncCounterAndVerbasService","sloc":70,"wmc":14},{"name":"AncestorActivityTaskService","sloc":32,"wmc":6},{"name":"ManagementPanelService","sloc":21,"wmc":3},{"name":"DowntimeService","sloc":56,"wmc":10},{"name":"AuthService","sloc":138,"wmc":29},{"name":"LoginService","sloc":172,"wmc":32},{"name":"ChangePasswordHistoricalService","sloc":61,"wmc":15},{"name":"AdditionalItemInfoService","sloc":18,"wmc":3},{"name":"SectionItemGroupService","sloc":19,"wmc":3},{"name":"MobileParametersService","sloc":113,"wmc":26},{"name":"GeoPositionHistoricalService","sloc":158,"wmc":36},{"name":"MasterGroupService","sloc":56,"wmc":10},{"name":"CustomEntityEntryService","sloc":100,"wmc":25},{"name":"FieldValidatorService","sloc":242,"wmc":65},{"name":"SectionsAndConferenceService","sloc":114,"wmc":16},{"name":"PhoneParametersService","sloc":226,"wmc":60},{"name":"SoundPlayerService","sloc":56,"wmc":7},{"name":"ImageService","sloc":146,"wmc":29},{"name":"ExecutionStateService","sloc":82,"wmc":13},{"name":"FieldHistoricalService","sloc":820,"wmc":185},{"name":"DataCheckingService","sloc":539,"wmc":118},{"name":"SuspendedActivityAndTaskService","sloc":81,"wmc":19},{"name":"VideoService","sloc":80,"wmc":11},{"name":"SyncPackageService","sloc":22,"wmc":4},{"name":"HeaderService","sloc":94,"wmc":27},{"name":"CustomThemeService","sloc":82,"wmc":20},{"name":"DeletedTaskService","sloc":9,"wmc":1},{"name":"ItemGroupService","sloc":113,"wmc":27},{"name":"SaveAndRestoreUmovContext","sloc":684,"wmc":148},{"name":"SyncHeaderService","sloc":75,"wmc":12},{"name":"TaskExecutionStateService","sloc":208,"wmc":48},{"name":"TaskGPSStateService","sloc":191,"wmc":38},{"name":"FileSystemLogService","sloc":132,"wmc":27},{"name":"ClearDataService","sloc":164,"wmc":18},{"name":"ItemService","sloc":639,"wmc":165},{"name":"ItemsTagsService","sloc":43,"wmc":9},{"name":"Service","sloc":21,"wmc":5},{"name":"CustomFieldValueService","sloc":302,"wmc":74},{"name":"PicassoService","sloc":43,"wmc":10},{"name":"ItemMixService","sloc":25,"wmc":5},{"name":"TaskGPSExecutionService","sloc":196,"wmc":45},{"name":"SignUpSettingsService","sloc":15,"wmc":3},{"name":"InfoHistoricalService","sloc":118,"wmc":18},{"name":"LocationService","sloc":95,"wmc":20},{"name":"SmartPushService","sloc":84,"wmc":9},{"name":"CheckInCheckOutDataService","sloc":33,"wmc":6},{"name":"FacebookService","sloc":25,"wmc":6},{"name":"TaskConferenceService","sloc":8,"wmc":1},{"name":"MessageService","sloc":30,"wmc":6},{"name":"SystemParametersService","sloc":215,"wmc":41},{"name":"ExecutionExpressionsFromItemsListService","sloc":169,"wmc":49},{"name":"LocationItemService","sloc":21,"wmc":4},{"name":"MediaHistoricalService","sloc":431,"wmc":91},{"name":"RealimentationService","sloc":162,"wmc":47},{"name":"DataService","sloc":149,"wmc":44},{"name":"LocationQueryForNewTaskService","sloc":11,"wmc":2},{"name":"DuplicatedTaskHistoricalService","sloc":27,"wmc":3},{"name":"ConfirmReadMessageService","sloc":19,"wmc":3},{"name":"MultimediaLinksService","sloc":677,"wmc":128},{"name":"SectionItemService","sloc":19,"wmc":3},{"name":"ActivityLocationMixService","sloc":19,"wmc":3},{"name":"ActivityTypeService","sloc":85,"wmc":18},{"name":"ActivityHistoricalService","sloc":204,"wmc":46},{"name":"FeatureToggleService","sloc":223,"wmc":70},{"name":"WorkingJourneyService","sloc":197,"wmc":50},{"name":"WebRouterService","sloc":184,"wmc":39},{"name":"ValueExpressionService","sloc":38,"wmc":10},{"name":"CrudService","sloc":69,"wmc":19},{"name":"TaskExecutionHistoricalService","sloc":85,"wmc":17},{"name":"TaskFieldService","sloc":122,"wmc":26},{"name":"LocationFieldService","sloc":518,"wmc":146},{"name":"SyncService","sloc":42,"wmc":7}]},{"name":"com.trevisan.umovandroid.service.larepublica","children":[{"name":"DataCheckingServiceCurrent","sloc":357,"wmc":40}]},{"name":"com.trevisan.umovandroid.service.structuralfunction","children":[{"name":"StructuralFunctionRunnerService","sloc":37,"wmc":6}]},{"name":"com.trevisan.umovandroid.service.structuralfunction.scheduling","children":[{"name":"SchedulingService","sloc":37,"wmc":5},{"name":"SchedulingModel","sloc":52,"wmc":13}]},{"name":"com.trevisan.umovandroid.service.profile","children":[{"name":"ProfileService","sloc":100,"wmc":14}]},{"name":"com.trevisan.umovandroid.service.googlePlayServices","children":[{"name":"GettingGeocoordinateFromGooglePlayServices","sloc":56,"wmc":4}]},{"name":"com.trevisan.umovandroid.service.nonconformities","children":[{"name":"ControlNonconformityService","sloc":35,"wmc":11}]},{"name":"com.trevisan.umovandroid.service.gps","children":[{"name":"GpsTrackingGooglePlayServicesProvider","sloc":56,"wmc":7},{"name":"GpsTrackingProviderFactory","sloc":68,"wmc":17},{"name":"GpsTrackingProvider","sloc":188,"wmc":32},{"name":"GpsTrackingNativeApiProvider","sloc":70,"wmc":12}]},{"name":"com.trevisan.umovandroid.service.eca","children":[{"name":"EcaEventService","sloc":29,"wmc":5},{"name":"EcaService","sloc":101,"wmc":18},{"name":"ConnectorService","sloc":28,"wmc":4},{"name":"ActionService","sloc":21,"wmc":3}]},{"name":"com.trevisan.umovandroid.service.retroalimentation","children":[{"name":"TaskRetroalimentation","sloc":50,"wmc":9},{"name":"RecordIdAndItemId","sloc":24,"wmc":6},{"name":"AgentRetroalimentation","sloc":106,"wmc":27},{"name":"EntityUpdater","sloc":10,"wmc":5},{"name":"CustomEntityEntryRetroalimentation","sloc":221,"wmc":54},{"name":"ItemRetroalimentation","sloc":51,"wmc":9},{"name":"EntityRetroalimentationFactory","sloc":25,"wmc":6},{"name":"RetroalimentationPropertyStatus","sloc":17,"wmc":4},{"name":"LocationRetroalimentation","sloc":35,"wmc":6},{"name":"RetroalimentationService","sloc":90,"wmc":24},{"name":"EntityRetroalimentation","sloc":212,"wmc":48}]},{"name":"com.trevisan.umovandroid.service.payment","children":[{"name":"PaymentService","sloc":435,"wmc":78}]},{"name":"com.trevisan.umovandroid.service.api","children":[{"name":"AgentApiService","sloc":102,"wmc":25},{"name":"DownloadActivityHistoricalFromGraphQLService","sloc":294,"wmc":56},{"name":"ApiService","sloc":105,"wmc":27}]},{"name":"com.trevisan.umovandroid.service.downloadimagesentity","children":[{"name":"DownloadImagesTaskAfterSync","sloc":37,"wmc":8},{"name":"DownloadImagesEntityQueue","sloc":27,"wmc":6},{"name":"DownloadImagesEntityModel","sloc":18,"wmc":4},{"name":"DownloadImagesEntityAfterSyncService","sloc":51,"wmc":20},{"name":"DownloadImagesEntityRequester","sloc":100,"wmc":14},{"name":"DownloadImagesItemAfterSync","sloc":37,"wmc":8},{"name":"DownloadImagesEntityWorker","sloc":35,"wmc":6},{"name":"DownloadImagesItemGroupAfterSync","sloc":37,"wmc":8},{"name":"DownloadImagesAgentAfterSync","sloc":37,"wmc":8},{"name":"ResponseResultModel","sloc":17,"wmc":3},{"name":"DownloadImagesEntityExecutor","sloc":38,"wmc":10},{"name":"DownloadImagesSectionAfterSync","sloc":37,"wmc":8},{"name":"DownloadImagesMasterGroupAfterSync","sloc":37,"wmc":8},{"name":"DownloadImagesActivityTaskAfterSync","sloc":37,"wmc":8},{"name":"DownloadImagesLocationAfterSync","sloc":37,"wmc":8}]},{"name":"com.trevisan.umovandroid.geoposition","children":[{"name":"ActivityTaskGeoPositionRequester","sloc":133,"wmc":21},{"name":"ActivityGeoPositionRequesterOptionalRetry","sloc":53,"wmc":8},{"name":"GeoPositionRequester","sloc":266,"wmc":70},{"name":"ActivityGeoPositionRequesterRetryAfterFinish","sloc":103,"wmc":13},{"name":"GPSVerifierForActivityTaskExecution","sloc":78,"wmc":23},{"name":"ActivityGeoPositionRequesterMandatoryRetry","sloc":35,"wmc":5}]},{"name":"com.trevisan.umovandroid.imageloader","children":[{"name":"BitmapMemoryCache","sloc":64,"wmc":15},{"name":"DefaultImageLoaderDelegate","sloc":146,"wmc":29},{"name":"ImageLoader","sloc":302,"wmc":69},{"name":"ImageLoaderDelegate","sloc":11,"wmc":4},{"name":"ImageLoaderListener","sloc":6,"wmc":3}]},{"name":"com.trevisan.umovandroid.adapter","children":[{"name":"ActivitiesListAdapter","sloc":95,"wmc":18},{"name":"ListAdapterListener","sloc":5,"wmc":2},{"name":"SearchTaskAndLocationFieldsAdapter","sloc":46,"wmc":5},{"name":"QueryListAdapter","sloc":57,"wmc":7},{"name":"MasterGroupListAdapterNew","sloc":66,"wmc":10},{"name":"ActionListBaseAdapterInterface","sloc":5,"wmc":1},{"name":"CompletedHistoricalsAdapter","sloc":75,"wmc":9},{"name":"AlertDialogListAdapter","sloc":118,"wmc":20},{"name":"PhotoHistoricalListAdapterNew","sloc":48,"wmc":8},{"name":"CollectedItemListAdapterNew","sloc":28,"wmc":4},{"name":"TTUniqueListAdapter","sloc":60,"wmc":10},{"name":"SimpleOptionAdapter","sloc":98,"wmc":14},{"name":"ListItemOnlineQueryListAdapterNew","sloc":69,"wmc":8},{"name":"MenuAdapter","sloc":215,"wmc":35},{"name":"GenericListAdapterNew","sloc":231,"wmc":53},{"name":"ItemGroupListAdapterNew","sloc":73,"wmc":12},{"name":"DashboardsListAdapterNew","sloc":74,"wmc":12},{"name":"GuideListAdapterNew","sloc":52,"wmc":7},{"name":"TTSpinnerAdapter","sloc":40,"wmc":4},{"name":"TaskListAdapterNew","sloc":433,"wmc":81},{"name":"SectionListAdapterNew","sloc":89,"wmc":18},{"name":"TaskGridAdapterNew","sloc":206,"wmc":24},{"name":"ActivitiesListAdapterMD","sloc":77,"wmc":12},{"name":"SectionsAndConferenceAdapter","sloc":654,"wmc":106},{"name":"MessageListAdapter","sloc":110,"wmc":14},{"name":"CustomFieldValuesAdapter","sloc":46,"wmc":7},{"name":"ConversationMessageListAdapter","sloc":63,"wmc":8},{"name":"ItemListAdapterNew","sloc":158,"wmc":36}]},{"name":"com.trevisan.umovandroid.adapter.larepublica","children":[{"name":"TaskSectionHeaderViewHolder","sloc":17,"wmc":2},{"name":"TaskSectionCardFullImage","sloc":67,"wmc":8}]},{"name":"com.trevisan.umovandroid.adapter.materialdesign","children":[{"name":"ItemsAdapterForRecyclerViewMD","sloc":845,"wmc":137},{"name":"ItemsTagsAdapterMD","sloc":85,"wmc":11},{"name":"ItemsAdapterForViewPagerMD","sloc":164,"wmc":25},{"name":"TaskFragmentStatePagerAdapter","sloc":28,"wmc":5},{"name":"SectionsAdapterMD","sloc":128,"wmc":17},{"name":"TasksOnScrollListener","sloc":16,"wmc":3},{"name":"TasksAdapterMD","sloc":480,"wmc":100}]},{"name":"com.trevisan.umovandroid.component","children":[{"name":"TTTimeNew","sloc":129,"wmc":20},{"name":"TTLinearDistance","sloc":258,"wmc":45},{"name":"DatasetColumnOrderOrShuffleOnListFieldManager","sloc":66,"wmc":12},{"name":"TTTime","sloc":162,"wmc":29},{"name":"TTDateTimePicker","sloc":129,"wmc":14},{"name":"GeocoordinateCaptureCallback","sloc":10,"wmc":6},{"name":"TTList","sloc":56,"wmc":12},{"name":"UMovReader","sloc":159,"wmc":29},{"name":"TTMultipleListAsGridView","sloc":103,"wmc":19},{"name":"TTLogic","sloc":188,"wmc":34},{"name":"TTLabelNew","sloc":27,"wmc":5},{"name":"TTAudioRecorder","sloc":404,"wmc":58},{"name":"CodeAndDescription","sloc":65,"wmc":12},{"name":"TTTextBoxNew","sloc":183,"wmc":31},{"name":"TTLabel","sloc":120,"wmc":26},{"name":"TTDate","sloc":159,"wmc":26},{"name":"TTComponent","sloc":510,"wmc":134},{"name":"TTSection","sloc":100,"wmc":19},{"name":"TTImage","sloc":171,"wmc":39},{"name":"GettingGeocoordinate","sloc":224,"wmc":36},{"name":"ComponentsFactory","sloc":174,"wmc":57},{"name":"TTRankingList","sloc":182,"wmc":38},{"name":"TTVideoRecorder","sloc":207,"wmc":34},{"name":"TTUniqueListNew","sloc":119,"wmc":21},{"name":"ItemsAndTasksSearchManagerMD","sloc":270,"wmc":33},{"name":"TTGeocoordinateNew","sloc":340,"wmc":61},{"name":"TTQualification","sloc":841,"wmc":101},{"name":"TTFocusAnimationView","sloc":112,"wmc":22},{"name":"TTImageNew","sloc":272,"wmc":30},{"name":"TTTextBox","sloc":455,"wmc":144},{"name":"TTDocument","sloc":145,"wmc":26},{"name":"TTDateNew","sloc":100,"wmc":14},{"name":"TTUniqueList","sloc":250,"wmc":62},{"name":"TTMultipleList","sloc":375,"wmc":88}]},{"name":"com.trevisan.umovandroid.component.multimedia","children":[{"name":"TTMultiMediaPDFNew","sloc":54,"wmc":7},{"name":"TTMultiMediaXML","sloc":27,"wmc":6},{"name":"TTMultiMediaURL","sloc":24,"wmc":5},{"name":"TTMultiMediaImageNew","sloc":168,"wmc":29},{"name":"TTMultiMediaAudioNew","sloc":27,"wmc":4},{"name":"TTMultiMediaCarousel","sloc":210,"wmc":34},{"name":"TTMultiMediaURLNew","sloc":62,"wmc":12},{"name":"TTMultiMediaImage","sloc":44,"wmc":7},{"name":"TTMultiMedia","sloc":174,"wmc":33},{"name":"TTMultimediaOthersMediaTypes","sloc":69,"wmc":11},{"name":"TTMultiMediaWebNew","sloc":141,"wmc":26},{"name":"TTMultiMediaWeb","sloc":56,"wmc":17},{"name":"TTMultiMediaXMLNew","sloc":74,"wmc":12},{"name":"TTMultiMediaFactory","sloc":26,"wmc":8},{"name":"TTMultiMediaNew","sloc":14,"wmc":2},{"name":"TTMultiMediaVideoNew","sloc":27,"wmc":4}]},{"name":"com.trevisan.umovandroid.component.additionalsettings","children":[{"name":"AdditionalSettingsAddressField","sloc":204,"wmc":57},{"name":"AdditionalSettingsMultimediaXMLField","sloc":17,"wmc":4}]},{"name":"com.trevisan.umovandroid.component.chromecustomtabs","children":[{"name":"ChromeServiceConnectionCallback","sloc":6,"wmc":2},{"name":"TTChromeCustomTab","sloc":82,"wmc":13},{"name":"ChromeServiceConnection","sloc":23,"wmc":5}]},{"name":"com.trevisan.umovandroid.component.address","children":[{"name":"SuggestedAddressAdapter","sloc":103,"wmc":18},{"name":"ViaCepApiAsyncTask","sloc":39,"wmc":4},{"name":"ActionLoadAddressFromGeocoordinates","sloc":83,"wmc":12},{"name":"TTAddress","sloc":242,"wmc":35},{"name":"GeocoderAsyncTaskByGeocoordinate","sloc":21,"wmc":3},{"name":"ActionConfirmAddress","sloc":128,"wmc":29},{"name":"ActivityAddressSectionField","sloc":405,"wmc":70},{"name":"GeocoderAsyncTaskByAddress","sloc":31,"wmc":6},{"name":"UMovAddress","sloc":128,"wmc":34}]},{"name":"com.trevisan.umovandroid.component.input","children":[{"name":"AnyTypeInputMethod","sloc":56,"wmc":8},{"name":"BarcodeScanner","sloc":107,"wmc":24},{"name":"NFCReader","sloc":109,"wmc":23},{"name":"QRDroidZapper","sloc":29,"wmc":4},{"name":"BarCodeInputMethod","sloc":56,"wmc":8},{"name":"ScanditScanner","sloc":94,"wmc":26},{"name":"InputMethodInterface","sloc":8,"wmc":4},{"name":"ReadingDeviceInputMethod","sloc":56,"wmc":8},{"name":"DefaultInputMethod","sloc":34,"wmc":6},{"name":"NFCInputMethod","sloc":38,"wmc":7},{"name":"InputMethodFactory","sloc":51,"wmc":16},{"name":"QRCodeInputMethod","sloc":58,"wmc":9}]},{"name":"com.trevisan.umovandroid.component.input.cognex","children":[{"name":"CognexScanner","sloc":116,"wmc":31},{"name":"ActivityCognexScanner","sloc":47,"wmc":8}]},{"name":"com.trevisan.umovandroid.component.filter","children":[{"name":"LoginUserInputFilter","sloc":13,"wmc":3},{"name":"LoginWorkspaceInputFilter","sloc":13,"wmc":3}]},{"name":"com.trevisan.umovandroid.component.materialdesign","children":[{"name":"SubgroupsHorizontalScrollView","sloc":92,"wmc":15},{"name":"UpdateViewFromHorizontalScrollViewInterface","sloc":7,"wmc":2},{"name":"ActivitiesTasksHorizontalScrollView","sloc":113,"wmc":21},{"name":"UMovHorizontalScrollView","sloc":85,"wmc":17}]},{"name":"com.trevisan.umovandroid.component.duration","children":[{"name":"TTChronometer","sloc":238,"wmc":44},{"name":"TTDuration","sloc":171,"wmc":42}]},{"name":"com.trevisan.umovandroid.model.larepublica","children":[{"name":"ExpandableViewRelationship","sloc":60,"wmc":17},{"name":"CheckDataButton","sloc":64,"wmc":13}]},{"name":"com.trevisan.umovandroid.model","children":[{"name":"MenuItem","sloc":72,"wmc":19},{"name":"Login","sloc":84,"wmc":21},{"name":"CustomSelectCriteriaItemClauseOrderByModel","sloc":31,"wmc":8},{"name":"NewTaskConfirmation","sloc":53,"wmc":14},{"name":"SyncResult","sloc":57,"wmc":16},{"name":"EntityUpdaterByFieldHistorical","sloc":15,"wmc":5},{"name":"Listable","sloc":12,"wmc":7},{"name":"GeoPositionHistorical","sloc":181,"wmc":50},{"name":"DataResult","sloc":63,"wmc":18},{"name":"DuplicatedTaskHistorical","sloc":31,"wmc":8},{"name":"TimeWorkIntervals","sloc":67,"wmc":18},{"name":"TaskActivityTaskRelationship","sloc":52,"wmc":14},{"name":"WorkingJourney","sloc":117,"wmc":32},{"name":"TraveledDistance","sloc":45,"wmc":12},{"name":"Guide","sloc":15,"wmc":3},{"name":"UMovTroublesOnExecutionLog","sloc":25,"wmc":6},{"name":"MediaSyncResult","sloc":45,"wmc":11},{"name":"ActivityLocationMix","sloc":31,"wmc":8},{"name":"MobileParameters","sloc":89,"wmc":22},{"name":"SyncCounterAndVerbas","sloc":17,"wmc":4},{"name":"MediaSyncStatus","sloc":47,"wmc":12},{"name":"SectionItemGroup","sloc":24,"wmc":6},{"name":"SimpleModelFromFieldHistorical","sloc":24,"wmc":6},{"name":"WhatsAppMessageData","sloc":17,"wmc":4},{"name":"ActivityTask","sloc":492,"wmc":131},{"name":"MasterGroup","sloc":72,"wmc":20},{"name":"Idiom","sloc":15,"wmc":4},{"name":"LocationType","sloc":17,"wmc":4},{"name":"PhotoTip","sloc":17,"wmc":4},{"name":"SearchTaskAndLocationField","sloc":54,"wmc":13},{"name":"SectionFieldAnswersOnListItems","sloc":41,"wmc":11},{"name":"ItemTag","sloc":21,"wmc":5},{"name":"AdditionalItemInfo","sloc":38,"wmc":10},{"name":"BusinessResponseProcessResult","sloc":33,"wmc":8},{"name":"ItemMix","sloc":31,"wmc":8},{"name":"CardObject","sloc":48,"wmc":12},{"name":"LocationQueryResult","sloc":90,"wmc":22},{"name":"ActivityHistorical","sloc":218,"wmc":62},{"name":"InfoHistorical","sloc":138,"wmc":38},{"name":"TaskExecutionHistorical","sloc":55,"wmc":14},{"name":"Item","sloc":210,"wmc":55},{"name":"AnswersFromValueExpressionsToSectionFieldsOnItemsList","sloc":66,"wmc":18},{"name":"ActivityListContentElement","sloc":16,"wmc":4},{"name":"LocationField","sloc":156,"wmc":32},{"name":"LocationItem","sloc":24,"wmc":6},{"name":"Task","sloc":439,"wmc":120},{"name":"ViaCepAddress","sloc":66,"wmc":18},{"name":"MediaHistorical","sloc":105,"wmc":27},{"name":"CustomEntityMultipleFilter","sloc":72,"wmc":20},{"name":"ActivityType","sloc":149,"wmc":40},{"name":"DeviceChangedStatus","sloc":22,"wmc":4},{"name":"LocationFieldValue","sloc":30,"wmc":7},{"name":"GeneralStatusAndMessage","sloc":23,"wmc":6},{"name":"MultimediaLinks","sloc":38,"wmc":10},{"name":"Agent","sloc":488,"wmc":121},{"name":"ItemGroup","sloc":73,"wmc":20},{"name":"SuspendedActivityAndTask","sloc":38,"wmc":10},{"name":"TaskField","sloc":81,"wmc":17},{"name":"GeocoordinateCapturePolicy","sloc":51,"wmc":11},{"name":"TaskItem","sloc":24,"wmc":6},{"name":"Message","sloc":61,"wmc":16},{"name":"Section","sloc":448,"wmc":116},{"name":"BusinessResponse","sloc":19,"wmc":4},{"name":"TaskGPSExecutionAlertData","sloc":62,"wmc":14},{"name":"StateButtonPlusOptions","sloc":27,"wmc":6},{"name":"TaskExecutionState","sloc":38,"wmc":10},{"name":"CustomFieldObject","sloc":62,"wmc":14},{"name":"TaskGPSState","sloc":90,"wmc":24},{"name":"Language","sloc":23,"wmc":6},{"name":"SectionItem","sloc":38,"wmc":10},{"name":"TaskIdChange","sloc":17,"wmc":4},{"name":"FilterOperatorInModel","sloc":20,"wmc":5},{"name":"LoginNFCData","sloc":38,"wmc":8},{"name":"ReadBytesResult","sloc":38,"wmc":10},{"name":"GeoPosition","sloc":57,"wmc":13},{"name":"TaskButtonData","sloc":19,"wmc":4},{"name":"Dashboard","sloc":35,"wmc":7},{"name":"AncestorActivityTask","sloc":25,"wmc":6},{"name":"BaseEntity","sloc":14,"wmc":2},{"name":"ActivityListContent","sloc":103,"wmc":28},{"name":"SystemParameters","sloc":1252,"wmc":345},{"name":"FieldHistorical","sloc":340,"wmc":92},{"name":"FieldsPage","sloc":23,"wmc":5},{"name":"Location","sloc":487,"wmc":133},{"name":"ValidationResult","sloc":50,"wmc":14},{"name":"MessageHistorical","sloc":47,"wmc":12},{"name":"FeatureToggle","sloc":532,"wmc":129},{"name":"SyncPackage","sloc":13,"wmc":2},{"name":"ItemIdAndGroupingDuplicatedItem","sloc":17,"wmc":4},{"name":"LoginSettings","sloc":87,"wmc":24},{"name":"ItemQuery","sloc":20,"wmc":5},{"name":"SyncHeader","sloc":135,"wmc":36},{"name":"TaskExceededExecutionTime","sloc":24,"wmc":6},{"name":"ChronometerTime","sloc":81,"wmc":18},{"name":"ConversationMessage","sloc":32,"wmc":8},{"name":"ConfirmReadMessage","sloc":27,"wmc":6},{"name":"ExecutionState","sloc":54,"wmc":14},{"name":"CheckInCheckOutData","sloc":45,"wmc":12},{"name":"EnabledActivity","sloc":16,"wmc":3},{"name":"LocationQueryForNewTask","sloc":51,"wmc":12},{"name":"SimpleOptionModel","sloc":53,"wmc":14},{"name":"WriteFileResult","sloc":24,"wmc":6},{"name":"LocationDataHistorical","sloc":32,"wmc":8},{"name":"DeletedTask","sloc":17,"wmc":4},{"name":"ValueChangedType","sloc":19,"wmc":4},{"name":"Field","sloc":546,"wmc":136}]},{"name":"com.trevisan.umovandroid.model.onlinequery","children":[{"name":"ListItemOnlineQuery","sloc":59,"wmc":15},{"name":"ResultTypeOnlineQuery","sloc":42,"wmc":9},{"name":"FormOnlineQuery","sloc":10,"wmc":2}]},{"name":"com.trevisan.umovandroid.model.sync","children":[{"name":"SyncOptions","sloc":11,"wmc":2}]},{"name":"com.trevisan.umovandroid.model.executionsondashboard","children":[{"name":"Props","sloc":17,"wmc":4},{"name":"Filters","sloc":17,"wmc":4},{"name":"ExecutionOnDashboard","sloc":17,"wmc":4}]},{"name":"com.trevisan.umovandroid.model.interfaces","children":[{"name":"AutoIncrementIndex","sloc":5,"wmc":2}]},{"name":"com.trevisan.umovandroid.model.saveAndRestoreContext","children":[{"name":"ComponentAnswerData","sloc":34,"wmc":8}]},{"name":"com.trevisan.umovandroid.model.hidebyexpressionvalidation","children":[{"name":"EntityHideByValidationExpression","sloc":29,"wmc":8}]},{"name":"com.trevisan.umovandroid.model.eca.binder","children":[{"name":"MobileAppearanceBinder","sloc":18,"wmc":3},{"name":"GenericEcaBinder","sloc":52,"wmc":8},{"name":"ActivityHistoryItemBinder","sloc":106,"wmc":15},{"name":"SectionFieldBinder","sloc":14,"wmc":1},{"name":"LocationBinder","sloc":54,"wmc":1},{"name":"SectionBinder","sloc":11,"wmc":1},{"name":"ItemBinder","sloc":11,"wmc":1},{"name":"AgentBinder","sloc":14,"wmc":2},{"name":"ActivityHistoricalBinder","sloc":27,"wmc":3},{"name":"TaskBinder","sloc":26,"wmc":1},{"name":"ActivityBinder","sloc":11,"wmc":1}]},{"name":"com.trevisan.umovandroid.model.eca","children":[{"name":"ConnectorImpl","sloc":230,"wmc":65},{"name":"EcaByFieldEvent","sloc":9,"wmc":1},{"name":"ActionImpl","sloc":53,"wmc":14},{"name":"Action","sloc":52,"wmc":14},{"name":"EcaDefaultResult","sloc":17,"wmc":4},{"name":"EcaContext","sloc":51,"wmc":12},{"name":"AuthorizationData","sloc":24,"wmc":6},{"name":"ActionByField","sloc":9,"wmc":1},{"name":"EcaEvent","sloc":45,"wmc":12}]},{"name":"com.trevisan.umovandroid.model.sectionsandconference","children":[{"name":"ItemConference","sloc":34,"wmc":7},{"name":"SectionConference","sloc":47,"wmc":11}]},{"name":"com.trevisan.umovandroid.model.retroalimentation","children":[{"name":"Retroalimentation","sloc":62,"wmc":16},{"name":"RetroalimentationFields","sloc":50,"wmc":12},{"name":"RetroalimentationCriteria","sloc":45,"wmc":12},{"name":"Operation","sloc":37,"wmc":9}]},{"name":"com.trevisan.umovandroid.model.webrouter","children":[{"name":"WebRouterAgent","sloc":38,"wmc":10},{"name":"WebRouterSchedule","sloc":38,"wmc":10},{"name":"WebRouter","sloc":32,"wmc":8},{"name":"WebRouterSettings","sloc":52,"wmc":14},{"name":"WebRouterServiceLocal","sloc":31,"wmc":8}]},{"name":"com.trevisan.umovandroid.model.payment","children":[{"name":"PaymentError","sloc":24,"wmc":6},{"name":"PaymentValue","sloc":31,"wmc":8},{"name":"PaymentTokenResult","sloc":31,"wmc":8},{"name":"Split","sloc":31,"wmc":8},{"name":"Payment","sloc":32,"wmc":8}]},{"name":"com.trevisan.umovandroid.model.settingsproperties","children":[{"name":"FieldSettingsForProperties","sloc":29,"wmc":8},{"name":"SignUpSettings","sloc":274,"wmc":59},{"name":"SettingsProperties","sloc":479,"wmc":111}]},{"name":"com.trevisan.umovandroid.model.api","children":[{"name":"ApiResult","sloc":45,"wmc":10}]},{"name":"com.trevisan.umovandroid.dao","children":[{"name":"DashboardDAO","sloc":33,"wmc":5},{"name":"ConfirmReadMessageDAO","sloc":41,"wmc":7},{"name":"MasterGroupDAO","sloc":55,"wmc":9},{"name":"TimeWorkIntervalsDAO","sloc":47,"wmc":6},{"name":"TaskExecutionStateDAO","sloc":33,"wmc":4},{"name":"LocationTypeDAO","sloc":27,"wmc":4},{"name":"TaskExceededExecutionTimeDAO","sloc":42,"wmc":7},{"name":"CustomFieldDAO","sloc":118,"wmc":18},{"name":"ConversationMessageDAO","sloc":47,"wmc":8},{"name":"TaskExecutionHistoricalDAO","sloc":89,"wmc":18},{"name":"SuspendedActivityAndTaskDAO","sloc":55,"wmc":9},{"name":"TaskConferenceDAO","sloc":25,"wmc":5},{"name":"InfoHistoricalDAO","sloc":75,"wmc":8},{"name":"ValidationExpressionDAO","sloc":117,"wmc":20},{"name":"SectionDAO","sloc":110,"wmc":6},{"name":"ExecutionStateDAO","sloc":41,"wmc":5},{"name":"AgentDAO","sloc":143,"wmc":9},{"name":"LocationItemDAO","sloc":36,"wmc":7},{"name":"ItemGroupDAO","sloc":77,"wmc":15},{"name":"TaskGPSStateDAO","sloc":55,"wmc":7},{"name":"ActivityTaskDAO","sloc":226,"wmc":40},{"name":"FeatureToggleDAO","sloc":33,"wmc":6},{"name":"MediaHistoricalDAO","sloc":100,"wmc":15},{"name":"SectionItemGroupDAO","sloc":33,"wmc":5},{"name":"SystemParametersDAO","sloc":419,"wmc":15},{"name":"AncestorActivityTaskDAO","sloc":41,"wmc":7},{"name":"DuplicatedTaskHistoricalDAO","sloc":36,"wmc":5},{"name":"MessageHistoricalDAO","sloc":44,"wmc":6},{"name":"ItemsTagsDAO","sloc":56,"wmc":9},{"name":"CustomFieldValueDAO","sloc":100,"wmc":28},{"name":"CheckInCheckOutDataDAO","sloc":35,"wmc":4},{"name":"MediaHistoricalReadyToBeSentDAO","sloc":77,"wmc":8},{"name":"GeocoordinateCapturePolicyDAO","sloc":35,"wmc":5},{"name":"LocationFieldValueDAO","sloc":37,"wmc":6},{"name":"LocationFieldDAO","sloc":45,"wmc":7},{"name":"FieldDAO","sloc":222,"wmc":26},{"name":"ActivityHistoricalReadyToBeSentDAO","sloc":94,"wmc":14},{"name":"ItemDAO","sloc":501,"wmc":113},{"name":"WorkingJourneyReadyToBeSentDAO","sloc":73,"wmc":8},{"name":"ValueExpressionDAO","sloc":82,"wmc":12},{"name":"TaskItemDAO","sloc":36,"wmc":7},{"name":"LanguageDAO","sloc":27,"wmc":4},{"name":"LocationDAO","sloc":191,"wmc":12},{"name":"EnabledActivityDAO","sloc":31,"wmc":5},{"name":"CustomEntityDAO","sloc":33,"wmc":5},{"name":"TaskActivityTaskRelationshipDAO","sloc":139,"wmc":28},{"name":"MultimediaLinksDAO","sloc":37,"wmc":5},{"name":"ActivityTypeDAO","sloc":87,"wmc":9},{"name":"FieldHistoricalReadyToBeSentDAO","sloc":152,"wmc":17},{"name":"ActivityLocationMixDAO","sloc":41,"wmc":7},{"name":"WorkingJourneyDAO","sloc":79,"wmc":10},{"name":"DAO","sloc":547,"wmc":116},{"name":"SyncPackageDAO","sloc":43,"wmc":8},{"name":"ItemMixDAO","sloc":62,"wmc":10},{"name":"LocationDataHistoricalDAO","sloc":154,"wmc":10},{"name":"GeoPositionHistoricalDAO","sloc":144,"wmc":24},{"name":"CustomThemeDAO","sloc":29,"wmc":4},{"name":"CustomEntityEntryDAO","sloc":293,"wmc":64},{"name":"DeletedTaskDAO","sloc":31,"wmc":5},{"name":"ActivityHistoricalDAO","sloc":129,"wmc":19},{"name":"VersionDAO","sloc":22,"wmc":4},{"name":"MessageDAO","sloc":49,"wmc":9},{"name":"TaskFieldDAO","sloc":31,"wmc":4},{"name":"TaskDAO","sloc":585,"wmc":91},{"name":"MobileParametersDAO","sloc":53,"wmc":6},{"name":"SectionItemDAO","sloc":37,"wmc":5},{"name":"AdditionalItemInfoDAO","sloc":36,"wmc":5},{"name":"FieldHistoricalDAO","sloc":302,"wmc":58}]},{"name":"com.trevisan.umovandroid.dao.eca","children":[{"name":"ActionDAO","sloc":45,"wmc":6},{"name":"EcaEventDAO","sloc":41,"wmc":5},{"name":"ConnectorDAO","sloc":82,"wmc":4}]},{"name":"com.trevisan.umovandroid.dao.customcriteria","children":[{"name":"CustomSelectCriteriaItemGroupLinkedByMix","sloc":14,"wmc":1},{"name":"CustomSelectCriteriaItemGroupLinkedByItems","sloc":14,"wmc":1},{"name":"CustomSelectCriteriaItemGroupLinkedBySubgroup","sloc":14,"wmc":1},{"name":"CustomCriteriaItem","sloc":145,"wmc":37},{"name":"CustomSelectCriteriaItem","sloc":13,"wmc":2},{"name":"CustomSelectCriteriaItemLinkedByMix","sloc":52,"wmc":8},{"name":"CustomSelectCriteriaItemLinkedBySubgroup","sloc":34,"wmc":5},{"name":"CustomSelectCriteriaItemLinkedByItems","sloc":43,"wmc":6},{"name":"SqlStatement","sloc":24,"wmc":5},{"name":"CustomSelectCriteriaLinkedByAllItems","sloc":59,"wmc":10},{"name":"ValidationExpressionWhenShowItemsCriteria","sloc":381,"wmc":92},{"name":"CustomCountCriteriaItem","sloc":131,"wmc":31},{"name":"CustomSelectCriteriaItemFactory","sloc":19,"wmc":4},{"name":"CustomSelectCriteriaItemGroup","sloc":23,"wmc":6},{"name":"CustomSelectCriteriaItemGroupFactory","sloc":13,"wmc":4},{"name":"CustomSelectCriteriaItemGroupLinkedByAllItems","sloc":17,"wmc":2}]},{"name":"com.trevisan.umovandroid.dao.listener","children":[{"name":"CreateListener","sloc":5,"wmc":2},{"name":"DeletionListener","sloc":8,"wmc":4}]},{"name":"com.trevisan.umovandroid.imagemanager","children":[{"name":"ImageManagerWithUri","sloc":50,"wmc":8},{"name":"ImageManagerFactory","sloc":34,"wmc":9},{"name":"ImageManagerForEmbeddedCamera","sloc":39,"wmc":7},{"name":"ImageManagerWithTempImagePath","sloc":52,"wmc":8},{"name":"ImageManager","sloc":161,"wmc":35}]},{"name":"com.trevisan.umovandroid.action","children":[{"name":"ActionStemac","sloc":477,"wmc":70},{"name":"ActionBackFromWebCreateScheduling","sloc":26,"wmc":6},{"name":"ActionQuitFieldsScreen","sloc":380,"wmc":90},{"name":"ActionSendDataWhenChangeUserFromAnotherApp","sloc":58,"wmc":3},{"name":"ActionExecuteItemsGroupMD","sloc":23,"wmc":3},{"name":"ActionCaptureMandatoryGPS","sloc":46,"wmc":5},{"name":"ActionResult","sloc":110,"wmc":29},{"name":"ActionDownloadOthersMediaTypes","sloc":32,"wmc":6},{"name":"ActionExecuteActivityTaskStemac","sloc":119,"wmc":42},{"name":"ActionShowFilteredItems","sloc":58,"wmc":9},{"name":"ActionActivityFieldsValidate","sloc":156,"wmc":33},{"name":"ActionLoadPhotoHistorical","sloc":27,"wmc":4},{"name":"ActionLogoff","sloc":59,"wmc":9},{"name":"ActionList","sloc":92,"wmc":24},{"name":"ActionGetAndShareOnlineQueryResult","sloc":51,"wmc":4},{"name":"ActionGoToSectionBeforeSelectItemOfAnotherSectionBySectionFieldType","sloc":24,"wmc":4},{"name":"ActionEditSectionFromSectionAndConferenceScreen","sloc":32,"wmc":5},{"name":"ActionSelectTaskFromNavigationDrawer","sloc":34,"wmc":6},{"name":"ActionActivityFieldsSaveAndFinalizeActivity","sloc":11,"wmc":2},{"name":"ActionSendWhatsAppMessage","sloc":35,"wmc":6},{"name":"ActionTaskGPSExecutionAlertDontExecute","sloc":52,"wmc":8},{"name":"ActionVerifyGeoLocationProvidersListener","sloc":5,"wmc":2},{"name":"ActionConfirmPasswordToTurnOnBlueGreenMode","sloc":51,"wmc":7},{"name":"ActionActivityLoginTests","sloc":250,"wmc":33},{"name":"ActionShowAboutNFC","sloc":18,"wmc":4},{"name":"ActionGoToNextMandatorySection","sloc":28,"wmc":3},{"name":"ActionActivityDrawSave","sloc":46,"wmc":6},{"name":"ActionRestartAppAfterAndroidRestoreContext","sloc":26,"wmc":4},{"name":"ActionRequestSync","sloc":31,"wmc":8},{"name":"ActionConfirmDownloadApk","sloc":54,"wmc":10},{"name":"ActionSendNewTaskConfirmation","sloc":82,"wmc":13},{"name":"ActionActivityItemGroupsBack","sloc":33,"wmc":4},{"name":"ActionSearchItems","sloc":127,"wmc":13},{"name":"ActionDeletePhotoHistorical","sloc":38,"wmc":6},{"name":"ActionMessage","sloc":105,"wmc":28},{"name":"ActionActivityCameraTakePhoto","sloc":39,"wmc":6},{"name":"ActionSearchItemsMD","sloc":123,"wmc":26},{"name":"ActionActivityItemsMDBack","sloc":40,"wmc":7},{"name":"ActionActivityTasksAddNewTask","sloc":16,"wmc":2},{"name":"ActionShowOnlyItemsWithAdditionalInfo","sloc":54,"wmc":8},{"name":"ActionBindWithFacebookSession","sloc":64,"wmc":10},{"name":"ActionDownloadUmovPrinter","sloc":21,"wmc":4},{"name":"ActionActivityGoToOtherSectionAndCancelItem","sloc":13,"wmc":2},{"name":"ActionActivityCreateNewTask","sloc":97,"wmc":19},{"name":"ActionStemacExit","sloc":29,"wmc":3},{"name":"ActionActivityCheckDataBack","sloc":68,"wmc":13},{"name":"ActionActivityFieldsNextPage","sloc":20,"wmc":3},{"name":"ActionExecuteMasterGroup","sloc":74,"wmc":11},{"name":"ActionBackToActivities","sloc":27,"wmc":4},{"name":"ActionDownloadSendSMSService","sloc":24,"wmc":4},{"name":"ActionShowMedia","sloc":65,"wmc":12},{"name":"ActionCancelItem","sloc":243,"wmc":54},{"name":"ActionLoadDataManagementPanel","sloc":51,"wmc":7},{"name":"ActionExecuteItemFromSectionsAndConference","sloc":28,"wmc":4},{"name":"ActionResendSMSAuthentication","sloc":76,"wmc":7},{"name":"ActionDowntime","sloc":36,"wmc":5},{"name":"ActionActivityFieldsBackToPreviousPage","sloc":38,"wmc":6},{"name":"ActionSelectActivityTask","sloc":152,"wmc":33},{"name":"ActionViewCustomField","sloc":26,"wmc":3},{"name":"ActionPhotoFlow","sloc":23,"wmc":3},{"name":"DialogDismissBehaviorOnActivityFields","sloc":70,"wmc":10},{"name":"ActionResetApp","sloc":29,"wmc":4},{"name":"ActionShowTaskGPSExecutionAlert","sloc":16,"wmc":4},{"name":"ActionActivityGuideSelect","sloc":52,"wmc":3},{"name":"ActionFlowWhenUMovWasOpennedFromAnotherApp","sloc":98,"wmc":15},{"name":"ActionExecuteItemsGroup","sloc":165,"wmc":28},{"name":"ActionShowMasterGroupsMD","sloc":26,"wmc":4},{"name":"ActionActivitySignUpWithFacebookOk","sloc":186,"wmc":39},{"name":"ActionShareDataAsPrint","sloc":38,"wmc":6},{"name":"ActionManageSyncOptionsAfterFinalizeActivity","sloc":119,"wmc":23},{"name":"ActionValidationsBeforeSelectTask","sloc":50,"wmc":8},{"name":"ActionSaveSectionFieldsEditionsFromItemList","sloc":141,"wmc":18},{"name":"ActionPlayVideoOnAndroidVideoPlayer","sloc":34,"wmc":4},{"name":"ActionProcessCreateSchedulingResult","sloc":19,"wmc":4},{"name":"ActionShowSearchTaskAndLocationFields","sloc":85,"wmc":9},{"name":"ActionExecuteTask","sloc":176,"wmc":25},{"name":"ActionTTImagePhotoOrDrawButton","sloc":64,"wmc":14},{"name":"ActionGetAndShareMultimediaXML","sloc":43,"wmc":5},{"name":"ActionRetryGPSCaptureYes","sloc":60,"wmc":8},{"name":"ActionSaveSearchTaskAndLocationFields","sloc":48,"wmc":8},{"name":"ActionCancelSection","sloc":45,"wmc":7},{"name":"ActionKeyboardLayout","sloc":38,"wmc":4},{"name":"ActionAttachOrViewDocument","sloc":34,"wmc":5},{"name":"ActionValidadeActivityShareData","sloc":20,"wmc":4},{"name":"ActionActivityChangePasswordOk","sloc":119,"wmc":19},{"name":"ActionSyncResponseMessages","sloc":20,"wmc":4},{"name":"ActionShowSyncPhotoInformation","sloc":18,"wmc":2},{"name":"ActionActivityFieldsFinalizeActivity","sloc":80,"wmc":17},{"name":"ActionLoadDashboards","sloc":34,"wmc":4},{"name":"ActionExecuteMasterGroupMD","sloc":34,"wmc":5},{"name":"ActionManageCollectedItemsViewMode","sloc":111,"wmc":18},{"name":"ActionActivityLocationEditOk","sloc":182,"wmc":39},{"name":"ActionActivityFieldsFinalizeActivityWithoutSave","sloc":14,"wmc":2},{"name":"ActionFinalizeActivityTask4CheckOptionalGpsRetry","sloc":182,"wmc":44},{"name":"ActionExecuteItem","sloc":241,"wmc":43},{"name":"ActionShowTasks","sloc":110,"wmc":23},{"name":"ActionActivityItemsSearchResultBack","sloc":33,"wmc":7},{"name":"ActionSelectTask","sloc":147,"wmc":23},{"name":"ActionApplyItemsTagsFilter","sloc":62,"wmc":11},{"name":"ActionEditLocation","sloc":67,"wmc":8},{"name":"ActionVerifyGeoLocationProviders","sloc":122,"wmc":27},{"name":"ActionVerifyPermissions","sloc":38,"wmc":6},{"name":"ActionSelectPhotoHistoricalList","sloc":54,"wmc":2},{"name":"ActionExtractRecordsFromActivityTasks","sloc":130,"wmc":15},{"name":"ActionManageSharingConferenceData","sloc":57,"wmc":7},{"name":"ActionDownloadImage","sloc":30,"wmc":4},{"name":"ActionActivityTasksSearchByTaskDescriptionOrLocationAlternativeId","sloc":32,"wmc":5},{"name":"ActionProcessPaymentResult","sloc":60,"wmc":8},{"name":"ActionShowCompletedHistoricals","sloc":32,"wmc":5},{"name":"ActionOpenNewDraw","sloc":23,"wmc":4},{"name":"ActionManualSync","sloc":11,"wmc":1},{"name":"ActionGPSTestCancel","sloc":25,"wmc":4},{"name":"ActionActivitySignUpRegister","sloc":190,"wmc":31},{"name":"ActionActivityMenuQueries","sloc":19,"wmc":4},{"name":"ActionExecuteEcaBeforeFinalizeActivity","sloc":68,"wmc":14},{"name":"ActionBackToSections","sloc":47,"wmc":12},{"name":"ActionSelectItemGroupMD","sloc":49,"wmc":5},{"name":"ActionCreateTaskFragment","sloc":64,"wmc":9},{"name":"ActionActivityFieldsSave","sloc":93,"wmc":14},{"name":"ActionShowFields","sloc":439,"wmc":102},{"name":"ActionDeprecatedDeviceFlow","sloc":29,"wmc":4},{"name":"ActionShowImageOnAndroidImageViewer","sloc":41,"wmc":6},{"name":"ActionAddNewLocationOrNewTask","sloc":46,"wmc":7},{"name":"ActionForgotMyPassword","sloc":67,"wmc":14},{"name":"ActionShowImageOnEditImageViewer","sloc":21,"wmc":4},{"name":"ActionShowAboutUMovMe","sloc":97,"wmc":18},{"name":"ActionCancelSync","sloc":37,"wmc":8},{"name":"ActionShowSectionsAndConference","sloc":98,"wmc":17},{"name":"ActionShowFilterItemsOptions","sloc":180,"wmc":27},{"name":"ActionShowDangerousPermissionsDeniedByUserMessage","sloc":41,"wmc":4},{"name":"ActionActivityCompletedHistoricalsDelete","sloc":67,"wmc":7},{"name":"ActionActivityFieldsSaveAndChangeItem","sloc":23,"wmc":4},{"name":"ActionExecuteSection","sloc":510,"wmc":105},{"name":"ActionGoToTour","sloc":32,"wmc":4},{"name":"ActionConfirmPhotoYes","sloc":44,"wmc":7},{"name":"ActionSearchLocationFromGeocoder","sloc":41,"wmc":6},{"name":"ActionProcessWebRouterResult","sloc":37,"wmc":9},{"name":"ActionActivityFieldsBackAndCancelItem","sloc":29,"wmc":5},{"name":"ActionGoToLogin","sloc":30,"wmc":4},{"name":"ActionShowGeocoordinatesOrAddressOnMap","sloc":110,"wmc":21},{"name":"ActionSearchTasksMD","sloc":42,"wmc":5},{"name":"ActionExecuteItemFragment","sloc":103,"wmc":20},{"name":"ActionSelectTaskData","sloc":29,"wmc":3},{"name":"ActionRemoveFieldHistoricalFromSectionWithDuplicatedItems","sloc":48,"wmc":6},{"name":"ActionGetAndShareMultimediaImage","sloc":62,"wmc":7},{"name":"ActionFinalizeActivityTask5PostConfirmation","sloc":233,"wmc":36},{"name":"ActionRecordVideo","sloc":16,"wmc":4},{"name":"ActionActivityAnaliticalQueryOk","sloc":83,"wmc":5},{"name":"ActionFlowAfterCancelSuspendOrFinalizeActivityTask","sloc":60,"wmc":11},{"name":"ActionFinalizeActivityTask1PrePhotos","sloc":404,"wmc":98},{"name":"ActionShowListFieldHistoricalsDuplicateItems","sloc":81,"wmc":14},{"name":"ActionTTMultiMediaXMLButton","sloc":32,"wmc":8},{"name":"ActionTaskGPSExecutionAlertExecute","sloc":35,"wmc":6},{"name":"ActionShowWebRouter","sloc":184,"wmc":28},{"name":"ActionExecuteMandatoryAsFirstExecutionSideMenuActivityTask","sloc":33,"wmc":4},{"name":"ActionActivityFieldsChangeItemWithoutSave","sloc":23,"wmc":4},{"name":"ActionDownloadActivityHistoricalFromGraphQL","sloc":45,"wmc":6},{"name":"ActionExecuteMaterialDesignInterfaceFlowFromActivityItemsMD","sloc":46,"wmc":5},{"name":"ActionShowNotificationDialog","sloc":31,"wmc":7},{"name":"ActionButtonTasksOrActivityType","sloc":24,"wmc":4},{"name":"ActionSelectTasksFromSelectedActivityTask","sloc":23,"wmc":4},{"name":"ActionCancelActivityTask","sloc":87,"wmc":13},{"name":"ActionShowExecutionsOnDashboard","sloc":69,"wmc":10},{"name":"ActionShowActivities","sloc":201,"wmc":48},{"name":"ActionActivityMenuMessages","sloc":25,"wmc":5},{"name":"ActionExecuteSideMenuActivityTask","sloc":26,"wmc":4},{"name":"ActionViewTaskDataMD","sloc":34,"wmc":4},{"name":"ActionShareConferenceDataAsImage","sloc":106,"wmc":16},{"name":"ActionTTUniqueListShowListData","sloc":96,"wmc":13},{"name":"ActionSelectTaskWithoutActivities","sloc":19,"wmc":4},{"name":"ActionOfflineFlowAfterFinalizeActivityTask","sloc":125,"wmc":28},{"name":"ActionTTRankingListShowListData","sloc":52,"wmc":6},{"name":"ActionExecuter","sloc":445,"wmc":64},{"name":"ActionDownloadApk","sloc":103,"wmc":14},{"name":"ActionGoToLoginOrTour","sloc":36,"wmc":6},{"name":"ActionConfirmResetPasswordUsingSMS","sloc":37,"wmc":5},{"name":"ActionDownloadBarcodeScannerOrQRDroidZapper","sloc":38,"wmc":7},{"name":"ActionActivityMasterGroupsBack","sloc":22,"wmc":3},{"name":"LinkedAction","sloc":105,"wmc":30},{"name":"ActionShowSubgroupsMD","sloc":29,"wmc":4},{"name":"ActionChangePersonSendData","sloc":58,"wmc":2},{"name":"ActionBackFromWebPayment","sloc":35,"wmc":7},{"name":"ActionOnSelectItemFromAdapter","sloc":46,"wmc":7},{"name":"ActionRemoveAudioFromAudioSectionField","sloc":65,"wmc":6},{"name":"ActionRecoveryPasswordByEmail","sloc":30,"wmc":5},{"name":"ActionSelectMessage","sloc":60,"wmc":9},{"name":"ActionActivityFieldsChangeItem","sloc":86,"wmc":17},{"name":"ActionBack","sloc":28,"wmc":6},{"name":"ActionCheckData","sloc":101,"wmc":26},{"name":"ActionActivityLoginCommunicationTest","sloc":13,"wmc":2},{"name":"ActionUMovEnter","sloc":137,"wmc":21},{"name":"ActionShowAutomaticTimeZoneAndDateAndTimeMessage","sloc":21,"wmc":4},{"name":"ActionShowItemsMD","sloc":86,"wmc":13},{"name":"ActionOpenCamera","sloc":76,"wmc":13},{"name":"ActionShowAnaliticalQuery","sloc":32,"wmc":4},{"name":"ActionTTImagePhotoOrDrawButtonAfterDelete","sloc":13,"wmc":2},{"name":"ActionPickVideoFromGallery","sloc":22,"wmc":4},{"name":"ActionNextPhoto","sloc":15,"wmc":2},{"name":"ActionFinishTour","sloc":26,"wmc":5},{"name":"ActionCancelActivityTaskFromSectionsAndConference","sloc":26,"wmc":4},{"name":"ActionExecuteOrCancelItemOnItemsAdapter","sloc":35,"wmc":5},{"name":"ActionExit","sloc":21,"wmc":4},{"name":"ActionExecuteEcaAfterFinalizeActivity","sloc":65,"wmc":10},{"name":"ActionAutomaticSync","sloc":16,"wmc":3},{"name":"ActionExecuteTaskFromSelectedActivityTask","sloc":24,"wmc":4},{"name":"ActionActivityLoginChangePerson","sloc":102,"wmc":21},{"name":"ActionFinalizeActivityTask2PreConfirmation","sloc":142,"wmc":35},{"name":"ActionShowActivityHistoricalOnReadOnlyMode","sloc":48,"wmc":5},{"name":"ActionOpenGooglePlay","sloc":24,"wmc":4},{"name":"ActionSignUpWithFacebook","sloc":61,"wmc":7},{"name":"ActionOnlineFlowAfterFinalizeActivityTask","sloc":51,"wmc":5},{"name":"ActionActivityFieldsBackMD","sloc":119,"wmc":23},{"name":"ActionBindWithFacebook","sloc":16,"wmc":4},{"name":"ActionConfirmAddNewTask","sloc":78,"wmc":17},{"name":"ActionSyncGuide","sloc":57,"wmc":4},{"name":"ActionFinalizeActivityTask3CheckMandatoryGpsRetry","sloc":55,"wmc":7},{"name":"ActionShowSettings","sloc":22,"wmc":4},{"name":"ActionTTMultiMediaURLButton","sloc":50,"wmc":9},{"name":"ActionSelectMasterGroup","sloc":43,"wmc":5},{"name":"SafetyAsyncExecution","sloc":94,"wmc":9},{"name":"ActionSuspendOrCancelActivity","sloc":85,"wmc":19},{"name":"ActionExecuteActivityTask","sloc":298,"wmc":49},{"name":"ActionUnbindWithFacebook","sloc":33,"wmc":5},{"name":"ActionCompressVideoAndSetItAsComponentAnswer","sloc":31,"wmc":4},{"name":"ActionShowSections","sloc":110,"wmc":19},{"name":"ActionSync","sloc":57,"wmc":4},{"name":"ActionPreviousPhoto","sloc":15,"wmc":2},{"name":"ActionActivityFieldsConsultationDone","sloc":13,"wmc":2},{"name":"ActionVerifyIfThereAreDataToExtract","sloc":26,"wmc":6},{"name":"ActionCreationNewLocationByActivityTemplateOrNormalFlow","sloc":39,"wmc":6},{"name":"ActionSelectTaskFromList","sloc":24,"wmc":4},{"name":"ActionSaveSettings","sloc":92,"wmc":15},{"name":"ActionSelectActivityTypeForRouting","sloc":50,"wmc":10},{"name":"ActionActivityItemsBack","sloc":31,"wmc":7},{"name":"ActionManagePhotoTips","sloc":99,"wmc":23},{"name":"ActionShowManagementPanel","sloc":77,"wmc":10}]},{"name":"com.trevisan.umovandroid.action.onlinequery","children":[{"name":"ActionActivityOnlineQueryListSelect","sloc":44,"wmc":3}]},{"name":"com.trevisan.umovandroid.action.acceleratedactivity","children":[{"name":"ActionExecuteAcceleratedActivity1","sloc":19,"wmc":3},{"name":"ActionExecuteAcceleratedActivity5","sloc":19,"wmc":3},{"name":"ActionExecuteAcceleratedActivity4","sloc":8,"wmc":1},{"name":"ActionExecuteAcceleratedActivity3","sloc":29,"wmc":4},{"name":"ActionExecuteAcceleratedActivity2","sloc":29,"wmc":6}]},{"name":"com.trevisan.umovandroid.action.lib","children":[{"name":"ActionBehavior","sloc":365,"wmc":58}]},{"name":"com.trevisan.umovandroid.action.constraint","children":[{"name":"TaskAndActivityAvailabilityConstraint","sloc":61,"wmc":10},{"name":"CheckFieldsFilledOnSignUpConstraint","sloc":103,"wmc":20},{"name":"CheckEmailValidOnSignUpConstraint","sloc":35,"wmc":9},{"name":"CheckCPFOrCNPJIsValidConstraint","sloc":35,"wmc":10},{"name":"ActionConstraintResult","sloc":58,"wmc":13},{"name":"CheckPasswordAndPasswordConfirmationIsDifferentOnSignUpConstraint","sloc":24,"wmc":5},{"name":"CheckIfVersionIsSupportedConstraint","sloc":51,"wmc":10},{"name":"ActionConstraint","sloc":5,"wmc":1},{"name":"MustSyncOnFirstDayOperationConstraint","sloc":24,"wmc":5},{"name":"DowntimeConstraint","sloc":23,"wmc":3},{"name":"ActivityTaskBlockedConstraint","sloc":23,"wmc":6},{"name":"AllowAutomaticTimeZoneAndDateAndTimeAndroidSettingsConstraint","sloc":29,"wmc":6}]},{"name":"com.trevisan.umovandroid.action.login","children":[{"name":"ActionDoLoginFacebookAuthentication","sloc":64,"wmc":8},{"name":"ActionDoLoginWithUserAndPasswordAuthentication","sloc":118,"wmc":24},{"name":"ActionDoLoginWithSMSAuthenticationStep1","sloc":65,"wmc":13},{"name":"ActionDoLoginWithSync","sloc":88,"wmc":6},{"name":"ActionDoLogin","sloc":43,"wmc":10},{"name":"ActionDoLoginWithSMSAuthenticationStep2","sloc":27,"wmc":4},{"name":"ActionDoLoginWithFacebookUsingUMovAuthToken","sloc":202,"wmc":31},{"name":"ActionDoLoginWithVisitorAuthentication","sloc":51,"wmc":9},{"name":"ActionDoLoginFacebookSignUpOrLogIn","sloc":93,"wmc":16},{"name":"ActionAfterLoginSuccessful","sloc":60,"wmc":7},{"name":"ActionDoLoginWithAutomaticAuthentication","sloc":56,"wmc":10},{"name":"ActionDoLoginWithNFC","sloc":62,"wmc":11},{"name":"ActionDoLoginWithAuthResponse","sloc":80,"wmc":17}]},{"name":"com.trevisan.umovandroid.androidservice","children":[{"name":"ServiceManager","sloc":65,"wmc":20},{"name":"AudioRecordForActivityTaskService","sloc":56,"wmc":4},{"name":"UMovForegroundService","sloc":43,"wmc":8},{"name":"TaskExceededExecutionTimeMonitorService","sloc":42,"wmc":6}]},{"name":"com.trevisan.umovandroid.androidservice.backgroundsyncdata","children":[{"name":"BackgroundSyncDataService","sloc":71,"wmc":13},{"name":"SendBackgroundData","sloc":75,"wmc":11},{"name":"ReceiveBackgroundData","sloc":79,"wmc":4}]},{"name":"com.trevisan.umovandroid.view","children":[{"name":"ActivityPhotoHistoricalListNew","sloc":70,"wmc":9},{"name":"MessageDialogWithEditText","sloc":228,"wmc":30},{"name":"ActivityTour","sloc":150,"wmc":20},{"name":"ActivityNewTaskActivitiesNew","sloc":117,"wmc":16},{"name":"ActivityResetPasswordUsingSMS","sloc":30,"wmc":2},{"name":"ActivityLocationEditNew","sloc":257,"wmc":49},{"name":"ActivitySignUp","sloc":238,"wmc":48},{"name":"ActivityCollectedItems","sloc":69,"wmc":11},{"name":"ActivityPermissions","sloc":23,"wmc":3},{"name":"ActivityItemsSearchResult","sloc":64,"wmc":7},{"name":"ActivityTransparentForGetActivityResultOrShowMessageDialog","sloc":42,"wmc":6},{"name":"ActivityActivitiesNew","sloc":150,"wmc":18},{"name":"ActivitySectionsNew","sloc":164,"wmc":19},{"name":"ActivityFieldsNew","sloc":398,"wmc":75},{"name":"NFCReaderActivityToGetTagIdAsDecimalFormat","sloc":31,"wmc":5},{"name":"TextViewWithActivationCallback","sloc":51,"wmc":12},{"name":"ActivityCustomFieldDetailNew","sloc":29,"wmc":3},{"name":"ISearchItemsRequestFocus","sloc":5,"wmc":2},{"name":"ActivitySectionsAndConference","sloc":164,"wmc":22},{"name":"ActivityGuidesNew","sloc":32,"wmc":2},{"name":"ActivityDashboardsNew","sloc":33,"wmc":2},{"name":"ActivityConfirmPhoto","sloc":54,"wmc":7},{"name":"ActivityConfirmAddNewTaskNew","sloc":238,"wmc":38},{"name":"ActivityLogin","sloc":538,"wmc":97},{"name":"ActivityMessages","sloc":154,"wmc":20},{"name":"ActivityOpenNotification","sloc":22,"wmc":3},{"name":"ActivitySettings","sloc":212,"wmc":34},{"name":"ActivityPrePhotoNew","sloc":197,"wmc":29},{"name":"ActivityChangePasswordNew","sloc":41,"wmc":4},{"name":"InvisibleActivity","sloc":9,"wmc":1},{"name":"ActivityTaskNew","sloc":282,"wmc":54},{"name":"ActivityCreateSchedulingInWebview","sloc":53,"wmc":8},{"name":"ProcessingDialog","sloc":181,"wmc":33},{"name":"ActivityTwoPhasesSMSAuthenticationVerificationInput","sloc":90,"wmc":7},{"name":"ActivityItemsNew","sloc":329,"wmc":54},{"name":"ActivityTasksNew","sloc":386,"wmc":56},{"name":"ActivityCamera","sloc":159,"wmc":24},{"name":"ActivityManagementPanel","sloc":78,"wmc":9},{"name":"ActivitySyncPhoto","sloc":13,"wmc":1},{"name":"ActivityAnaliticalQueryNew","sloc":249,"wmc":37},{"name":"ActivityCreateNewTaskNew","sloc":145,"wmc":24},{"name":"ActivityForgotMyPassword","sloc":94,"wmc":16},{"name":"ActivityWebRouter","sloc":105,"wmc":4},{"name":"ActivityListMessages","sloc":61,"wmc":6},{"name":"ActivityActivitiesLR","sloc":217,"wmc":28},{"name":"ActivityQueriesListNew","sloc":42,"wmc":4},{"name":"ActivityMasterGroupsNew","sloc":186,"wmc":34},{"name":"WaitingNFCActivity","sloc":24,"wmc":3},{"name":"ActivityItemGroupsNew","sloc":162,"wmc":25},{"name":"ActivityTaskGPSExecutionAlert","sloc":120,"wmc":22},{"name":"ActivityCompletedHistoricals","sloc":69,"wmc":9},{"name":"ActivityExecutionsOnDashboard","sloc":55,"wmc":9},{"name":"ActivitySignUpWithFacebook","sloc":172,"wmc":18},{"name":"NFCReaderActivityForTextPlainMimeType","sloc":31,"wmc":4},{"name":"ActivityDoPaymentWebview","sloc":57,"wmc":9},{"name":"ActivityDashboardNew","sloc":40,"wmc":3}]},{"name":"com.trevisan.umovandroid.view.larepublica","children":[{"name":"ActivityCheckDataLR","sloc":246,"wmc":52},{"name":"FooterViewHolder","sloc":10,"wmc":1},{"name":"HeaderViewHolder","sloc":41,"wmc":1}]},{"name":"com.trevisan.umovandroid.view.larepublica.expanableTaskSection","children":[{"name":"ExpandableSectionTaskFactory","sloc":71,"wmc":14},{"name":"ExpandableVerticalTaskSection","sloc":128,"wmc":20},{"name":"ExpandableTaskSection","sloc":262,"wmc":49},{"name":"ExpandableVerticalTaskCardViewHolder","sloc":39,"wmc":1},{"name":"ExpandableVerticalGridTaskSection","sloc":105,"wmc":17},{"name":"ExpandableHorizontalTaskCardViewHolder","sloc":15,"wmc":1},{"name":"ExpandableHorizontalTaskSection","sloc":150,"wmc":20},{"name":"CustomGridCardViewHolder","sloc":57,"wmc":1}]},{"name":"com.trevisan.umovandroid.view.larepublica.expanableActivityTaskSection","children":[{"name":"ExpanableVerticalActivityTaskViewHolder","sloc":22,"wmc":1},{"name":"ExpandableSectionActivityTaskFactory","sloc":43,"wmc":6},{"name":"ExpandableVerticalActivityTaskSection","sloc":59,"wmc":8},{"name":"ExpanableVerticalGridActivityTaskViewHolder","sloc":32,"wmc":1},{"name":"ExpandableVerticalGridActivityTaskSection","sloc":94,"wmc":14},{"name":"ExpanableActivityTaskSection","sloc":98,"wmc":15}]},{"name":"com.trevisan.umovandroid.view.onlinequery","children":[{"name":"ActivityOnlineQueryListNew","sloc":33,"wmc":2}]},{"name":"com.trevisan.umovandroid.view.actionbar","children":[{"name":"ItemSearchExpandableListener","sloc":94,"wmc":14},{"name":"ActionBarSearchExpandListener","sloc":216,"wmc":31},{"name":"SearchBar","sloc":103,"wmc":23},{"name":"OnActionBarSearchListener","sloc":5,"wmc":1},{"name":"TaskSearchExpandableListener","sloc":40,"wmc":7}]},{"name":"com.trevisan.umovandroid.view.lib","children":[{"name":"ViewController","sloc":11,"wmc":2},{"name":"FieldsPagesManager","sloc":84,"wmc":20},{"name":"ValueChangedByUserOrExpressionValue","sloc":5,"wmc":2},{"name":"BackFromFieldsScreenBehavior","sloc":24,"wmc":6},{"name":"TTActivity","sloc":175,"wmc":37},{"name":"TTActionBarActivity","sloc":637,"wmc":139},{"name":"TTActivityBase","sloc":17,"wmc":9}]},{"name":"com.trevisan.umovandroid.view.drawable","children":[{"name":"ActivityBackground","sloc":37,"wmc":5},{"name":"LineSeparator","sloc":32,"wmc":5},{"name":"BottomLineSeparator","sloc":16,"wmc":2},{"name":"ButtonBackgroundSelectorUMovTheme20","sloc":10,"wmc":1},{"name":"PressedButtonIntrusion","sloc":50,"wmc":5},{"name":"FocusedButtonRectangle","sloc":48,"wmc":5},{"name":"ButtonBackgroundUMovTheme20","sloc":43,"wmc":8},{"name":"FocusedListItemRectangle","sloc":36,"wmc":5}]},{"name":"com.trevisan.umovandroid.view.eca","children":[{"name":"ActivityLocalTask","sloc":49,"wmc":8}]},{"name":"com.trevisan.umovandroid.view.theme","children":[{"name":"CustomThemeParser","sloc":253,"wmc":77},{"name":"CustomActivityBackground","sloc":41,"wmc":7}]},{"name":"com.trevisan.umovandroid.view.materialdesign","children":[{"name":"ActivitySectionsMD","sloc":116,"wmc":16},{"name":"ActivityItemsMD","sloc":354,"wmc":65},{"name":"ActivityFieldsMD","sloc":722,"wmc":135},{"name":"ActivityTasksMD","sloc":425,"wmc":76}]},{"name":"com.trevisan.umovandroid.listener","children":[{"name":"ItemsLoadListener","sloc":8,"wmc":3},{"name":"LineBreakFocusChangeListener","sloc":10,"wmc":2}]},{"name":"com.trevisan.umovandroid.fragment","children":[{"name":"ITaskFragmentBehavior","sloc":8,"wmc":3}]},{"name":"com.trevisan.umovandroid.fragment.materialdesign","children":[{"name":"TaskFragmentMD","sloc":528,"wmc":90},{"name":"OnlyOneItemByPageFragment","sloc":63,"wmc":8},{"name":"ItemsFragmentMD","sloc":524,"wmc":89},{"name":"FragmentInterface","sloc":10,"wmc":5}]}]}