{"nodes":[{"name":"com.softwarepathfinder.parsing.java","label":"com.softwarepathfinder.parsing.java","id":"com.softwarepathfinder.parsing.java","size":13},{"name":"com.softwarepathfinder.parsing.php","label":"com.softwarepathfinder.parsing.php","id":"com.softwarepathfinder.parsing.php","size":11},{"name":"com.softwarepathfinder.model","label":"com.softwarepathfinder.model","id":"com.softwarepathfinder.model","size":10},{"name":"com.softwarepathfinder.service","label":"com.softwarepathfinder.service","id":"com.softwarepathfinder.service","size":10},{"name":"com.softwarepathfinder.visualization.yEd","label":"com.softwarepathfinder.visualization.yEd","id":"com.softwarepathfinder.visualization.yEd","size":10},{"name":"com.softwarepathfinder.metrics.service","label":"com.softwarepathfinder.metrics.service","id":"com.softwarepathfinder.metrics.service","size":5},{"name":"com.softwarepathfinder.utils","label":"com.softwarepathfinder.utils","id":"com.softwarepathfinder.utils","size":4},{"name":"com.softwarepathfinder.injection","label":"com.softwarepathfinder.injection","id":"com.softwarepathfinder.injection","size":3},{"name":"com.softwarepathfinder.parsing","label":"com.softwarepathfinder.parsing","id":"com.softwarepathfinder.parsing","size":2},{"name":"com.softwarepathfinder.visualization.blender","label":"com.softwarepathfinder.visualization.blender","id":"com.softwarepathfinder.visualization.blender","size":2},{"name":"com.softwarepathfinder.persistence.jpa","label":"com.softwarepathfinder.persistence.jpa","id":"com.softwarepathfinder.persistence.jpa","size":1},{"name":"com.softwarepathfinder.utils.exceptions","label":"com.softwarepathfinder.utils.exceptions","id":"com.softwarepathfinder.utils.exceptions","size":1}],"links":[{"source":"com.softwarepathfinder.parsing.java","target":"com.softwarepathfinder.injection"},{"source":"com.softwarepathfinder.parsing.java","target":"com.softwarepathfinder.model"},{"source":"com.softwarepathfinder.parsing.java","target":"com.softwarepathfinder.parsing"},{"source":"com.softwarepathfinder.parsing.java","target":"com.softwarepathfinder.persistence.jpa"},{"source":"com.softwarepathfinder.parsing.java","target":"com.softwarepathfinder.service"},{"source":"com.softwarepathfinder.parsing.java","target":"com.softwarepathfinder.utils"},{"source":"com.softwarepathfinder.parsing.java","target":"com.softwarepathfinder.utils.exceptions"},{"source":"com.softwarepathfinder.parsing.php","target":"com.softwarepathfinder.injection"},{"source":"com.softwarepathfinder.parsing.php","target":"com.softwarepathfinder.model"},{"source":"com.softwarepathfinder.parsing.php","target":"com.softwarepathfinder.parsing"},{"source":"com.softwarepathfinder.parsing.php","target":"com.softwarepathfinder.persistence.jpa"},{"source":"com.softwarepathfinder.parsing.php","target":"com.softwarepathfinder.service"},{"source":"com.softwarepathfinder.parsing.php","target":"com.softwarepathfinder.utils"},{"source":"com.softwarepathfinder.parsing.php","target":"com.softwarepathfinder.utils.exceptions"},{"source":"com.softwarepathfinder.service","target":"com.softwarepathfinder.model"},{"source":"com.softwarepathfinder.service","target":"com.softwarepathfinder.persistence.jpa"},{"source":"com.softwarepathfinder.service","target":"com.softwarepathfinder.utils"},{"source":"com.softwarepathfinder.visualization.yEd","target":"com.softwarepathfinder.injection"},{"source":"com.softwarepathfinder.visualization.yEd","target":"com.softwarepathfinder.model"},{"source":"com.softwarepathfinder.visualization.yEd","target":"com.softwarepathfinder.service"},{"source":"com.softwarepathfinder.visualization.yEd","target":"com.softwarepathfinder.utils"},{"source":"com.softwarepathfinder.visualization.yEd","target":"com.softwarepathfinder.utils.exceptions"},{"source":"com.softwarepathfinder.metrics.service","target":"com.softwarepathfinder.model"},{"source":"com.softwarepathfinder.metrics.service","target":"com.softwarepathfinder.service"},{"source":"com.softwarepathfinder.utils","target":"com.softwarepathfinder.utils.exceptions"},{"source":"com.softwarepathfinder.parsing","target":"com.softwarepathfinder.model"},{"source":"com.softwarepathfinder.parsing","target":"com.softwarepathfinder.persistence.jpa"},{"source":"com.softwarepathfinder.parsing","target":"com.softwarepathfinder.service"},{"source":"com.softwarepathfinder.parsing","target":"com.softwarepathfinder.utils"},{"source":"com.softwarepathfinder.visualization.blender","target":"com.softwarepathfinder.injection"},{"source":"com.softwarepathfinder.visualization.blender","target":"com.softwarepathfinder.model"},{"source":"com.softwarepathfinder.visualization.blender","target":"com.softwarepathfinder.parsing.java"},{"source":"com.softwarepathfinder.visualization.blender","target":"com.softwarepathfinder.utils"}]}