{"name":"variants","children":[{"name":"com.softwarepathfinder.injection","children":[{"name":"EntityManagerProvider","sloc":18,"wmc":1},{"name":"InjectionManager","sloc":8,"wmc":1},{"name":"InjectionModule","sloc":10,"wmc":1}]},{"name":"com.softwarepathfinder.metrics.service","children":[{"name":"CohesionMetricsService","sloc":41,"wmc":9},{"name":"CouplingMetricsService","sloc":90,"wmc":29},{"name":"InheritanceMetricsService","sloc":158,"wmc":53},{"name":"MethodMetricsService","sloc":25,"wmc":3},{"name":"TypeMetricsService","sloc":113,"wmc":33}]},{"name":"com.softwarepathfinder.model","children":[{"name":"Access","sloc":43,"wmc":9},{"name":"Field","sloc":59,"wmc":13},{"name":"Inheritance","sloc":38,"wmc":8},{"name":"Invocation","sloc":52,"wmc":12},{"name":"Locus","sloc":62,"wmc":14},{"name":"Method","sloc":129,"wmc":30},{"name":"Namespace","sloc":42,"wmc":7},{"name":"Path","sloc":34,"wmc":6},{"name":"Project","sloc":24,"wmc":4},{"name":"Type","sloc":104,"wmc":24}]},{"name":"com.softwarepathfinder.parsing.java","children":[{"name":"AccessParser","sloc":41,"wmc":4},{"name":"AccessVisitor","sloc":24,"wmc":3},{"name":"GenerateJava2JPA","sloc":21,"wmc":1},{"name":"InheritanceParser","sloc":29,"wmc":3},{"name":"InheritanceVisitor","sloc":47,"wmc":12},{"name":"InvocationParser","sloc":41,"wmc":4},{"name":"InvocationVisitor","sloc":231,"wmc":49},{"name":"JavaCompiler","sloc":12,"wmc":1},{"name":"JavaParseManager","sloc":223,"wmc":28},{"name":"NamespaceParser","sloc":59,"wmc":7},{"name":"NamespaceVisitor","sloc":17,"wmc":2},{"name":"TypeParser","sloc":48,"wmc":4},{"name":"TypeVisitor","sloc":132,"wmc":30}]},{"name":"com.softwarepathfinder.parsing","children":[{"name":"PathMaker","sloc":74,"wmc":9},{"name":"PolymorphismParser","sloc":33,"wmc":6}]},{"name":"com.softwarepathfinder.parsing.php","children":[{"name":"AccessParser","sloc":41,"wmc":4},{"name":"AccessVisitor","sloc":37,"wmc":6},{"name":"GenerateAstPhp","sloc":24,"wmc":2},{"name":"InheritanceParser","sloc":23,"wmc":2},{"name":"InheritanceVisitor","sloc":45,"wmc":9},{"name":"InvocationParser","sloc":29,"wmc":3},{"name":"InvocationVisitor","sloc":186,"wmc":46},{"name":"NamespaceParser","sloc":51,"wmc":9},{"name":"PhpParseManager","sloc":184,"wmc":30},{"name":"TypeParser","sloc":40,"wmc":2},{"name":"TypeVisitor","sloc":101,"wmc":15}]},{"name":"com.softwarepathfinder.persistence.jpa","children":[{"name":"PersistenceManager","sloc":37,"wmc":8}]},{"name":"com.softwarepathfinder.service","children":[{"name":"AccessService","sloc":54,"wmc":8},{"name":"FieldService","sloc":46,"wmc":7},{"name":"InheritanceService","sloc":19,"wmc":2},{"name":"InvocationService","sloc":45,"wmc":5},{"name":"LocusService","sloc":54,"wmc":7},{"name":"MethodService","sloc":84,"wmc":21},{"name":"NamespaceService","sloc":28,"wmc":4},{"name":"PathService","sloc":37,"wmc":5},{"name":"ProjectService","sloc":14,"wmc":2},{"name":"TypeService","sloc":173,"wmc":37}]},{"name":"com.softwarepathfinder.utils","children":[{"name":"Conf","sloc":40,"wmc":7},{"name":"Log","sloc":45,"wmc":8},{"name":"LogFormatter","sloc":29,"wmc":2},{"name":"SystemUtils","sloc":40,"wmc":4}]},{"name":"com.softwarepathfinder.utils.exceptions","children":[{"name":"ConfException","sloc":7,"wmc":1}]},{"name":"com.softwarepathfinder.visualization.blender","children":[{"name":"Blender","sloc":46,"wmc":3},{"name":"Geometry","sloc":51,"wmc":12}]},{"name":"com.softwarepathfinder.visualization.yEd","children":[{"name":"AccessGraphML","sloc":25,"wmc":6},{"name":"FieldGraphML","sloc":21,"wmc":5},{"name":"GraphML","sloc":22,"wmc":3},{"name":"GraphmlBuilder","sloc":90,"wmc":8},{"name":"GroundGraphML","sloc":15,"wmc":3},{"name":"InvocationGraphML","sloc":29,"wmc":8},{"name":"MethodGraphML","sloc":25,"wmc":7},{"name":"ModelGraphML","sloc":18,"wmc":4},{"name":"NamespaceGraphML","sloc":16,"wmc":3},{"name":"TypeGraphML","sloc":210,"wmc":39}]}]}