[{"type":"com.softwarepathfinder.parsing.java.InvocationVisitor","size":231,"dependencies":["com.softwarepathfinder.model.Field","com.softwarepathfinder.model.Method","com.softwarepathfinder.model.Project","com.softwarepathfinder.model.Type","com.softwarepathfinder.service.FieldService","com.softwarepathfinder.service.InvocationService","com.softwarepathfinder.service.MethodService","com.softwarepathfinder.service.TypeService","com.softwarepathfinder.utils.Log"]},{"type":"com.softwarepathfinder.parsing.java.JavaParseManager","size":223,"dependencies":["com.softwarepathfinder.model.Field","com.softwarepathfinder.model.Invocation","com.softwarepathfinder.model.Method","com.softwarepathfinder.model.Project","com.softwarepathfinder.model.Type","com.softwarepathfinder.parsing.PathMaker","com.softwarepathfinder.parsing.PolymorphismParser","com.softwarepathfinder.persistence.jpa.PersistenceManager","com.softwarepathfinder.service.FieldService","com.softwarepathfinder.service.InvocationService","com.softwarepathfinder.service.MethodService","com.softwarepathfinder.service.ProjectService","com.softwarepathfinder.service.TypeService","com.softwarepathfinder.utils.Log","com.softwarepathfinder.utils.SystemUtils","com.softwarepathfinder.utils.exceptions.ConfException"]},{"type":"com.softwarepathfinder.visualization.yEd.TypeGraphML","size":210,"dependencies":["com.softwarepathfinder.model.Field","com.softwarepathfinder.model.Invocation","com.softwarepathfinder.model.Locus","com.softwarepathfinder.model.Method","com.softwarepathfinder.model.Type","com.softwarepathfinder.service.FieldService","com.softwarepathfinder.service.InvocationService","com.softwarepathfinder.service.LocusService","com.softwarepathfinder.service.MethodService","com.softwarepathfinder.service.TypeService","com.softwarepathfinder.utils.exceptions.ConfException"]},{"type":"com.softwarepathfinder.parsing.php.InvocationVisitor","size":186,"dependencies":["com.softwarepathfinder.model.Method","com.softwarepathfinder.model.Project","com.softwarepathfinder.model.Type","com.softwarepathfinder.service.InvocationService","com.softwarepathfinder.service.MethodService","com.softwarepathfinder.service.TypeService"]},{"type":"com.softwarepathfinder.parsing.php.PhpParseManager","size":184,"dependencies":["com.softwarepathfinder.model.Field","com.softwarepathfinder.model.Invocation","com.softwarepathfinder.model.Method","com.softwarepathfinder.model.Namespace","com.softwarepathfinder.model.Project","com.softwarepathfinder.model.Type","com.softwarepathfinder.parsing.PathMaker","com.softwarepathfinder.parsing.PolymorphismParser","com.softwarepathfinder.persistence.jpa.PersistenceManager","com.softwarepathfinder.service.FieldService","com.softwarepathfinder.service.InvocationService","com.softwarepathfinder.service.MethodService","com.softwarepathfinder.service.NamespaceService","com.softwarepathfinder.service.ProjectService","com.softwarepathfinder.service.TypeService","com.softwarepathfinder.utils.Conf","com.softwarepathfinder.utils.SystemUtils","com.softwarepathfinder.utils.exceptions.ConfException"]},{"type":"com.softwarepathfinder.service.TypeService","size":173,"dependencies":["com.softwarepathfinder.model.Namespace","com.softwarepathfinder.model.Path","com.softwarepathfinder.model.Project","com.softwarepathfinder.model.Type","com.softwarepathfinder.persistence.jpa.PersistenceManager","com.softwarepathfinder.utils.Log"]},{"type":"com.softwarepathfinder.metrics.service.InheritanceMetricsService","size":158,"dependencies":["com.softwarepathfinder.model.Invocation","com.softwarepathfinder.model.Method","com.softwarepathfinder.model.Type","com.softwarepathfinder.service.InvocationService","com.softwarepathfinder.service.MethodService","com.softwarepathfinder.service.TypeService"]},{"type":"com.softwarepathfinder.parsing.java.TypeVisitor","size":132,"dependencies":["com.softwarepathfinder.model.Field","com.softwarepathfinder.model.Method","com.softwarepathfinder.model.Namespace","com.softwarepathfinder.model.Type","com.softwarepathfinder.service.FieldService","com.softwarepathfinder.service.MethodService","com.softwarepathfinder.service.NamespaceService"]},{"type":"com.softwarepathfinder.model.Method","size":129,"dependencies":[]},{"type":"com.softwarepathfinder.metrics.service.TypeMetricsService","size":113,"dependencies":["com.softwarepathfinder.model.Field","com.softwarepathfinder.model.Method","com.softwarepathfinder.model.Type","com.softwarepathfinder.service.FieldService","com.softwarepathfinder.service.MethodService","com.softwarepathfinder.service.TypeService"]},{"type":"com.softwarepathfinder.model.Type","size":104,"dependencies":[]},{"type":"com.softwarepathfinder.parsing.php.TypeVisitor","size":101,"dependencies":["com.softwarepathfinder.model.Field","com.softwarepathfinder.model.Method","com.softwarepathfinder.model.Type","com.softwarepathfinder.service.FieldService","com.softwarepathfinder.service.MethodService"]},{"type":"com.softwarepathfinder.metrics.service.CouplingMetricsService","size":90,"dependencies":["com.softwarepathfinder.model.Invocation","com.softwarepathfinder.model.Method","com.softwarepathfinder.model.Namespace","com.softwarepathfinder.model.Type","com.softwarepathfinder.service.InvocationService","com.softwarepathfinder.service.MethodService","com.softwarepathfinder.service.NamespaceService","com.softwarepathfinder.service.TypeService"]},{"type":"com.softwarepathfinder.visualization.yEd.GraphmlBuilder","size":90,"dependencies":["com.softwarepathfinder.injection.InjectionManager","com.softwarepathfinder.model.Locus","com.softwarepathfinder.model.Namespace","com.softwarepathfinder.model.Path","com.softwarepathfinder.model.Project","com.softwarepathfinder.service.LocusService","com.softwarepathfinder.service.PathService","com.softwarepathfinder.service.ProjectService","com.softwarepathfinder.utils.Log","com.softwarepathfinder.utils.exceptions.ConfException"]},{"type":"com.softwarepathfinder.service.MethodService","size":84,"dependencies":["com.softwarepathfinder.model.Method","com.softwarepathfinder.model.Type","com.softwarepathfinder.persistence.jpa.PersistenceManager","com.softwarepathfinder.utils.Log"]},{"type":"com.softwarepathfinder.parsing.PathMaker","size":74,"dependencies":["com.softwarepathfinder.model.Invocation","com.softwarepathfinder.model.Locus","com.softwarepathfinder.model.Method","com.softwarepathfinder.model.Path","com.softwarepathfinder.model.Type","com.softwarepathfinder.persistence.jpa.PersistenceManager","com.softwarepathfinder.service.InvocationService","com.softwarepathfinder.service.LocusService","com.softwarepathfinder.service.MethodService","com.softwarepathfinder.service.PathService","com.softwarepathfinder.utils.Log"]},{"type":"com.softwarepathfinder.model.Locus","size":62,"dependencies":[]},{"type":"com.softwarepathfinder.model.Field","size":59,"dependencies":[]},{"type":"com.softwarepathfinder.parsing.java.NamespaceParser","size":59,"dependencies":["com.softwarepathfinder.model.Namespace","com.softwarepathfinder.model.Project","com.softwarepathfinder.service.NamespaceService","com.softwarepathfinder.utils.Log","com.softwarepathfinder.utils.SystemUtils"]},{"type":"com.softwarepathfinder.service.AccessService","size":54,"dependencies":["com.softwarepathfinder.model.Access","com.softwarepathfinder.model.Field","com.softwarepathfinder.model.Method","com.softwarepathfinder.model.Type","com.softwarepathfinder.persistence.jpa.PersistenceManager","com.softwarepathfinder.utils.Log"]},{"type":"com.softwarepathfinder.service.LocusService","size":54,"dependencies":["com.softwarepathfinder.model.Invocation","com.softwarepathfinder.model.Locus","com.softwarepathfinder.model.Method","com.softwarepathfinder.model.Path","com.softwarepathfinder.model.Type","com.softwarepathfinder.persistence.jpa.PersistenceManager"]},{"type":"com.softwarepathfinder.model.Invocation","size":52,"dependencies":[]},{"type":"com.softwarepathfinder.visualization.blender.Geometry","size":51,"dependencies":["com.softwarepathfinder.model.Type"]},{"type":"com.softwarepathfinder.parsing.php.NamespaceParser","size":51,"dependencies":["com.softwarepathfinder.model.Namespace","com.softwarepathfinder.model.Project","com.softwarepathfinder.service.NamespaceService"]},{"type":"com.softwarepathfinder.parsing.java.TypeParser","size":48,"dependencies":["com.softwarepathfinder.model.Project","com.softwarepathfinder.model.Type","com.softwarepathfinder.service.TypeService","com.softwarepathfinder.utils.SystemUtils"]},{"type":"com.softwarepathfinder.parsing.java.InheritanceVisitor","size":47,"dependencies":["com.softwarepathfinder.model.Type","com.softwarepathfinder.service.InheritanceService","com.softwarepathfinder.service.TypeService"]},{"type":"com.softwarepathfinder.service.FieldService","size":46,"dependencies":["com.softwarepathfinder.model.Field","com.softwarepathfinder.model.Type","com.softwarepathfinder.persistence.jpa.PersistenceManager","com.softwarepathfinder.utils.Log"]},{"type":"com.softwarepathfinder.visualization.blender.Blender","size":46,"dependencies":["com.softwarepathfinder.injection.InjectionManager","com.softwarepathfinder.model.Project","com.softwarepathfinder.model.Type","com.softwarepathfinder.parsing.java.TypeParser","com.softwarepathfinder.utils.SystemUtils"]},{"type":"com.softwarepathfinder.utils.Log","size":45,"dependencies":[]},{"type":"com.softwarepathfinder.parsing.php.InheritanceVisitor","size":45,"dependencies":["com.softwarepathfinder.model.Type","com.softwarepathfinder.service.InheritanceService","com.softwarepathfinder.service.TypeService"]},{"type":"com.softwarepathfinder.service.InvocationService","size":45,"dependencies":["com.softwarepathfinder.model.Invocation","com.softwarepathfinder.model.Method","com.softwarepathfinder.model.Project","com.softwarepathfinder.persistence.jpa.PersistenceManager","com.softwarepathfinder.utils.Log"]},{"type":"com.softwarepathfinder.model.Access","size":43,"dependencies":[]},{"type":"com.softwarepathfinder.model.Namespace","size":42,"dependencies":[]},{"type":"com.softwarepathfinder.metrics.service.CohesionMetricsService","size":41,"dependencies":["com.softwarepathfinder.model.Access","com.softwarepathfinder.model.Method","com.softwarepathfinder.model.Type","com.softwarepathfinder.service.AccessService","com.softwarepathfinder.service.MethodService"]},{"type":"com.softwarepathfinder.parsing.java.AccessParser","size":41,"dependencies":["com.softwarepathfinder.model.Method","com.softwarepathfinder.model.Type","com.softwarepathfinder.service.MethodService","com.softwarepathfinder.utils.Log"]},{"type":"com.softwarepathfinder.parsing.java.InvocationParser","size":41,"dependencies":["com.softwarepathfinder.model.Method","com.softwarepathfinder.model.Type","com.softwarepathfinder.service.MethodService","com.softwarepathfinder.utils.Log"]},{"type":"com.softwarepathfinder.parsing.php.AccessParser","size":41,"dependencies":["com.softwarepathfinder.model.Method","com.softwarepathfinder.model.Type","com.softwarepathfinder.service.MethodService"]},{"type":"com.softwarepathfinder.utils.Conf","size":40,"dependencies":["com.softwarepathfinder.utils.exceptions.ConfException"]},{"type":"com.softwarepathfinder.utils.SystemUtils","size":40,"dependencies":["com.softwarepathfinder.utils.exceptions.ConfException"]},{"type":"com.softwarepathfinder.parsing.php.TypeParser","size":40,"dependencies":["com.softwarepathfinder.model.Namespace","com.softwarepathfinder.model.Project","com.softwarepathfinder.model.Type","com.softwarepathfinder.service.TypeService","com.softwarepathfinder.utils.SystemUtils"]},{"type":"com.softwarepathfinder.model.Inheritance","size":38,"dependencies":[]},{"type":"com.softwarepathfinder.persistence.jpa.PersistenceManager","size":37,"dependencies":[]},{"type":"com.softwarepathfinder.service.PathService","size":37,"dependencies":["com.softwarepathfinder.model.Path","com.softwarepathfinder.model.Project","com.softwarepathfinder.model.Type","com.softwarepathfinder.persistence.jpa.PersistenceManager"]},{"type":"com.softwarepathfinder.parsing.php.AccessVisitor","size":37,"dependencies":["com.softwarepathfinder.model.Method","com.softwarepathfinder.model.Type","com.softwarepathfinder.service.AccessService"]},{"type":"com.softwarepathfinder.model.Path","size":34,"dependencies":[]},{"type":"com.softwarepathfinder.parsing.PolymorphismParser","size":33,"dependencies":["com.softwarepathfinder.model.Invocation","com.softwarepathfinder.model.Method","com.softwarepathfinder.model.Type","com.softwarepathfinder.service.InvocationService","com.softwarepathfinder.service.MethodService"]},{"type":"com.softwarepathfinder.visualization.yEd.InvocationGraphML","size":29,"dependencies":["com.softwarepathfinder.model.Method","com.softwarepathfinder.utils.exceptions.ConfException"]},{"type":"com.softwarepathfinder.parsing.java.InheritanceParser","size":29,"dependencies":["com.softwarepathfinder.model.Type"]},{"type":"com.softwarepathfinder.parsing.php.InvocationParser","size":29,"dependencies":["com.softwarepathfinder.model.Project","com.softwarepathfinder.model.Type"]},{"type":"com.softwarepathfinder.utils.LogFormatter","size":29,"dependencies":[]},{"type":"com.softwarepathfinder.service.NamespaceService","size":28,"dependencies":["com.softwarepathfinder.model.Namespace","com.softwarepathfinder.model.Project","com.softwarepathfinder.persistence.jpa.PersistenceManager"]},{"type":"com.softwarepathfinder.visualization.yEd.AccessGraphML","size":25,"dependencies":["com.softwarepathfinder.model.Access","com.softwarepathfinder.utils.exceptions.ConfException"]},{"type":"com.softwarepathfinder.visualization.yEd.MethodGraphML","size":25,"dependencies":["com.softwarepathfinder.model.Method","com.softwarepathfinder.utils.exceptions.ConfException"]},{"type":"com.softwarepathfinder.metrics.service.MethodMetricsService","size":25,"dependencies":["com.softwarepathfinder.model.Access","com.softwarepathfinder.model.Invocation","com.softwarepathfinder.model.Method","com.softwarepathfinder.service.AccessService","com.softwarepathfinder.service.InvocationService"]},{"type":"com.softwarepathfinder.model.Project","size":24,"dependencies":[]},{"type":"com.softwarepathfinder.parsing.java.AccessVisitor","size":24,"dependencies":["com.softwarepathfinder.model.Method","com.softwarepathfinder.model.Type","com.softwarepathfinder.service.AccessService"]},{"type":"com.softwarepathfinder.parsing.php.GenerateAstPhp","size":24,"dependencies":["com.softwarepathfinder.injection.InjectionManager","com.softwarepathfinder.utils.Conf","com.softwarepathfinder.utils.exceptions.ConfException"]},{"type":"com.softwarepathfinder.parsing.php.InheritanceParser","size":23,"dependencies":["com.softwarepathfinder.model.Type"]},{"type":"com.softwarepathfinder.visualization.yEd.GraphML","size":22,"dependencies":["com.softwarepathfinder.utils.Conf","com.softwarepathfinder.utils.exceptions.ConfException"]},{"type":"com.softwarepathfinder.visualization.yEd.FieldGraphML","size":21,"dependencies":["com.softwarepathfinder.utils.exceptions.ConfException"]},{"type":"com.softwarepathfinder.parsing.java.GenerateJava2JPA","size":21,"dependencies":["com.softwarepathfinder.injection.InjectionManager","com.softwarepathfinder.utils.Log"]},{"type":"com.softwarepathfinder.service.InheritanceService","size":19,"dependencies":["com.softwarepathfinder.model.Inheritance","com.softwarepathfinder.model.Type","com.softwarepathfinder.persistence.jpa.PersistenceManager"]},{"type":"com.softwarepathfinder.visualization.yEd.ModelGraphML","size":18,"dependencies":["com.softwarepathfinder.utils.exceptions.ConfException"]},{"type":"com.softwarepathfinder.injection.EntityManagerProvider","size":18,"dependencies":[]},{"type":"com.softwarepathfinder.parsing.java.NamespaceVisitor","size":17,"dependencies":["com.softwarepathfinder.model.Namespace","com.softwarepathfinder.utils.Log"]},{"type":"com.softwarepathfinder.visualization.yEd.NamespaceGraphML","size":16,"dependencies":["com.softwarepathfinder.model.Namespace","com.softwarepathfinder.utils.exceptions.ConfException"]},{"type":"com.softwarepathfinder.visualization.yEd.GroundGraphML","size":15,"dependencies":["com.softwarepathfinder.utils.exceptions.ConfException"]},{"type":"com.softwarepathfinder.service.ProjectService","size":14,"dependencies":["com.softwarepathfinder.model.Project","com.softwarepathfinder.persistence.jpa.PersistenceManager"]},{"type":"com.softwarepathfinder.parsing.java.JavaCompiler","size":12,"dependencies":[]},{"type":"com.softwarepathfinder.injection.InjectionModule","size":10,"dependencies":[]},{"type":"com.softwarepathfinder.injection.InjectionManager","size":8,"dependencies":[]},{"type":"com.softwarepathfinder.utils.exceptions.ConfException","size":7,"dependencies":[]}]