"namespace","ca","ce","instability","abstractness","distance"
"edu.umd.cs.findbugs.detect",3,22,0.88,0.030612244897959183,0.08938775510204078
"edu.umd.cs.findbugs",354,26,0.06842105263157895,0.2727272727272727,0.6588516746411484
"edu.umd.cs.findbugs.ba",312,23,0.06865671641791045,0.2867647058823529,0.6445785776997366
"edu.umd.cs.findbugs.gui2",3,13,0.8125,0.0945945945945946,0.09290540540540537
"edu.umd.cs.findbugs.classfile.engine.bcel",1,13,0.9285714285714286,0.021739130434782608,0.0496894409937888
"edu.umd.cs.findbugs.classfile",260,3,0.011406844106463879,0.6285714285714286,0.3600217273221076
"edu.umd.cs.findbugs.util",101,4,0.0380952380952381,0.14705882352941177,0.8148459383753501
"edu.umd.cs.findbugs.ba.jsr305",11,7,0.3888888888888889,0.21875,0.39236111111111116
"edu.umd.cs.findbugs.ba.npe",20,10,0.3333333333333333,0.10714285714285714,0.5595238095238095
"edu.umd.cs.findbugs.filter",27,3,0.1,0.10714285714285714,0.7928571428571429
"edu.umd.cs.findbugs.workflow",1,7,0.875,0.037037037037037035,0.08796296296296302
"edu.umd.cs.findbugs.annotations",0,0,0.0,0.0,1.0
"edu.umd.cs.findbugs.ba.bcp",3,3,0.5,0.24,0.26
"edu.umd.cs.findbugs.classfile.impl",3,6,0.6666666666666666,0.09523809523809523,0.23809523809523814
"edu.umd.cs.findbugs.ba.type",36,6,0.14285714285714285,0.1,0.7571428571428571
"edu.umd.cs.findbugs.graph",11,0,0.0,0.5,0.5
"edu.umd.cs.findbugs.ba.obl",4,7,0.6363636363636364,0.058823529411764705,0.3048128342245989
"edu.umd.cs.findbugs.cloud",17,4,0.19047619047619047,0.35714285714285715,0.45238095238095233
"edu.umd.cs.findbugs.ba.vna",61,4,0.06153846153846154,0.15384615384615385,0.7846153846153846
"edu.umd.cs.findbugs.ba.ch",3,5,0.625,0.25,0.125
"edu.umd.cs.findbugs.classfile.engine",2,8,0.8,0.3333333333333333,0.1333333333333333
"edu.umd.cs.findbugs.anttask",0,1,1.0,0.09090909090909091,0.09090909090909083
"edu.umd.cs.findbugs.plan",3,3,0.5,0.09090909090909091,0.40909090909090906
"edu.umd.cs.findbugs.visitclass",51,4,0.07272727272727272,0.2727272727272727,0.6545454545454545
"edu.umd.cs.findbugs.xml",54,1,0.01818181818181818,0.5,0.4818181818181818
"edu.umd.cs.findbugs.sourceViewer",1,1,0.5,0.0,0.5
"edu.umd.cs.findbugs.classfile.analysis",18,4,0.18181818181818182,0.1111111111111111,0.7070707070707071
"edu.umd.cs.findbugs.ba.generic",9,4,0.3076923076923077,0.0,0.6923076923076923
"edu.umd.cs.findbugs.jaif",0,1,1.0,0.125,0.125
"edu.umd.cs.findbugs.model",8,4,0.3333333333333333,0.25,0.41666666666666674
"edu.umd.cs.findbugs.ba.heap",3,1,0.25,0.14285714285714285,0.6071428571428572
"edu.umd.cs.findbugs.config",11,2,0.15384615384615385,0.14285714285714285,0.7032967032967032
"edu.umd.cs.findbugs.ba.constant",4,1,0.2,0.0,0.8
"edu.umd.cs.findbugs.ba.interproc",14,4,0.2222222222222222,0.5,0.2777777777777778
"edu.umd.cs.findbugs.bcel",29,5,0.14705882352941177,0.8333333333333334,0.019607843137254832
"edu.umd.cs.findbugs.cloud.username",6,4,0.4,0.16666666666666666,0.43333333333333335
"edu.umd.cs.findbugs.props",13,4,0.23529411764705882,0.5,0.2647058823529411
"edu.umd.cs.findbugs.tools",0,3,1.0,0.0,0.0
"edu.umd.cs.findbugs.ba.ca",3,1,0.25,0.0,0.75
"edu.umd.cs.findbugs.classfile.engine.asm",10,2,0.16666666666666666,0.0,0.8333333333333334
"edu.umd.cs.findbugs.internalAnnotations",0,0,0.0,0.0,1.0
"edu.umd.cs.findbugs.log",3,2,0.4,0.6,0.0
"edu.umd.cs.findbugs.asm",2,3,0.6,0.75,0.3500000000000001
"edu.umd.cs.findbugs.ba.deref",10,7,0.4117647058823529,0.0,0.5882352941176471
"edu.umd.cs.findbugs.bcel.generic",2,0,0.0,0.25,0.75
"edu.umd.cs.findbugs.updates",2,3,0.6,0.5,0.10000000000000009
"edu.umd.cs.findbugs.tools.html",0,2,1.0,0.25,0.25
"edu.umd.cs.findbugs.bugReporter",1,2,0.6666666666666666,0.3333333333333333,0.0
"edu.umd.cs.findbugs.charsets",34,0,0.0,0.0,1.0
"edu.umd.cs.findbugs.io",9,0,0.0,0.0,1.0
"edu.umd.cs.findbugs.plugins",1,0,0.0,0.0,1.0
"edu.umd.cs.findbugs.gui",2,1,0.3333333333333333,0.0,0.6666666666666667
"edu.umd.cs.findbugs.launchGUI",1,1,0.5,0.0,0.5
"edu.umd.cs.findbugs.architecture",0,0,0.0,0.0,1.0
"edu.umd.cs.findbugs.ml",0,1,1.0,0.0,0.0
"edu.umd.cs.findbugs.tools.junit",0,0,0.0,0.0,1.0
"edu.umd.cs.findbugs.tools.xml",0,1,1.0,0.0,0.0
