"type","sloc","nom","npm","wmc","dep","i-dep","noa"
"edu.umd.cs.findbugs.JumpStackComputation",3001,143,91,8,58,15,76
"edu.umd.cs.findbugs.XmlProps",1673,198,188,8,67,23,28
"edu.umd.cs.findbugs.detect.RandomOnceSubDetector",1308,29,20,6,49,19,33
"edu.umd.cs.findbugs.Summary",1296,47,15,1,62,17,24
"edu.umd.cs.findbugs.ba.type.TypeFrameModelingVisitor",1153,125,116,206,38,19,12
"edu.umd.cs.findbugs.MultiversionBugInstanceComparator",1019,96,87,6,58,8,29
"edu.umd.cs.findbugs.detect.UnreadFields",994,22,21,357,57,26,21
"edu.umd.cs.findbugs.detect.WarningDecorator",991,55,39,1,86,42,32
"edu.umd.cs.findbugs.gui2.CommentInfo",960,66,35,10,59,4,33
"edu.umd.cs.findbugs.visitclass.DismantleBytecode",932,63,58,192,35,11,45
"edu.umd.cs.findbugs.gui2.StatusBarUpdater",913,118,110,1,53,13,51
"edu.umd.cs.findbugs.detect.EarlyExitException",895,37,22,316,34,12,37
"edu.umd.cs.findbugs.ba.AbstractFrameModelingVisitor",882,198,197,211,4,2,3
"edu.umd.cs.findbugs.classfile.engine.bcel.BackIterator",869,49,39,11,58,14,37
"edu.umd.cs.findbugs.FindBugs2",841,62,52,133,53,28,26
"edu.umd.cs.findbugs.ba.ch.SupertypeTraversalPath",806,56,36,7,28,8,19
"edu.umd.cs.findbugs.cloud.AbstractCloud",789,75,67,189,34,8,20
"edu.umd.cs.findbugs.ba.Context",727,44,39,12,59,11,28
"edu.umd.cs.findbugs.detect.FieldStats",704,25,19,23,66,32,31
"edu.umd.cs.findbugs.workflow.FilterCommandLine",704,17,8,154,44,15,71
"edu.umd.cs.findbugs.gui2.UninstallClickListener",692,36,25,5,64,6,21
"edu.umd.cs.findbugs.ba.deref.UnconditionalValueDerefAnalysis",671,35,21,164,53,25,16
"edu.umd.cs.findbugs.SAXBugCollectionHandler",669,19,6,87,39,22,24
"edu.umd.cs.findbugs.detect.Info",669,12,4,2,77,37,7
"edu.umd.cs.findbugs.WorkList",661,65,59,10,44,9,37
"edu.umd.cs.findbugs.ba.npe.PointerEqualityCheck",657,21,15,1,38,18,16
"edu.umd.cs.findbugs.detect.ExceptionLocation",632,35,33,6,48,16,31
"edu.umd.cs.findbugs.ba.npe.NullDerefAndRedundantComparisonFinder",625,19,8,151,45,22,17
"edu.umd.cs.findbugs.ba.jsr305.ComputeEffectiveTypeQualifierAnnotation",618,38,18,1,25,11,10
"edu.umd.cs.findbugs.detect.SerializableIdiom",616,11,8,234,36,15,34
"edu.umd.cs.findbugs.ba.DelegatingRepositoryLookupFailureCallback",612,83,79,5,47,23,30
"edu.umd.cs.findbugs.gui2.PasteAction",605,43,42,3,36,8,13
"edu.umd.cs.findbugs.detect.FindPuzzlers",594,9,6,255,33,16,22
"edu.umd.cs.findbugs.Chooser",593,20,13,1,23,3,39
"edu.umd.cs.findbugs.SourceLineAnnotation",581,58,53,113,29,12,27
"edu.umd.cs.findbugs.gui2.MyTreeExpansionListener",581,44,42,4,51,2,13
"edu.umd.cs.findbugs.ba.ClassContext",571,63,52,122,50,23,9
"edu.umd.cs.findbugs.visitclass.PreorderVisitor",568,64,58,136,51,13,27
"edu.umd.cs.findbugs.workflow.ZipElementHandler",556,24,18,1,34,4,28
"edu.umd.cs.findbugs.ba.vna.ValueNumberFrameModelingVisitor",544,30,15,136,39,11,8
"edu.umd.cs.findbugs.gui2.BranchOperationException",542,46,41,1,19,1,15
"edu.umd.cs.findbugs.detect.FindHEmismatch",541,13,12,215,34,16,28
"edu.umd.cs.findbugs.detect.FindBadCast2",534,5,3,8,57,28,5
"edu.umd.cs.findbugs.ba.vna.ValueNumberFrame",530,40,25,152,18,3,11
"edu.umd.cs.findbugs.ba.type.InstanceOfCheck",525,27,20,3,44,17,17
"edu.umd.cs.findbugs.classfile.engine.ClassParserMethodVisitor",524,31,30,100,27,6,34
"edu.umd.cs.findbugs.detect.NamingProperty",524,23,11,1,37,18,11
"edu.umd.cs.findbugs.gui2.CloudComboBoxRenderer",521,21,15,5,42,4,20
"edu.umd.cs.findbugs.detect.FindDeadLocalStores",508,8,2,140,65,20,6
"edu.umd.cs.findbugs.gui2.MainFrameLoadSaveHelper",499,28,26,44,21,6,4
"edu.umd.cs.findbugs.util.SetFromMap",496,66,65,16,41,2,7
"edu.umd.cs.findbugs.classfile.impl.DiscoveredCodeBase",493,32,15,6,40,21,15
"edu.umd.cs.findbugs.classfile.analysis.MethodInfoDatabase",476,75,68,0,27,11,36
"edu.umd.cs.findbugs.detect.CheckTypeQualifiers",475,15,1,120,59,37,9
"edu.umd.cs.findbugs.workflow.UpdateCommandLine",467,14,7,18,28,9,21
"edu.umd.cs.findbugs.detect.PostProcessingPathVisitor",466,24,12,54,50,26,27
"edu.umd.cs.findbugs.updates.PluginUpdate",457,28,14,10,41,7,15
"edu.umd.cs.findbugs.ba.XFactory",455,50,45,93,40,17,9
"edu.umd.cs.findbugs.gui2.BugSummaryMouseListener",452,26,21,4,57,7,8
"edu.umd.cs.findbugs.ba.Hierarchy",449,43,43,104,28,7,11
"edu.umd.cs.findbugs.detect.StringAppendState",448,28,19,15,45,18,19
"edu.umd.cs.findbugs.anttask.ClassLocation",447,48,44,4,11,1,36
"edu.umd.cs.findbugs.ba.DefaultNullnessAnnotations",444,2,1,3,1,1,1
"edu.umd.cs.findbugs.FactoryChooser",434,75,72,1,24,4,27
"edu.umd.cs.findbugs.ProjectStats",432,36,35,97,35,4,17
"edu.umd.cs.findbugs.detect.DroppedException",428,7,4,133,27,11,14
"edu.umd.cs.findbugs.DetectorFactoryCollection",415,48,41,107,27,5,20
"edu.umd.cs.findbugs.detect.ForwardConditionalBranch",414,23,15,4,16,4,11
"edu.umd.cs.findbugs.detect.OverridingEqualsNotSymmetrical",411,7,4,86,26,14,25
"edu.umd.cs.findbugs.config.UserPreferences",400,37,35,87,26,3,26
"edu.umd.cs.findbugs.cloud.MyAbstractCloud",392,64,56,31,26,6,7
"edu.umd.cs.findbugs.ba.ZipSourceRepository",382,41,37,4,28,3,12
"edu.umd.cs.findbugs.gui2.GUISaveState",381,41,39,54,21,2,42
"edu.umd.cs.findbugs.ba.npe.IsNullValueFrameModelingVisitor",381,24,19,86,42,15,7
"edu.umd.cs.findbugs.gui2.ViewFilterEnum",377,66,61,1,8,1,18
"edu.umd.cs.findbugs.ba.BackwardProgramOrder",371,19,12,1,13,7,7
"edu.umd.cs.findbugs.detect.CheckCallSitesAndReturnInstructions",354,17,10,0,63,37,10
"edu.umd.cs.findbugs.detect.LockResourceTracker",354,16,14,36,44,23,10
"edu.umd.cs.findbugs.ba.generic.GenericUtilities",352,31,30,78,11,1,1
"edu.umd.cs.findbugs.plan.ExecutionPlan",352,26,12,80,20,6,8
"edu.umd.cs.findbugs.log.TotalCallsComparator",344,23,22,4,17,4,18
"edu.umd.cs.findbugs.detect.CheckExpectedWarnings",344,10,5,81,42,22,12
"edu.umd.cs.findbugs.workflow.MineBugHistoryCommandLine",341,19,17,7,15,4,19
"edu.umd.cs.findbugs.cloud.DoNothingCloud",340,73,72,83,17,4,2
"edu.umd.cs.findbugs.classfile.impl.AbnormalAnalysisResult",340,28,23,7,28,16,16
"edu.umd.cs.findbugs.gui2.FBTableCellRenderer",328,33,31,4,26,0,8
"edu.umd.cs.findbugs.ba.Hierarchy2",328,20,15,68,27,9,3
"edu.umd.cs.findbugs.FindBugs",327,20,19,45,21,4,12
"edu.umd.cs.findbugs.ba.LocationIterator",326,44,41,10,13,1,15
"edu.umd.cs.findbugs.ba.npe.IsNullValue",323,41,36,87,9,8,22
"edu.umd.cs.findbugs.ba.npe.TypeQualifierNullnessAnnotationDatabase",320,14,12,69,33,18,4
"edu.umd.cs.findbugs.detect.MutableStaticFields",319,10,6,66,22,9,22
"edu.umd.cs.findbugs.ba.Frame",318,36,35,91,11,1,7
"edu.umd.cs.findbugs.ba.AnnotationDatabase",318,17,9,44,16,5,9
"edu.umd.cs.findbugs.classfile.engine.bcel.TryBlock",318,10,7,45,32,5,8
"edu.umd.cs.findbugs.gui2.SourceDirectoryWizard",315,25,21,13,16,5,31
"edu.umd.cs.findbugs.detect.DuplicateBranches",310,11,3,75,27,8,3
"edu.umd.cs.findbugs.NoOpProgress",306,47,44,9,22,11,7
"edu.umd.cs.findbugs.jaif.JAIFParser",302,25,11,45,4,1,2
"edu.umd.cs.findbugs.detect.PotentialOpenStream",302,8,8,2,32,15,9
"edu.umd.cs.findbugs.LocalVariableAnnotation",301,24,24,64,25,9,19
"edu.umd.cs.findbugs.ba.obl.ObligationAnalysis",300,17,12,85,31,15,11
"edu.umd.cs.findbugs.MethodAnnotation",298,28,26,73,16,9,21
"edu.umd.cs.findbugs.ba.bcp.State",292,22,18,42,21,11,22
"edu.umd.cs.findbugs.workflow.MSVCommandLine",292,16,10,10,26,6,20
"edu.umd.cs.findbugs.ba.Callback",291,4,2,1,1,1,2
"edu.umd.cs.findbugs.config.ProjectFilterSettings",289,23,23,60,13,4,15
"edu.umd.cs.findbugs.detect.SwitchFallthrough",289,6,3,88,28,10,17
"edu.umd.cs.findbugs.detect.HierarchyIterator",284,12,5,7,36,12,7
"edu.umd.cs.findbugs.Error",283,30,23,14,20,5,14
"edu.umd.cs.findbugs.ba.jsr305.TypeQualifierValueSet",277,35,25,69,9,2,6
"edu.umd.cs.findbugs.ba.jsr305.Data",277,19,15,0,28,11,15
"edu.umd.cs.findbugs.detect.LazyInit",277,6,5,65,49,30,4
"edu.umd.cs.findbugs.detect.AuxilaryObligationPropertyDatabase",276,11,4,2,39,23,12
"edu.umd.cs.findbugs.visitclass.BetterVisitor",271,70,70,70,37,0,0
"edu.umd.cs.findbugs.detect.FindSelfComparison",269,5,3,106,17,8,9
"edu.umd.cs.findbugs.detect.UselessSubclassMethod",266,11,8,97,17,4,9
"edu.umd.cs.findbugs.gui2.DisplayBug",265,13,9,10,20,4,15
"edu.umd.cs.findbugs.JumpInfoFromStackMap",262,10,2,1,25,3,3
"edu.umd.cs.findbugs.ba.deref.UnconditionalValueDerefSet",258,23,22,63,15,4,6
"edu.umd.cs.findbugs.ba.InstructionReverseIterator",255,35,34,6,10,2,11
"edu.umd.cs.findbugs.gui2.BugSet",252,25,20,47,15,4,7
"edu.umd.cs.findbugs.gui2.AbstractSwingGuiCallback",250,25,17,41,30,2,2
"edu.umd.cs.findbugs.Version",250,8,7,39,15,2,23
"edu.umd.cs.findbugs.cloud.CloudTaskListener",247,104,104,3,16,3,6
"edu.umd.cs.findbugs.config.HelpRequestedException",245,15,10,0,18,2,9
"edu.umd.cs.findbugs.workflow.SetInfoCommandLine",244,3,1,20,19,4,18
"edu.umd.cs.findbugs.detect.MethodReturnCheck",243,6,3,53,25,13,12
"edu.umd.cs.findbugs.ba.IncompatibleTypes",242,10,8,72,17,7,21
"edu.umd.cs.findbugs.ba.RemoteDirectoryEntry",241,23,22,4,17,2,7
"edu.umd.cs.findbugs.ba.npe.PointerEqualityInfo",241,18,18,6,13,5,5
"edu.umd.cs.findbugs.detect.DontIgnoreResultOfPutIfAbsent",240,5,2,56,51,22,6
"edu.umd.cs.findbugs.detect.LoadOfKnownNullValue",239,4,2,46,35,17,2
"edu.umd.cs.findbugs.ClassStats",238,33,31,10,13,2,11
"edu.umd.cs.findbugs.FieldAnnotation",238,22,20,50,23,8,13
"edu.umd.cs.findbugs.detect.UncallableMethodOfAnonymousClass",238,9,8,62,23,14,3
"edu.umd.cs.findbugs.detect.StaticCalendarDetector",234,8,7,62,28,10,13
"edu.umd.cs.findbugs.gui2.AnalysisThread",233,23,17,4,17,2,11
"edu.umd.cs.findbugs.ba.LockSet",233,18,14,65,5,3,6
"edu.umd.cs.findbugs.ba.ch.Subtypes2Test",232,32,30,17,8,3,26
"edu.umd.cs.findbugs.classfile.engine.FieldOrMethodDescriptorCreator",232,12,4,1,15,6,7
"edu.umd.cs.findbugs.ReflectionDetectorCreator",231,28,28,10,8,0,17
"edu.umd.cs.findbugs.ba.SourceLineRange",228,23,20,6,13,1,11
"edu.umd.cs.findbugs.ba.vna.ValueNumberAnalysis",228,23,19,47,20,7,11
"edu.umd.cs.findbugs.DeepSubtypeAnalysis",227,11,10,55,13,3,7
"edu.umd.cs.findbugs.PrintingCommandLine",227,8,6,18,14,3,7
"edu.umd.cs.findbugs.anttask.FilterBugsTask",226,39,33,51,2,0,29
"edu.umd.cs.findbugs.util.Worker2",226,12,9,29,14,2,10
"edu.umd.cs.findbugs.detect.StringPassthruDatabase",225,13,13,12,17,4,9
"edu.umd.cs.findbugs.detect.FunctionsThatMightBeMistakenForProcedures",224,5,5,66,23,9,11
"edu.umd.cs.findbugs.anttask.SystemProperty",223,29,19,5,9,0,18
"edu.umd.cs.findbugs.gui2.RedoAnalysisCallback",223,14,10,3,31,12,3
"edu.umd.cs.findbugs.ba.type.ThrownExceptionIterator",222,24,22,10,10,1,8
"edu.umd.cs.findbugs.graph.IncomingEdgeIterator",219,34,33,5,3,0,8
"edu.umd.cs.findbugs.Scorer",219,13,7,8,13,2,11
"edu.umd.cs.findbugs.detect.LoadedVariable",218,14,9,18,17,11,15
"edu.umd.cs.findbugs.detect.FindNonShortCircuit",218,9,3,71,8,2,14
"edu.umd.cs.findbugs.detect.StringConcatenation",217,4,2,72,10,5,14
"edu.umd.cs.findbugs.updates.TestingUpdateCheckCallback",215,21,13,4,25,2,10
"edu.umd.cs.findbugs.ba.CheckReturnAnnotationDatabase",215,3,2,19,6,0,1
"edu.umd.cs.findbugs.classfile.DescriptorFactory",214,29,28,49,16,4,6
"edu.umd.cs.findbugs.util.ConsoleWriter",212,9,9,3,23,1,6
"edu.umd.cs.findbugs.detect.ExceptionThrown",209,4,4,1,37,18,11
"edu.umd.cs.findbugs.BugDesignation",206,20,20,62,9,2,6
"edu.umd.cs.findbugs.model.ClassFeatureSet",204,18,17,51,17,5,13
"edu.umd.cs.findbugs.detect.HashQueue",204,13,13,16,9,3,7
"edu.umd.cs.findbugs.ba.Edge",200,16,16,62,9,1,2
"edu.umd.cs.findbugs.graph.Visit",199,26,13,5,5,0,15
"edu.umd.cs.findbugs.workflow.CopyBuggySource",199,7,4,41,22,5,14
"edu.umd.cs.findbugs.detect.RememberedBug",195,5,5,1,22,11,8
"edu.umd.cs.findbugs.FilteringBugAnnotationIterator",194,14,11,9,6,1,6
"edu.umd.cs.findbugs.detect.CrossSiteScripting",192,5,2,63,16,6,8
"edu.umd.cs.findbugs.ba.FieldSummary",191,14,14,44,20,7,7
"edu.umd.cs.findbugs.gui2.MyPluginUpdateListener",191,12,7,5,28,3,2
"edu.umd.cs.findbugs.ba.PruneUnconditionalExceptionThrowerEdges",191,5,4,38,20,4,11
"edu.umd.cs.findbugs.cloud.SourceLine",190,8,7,1,19,4,6
"edu.umd.cs.findbugs.detect.Stream",189,24,21,47,15,6,8
"edu.umd.cs.findbugs.detect.FindSelfComparison2",189,6,2,66,26,15,1
"edu.umd.cs.findbugs.detect.RedundantConditions",189,6,2,68,25,8,2
"edu.umd.cs.findbugs.workflow.ChurnCommandLine",188,8,9,4,12,3,8
"edu.umd.cs.findbugs.detect.IncompatMask",187,8,4,63,5,3,5
"edu.umd.cs.findbugs.detect.InvocationInfo",187,6,5,1,20,7,14
"edu.umd.cs.findbugs.detect.FindDoubleCheck",187,3,2,80,12,4,13
"edu.umd.cs.findbugs.filter.Filter",186,19,18,38,19,4,2
"edu.umd.cs.findbugs.detect.FindJSR166LockMonitorenter",186,4,3,39,33,17,3
"edu.umd.cs.findbugs.ba.UnresolvedXMethod",185,30,30,39,15,6,2
"edu.umd.cs.findbugs.ba.jsr305.TypeQualifierDataflowAnalysis",184,16,12,41,22,11,7
"edu.umd.cs.findbugs.ba.generic.ParameterSignatureIterator",184,9,10,27,10,0,2
"edu.umd.cs.findbugs.detect.FindUseOfNonSerializableValue",184,4,3,42,36,12,4
"edu.umd.cs.findbugs.ba.ParameterSignatureIterator",183,18,19,17,7,0,4
"edu.umd.cs.findbugs.detect.RepeatedConditionals",182,6,3,53,17,4,6
"edu.umd.cs.findbugs.detect.BuildUnconditionalParamDerefDatabase",182,5,2,54,35,16,3
"edu.umd.cs.findbugs.ba.ClassHash",181,18,16,31,17,2,6
"edu.umd.cs.findbugs.SystemProperties",181,14,12,28,12,1,7
"edu.umd.cs.findbugs.ba.InstructionCallback",181,11,6,23,15,1,8
"edu.umd.cs.findbugs.classfile.analysis.Builder",180,29,28,28,23,11,9
"edu.umd.cs.findbugs.Obfuscate",179,23,15,41,5,0,1
"edu.umd.cs.findbugs.detect.BadConstant",177,11,6,10,16,3,10
"edu.umd.cs.findbugs.ba.jsr305.ForwardTypeQualifierDataflowAnalysis",176,15,3,45,28,11,1
"edu.umd.cs.findbugs.FilteringAnnotationIterator",176,11,8,9,5,3,5
"edu.umd.cs.findbugs.detect.FormatStringChecker",176,2,2,3,18,7,6
"edu.umd.cs.findbugs.Tokenizer",174,5,1,40,4,0,3
"edu.umd.cs.findbugs.DesignationKeyComparator",173,14,13,22,10,0,8
"edu.umd.cs.findbugs.detect.CloneIdiom",170,8,8,47,21,13,11
"edu.umd.cs.findbugs.PrefixFilter",169,10,8,8,16,1,7
"edu.umd.cs.findbugs.ba.npe.DerefFinder",169,2,2,33,36,17,1
"edu.umd.cs.findbugs.io.IO",167,15,12,27,16,0,2
"edu.umd.cs.findbugs.gui2.NewFilterFrame",167,9,10,6,21,0,3
"edu.umd.cs.findbugs.cloud.username.WebCloudNameLookup",166,15,11,31,17,4,10
"edu.umd.cs.findbugs.ba.jsr305.BackwardTypeQualifierDataflowAnalysis",166,12,6,41,28,13,4
"edu.umd.cs.findbugs.Analyze",165,7,6,37,12,5,6
"edu.umd.cs.findbugs.util.ClassName",164,16,16,51,6,1,0
"edu.umd.cs.findbugs.detect.InvalidJUnitTest",163,8,4,57,14,9,6
"edu.umd.cs.findbugs.classfile.engine.bcel.CFGFactory",163,2,2,3,34,17,1
"edu.umd.cs.findbugs.detect.StreamResourceTracker",162,15,14,35,21,8,7
"edu.umd.cs.findbugs.ba.UserAssertionMethod",159,7,5,6,20,1,5
"edu.umd.cs.findbugs.detect.DumbMethodInvocations",158,4,2,36,27,13,5
"edu.umd.cs.findbugs.TextUIBugReporter",157,17,14,28,4,1,10
"edu.umd.cs.findbugs.Rewriter",157,16,15,1,9,1,5
"edu.umd.cs.findbugs.classfile.impl.MyIterator",157,9,8,7,13,6,6
"edu.umd.cs.findbugs.detect.LoopFinder",157,7,4,8,10,2,7
"edu.umd.cs.findbugs.ba.obl.StateSet",155,23,22,37,8,1,5
"edu.umd.cs.findbugs.ba.Path",155,14,12,32,2,0,6
"edu.umd.cs.findbugs.ba.ResourceValueAnalysis",155,6,4,47,9,1,7
"edu.umd.cs.findbugs.detect.InfiniteRecursiveLoop",154,3,3,68,10,5,6
"edu.umd.cs.findbugs.BugInstanceTest",153,18,11,22,8,2,1
"edu.umd.cs.findbugs.detect.FindFloatEquality",152,5,4,54,11,3,7
"edu.umd.cs.findbugs.SAXBugCollectionHandlerTest",152,4,4,4,4,0,0
"edu.umd.cs.findbugs.props.WarningPropertySet",151,12,12,16,6,2,1
"edu.umd.cs.findbugs.detect.FindNullDerefsInvolvingNonShortCircuitEvaluation",151,6,4,29,24,13,2
"edu.umd.cs.findbugs.tools.FixIndentation",151,3,1,35,14,3,6
"edu.umd.cs.findbugs.ba.BlockType",150,18,17,45,1,0,6
"edu.umd.cs.findbugs.gui2.ViewMenuItem",150,11,11,4,27,1,9
"edu.umd.cs.findbugs.ba.obl.InstructionActionCache",150,4,3,32,32,9,7
"edu.umd.cs.findbugs.gui2.CommentsArea",149,16,13,16,19,2,5
"edu.umd.cs.findbugs.Lookup",149,12,12,34,15,9,0
"edu.umd.cs.findbugs.XDocsBugReporter",149,11,7,22,10,1,12
"edu.umd.cs.findbugs.gui2.ProjectSettings",149,10,10,21,10,0,5
"edu.umd.cs.findbugs.detect.BadSyntaxForRegularExpression",148,7,1,63,7,1,1
"edu.umd.cs.findbugs.detect.CovariantArrayAssignment",148,3,2,52,17,6,1
"edu.umd.cs.findbugs.tools.xml.XMLFile",147,9,10,15,12,1,5
"edu.umd.cs.findbugs.detect.ResolveAllReferences",146,9,4,33,29,10,2
"edu.umd.cs.findbugs.detect.FindUninitializedGet",146,7,7,45,21,8,8
"edu.umd.cs.findbugs.ba.type.StandardTypeMerger",145,7,1,24,13,5,3
"edu.umd.cs.findbugs.xml.OutputStreamXMLOutput",142,17,13,27,9,1,5
"edu.umd.cs.findbugs.gui2.FilterFactory",142,8,5,50,16,13,0
"edu.umd.cs.findbugs.gui2.StackedFilterMatcher",142,8,9,33,6,0,2
"edu.umd.cs.findbugs.workflow.Stats",142,6,5,0,16,4,8
"edu.umd.cs.findbugs.classfile.impl.SingleFileCodeBase",141,19,19,23,20,11,8
"edu.umd.cs.findbugs.tools.html.BugPatternComparator",141,14,6,3,10,1,7
"edu.umd.cs.findbugs.sourceViewer.DistanceComparator",139,12,6,2,13,0,1
"edu.umd.cs.findbugs.gui2.Viewer",139,5,5,7,13,0,10
"edu.umd.cs.findbugs.detect.ReadOfInstanceFieldInMethodInvokedByConstructorInSuperclass",139,3,2,37,21,9,2
"edu.umd.cs.findbugs.cloud.BugCollectionStorageCloud",138,26,25,32,9,2,0
"edu.umd.cs.findbugs.SwitchDetails",138,9,9,12,8,4,7
"edu.umd.cs.findbugs.sourceViewer.JavaScanner",137,5,5,39,3,0,12
"edu.umd.cs.findbugs.ResourceTrackingDetector",136,8,6,25,19,10,4
"edu.umd.cs.findbugs.detect.InitializeNonnullFieldsInConstructor",136,7,7,41,14,4,5
"edu.umd.cs.findbugs.detect.DefaultEncodingAnnotationDatabase",136,6,5,3,16,8,5
"edu.umd.cs.findbugs.ba.generic.GenericObjectType",135,16,16,41,12,3,3
"edu.umd.cs.findbugs.detect.CallToUnconditionalThrower",135,3,2,22,30,16,4
"edu.umd.cs.findbugs.detect.FindReturnRef",134,6,5,39,10,2,11
"edu.umd.cs.findbugs.detect.LostLoggerDueToWeakReference",134,6,3,39,12,4,6
"edu.umd.cs.findbugs.CurrentThreadExecutorService",133,21,20,6,12,1,2
"edu.umd.cs.findbugs.Data",133,11,11,1,11,2,9
"edu.umd.cs.findbugs.SelfCalls",133,11,9,29,16,2,6
"edu.umd.cs.findbugs.util.Strings",133,9,8,36,5,0,8
"edu.umd.cs.findbugs.BugPattern",132,22,22,27,2,0,12
"edu.umd.cs.findbugs.visitclass.ZipEntryComparator",132,3,3,4,11,0,3
"edu.umd.cs.findbugs.IntAnnotation",130,17,16,30,5,1,14
"edu.umd.cs.findbugs.ba.SignatureConverter",130,12,12,32,7,1,1
"edu.umd.cs.findbugs.gui2.AboutDialog",130,10,5,7,9,3,11
"edu.umd.cs.findbugs.ba.jsr305.SourceSinkInfo",129,16,16,40,3,2,8
"edu.umd.cs.findbugs.detect.MultithreadedInstanceAccess",129,6,5,25,17,3,8
"edu.umd.cs.findbugs.detect.FindMismatchedWaitOrNotify",129,4,3,24,28,14,2
"edu.umd.cs.findbugs.TypeAnnotation",128,14,14,30,8,4,10
"edu.umd.cs.findbugs.DetectorsTest",128,10,6,24,13,1,6
"edu.umd.cs.findbugs.ba.jsr305.TypeQualifierResolver",128,6,4,27,13,7,9
"edu.umd.cs.findbugs.PackageMemberAnnotation",127,16,11,32,6,3,3
"edu.umd.cs.findbugs.ba.LiveLocalStoreAnalysis",127,13,12,32,10,0,2
"edu.umd.cs.findbugs.jaif.TokenPattern",127,9,6,3,5,0,26
"edu.umd.cs.findbugs.detect.FindNonSerializableValuePassedToWriteObject",127,3,2,25,26,12,2
"edu.umd.cs.findbugs.detect.InefficientInitializationInsideLoop",126,6,3,43,18,4,15
"edu.umd.cs.findbugs.workflow.CountClassVersionsCommandLine",126,4,3,6,21,4,3
"edu.umd.cs.findbugs.ba.jsr305.Analysis",125,6,3,24,22,11,3
"edu.umd.cs.findbugs.detect.CallToUnsupportedMethod",125,3,2,22,28,13,1
"edu.umd.cs.findbugs.detect.FindFieldSelfAssignment",125,2,2,38,13,6,7
"edu.umd.cs.findbugs.ClassAnnotation",124,13,12,30,8,3,10
"edu.umd.cs.findbugs.ba.ResourceValueFrameModelingVisitor",123,15,11,24,14,0,0
"edu.umd.cs.findbugs.anttask.FindBugsViewerTask",123,14,13,30,7,1,11
"edu.umd.cs.findbugs.gui2.FilterMatcher",123,10,10,30,6,2,6
"edu.umd.cs.findbugs.detect.FindTwoLockWait",123,6,5,24,23,10,4
"edu.umd.cs.findbugs.detect.VolatileUsage",122,7,4,35,11,5,6
"edu.umd.cs.findbugs.detect.FindNonSerializableStoreIntoSession",122,3,2,22,27,12,3
"edu.umd.cs.findbugs.classfile.impl.ZipFileCodeBase",121,8,7,16,12,3,2
"edu.umd.cs.findbugs.detect.UnnecessaryMath",121,3,3,22,13,4,8
"edu.umd.cs.findbugs.classfile.ClassDescriptor",120,24,24,30,8,2,4
"edu.umd.cs.findbugs.ba.bcp.SubclassMatcher",119,10,8,2,13,5,12
"edu.umd.cs.findbugs.gui2.Driver",119,6,6,25,9,5,4
"edu.umd.cs.findbugs.visitclass.Util",119,5,5,36,16,1,0
"edu.umd.cs.findbugs.ba.interproc.ParameterProperty",118,17,16,26,2,0,3
"edu.umd.cs.findbugs.gui2.SplitLayout",118,11,10,11,16,1,7
"edu.umd.cs.findbugs.util.LaunchBrowser",118,7,1,19,9,1,8
"edu.umd.cs.findbugs.CollectionBeanWrapper",117,9,9,2,4,0,12
"edu.umd.cs.findbugs.sourceViewer.JavaSourceDocument",117,5,5,12,19,3,14
"edu.umd.cs.findbugs.detect.FieldItemSummary",117,4,4,40,17,9,3
"edu.umd.cs.findbugs.ba.LineNumberMapBuilder",116,12,8,8,4,0,8
"edu.umd.cs.findbugs.TestRunnerThread",116,6,3,12,6,1,3
"edu.umd.cs.findbugs.AnalysisError",115,12,11,34,2,0,6
"edu.umd.cs.findbugs.ba.LockAnalysis",115,11,9,34,11,5,6
"edu.umd.cs.findbugs.gui2.SortableCheckBox",114,9,6,2,19,0,4
"edu.umd.cs.findbugs.detect.Pair",114,6,3,1,13,3,5
"edu.umd.cs.findbugs.detect.ConfusionBetweenInheritedAndOuterMethod",114,4,4,33,13,4,3
"edu.umd.cs.findbugs.detect.NoteSuppressedWarnings",113,7,5,20,23,15,2
"edu.umd.cs.findbugs.workflow.FileBugHash",113,5,6,25,15,3,4
"edu.umd.cs.findbugs.AddMessages",113,4,2,16,11,1,2
"edu.umd.cs.findbugs.classfile.analysis.AnnotationArrayVisitor",112,16,15,8,8,3,6
"edu.umd.cs.findbugs.detect.ReadReturnShouldBeChecked",112,5,2,44,9,4,8
"edu.umd.cs.findbugs.ba.vna.ValueNumberSourceInfo",110,6,6,29,14,8,0
"edu.umd.cs.findbugs.gui2.SpringUtilities",110,4,3,12,4,0,0
"edu.umd.cs.findbugs.detect.FindUncalledPrivateMethods",110,3,3,34,16,6,4
"edu.umd.cs.findbugs.ba.interproc.PropertyDatabase",109,14,10,22,20,2,1
"edu.umd.cs.findbugs.cloud.CloudFactory",109,5,5,15,13,3,7
"edu.umd.cs.findbugs.ba.AbstractClassMember",108,17,17,22,4,2,6
"edu.umd.cs.findbugs.ba.heap.FieldSetAnalysis",108,14,10,27,15,6,2
"edu.umd.cs.findbugs.classfile.impl.ClassPathImpl",108,9,8,23,11,5,3
"edu.umd.cs.findbugs.FindBugsCommandLine",108,6,4,23,7,1,3
"edu.umd.cs.findbugs.props.WarningPropertyUtil",108,5,2,17,17,8,1
"edu.umd.cs.findbugs.detect.InheritanceUnsafeGetResource",108,4,3,30,13,4,9
"edu.umd.cs.findbugs.QuotedStringMarker",107,16,16,0,4,2,15
"edu.umd.cs.findbugs.ba.NullnessAnnotationDatabase",107,8,8,47,4,2,0
"edu.umd.cs.findbugs.detect.SynchronizeOnClassLiteralNotGetClass",106,2,2,26,9,3,4
"edu.umd.cs.findbugs.ba.FrameDataflowAnalysis",105,12,9,31,2,0,0
"edu.umd.cs.findbugs.detect.CheckAnalysisContextContainedAnnotation",105,6,4,32,18,7,5
"edu.umd.cs.findbugs.detect.BuildNonNullAnnotationDatabase",105,5,3,22,16,7,3
"edu.umd.cs.findbugs.detect.SynchronizingOnContentsOfFieldToProtectField",105,2,2,27,8,3,6
"edu.umd.cs.findbugs.ba.obl.ObligationFactory",104,11,11,21,15,5,2
"edu.umd.cs.findbugs.classfile.impl.DirectoryCodeBaseIterator",104,11,11,2,13,4,4
"edu.umd.cs.findbugs.util.HTMLtoPlainTextWriter2",104,9,2,20,12,0,2
"edu.umd.cs.findbugs.workflow.CommandLine",103,4,5,2,8,3,1
"edu.umd.cs.findbugs.anttask.SetBugDatabaseInfoTask",102,16,10,28,1,0,9
"edu.umd.cs.findbugs.ba.jsr305.TypeQualifierAnnotation",102,11,9,13,7,1,7
"edu.umd.cs.findbugs.visitclass.AnnotationVisitor",102,7,5,19,15,2,1
"edu.umd.cs.findbugs.bugReporter.SuppressionDecorator",102,2,1,21,15,5,3
"edu.umd.cs.findbugs.detect.FindBugsSummaryStats",101,11,11,16,16,7,10
"edu.umd.cs.findbugs.detect.BuildCheckReturnAnnotationDatabase",101,3,1,23,14,4,2
"edu.umd.cs.findbugs.ba.type.TypeFrame",100,14,13,24,4,2,1
"edu.umd.cs.findbugs.anttask.ConvertXmlToTextTask",100,12,8,30,3,1,6
"edu.umd.cs.findbugs.detect.URLProblems",100,6,6,21,12,3,10
"edu.umd.cs.findbugs.detect.SynchronizationOnSharedBuiltinConstant",100,4,2,17,16,5,7
"edu.umd.cs.findbugs.detect.VarArgsProblems",100,2,2,29,7,4,12
"edu.umd.cs.findbugs.jaif.JAIFScannerTest",99,13,11,13,2,0,0
"edu.umd.cs.findbugs.SloppyBugComparator",99,8,2,29,3,3,2
"edu.umd.cs.findbugs.detect.TestDataflowAnalysis",99,5,3,13,18,15,4
"edu.umd.cs.findbugs.detect.InefficientToArray",99,4,4,19,15,6,9
"edu.umd.cs.findbugs.ba.ch.ClassVertex",97,18,15,24,5,3,7
"edu.umd.cs.findbugs.detect.FindComparatorProblems",96,5,4,23,14,4,6
"edu.umd.cs.findbugs.workflow.UnionResultsCommandLine",96,4,3,5,11,4,2
"edu.umd.cs.findbugs.detect.AtomicityProblem",96,3,3,31,9,4,4
"edu.umd.cs.findbugs.detect.SuspiciousThreadInterrupted",96,3,3,36,8,4,8
"edu.umd.cs.findbugs.util.EntryComparator",95,12,12,3,8,0,1
"edu.umd.cs.findbugs.gui2.FBFileChooser",95,9,5,12,11,1,0
"edu.umd.cs.findbugs.classfile.engine.ClassParserUsingBCEL",95,8,6,9,20,8,4
"edu.umd.cs.findbugs.ba.vna.MergeTree",95,5,4,22,6,1,3
"edu.umd.cs.findbugs.xml.Dom4JXMLOutput",94,15,15,20,5,0,1
"edu.umd.cs.findbugs.AppVersion",94,12,12,16,5,2,6
"edu.umd.cs.findbugs.ba.bcp.PatternElementMatch",94,12,12,25,2,0,5
"edu.umd.cs.findbugs.util.IncreasingOrderEntryComparator",94,11,10,1,7,0,1
"edu.umd.cs.findbugs.ba.URLClassPathRepository",94,10,9,23,7,1,4
"edu.umd.cs.findbugs.detect.FindSleepWithLockHeld",94,5,2,18,19,8,2
"edu.umd.cs.findbugs.tools.junit.JUnitJarRunner",94,5,5,13,12,0,2
"edu.umd.cs.findbugs.detect.TrainFieldStoreTypes",94,3,2,16,23,12,2
"edu.umd.cs.findbugs.detect.XMLFactoryBypass",94,3,3,17,9,3,5
"edu.umd.cs.findbugs.tools.FilterAndCombineBitfieldPropertyDatabase",94,2,1,20,15,0,3
"edu.umd.cs.findbugs.gui2.SortableValue",93,15,15,5,3,1,5
"edu.umd.cs.findbugs.ba.ca.CallList",93,15,15,26,2,0,2
"edu.umd.cs.findbugs.bcel.BCELUtil",93,12,12,21,17,5,2
"edu.umd.cs.findbugs.graph.AbstractVertex",93,11,11,23,0,0,3
"edu.umd.cs.findbugs.ba.generic.TestGenericObjectType",93,6,5,14,7,0,7
"edu.umd.cs.findbugs.ba.MarkedEdge",93,4,4,2,11,1,8
"edu.umd.cs.findbugs.classfile.FieldOrMethodDescriptor",92,12,10,26,1,0,6
"edu.umd.cs.findbugs.graph.SCCSetIterator",92,9,7,4,4,0,3
"edu.umd.cs.findbugs.classfile.engine.bcel.AnalysisFactory",91,16,2,17,19,11,3
"edu.umd.cs.findbugs.anttask.ComputeBugHistoryTask",91,12,8,22,4,0,8
"edu.umd.cs.findbugs.ba.MethodHash",91,12,11,21,4,0,5
"edu.umd.cs.findbugs.ba.obl.ObligationSet",91,10,9,22,1,0,4
"edu.umd.cs.findbugs.config.ProjectFilterSettingsTest",91,9,8,11,4,2,6
"edu.umd.cs.findbugs.gui2.DisplayNonmodelMessage",91,5,4,4,14,0,5
"edu.umd.cs.findbugs.workflow.ListBugDatabaseInfoCommandLine",91,3,3,4,13,6,2
"edu.umd.cs.findbugs.ba.vna.ValueNumber",90,11,11,18,2,1,10
"edu.umd.cs.findbugs.workflow.TreemapVisualization",90,5,5,21,10,5,4
"edu.umd.cs.findbugs.detect.BuildNonnullReturnDatabase",90,3,1,16,19,10,4
"edu.umd.cs.findbugs.detect.ExplicitSerialization",90,2,2,17,17,9,6
"edu.umd.cs.findbugs.ba.TargetEnumeratingVisitor",89,11,11,19,10,0,4
"edu.umd.cs.findbugs.BugCollectionBugReporter",89,10,9,19,7,4,3
"edu.umd.cs.findbugs.gui2.GUI2CommandLine",89,9,7,23,4,1,5
"edu.umd.cs.findbugs.gui.AnnotatedString",89,6,6,21,8,2,2
"edu.umd.cs.findbugs.detect.WaitInLoop",89,4,2,37,5,3,8
"edu.umd.cs.findbugs.classfile.engine.AbstractMethodVisitor",88,22,22,23,5,1,0
"edu.umd.cs.findbugs.workflow.FindSeqNumTest",88,19,18,20,10,1,2
"edu.umd.cs.findbugs.ba.jsr305.ValidationSecurityManager",88,5,3,21,5,0,3
"edu.umd.cs.findbugs.detect.HugeSharedStringConstants",88,4,4,18,14,5,5
"edu.umd.cs.findbugs.BugCollection",87,52,52,52,16,2,14
"edu.umd.cs.findbugs.ba.npe.PointerUsageRequiringNonNullValue",87,20,20,11,4,3,3
"edu.umd.cs.findbugs.ba.ca.CallListAnalysis",87,12,11,16,16,6,2
"edu.umd.cs.findbugs.EmacsBugReporter",87,6,3,12,9,1,2
"edu.umd.cs.findbugs.detect.EqualsOperandShouldHaveClassCompatibleWithThis",87,3,2,25,16,8,3
"edu.umd.cs.findbugs.ba.ExceptionHandlerMap",86,6,3,19,10,1,3
"edu.umd.cs.findbugs.FormItem",85,26,26,15,6,0,13
"edu.umd.cs.findbugs.charsets.UTF8",85,16,16,16,17,0,2
"edu.umd.cs.findbugs.ba.AbstractDominatorsAnalysis",85,11,11,18,4,0,2
"edu.umd.cs.findbugs.ba.jsr305.ForwardTypeQualifierDataflowFactory",85,2,0,4,20,12,0
"edu.umd.cs.findbugs.classfile.engine.VirtualCodeBaseEntry",84,8,8,8,13,11,1
"edu.umd.cs.findbugs.detect.NoteDirectlyRelevantTypeQualifiers",84,5,4,20,19,11,2
"edu.umd.cs.findbugs.ba.bcp.PatternElement",83,16,15,21,7,4,6
"edu.umd.cs.findbugs.ba.npe.ReturnPathTypeAnalysis",83,15,15,17,10,6,3
"edu.umd.cs.findbugs.model.MovedClassMap",83,6,3,16,11,4,4
"edu.umd.cs.findbugs.ba.LineNumberMap",83,4,3,18,6,1,5
"edu.umd.cs.findbugs.cloud.MutableCloudTask",82,14,12,21,3,0,7
"edu.umd.cs.findbugs.ba.heap.FieldSet",81,14,14,24,3,1,2
"edu.umd.cs.findbugs.anttask.MineBugHistoryTask",81,12,7,21,2,0,5
"edu.umd.cs.findbugs.ba.vna.Entry",81,5,5,12,5,1,5
"edu.umd.cs.findbugs.util.JavaWebStart",81,4,2,5,6,0,3
"edu.umd.cs.findbugs.detect.StreamFrameModelingVisitor",81,2,1,26,11,5,3
"edu.umd.cs.findbugs.detect.CheckCalls",80,3,2,13,17,11,3
"edu.umd.cs.findbugs.LaunchAppropriateUI",80,2,2,19,5,0,7
"edu.umd.cs.findbugs.ByteCodePatternDetector",79,7,5,19,11,6,2
"edu.umd.cs.findbugs.tools.ComparePerfomance",79,4,5,12,13,1,2
"edu.umd.cs.findbugs.detect.FindSpinLoop",79,2,2,25,7,5,5
"edu.umd.cs.findbugs.detect.QuestionableBooleanAssignment",78,2,2,21,5,3,9
"edu.umd.cs.findbugs.ba.BasicAbstractDataflowAnalysis",77,13,12,17,5,2,2
"edu.umd.cs.findbugs.ClassScreener",77,6,5,20,3,0,5
"edu.umd.cs.findbugs.detect.LongInstantParameterDatabase",77,5,3,2,14,8,1
"edu.umd.cs.findbugs.detect.BadResultSetAccess",77,2,2,18,10,3,3
"edu.umd.cs.findbugs.ba.StackDepthAnalysis",76,9,9,18,4,0,3
"edu.umd.cs.findbugs.gui2.PropertiesDialog",76,4,4,3,12,0,3
"edu.umd.cs.findbugs.detect.FindUselessControlFlow",76,3,3,15,10,3,2
"edu.umd.cs.findbugs.detect.FindLocalSelfAssignment2",76,2,2,19,10,7,5
"edu.umd.cs.findbugs.DelegatingBugReporter",75,15,14,17,5,3,1
"edu.umd.cs.findbugs.detect.SuperfluousInstanceOf",75,3,3,16,9,4,6
"edu.umd.cs.findbugs.filter.MethodMatcher",75,3,3,21,7,4,0
"edu.umd.cs.findbugs.filter.RelationalOp",74,11,11,8,4,0,9
"edu.umd.cs.findbugs.filter.NameMatch",74,7,7,19,3,0,3
"edu.umd.cs.findbugs.util.EditDistance",74,6,4,14,0,0,1
"edu.umd.cs.findbugs.ba.jsr305.DataflowResult",74,5,2,3,12,9,5
"edu.umd.cs.findbugs.util.PropertyReadAt",73,7,7,0,3,0,3
"edu.umd.cs.findbugs.anttask.UnionBugs",73,6,3,12,11,0,2
"edu.umd.cs.findbugs.filter.BugMatcher",73,6,6,14,4,2,4
"edu.umd.cs.findbugs.RecursiveFileSearch",73,4,3,14,9,0,6
"edu.umd.cs.findbugs.detect.MethodReturnValueStreamFactory",73,1,1,9,11,4,6
"edu.umd.cs.findbugs.sourceViewer.DocumentCharacterIterator",72,10,10,13,4,0,4
"edu.umd.cs.findbugs.ba.jsr305.Bits",72,8,7,20,1,0,5
"edu.umd.cs.findbugs.filter.SourceMatcherTest",72,5,4,5,11,4,2
"edu.umd.cs.findbugs.gui2.BugRenderer",72,4,4,10,10,1,0
"edu.umd.cs.findbugs.detect.InefficientMemberAccess",72,2,2,16,10,5,3
"edu.umd.cs.findbugs.detect.InstantiateStaticClass",72,2,1,25,8,6,1
"edu.umd.cs.findbugs.detect.SynchronizeAndNullCheckField",72,2,2,23,5,3,4
"edu.umd.cs.findbugs.classfile.engine.bcel.LoadedFieldSetFactory",72,1,1,11,17,6,1
"edu.umd.cs.findbugs.ba.obl.ObligationPolicyDatabase",71,8,8,16,9,2,5
"edu.umd.cs.findbugs.filter.TestMatcher",71,8,7,3,8,2,2
"edu.umd.cs.findbugs.sourceViewer.NumberedParagraphView",71,3,3,11,10,1,3
"edu.umd.cs.findbugs.ba.SimplePathEnumerator",71,3,2,15,4,1,8
"edu.umd.cs.findbugs.ba.Location",70,11,11,16,3,0,3
"edu.umd.cs.findbugs.filter.SignatureUtil",70,4,2,15,2,0,0
"edu.umd.cs.findbugs.ba.UnresolvedXField",69,8,8,16,11,4,0
"edu.umd.cs.findbugs.detect.BuildInterproceduralCallGraph",69,5,4,14,13,11,2
"edu.umd.cs.findbugs.classfile.impl.NestedZipFileCodeBase",69,4,4,10,12,5,4
"edu.umd.cs.findbugs.detect.IteratorIdioms",69,4,4,19,11,6,5
"edu.umd.cs.findbugs.detect.FindNakedNotify",69,3,3,7,6,3,4
"edu.umd.cs.findbugs.ComponentPlugin",68,11,11,14,1,0,9
"edu.umd.cs.findbugs.ba.npe.ReturnPathTypeTest",68,11,10,11,3,1,3
"edu.umd.cs.findbugs.classfile.impl.ClassFactory",68,8,6,14,13,10,1
"edu.umd.cs.findbugs.JavaVersion",68,6,6,11,2,0,6
"edu.umd.cs.findbugs.ba.jsr305.ValidatorClassLoader",68,3,1,13,2,1,1
"edu.umd.cs.findbugs.detect.FindFinalizeInvocations",68,3,3,24,9,5,4
"edu.umd.cs.findbugs.BugCategory",67,13,13,17,0,0,5
"edu.umd.cs.findbugs.classfile.impl.AbstractScannableCodeBase",67,11,11,19,6,4,5
"edu.umd.cs.findbugs.filter.CompoundMatcher",67,11,8,17,6,1,1
"edu.umd.cs.findbugs.TextUIProgressCallback",67,10,7,14,1,0,5
"edu.umd.cs.findbugs.detect.UnreadFieldsData",67,9,9,9,11,5,26
"edu.umd.cs.findbugs.plan.AnalysisPass",67,8,8,15,9,3,2
"edu.umd.cs.findbugs.ba.vna.ValueNumberFactory",67,7,7,15,6,0,2
"edu.umd.cs.findbugs.detect.BadlyOverriddenAdapter",67,3,3,14,7,2,4
"edu.umd.cs.findbugs.HTMLBugReporter",67,3,2,5,11,0,2
"edu.umd.cs.findbugs.ba.npe.IsNullConditionDecision",66,7,7,14,5,3,3
"edu.umd.cs.findbugs.gui2.FilterFromBugPicker",66,5,2,12,14,2,5
"edu.umd.cs.findbugs.classfile.ReflectionDatabaseFactory",66,4,2,9,4,0,1
"edu.umd.cs.findbugs.ba.JCIPAnnotationDatabase",65,10,8,15,5,0,2
"edu.umd.cs.findbugs.ba.CFGPrinter",65,8,7,17,4,0,2
"edu.umd.cs.findbugs.ba.vna.AvailableLoad",65,7,7,20,1,1,2
"edu.umd.cs.findbugs.ClassScreenerTest",65,7,3,7,2,0,16
"edu.umd.cs.findbugs.classfile.engine.bcel.EngineRegistrar",65,1,1,4,20,14,3
"edu.umd.cs.findbugs.workflow.CountByPackagePrefix",65,0,1,14,10,3,1
"edu.umd.cs.findbugs.cloud.CloudPluginBuilder",64,13,13,13,2,1,10
"edu.umd.cs.findbugs.util.FutureValue",64,7,7,15,4,0,3
"edu.umd.cs.findbugs.ba.jsr305.AnnotationTemplate",64,6,6,0,8,0,1
"edu.umd.cs.findbugs.ba.obl.MatchMethodEntry",64,4,4,12,9,6,7
"edu.umd.cs.findbugs.ba.type.FieldStoreType",64,4,3,13,8,1,2
"edu.umd.cs.findbugs.detect.FinalizerNullsFields",64,4,4,16,7,2,6
"edu.umd.cs.findbugs.detect.MutableLock",64,4,4,17,9,3,4
"edu.umd.cs.findbugs.L10N",64,2,1,9,6,1,5
"edu.umd.cs.findbugs.detect.DeadLocalStoreProperty",64,0,0,1,2,2,28
"edu.umd.cs.findbugs.ba.BlockTypeAnalysis",63,10,10,14,4,0,1
"edu.umd.cs.findbugs.asm.MyLabel",63,4,3,1,6,1,2
"edu.umd.cs.findbugs.ba.CheckReturnValueAnnotation",63,4,4,10,2,1,12
"edu.umd.cs.findbugs.detect.PublicSemaphores",63,3,3,17,8,4,5
"edu.umd.cs.findbugs.ba.jsr305.BackwardTypeQualifierDataflowFactory",63,2,0,4,14,10,0
"edu.umd.cs.findbugs.detect.CalledMethods",63,2,2,21,9,6,4
"edu.umd.cs.findbugs.tools.CheckClassfileVersion",63,1,1,15,6,0,0
"edu.umd.cs.findbugs.ba.constant.Constant",62,10,10,22,1,0,2
"edu.umd.cs.findbugs.ba.constant.ConstantFrameModelingVisitor",62,7,7,9,8,1,0
"edu.umd.cs.findbugs.xml.NameValuePair",62,7,7,3,6,1,3
"edu.umd.cs.findbugs.ba.type.ExceptionObjectType",62,6,6,13,3,0,2
"edu.umd.cs.findbugs.detect.AppendingToAnObjectOutputStream",62,3,3,22,8,3,2
"edu.umd.cs.findbugs.detect.MutableEnum",62,3,3,22,7,3,2
"edu.umd.cs.findbugs.log.YourKitController",62,3,3,6,3,1,4
"edu.umd.cs.findbugs.FindBugsMessageFormat",62,2,2,12,0,0,1
"edu.umd.cs.findbugs.cloud.CloudPlugin",61,11,11,12,2,1,9
"edu.umd.cs.findbugs.graph.AbstractEdge",61,11,11,14,0,0,5
"edu.umd.cs.findbugs.util.MultiMap",61,9,8,14,4,0,2
"edu.umd.cs.findbugs.gui2.CloudCommentsPaneSwing",61,8,4,6,9,1,0
"edu.umd.cs.findbugs.util.MaxMap",61,7,5,2,3,0,1
"edu.umd.cs.findbugs.io.SlowInputStream",61,6,5,12,3,0,3
"edu.umd.cs.findbugs.ba.npe.Pair",61,5,5,2,10,5,3
"edu.umd.cs.findbugs.detect.BadAppletConstructor",61,4,4,16,8,3,3
"edu.umd.cs.findbugs.detect.StartInConstructor",61,3,3,14,14,7,2
"edu.umd.cs.findbugs.detect.DontCatchIllegalMonitorStateException",60,4,4,14,10,5,4
"edu.umd.cs.findbugs.workflow.DefectDensity",60,2,2,17,6,3,0
"edu.umd.cs.findbugs.workflow.BackdateHistoryUsingSource",60,0,1,12,12,4,1
"edu.umd.cs.findbugs.ba.npe.ReturnPathType",59,9,9,18,1,1,4
"edu.umd.cs.findbugs.SuppressionMatcher",59,5,5,13,7,2,3
"edu.umd.cs.findbugs.filter.MemberMatcher",59,3,3,13,2,0,3
"edu.umd.cs.findbugs.classfile.impl.SingleFileCodeBaseEntry",58,9,9,13,7,5,2
"edu.umd.cs.findbugs.ba.JavaClassAndMethod",58,8,7,16,6,2,2
"edu.umd.cs.findbugs.detect.IDivResultCastToDouble",58,3,3,23,9,5,4
"edu.umd.cs.findbugs.filter.FieldMatcher",58,3,3,17,6,3,0
"edu.umd.cs.findbugs.detect.CbeckMustOverrideSuperAnnotation",58,2,2,13,11,6,4
"edu.umd.cs.findbugs.detect.FindBadForLoop",58,2,2,27,7,2,3
"edu.umd.cs.findbugs.classfile.impl.DelegatingCodeBaseEntry",57,9,9,12,7,5,2
"edu.umd.cs.findbugs.ba.bcp.ByteCodePattern",57,8,5,15,0,0,4
"edu.umd.cs.findbugs.ba.constant.ConstantAnalysis",57,5,4,10,8,5,2
"edu.umd.cs.findbugs.CheckBcel",57,3,1,8,1,0,5
"edu.umd.cs.findbugs.detect.DoInsideDoPrivileged",57,3,3,17,8,2,2
"edu.umd.cs.findbugs.detect.PreferZeroLengthArrays",57,2,2,11,8,4,3
"edu.umd.cs.findbugs.classfile.impl.ZipInputStreamCodeBaseEntry",56,9,9,12,6,2,3
"edu.umd.cs.findbugs.gui2.CellRenderer",56,3,3,4,10,0,1
"edu.umd.cs.findbugs.detect.IntCast2LongAsInstant",56,3,3,21,9,4,3
"edu.umd.cs.findbugs.AnalysisCacheToRepositoryAdapter",54,7,7,9,9,5,0
"edu.umd.cs.findbugs.gui2.LimitedArrayList",54,3,3,4,3,0,3
"edu.umd.cs.findbugs.detect.ComparatorIdiom",54,3,3,14,10,6,1
"edu.umd.cs.findbugs.detect.FindUnsyncGet",54,3,3,11,9,3,5
"edu.umd.cs.findbugs.detect.NoteJCIPAnnotation",54,3,3,9,13,9,2
"edu.umd.cs.findbugs.filter.TypeMatcher",54,3,3,14,6,3,3
"edu.umd.cs.findbugs.detect.IOStreamFactory",54,2,2,9,8,4,3
"edu.umd.cs.findbugs.model.RegenerateClassFeatures",54,2,3,8,10,1,2
"edu.umd.cs.findbugs.classfile.engine.bcel.MethodGenFactory",54,1,1,13,12,6,0
"edu.umd.cs.findbugs.ba.ReturnPathAnalysis",53,9,9,12,1,0,0
"edu.umd.cs.findbugs.tools.html.PlainPrintBugDescriptions",53,8,1,11,5,2,2
"edu.umd.cs.findbugs.ba.jsr305.PartialResult",53,7,6,4,4,1,3
"edu.umd.cs.findbugs.gui2.OSXAdapter",53,6,6,10,2,0,3
"edu.umd.cs.findbugs.ba.ReturnPath",53,6,6,12,0,0,7
"edu.umd.cs.findbugs.ba.AbstractDataflowAnalysis",53,5,5,16,5,1,1
"edu.umd.cs.findbugs.detect.TestASM",53,4,4,11,10,5,2
"edu.umd.cs.findbugs.ba.LockChecker",53,2,2,11,9,5,5
"edu.umd.cs.findbugs.detect.RedundantInterfaces",53,2,2,11,10,5,1
"edu.umd.cs.findbugs.BugProperty",52,9,8,10,5,2,6
"edu.umd.cs.findbugs.ba.vna.LoadStoreCount",52,8,8,2,6,1,4
"edu.umd.cs.findbugs.classfile.impl.DirectoryCodeBaseEntry",52,8,8,11,6,3,2
"edu.umd.cs.findbugs.ml.SplitCamelCaseIdentifierTest",52,8,6,9,4,1,6
"edu.umd.cs.findbugs.ProgramPoint",52,5,5,14,1,1,2
"edu.umd.cs.findbugs.gui2.NewFilterFromBug",52,4,2,4,9,1,1
"edu.umd.cs.findbugs.ba.jsr305.TypeQualifierDatabase",52,4,4,11,5,3,4
"edu.umd.cs.findbugs.detect.InconsistentAnnotations",52,2,2,9,18,11,2
"edu.umd.cs.findbugs.classfile.engine.bcel.ValueNumberDataflowFactory",52,1,1,6,16,10,0
"edu.umd.cs.findbugs.ba.bcp.MatchAny",51,6,6,11,6,3,1
"edu.umd.cs.findbugs.detect.NoteAnnotationRetention",51,5,5,11,12,7,1
"edu.umd.cs.findbugs.FindBugsMain",51,4,4,8,3,0,6
"edu.umd.cs.findbugs.AddAnnotation",51,3,4,10,4,0,3
"edu.umd.cs.findbugs.detect.FindRunInvocations",51,3,2,15,7,4,3
"edu.umd.cs.findbugs.filter.ClassMatcher",51,3,3,12,7,4,3
"edu.umd.cs.findbugs.xml.XPathFind",51,3,2,6,7,0,1
"edu.umd.cs.findbugs.classfile.engine.bcel.ObligationDataflowFactory",51,1,1,3,17,13,1
"edu.umd.cs.findbugs.classfile.impl.ZipFileCodeBaseEntry",50,8,8,11,5,2,2
"edu.umd.cs.findbugs.ba.bcp.FieldVariable",50,6,6,10,2,1,4
"edu.umd.cs.findbugs.ba.DebugRepositoryLookupFailureCallback",50,5,5,9,4,2,0
"edu.umd.cs.findbugs.ba.type.FieldStoreTypeDatabase",50,3,1,9,9,3,1
"edu.umd.cs.findbugs.detect.InefficientIndexOf",50,2,2,15,9,3,2
"edu.umd.cs.findbugs.workflow.SourceSearcher",50,2,2,9,6,1,3
"edu.umd.cs.findbugs.util.SplitCamelCaseIdentifier",50,1,1,11,4,0,1
"edu.umd.cs.findbugs.ba.XMethod",49,30,30,30,7,4,0
"edu.umd.cs.findbugs.classfile.impl.FilesystemCodeBaseLocator",49,6,6,10,4,2,1
"edu.umd.cs.findbugs.IFindBugsEngine",48,38,38,38,7,4,0
"edu.umd.cs.findbugs.gui2.MainFrameHelper",48,8,8,10,7,1,0
"edu.umd.cs.findbugs.BugCode",48,7,7,11,0,0,3
"edu.umd.cs.findbugs.ba.npe.NullValueUnconditionalDeref",48,6,6,11,3,1,5
"edu.umd.cs.findbugs.JUnitDetectorAdapter",48,6,6,11,2,2,4
"edu.umd.cs.findbugs.ba.DataflowCFGPrinter",48,5,5,9,2,0,1
"edu.umd.cs.findbugs.detect.DontUseEnum",48,5,3,11,9,4,1
"edu.umd.cs.findbugs.classfile.engine.SelfMethodCalls",48,4,3,3,13,5,0
"edu.umd.cs.findbugs.classfile.engine.bcel.TypeDataflowFactory",48,1,1,6,14,7,0
"edu.umd.cs.findbugs.tools.FilterPropertyDatabase",48,1,1,9,11,0,1
"edu.umd.cs.findbugs.ba.MethodHashTest",47,8,7,8,3,0,7
"edu.umd.cs.findbugs.architecture.PackageDependenciesTest",47,4,1,4,4,0,1
"edu.umd.cs.findbugs.classfile.engine.ClassInfoAnalysisEngine",47,3,3,6,9,7,0
"edu.umd.cs.findbugs.ba.obl.State",46,6,6,10,1,1,2
"edu.umd.cs.findbugs.filter.NotMatcher",46,5,5,11,4,1,0
"edu.umd.cs.findbugs.util.Bag",46,5,5,10,4,0,1
"edu.umd.cs.findbugs.util.DualKeyHashMap",46,5,5,10,4,0,1
"edu.umd.cs.findbugs.io.IOTest",46,5,4,9,5,0,1
"edu.umd.cs.findbugs.detect.BadUseOfReturnValue",46,2,2,18,5,2,3
"edu.umd.cs.findbugs.detect.InstanceFieldLoadStreamFactory",46,2,2,7,7,3,2
"edu.umd.cs.findbugs.gui2.BugLeafNode",45,6,6,12,2,0,1
"edu.umd.cs.findbugs.filter.DesignationMatcher",45,6,6,10,3,1,1
"edu.umd.cs.findbugs.anttask.UnionBugs2",45,5,2,10,4,0,2
"edu.umd.cs.findbugs.model.ClassNameRewriterUtil",45,4,4,10,4,2,0
"edu.umd.cs.findbugs.util.StringsTest",45,4,4,8,1,0,2
"edu.umd.cs.findbugs.ba.AbstractMethod",44,7,7,9,5,3,0
"edu.umd.cs.findbugs.detect.TypeReturnNull",44,5,2,10,9,3,1
"edu.umd.cs.findbugs.ba.Scanner",44,4,4,13,6,0,4
"edu.umd.cs.findbugs.filter.AndMatcher",44,4,4,9,4,1,1
"edu.umd.cs.findbugs.classfile.engine.bcel.UnconditionalValueDerefDataflowFactory",44,1,1,5,12,9,0
"edu.umd.cs.findbugs.bcel.WithCustomJumpInfo",43,7,7,1,4,1,2
"edu.umd.cs.findbugs.classfile.impl.NestedZipFileCodeBaseLocator",43,7,7,10,4,3,2
"edu.umd.cs.findbugs.ErrorCountingBugReporter",43,6,6,11,2,0,3
"edu.umd.cs.findbugs.ba.npe.NonNullParamPropertyTest",43,6,5,7,3,1,3
"edu.umd.cs.findbugs.filter.StringSetMatch",43,5,5,11,3,0,1
"edu.umd.cs.findbugs.bcel.CFGDetector",43,4,3,7,11,7,2
"edu.umd.cs.findbugs.detect.EmptyZipFileEntry",43,3,3,13,6,3,3
"edu.umd.cs.findbugs.detect.FindUnconditionalWait",43,3,3,11,5,3,2
"edu.umd.cs.findbugs.ba.ClassNotFoundExceptionParser",43,1,1,6,8,4,3
"edu.umd.cs.findbugs.AWTEventQueueExecutor",42,6,6,7,6,0,0
"edu.umd.cs.findbugs.ba.bcp.ByteCodePatternMatch",42,6,6,12,4,0,3
"edu.umd.cs.findbugs.ba.npe.LocationWhereValueBecomesNull",42,6,6,10,2,2,2
"edu.umd.cs.findbugs.ba.bcp.Wild",42,5,5,8,5,3,1
"edu.umd.cs.findbugs.ba.bcp.FieldAccess",42,3,0,7,6,3,2
"edu.umd.cs.findbugs.filter.SourceMatcher",42,3,3,9,6,3,2
"edu.umd.cs.findbugs.util.ProfilingMapCache",42,3,3,7,1,0,2
"edu.umd.cs.findbugs.detect.AnyMethodReturnValueStreamFactory",42,2,2,6,8,4,2
"edu.umd.cs.findbugs.classfile.engine.bcel.IsNullValueDataflowFactory",42,1,1,4,14,9,0
"edu.umd.cs.findbugs.InstructionScannerDriver",42,1,1,9,5,1,3
"edu.umd.cs.findbugs.classfile.engine.bcel.JavaClassAnalysisEngine",41,3,3,5,12,8,2
"edu.umd.cs.findbugs.xml.QuoteMetaCharacters",41,3,2,10,2,0,2
"edu.umd.cs.findbugs.ba.interproc.FieldPropertyDatabase",41,2,0,3,8,5,0
"edu.umd.cs.findbugs.ba.XMethodParameter",40,6,6,9,0,0,2
"edu.umd.cs.findbugs.ba.ResourceValueFrame",40,5,5,7,0,0,8
"edu.umd.cs.findbugs.filter.RankMatcher",40,5,5,8,5,1,1
"edu.umd.cs.findbugs.ba.npe.IsNullValueTest",40,5,5,5,1,0,0
"edu.umd.cs.findbugs.detect.ReflectiveClasses",40,4,3,11,8,6,1
"edu.umd.cs.findbugs.util.ClassPathUtil",40,3,3,9,5,0,0
"edu.umd.cs.findbugs.ba.Builder",40,2,1,2,4,0,10
"edu.umd.cs.findbugs.ba.Parser",40,2,2,8,3,1,5
"edu.umd.cs.findbugs.NewResults",40,1,2,7,3,0,2
"edu.umd.cs.findbugs.filter.ConfidenceMatcher",39,5,5,8,4,1,1
"edu.umd.cs.findbugs.filter.PriorityMatcher",39,5,5,8,4,1,1
"edu.umd.cs.findbugs.ba.ObjectTypeFactory",39,4,3,8,5,1,1
"edu.umd.cs.findbugs.filter.LastVersionMatcher",39,3,3,11,4,1,1
"edu.umd.cs.findbugs.filter.OrMatcher",39,3,3,8,4,1,0
"edu.umd.cs.findbugs.graph.Transpose",39,3,3,6,2,0,2
"edu.umd.cs.findbugs.ba.interproc.MethodPropertyDatabase",39,2,0,3,8,5,0
"edu.umd.cs.findbugs.ba.npe.NonNullSpecification",38,4,4,7,2,2,3
"edu.umd.cs.findbugs.util.ClassNameTest",38,4,4,4,1,0,0
"edu.umd.cs.findbugs.gui2.FBDialog",38,3,1,9,5,0,0
"edu.umd.cs.findbugs.filter.LocalMatcher",38,3,3,8,5,2,1
"edu.umd.cs.findbugs.ba.type.LocationAndFactPair",38,2,2,1,6,3,2
"edu.umd.cs.findbugs.detect.FindFloatMath",38,1,1,15,4,3,1
"edu.umd.cs.findbugs.ba.type.ThrownException",37,6,6,9,1,0,2
"edu.umd.cs.findbugs.CallSite",37,6,6,8,4,1,2
"edu.umd.cs.findbugs.ba.generic.GenericUtilitiesTest",37,6,6,6,3,0,1
"edu.umd.cs.findbugs.ba.obl.ObligationPolicyDatabaseAction",37,4,4,5,1,0,3
"edu.umd.cs.findbugs.detect.CheckImmutableAnnotation",37,4,4,9,9,5,1
"edu.umd.cs.findbugs.gui2.WideComboBox",37,2,2,7,4,0,1
"edu.umd.cs.findbugs.graph.MergeVertices",37,1,1,14,3,0,0
"edu.umd.cs.findbugs.tools.html.PrintBugDescriptions",36,5,1,9,7,2,0
"edu.umd.cs.findbugs.ba.obl.Obligation",35,6,6,8,3,1,4
"edu.umd.cs.findbugs.AnalysisLocal",35,5,3,7,2,1,0
"edu.umd.cs.findbugs.xml.XMLOutputUtil",35,5,5,9,4,0,0
"edu.umd.cs.findbugs.gui2.FBFrame",35,4,1,6,5,0,0
"edu.umd.cs.findbugs.ba.ZipSourceFileDataSource",35,3,3,6,5,0,3
"edu.umd.cs.findbugs.ba.SignatureParserTest",35,3,2,3,3,0,2
"edu.umd.cs.findbugs.classfile.engine.bcel.MethodBytecodeSetFactory",35,2,2,5,7,4,0
"edu.umd.cs.findbugs.util.SubtypeTypeMatcher",35,2,2,5,7,4,1
"edu.umd.cs.findbugs.ba.bcp.Store",35,1,1,5,9,3,0
"edu.umd.cs.findbugs.detect.StaticFieldLoadStreamFactory",35,1,1,6,7,2,4
"edu.umd.cs.findbugs.ba.EdgeTypes",35,0,0,0,0,0,17
"edu.umd.cs.findbugs.sourceViewer.HighlightInformation",34,6,6,8,4,0,2
"edu.umd.cs.findbugs.detect.StreamEscape",34,4,4,7,1,1,2
"edu.umd.cs.findbugs.classfile.engine.ClassNameAndSuperclassInfoAnalysisEngine",34,3,3,4,9,6,0
"edu.umd.cs.findbugs.cloud.username.PromptForNameLookup",34,3,3,5,3,2,2
"edu.umd.cs.findbugs.WarningSuppressor",34,2,2,10,3,2,2
"edu.umd.cs.findbugs.ba.bcp.Load",34,1,1,4,9,3,0
"edu.umd.cs.findbugs.ba.XClass",33,18,18,18,8,3,0
"edu.umd.cs.findbugs.ba.ca.Call",33,5,5,8,0,0,3
"edu.umd.cs.findbugs.bcel.generic.NullnessConversationInstruction",33,5,5,6,4,0,0
"edu.umd.cs.findbugs.charsets.SourceCharset",33,5,5,5,11,0,1
"edu.umd.cs.findbugs.ba.bcp.Opcode",33,4,4,6,5,3,1
"edu.umd.cs.findbugs.asm.ClassNodeDetector",33,3,3,4,8,6,1
"edu.umd.cs.findbugs.detect.ConfusedInheritance",33,3,3,6,8,5,2
"edu.umd.cs.findbugs.DetectorToDetector2Adapter",33,3,3,4,6,5,1
"edu.umd.cs.findbugs.filter.FirstVersionMatcher",33,3,3,7,4,1,0
"edu.umd.cs.findbugs.sourceViewer.NumberedViewFactory",33,1,1,8,8,0,1
"edu.umd.cs.findbugs.classfile.engine.bcel.LiveLocalStoreDataflowFactory",33,1,1,4,9,7,0
"edu.umd.cs.findbugs.workflow.RecursiveSearchForJavaFiles",33,1,2,9,4,0,0
"edu.umd.cs.findbugs.classfile.IClassConstants",33,0,0,0,0,0,30
"edu.umd.cs.findbugs.workflow.FB",33,0,1,5,3,2,0
"edu.umd.cs.findbugs.gui2.FilterActivityNotifier",32,4,4,1,5,0,1
"edu.umd.cs.findbugs.ba.type.ExceptionSetFactory",32,4,4,6,4,0,3
"edu.umd.cs.findbugs.ba.vna.ValueNumberDataflow",32,3,3,6,8,1,0
"edu.umd.cs.findbugs.util.Archive",32,3,2,4,4,0,1
"edu.umd.cs.findbugs.ba.AnnotationEnumeration",31,5,5,7,0,0,2
"edu.umd.cs.findbugs.classfile.analysis.ClassData",31,5,5,6,4,2,3
"edu.umd.cs.findbugs.ResourceCollection",31,5,5,6,6,1,2
"edu.umd.cs.findbugs.charsets.UserTextFile",31,4,4,4,12,0,1
"edu.umd.cs.findbugs.ba.ch.OverriddenMethodsVisitor",31,3,2,4,3,3,1
"edu.umd.cs.findbugs.ba.AbstractBlockOrder",31,2,2,3,4,0,2
"edu.umd.cs.findbugs.classfile.engine.bcel.MethodFactory",31,2,2,5,6,4,0
"edu.umd.cs.findbugs.ba.InnerClassAccess",30,5,5,6,1,0,4
"edu.umd.cs.findbugs.BugAnnotationWithSourceLines",30,5,5,6,0,0,2
"edu.umd.cs.findbugs.visitclass.GetNumberArgumentsTest",30,5,5,9,1,0,1
"edu.umd.cs.findbugs.ba.CompactLocationNumbering",30,4,3,6,2,0,2
"edu.umd.cs.findbugs.SortingBugReporter",30,4,4,6,3,1,1
"edu.umd.cs.findbugs.gui2.BugSaver",30,3,3,3,8,2,1
"edu.umd.cs.findbugs.ba.jsr305.DirectlyRelevantTypeQualifiersDatabase",30,3,3,5,7,1,2
"edu.umd.cs.findbugs.ba.jsr305.ParameterAnnotationAccumulator",30,3,2,6,1,1,3
"edu.umd.cs.findbugs.classfile.InvalidClassFileFormatException",30,3,3,6,0,0,2
"edu.umd.cs.findbugs.ba.bcp.BindingSet",30,2,2,7,0,0,2
"edu.umd.cs.findbugs.ba.bcp.IfNull",30,2,2,6,9,4,0
"edu.umd.cs.findbugs.ExcludingHashesBugReporter",30,2,2,5,5,0,1
"edu.umd.cs.findbugs.classfile.engine.bcel.LockDataflowFactory",30,1,1,3,10,8,0
"edu.umd.cs.findbugs.workflow.CloudReport",30,0,1,3,8,4,1
"edu.umd.cs.findbugs.ba.jsr305.AbstractMethodAnnotationAccumulator",29,5,3,8,2,2,1
"edu.umd.cs.findbugs.CallGraph",29,4,3,5,3,0,1
"edu.umd.cs.findbugs.graph.SearchTree",29,4,4,6,3,0,2
"edu.umd.cs.findbugs.graph.SearchTreeBuilder",29,4,3,5,3,0,2
"edu.umd.cs.findbugs.model.SimilarClassSet",29,4,4,8,2,0,1
"edu.umd.cs.findbugs.QueryBugAnnotations",29,4,3,7,3,0,1
"edu.umd.cs.findbugs.classfile.MethodDescriptor",29,2,2,6,6,2,0
"edu.umd.cs.findbugs.ShowHelp",29,2,3,6,1,0,0
"edu.umd.cs.findbugs.graph.VisitationTimeComparator",29,1,1,5,3,0,5
"edu.umd.cs.findbugs.ba.AnalysisException",29,0,0,7,4,1,1
"edu.umd.cs.findbugs.detect.StreamEquivalenceClass",28,4,4,7,2,0,2
"edu.umd.cs.findbugs.ba.npe.RedundantBranch",28,2,2,4,2,2,4
"edu.umd.cs.findbugs.ParameterWarningSuppressor",28,1,1,8,0,0,2
"edu.umd.cs.findbugs.detect.RefComparisonWarningProperty",28,0,0,1,2,2,10
"edu.umd.cs.findbugs.ba.DataflowAnalysis",27,21,21,21,2,0,0
"edu.umd.cs.findbugs.classfile.IAnalysisCache",27,17,17,17,4,0,0
"edu.umd.cs.findbugs.ba.ResourceValue",27,5,5,9,0,0,2
"edu.umd.cs.findbugs.ba.MissingClassException",27,3,3,6,3,2,2
"edu.umd.cs.findbugs.classfile.analysis.EnumValue",27,3,3,6,2,2,2
"edu.umd.cs.findbugs.detect.NoteNonNullAnnotations",27,3,2,5,7,6,0
"edu.umd.cs.findbugs.model.SimilarClassFinder",27,3,3,6,3,0,1
"edu.umd.cs.findbugs.XMLBugReporter",27,3,3,5,1,0,0
"edu.umd.cs.findbugs.classfile.engine.asm.ClassNodeAnalysisEngine",27,2,2,2,8,6,0
"edu.umd.cs.findbugs.gui2.FilterFactoryTest",27,2,2,2,6,2,0
"edu.umd.cs.findbugs.BugAnnotationUtil",27,1,1,6,3,1,0
"edu.umd.cs.findbugs.log.ConsoleLogger",27,1,1,5,2,1,1
"edu.umd.cs.findbugs.plan.DetectorOrderingConstraint",26,5,5,6,0,0,3
"edu.umd.cs.findbugs.ba.bcp.Binding",26,3,3,5,0,0,2
"edu.umd.cs.findbugs.ba.CompoundMethodChooser",26,2,2,7,0,0,1
"edu.umd.cs.findbugs.FieldWarningSuppressor",26,2,2,7,0,0,1
"edu.umd.cs.findbugs.ba.DFSCFGPrinter",26,1,1,7,0,0,1
"edu.umd.cs.findbugs.FilterBugReporter",26,1,1,6,2,1,3
"edu.umd.cs.findbugs.launchGUI.LaunchGUI",26,1,1,2,6,3,0
"edu.umd.cs.findbugs.classfile.TestClassDescriptor",26,1,1,1,2,0,0
"edu.umd.cs.findbugs.detect.InconsistentSyncWarningProperty",26,0,0,1,2,2,9
"edu.umd.cs.findbugs.props.GeneralWarningProperty",26,0,0,1,0,0,10
"edu.umd.cs.findbugs.gui2.SuppressionMatcher",25,3,3,4,5,2,1
"edu.umd.cs.findbugs.ba.ch.InterproceduralCallGraph",25,3,2,4,4,1,1
"edu.umd.cs.findbugs.ClassWarningSuppressor",25,2,2,6,0,0,1
"edu.umd.cs.findbugs.filter.VersionMatcher",25,2,2,6,1,0,2
"edu.umd.cs.findbugs.Token",25,2,2,4,0,0,8
"edu.umd.cs.findbugs.ba.TestCaseDetector",25,1,1,5,3,2,2
"edu.umd.cs.findbugs.classfile.engine.bcel.NonExceptionPostdominatorsAnalysisFactory",25,1,1,2,7,5,0
"edu.umd.cs.findbugs.classfile.engine.bcel.ReturnPathTypeDataflowFactory",25,1,1,2,8,7,0
"edu.umd.cs.findbugs.classfile.engine.bcel.UnpackedCodeFactory",25,1,1,3,6,3,0
"edu.umd.cs.findbugs.props.PriorityAdjustment",25,1,1,2,0,0,13
"edu.umd.cs.findbugs.detect.NullDerefProperty",25,0,0,1,2,2,9
"edu.umd.cs.findbugs.graph.Graph",24,20,20,20,1,0,0
"edu.umd.cs.findbugs.NoOpFindBugsProgress",24,7,7,7,0,0,0
"edu.umd.cs.findbugs.FindBugsAnalysisFeatures",24,4,2,4,3,0,3
"edu.umd.cs.findbugs.ba.FileSourceFileDataSource",24,3,3,4,5,0,1
"edu.umd.cs.findbugs.detect.IncompatMaskTest",24,2,2,3,1,0,0
"edu.umd.cs.findbugs.ba.MethodUnprofitableException",24,1,1,4,3,1,2
"edu.umd.cs.findbugs.ba.ReverseDFSComparator",24,1,1,3,1,0,3
"edu.umd.cs.findbugs.bugReporter.BugReporterDecorator",24,1,1,2,4,3,1
"edu.umd.cs.findbugs.classfile.engine.bcel.LoadDataflowFactory",24,1,1,3,6,5,0
"edu.umd.cs.findbugs.classfile.engine.bcel.NonImplicitExceptionPostDominatorsAnalysisFactory",24,1,1,2,7,4,0
"edu.umd.cs.findbugs.classfile.engine.bcel.StoreDataflowFactory",24,1,1,3,6,5,0
"edu.umd.cs.findbugs.ba.AbstractField",23,3,3,4,4,2,0
"edu.umd.cs.findbugs.ba.BackwardDataflowAnalysis",23,3,2,6,0,0,2
"edu.umd.cs.findbugs.ba.jsr305.ReturnTypeAnnotationAccumulator",23,3,2,4,1,1,2
"edu.umd.cs.findbugs.ba.StackDepth",23,3,3,6,0,0,1
"edu.umd.cs.findbugs.classfile.FieldDescriptor",23,3,3,6,2,1,0
"edu.umd.cs.findbugs.gui2.CompoundMatcher",23,2,2,4,5,2,1
"edu.umd.cs.findbugs.ba.ClassSummary",23,2,2,4,5,1,2
"edu.umd.cs.findbugs.ba.PostDominatorsAnalysis",23,2,2,4,0,0,2
"edu.umd.cs.findbugs.classfile.impl.DelegatingCodeBaseIterator",23,2,2,3,4,4,2
"edu.umd.cs.findbugs.PackageWarningSuppressor",23,2,2,5,0,0,1
"edu.umd.cs.findbugs.gui2.GuiUtil",23,1,1,2,4,0,0
"edu.umd.cs.findbugs.ba.RepositoryClassParser",23,1,1,4,5,0,1
"edu.umd.cs.findbugs.CategoryFilteringBugReporter",23,1,1,4,2,0,2
"edu.umd.cs.findbugs.classfile.engine.bcel.ConstantDataflowFactory",23,1,1,3,6,5,0
"edu.umd.cs.findbugs.classfile.engine.bcel.DominatorsAnalysisFactory",23,1,1,2,7,5,0
"edu.umd.cs.findbugs.workflow.ListErrors",23,0,1,5,3,2,0
"edu.umd.cs.findbugs.ba.AnnotationRetentionDatabase",22,3,3,5,1,0,1
"edu.umd.cs.findbugs.plugins.DuplicatePluginIdError",22,3,3,4,1,0,3
"edu.umd.cs.findbugs.plugins.DuplicatePluginIdException",22,3,3,4,1,0,3
"edu.umd.cs.findbugs.xml.MetaCharacterMap",22,3,3,4,3,0,2
"edu.umd.cs.findbugs.detect.TestingGround2",22,2,2,4,4,1,1
"edu.umd.cs.findbugs.ba.bcp.Monitorenter",22,1,1,3,6,2,0
"edu.umd.cs.findbugs.ba.bcp.New",22,1,1,3,6,2,0
"edu.umd.cs.findbugs.classfile.engine.bcel.BlockTypeAnalysisFactory",22,1,1,2,7,6,0
"edu.umd.cs.findbugs.classfile.engine.bcel.CompactLocationNumberingFactory",22,1,1,3,6,4,0
"edu.umd.cs.findbugs.classfile.engine.bcel.ReturnPathDataflowFactory",22,1,1,2,7,6,0
"edu.umd.cs.findbugs.classfile.engine.EngineRegistrar",22,1,1,4,5,5,2
"edu.umd.cs.findbugs.MethodWarningSuppressor",22,1,1,6,0,0,1
"edu.umd.cs.findbugs.ba.DataflowAnalysisException",22,0,0,5,3,1,1
"edu.umd.cs.findbugs.BytecodeScanningDetector",21,4,4,4,3,2,1
"edu.umd.cs.findbugs.CallGraphEdge",21,4,4,5,2,1,1
"edu.umd.cs.findbugs.ba.ForwardDataflowAnalysis",21,3,2,5,0,0,1
"edu.umd.cs.findbugs.internalAnnotations.SlashedClassNameTest",21,3,3,3,2,0,0
"edu.umd.cs.findbugs.classfile.ResourceNotFoundException",21,2,2,4,0,0,2
"edu.umd.cs.findbugs.config.SortedProperties",21,2,2,2,6,0,0
"edu.umd.cs.findbugs.detect.NoteCheckReturnValueAnnotations",21,2,2,4,6,5,0
"edu.umd.cs.findbugs.detect.TrainUnconditionalDerefParams",21,2,1,3,4,2,0
"edu.umd.cs.findbugs.plan.ReportingDetectorFactorySelector",21,2,2,4,2,0,1
"edu.umd.cs.findbugs.util.TripleKeyHashMap",21,2,2,4,2,0,1
"edu.umd.cs.findbugs.detect.FindSqlInjectionTest",21,2,2,2,1,0,0
"edu.umd.cs.findbugs.gui2.ApplyNewFilter",21,1,1,3,3,2,3
"edu.umd.cs.findbugs.classfile.engine.asm.EngineRegistrar",21,1,1,4,4,4,2
"edu.umd.cs.findbugs.classfile.engine.bcel.ParameterSignatureListFactory",21,1,1,3,6,3,0
"edu.umd.cs.findbugs.AnalysisOptions",21,0,0,1,2,2,13
"edu.umd.cs.findbugs.xml.XMLOutput",20,12,12,12,3,0,0
"edu.umd.cs.findbugs.classfile.ICodeBase",20,11,11,11,0,0,1
"edu.umd.cs.findbugs.ba.npe.NullDerefAndRedundantComparisonCollector",20,4,4,4,9,5,0
"edu.umd.cs.findbugs.gui2.Debug",20,3,4,7,0,0,0
"edu.umd.cs.findbugs.ba.type.BottomType",20,3,3,4,1,0,2
"edu.umd.cs.findbugs.ba.type.DoubleExtraType",20,3,3,4,1,0,2
"edu.umd.cs.findbugs.ba.type.LongExtraType",20,3,3,4,1,0,2
"edu.umd.cs.findbugs.ba.type.NullType",20,3,3,4,1,0,2
"edu.umd.cs.findbugs.ba.type.TopType",20,3,3,4,1,0,2
"edu.umd.cs.findbugs.graph.DepthFirstSearch",20,3,0,4,1,0,0
"edu.umd.cs.findbugs.graph.ReverseDepthFirstSearch",20,3,0,4,1,0,0
"edu.umd.cs.findbugs.ba.bcp.LocalVariable",20,2,2,4,1,1,1
"edu.umd.cs.findbugs.ba.npe.ParameterNullnessPropertyDatabase",20,2,0,2,3,3,0
"edu.umd.cs.findbugs.classfile.engine.bcel.ClassContextClassAnalysisEngine",20,2,2,2,7,5,0
"edu.umd.cs.findbugs.jaif.JAIFToken",20,2,2,4,0,0,2
"edu.umd.cs.findbugs.plan.SingleDetectorFactorySelector",20,2,2,3,2,0,2
"edu.umd.cs.findbugs.ba.generic.TestGenericSignatureParser",20,2,2,3,2,0,0
"edu.umd.cs.findbugs.OpcodeStackItemTest",20,2,2,2,1,0,0
"edu.umd.cs.findbugs.classfile.engine.bcel.UsagesRequiringNonNullValuesFactory",20,1,1,2,7,5,0
"edu.umd.cs.findbugs.classfile.impl.ZipCodeBaseFactory",20,1,1,1,6,2,0
"edu.umd.cs.findbugs.util.MapCache",20,1,0,5,3,0,2
"edu.umd.cs.findbugs.gui2.FindBugsFBAFileFilter",19,3,3,4,1,0,1
"edu.umd.cs.findbugs.gui2.FindBugsFBPFileFilter",19,3,3,4,1,0,1
"edu.umd.cs.findbugs.bcel.AnnotationDetector",19,3,3,3,4,4,1
"edu.umd.cs.findbugs.ba.npe.MayReturnNullPropertyDatabase",19,2,1,3,3,2,0
"edu.umd.cs.findbugs.classfile.engine.asm.ClassReaderAnalysisEngine",19,2,2,2,6,5,0
"edu.umd.cs.findbugs.classfile.engine.bcel.ConstantPoolGenFactory",19,2,2,2,7,4,0
"edu.umd.cs.findbugs.classfile.engine.bcel.UnpackedBytecodeCallback",19,2,2,3,2,1,2
"edu.umd.cs.findbugs.cloud.username.LocalNameLookup",19,2,2,2,2,2,1
"edu.umd.cs.findbugs.detect.NoteUnconditionalParamDerefs",19,2,1,3,4,3,1
"edu.umd.cs.findbugs.util.ContainsCamelCaseWordStringMatcher",19,2,2,3,2,0,1
"edu.umd.cs.findbugs.bugReporter.MaxRankDecorator",19,1,1,3,4,2,1
"edu.umd.cs.findbugs.classfile.engine.bcel.CallListDataflowFactory",19,1,1,2,5,5,0
"edu.umd.cs.findbugs.classfile.engine.bcel.ReverseDepthFirstSearchFactory",19,1,1,2,5,4,0
"edu.umd.cs.findbugs.visitclass.LVTHelper",19,1,1,5,3,0,0
"edu.umd.cs.findbugs.IntAnnotationTest",19,1,1,1,2,0,0
"edu.umd.cs.findbugs.BugReporter",18,8,8,8,4,2,2
"edu.umd.cs.findbugs.ba.ClassMember",18,6,6,6,4,1,0
"edu.umd.cs.findbugs.bcel.PreorderDetector",18,3,3,3,3,3,1
"edu.umd.cs.findbugs.ba.InstructionHandleMap",18,2,2,3,2,0,1
"edu.umd.cs.findbugs.classfile.engine.bcel.AssertionMethodsFactory",18,2,2,2,6,4,0
"edu.umd.cs.findbugs.detect.OptionalReturnNull",18,2,0,3,2,1,0
"edu.umd.cs.findbugs.detect.TestingGround",18,2,2,3,3,1,0
"edu.umd.cs.findbugs.detect.TrainNonNullAnnotations",18,2,2,3,4,4,0
"edu.umd.cs.findbugs.util.RegexStringMatcher",18,2,2,3,2,0,1
"edu.umd.cs.findbugs.gui2.SaveTypeTest",18,2,1,2,2,0,0
"edu.umd.cs.findbugs.classfile.engine.bcel.DepthFirstSearchFactory",18,1,1,2,5,4,0
"edu.umd.cs.findbugs.classfile.engine.bcel.NonImplicitExceptionPostDominatorsAnalysis",18,1,1,1,7,6,0
"edu.umd.cs.findbugs.plan.ByInterfaceDetectorFactorySelector",18,1,1,4,2,0,2
"edu.umd.cs.findbugs.ba.InvalidBytecodeException",18,0,0,4,2,0,1
"edu.umd.cs.findbugs.ba.jsr305.FindBugsDefaultAnnotations",18,0,0,0,6,2,4
"edu.umd.cs.findbugs.classfile.analysis.AnnotatedObject",17,7,7,7,5,1,0
"edu.umd.cs.findbugs.gui2.FindBugsAnalysisFileFilter",17,3,3,3,1,0,1
"edu.umd.cs.findbugs.gui2.FindBugsHtmlFileFilter",17,3,3,3,1,0,1
"edu.umd.cs.findbugs.ba.bcp.SingleInstruction",17,3,3,3,2,1,0
"edu.umd.cs.findbugs.util.NullIterator",17,3,3,3,2,0,0
"edu.umd.cs.findbugs.ba.Target",17,2,2,3,1,0,2
"edu.umd.cs.findbugs.detect.BooleanReturnNull",17,2,0,4,2,1,0
"edu.umd.cs.findbugs.detect.Methods",17,2,2,3,5,5,0
"edu.umd.cs.findbugs.props.AbstractWarningProperty",17,2,2,3,0,0,2
"edu.umd.cs.findbugs.gui2.FindBugsLayoutManagerFactory",17,1,1,2,1,0,1
"edu.umd.cs.findbugs.ba.bcp.LongOrDoubleLocalVariable",17,1,1,3,1,1,1
"edu.umd.cs.findbugs.ba.ReversePostfixComparator",17,1,1,2,1,0,1
"edu.umd.cs.findbugs.detect.FindEmptySynchronizedBlock",17,1,1,5,3,2,1
"edu.umd.cs.findbugs.detect.NoteNonnullReturnValues",17,1,1,3,5,5,0
"edu.umd.cs.findbugs.ba.INullnessAnnotationDatabase",16,7,7,7,2,0,0
"edu.umd.cs.findbugs.sourceViewer.NoWrapBoxView",16,2,2,3,2,0,0
"edu.umd.cs.findbugs.ba.DominatorsAnalysis",16,2,2,3,0,0,1
"edu.umd.cs.findbugs.ba.EqualsKindSummary",16,2,2,2,3,1,2
"edu.umd.cs.findbugs.ba.heap.LoadAnalysis",16,2,0,3,3,2,0
"edu.umd.cs.findbugs.ba.heap.StoreAnalysis",16,2,0,3,3,2,0
"edu.umd.cs.findbugs.ba.npe.NonNullParamViolation",16,2,2,3,1,1,2
"edu.umd.cs.findbugs.classfile.engine.bcel.AssignedFieldMapFactory",16,2,2,2,5,5,0
"edu.umd.cs.findbugs.classfile.engine.bcel.UnpackedCode",16,2,2,3,1,1,2
"edu.umd.cs.findbugs.model.IdentityClassNameRewriter",16,2,2,3,1,0,2
"edu.umd.cs.findbugs.plan.DetectorNode",16,2,2,3,2,1,1
"edu.umd.cs.findbugs.ResourceCreationPoint",16,2,2,3,1,1,2
"edu.umd.cs.findbugs.classfile.engine.bcel.LockCheckerFactory",16,1,1,2,4,4,0
"edu.umd.cs.findbugs.config.AnalysisFeatureSetting",16,1,1,2,2,0,2
"edu.umd.cs.findbugs.NoClassesFoundToAnalyzeException",16,1,1,3,2,1,1
"edu.umd.cs.findbugs.detect.NullArgumentWarningProperty",16,0,0,1,2,2,4
"edu.umd.cs.findbugs.tools.GenerateUpdateXml",16,0,1,2,3,2,0
"edu.umd.cs.findbugs.ba.ResourceTracker",15,7,7,7,2,0,0
"edu.umd.cs.findbugs.classfile.impl.AbstractScannableCodeBaseEntry",15,4,4,4,1,1,0
"edu.umd.cs.findbugs.ba.bcp.MatchResult",15,2,2,3,0,0,2
"edu.umd.cs.findbugs.ba.ch.InheritanceGraph",15,2,1,3,1,0,0
"edu.umd.cs.findbugs.util.ExactStringMatcher",15,2,2,3,0,0,1
"edu.umd.cs.findbugs.config.UserPreferencesTest",15,2,1,2,2,0,1
"edu.umd.cs.findbugs.ObfuscateTest",15,2,2,2,1,0,0
"edu.umd.cs.findbugs.ba.MethodBytecodeSet",15,1,1,2,2,0,0
"edu.umd.cs.findbugs.classfile.engine.bcel.BackwardTypeQualifierDataflowFactoryFactory",15,1,1,2,4,4,0
"edu.umd.cs.findbugs.classfile.engine.bcel.ForwardTypeQualifierDataflowFactoryFactory",15,1,1,2,4,4,0
"edu.umd.cs.findbugs.classfile.MissingClassException",15,1,1,3,0,0,1
"edu.umd.cs.findbugs.visitclass.PreorderVisitorTest",15,1,1,1,1,0,0
"edu.umd.cs.findbugs.StartTime",15,0,0,0,1,0,2
"edu.umd.cs.findbugs.workflow.PrintAppVersion",15,0,1,2,2,1,0
"edu.umd.cs.findbugs.gui2.FindBugsFilterFileFilter",14,2,2,2,2,0,1
"edu.umd.cs.findbugs.asm.AbstractFBMethodVisitor",14,2,2,3,0,0,1
"edu.umd.cs.findbugs.jaif.JAIFEnumConstant",14,2,2,3,0,0,1
"edu.umd.cs.findbugs.plan.ConstraintEdge",14,2,2,3,1,1,1
"edu.umd.cs.findbugs.ba.DepthFirstSearch",14,1,0,2,0,0,1
"edu.umd.cs.findbugs.ba.ReverseDepthFirstSearch",14,1,0,2,0,0,1
"edu.umd.cs.findbugs.classfile.engine.bcel.ExceptionSetFactoryFactory",14,1,1,2,4,4,0
"edu.umd.cs.findbugs.classfile.CheckedAnalysisException",14,0,0,4,0,0,0
"edu.umd.cs.findbugs.ba.AccessibleEntity",13,9,9,9,1,1,0
"edu.umd.cs.findbugs.gui2.FindBugsLayoutManager",13,8,8,8,2,0,0
"edu.umd.cs.findbugs.FindBugsProgress",13,7,7,7,1,1,0
"edu.umd.cs.findbugs.classfile.Global",13,3,3,3,0,0,1
"edu.umd.cs.findbugs.cloud.username.NoNameLookup",13,2,2,2,2,2,0
"edu.umd.cs.findbugs.ba.generic.GenericSignatureParserTest",13,2,2,2,1,0,0
"edu.umd.cs.findbugs.sourceViewer.NumberedEditorKit",13,1,1,2,2,0,1
"edu.umd.cs.findbugs.ba.npe.IsNullValueDataflow",13,1,1,2,4,3,0
"edu.umd.cs.findbugs.classfile.ClassNameMismatchException",13,1,1,2,0,0,1
"edu.umd.cs.findbugs.visitclass.DismantleBytecodeTest",13,1,1,1,2,0,0
"edu.umd.cs.findbugs.cloud.username.ClearCloudPreferences",13,0,1,1,2,0,0
"edu.umd.cs.findbugs.BugAnnotation",12,7,7,7,1,0,1
"edu.umd.cs.findbugs.classfile.IClassPath",12,7,7,7,2,0,0
"edu.umd.cs.findbugs.anttask.DataFile",12,2,2,3,0,0,1
"edu.umd.cs.findbugs.ba.ch.InterproceduralCallGraphVertex",12,2,2,2,2,2,1
"edu.umd.cs.findbugs.ba.npe.ReturnValueNullnessPropertyDatabase",12,2,0,2,1,1,0
"edu.umd.cs.findbugs.CallGraphNode",12,2,2,2,2,1,1
"edu.umd.cs.findbugs.plan.ConstraintGraph",12,2,1,2,1,0,0
"edu.umd.cs.findbugs.util.AnyTypeMatcher",12,2,2,2,1,0,0
"edu.umd.cs.findbugs.gui2.SortableStringComparator",12,1,1,2,1,0,1
"edu.umd.cs.findbugs.asm.FBMethodVisitor",12,1,1,3,2,1,0
"edu.umd.cs.findbugs.ba.obl.ObligationAcquiredOrReleasedInLoopException",12,1,1,2,1,1,1
"edu.umd.cs.findbugs.classfile.engine.AbstractFieldAnnotationVisitor",12,1,1,2,3,1,0
"edu.umd.cs.findbugs.BugAnnotationVisitor",11,8,8,8,0,0,0
"edu.umd.cs.findbugs.jaif.JAIFEvents",11,8,8,8,0,0,0
"edu.umd.cs.findbugs.classfile.ICodeBaseEntry",11,6,6,6,2,0,0
"edu.umd.cs.findbugs.ba.AbstractDataflow",11,1,1,2,0,0,0
"edu.umd.cs.findbugs.ba.bcp.OneVariableInstruction",11,1,0,3,0,0,1
"edu.umd.cs.findbugs.tools.html.ColorAlternator",11,1,1,2,0,0,2
"edu.umd.cs.findbugs.classfile.IClassPathBuilder",10,4,4,4,2,0,0
"edu.umd.cs.findbugs.FindBugsDisplayFeatures",10,2,2,2,0,0,1
"edu.umd.cs.findbugs.gui2.DeadBugFilter",10,1,1,2,0,0,0
"edu.umd.cs.findbugs.ba.type.ExtendedTypes",10,0,0,0,0,0,7
"edu.umd.cs.findbugs.classfile.engine.bcel.NonExceptionPostdominatorsAnalysis",10,0,0,1,4,3,0
"edu.umd.cs.findbugs.detect.DoomedCodeWarningProperty",10,0,0,1,2,2,1
"edu.umd.cs.findbugs.detect.NonNullReturnProperty",10,0,0,1,2,2,1
"edu.umd.cs.findbugs.FatalException",10,0,0,2,0,0,1
"edu.umd.cs.findbugs.filter.FilterException",10,0,0,2,0,0,1
"edu.umd.cs.findbugs.JavaVersionException",10,0,0,2,0,0,1
"edu.umd.cs.findbugs.PluginException",10,0,0,2,0,0,1
"edu.umd.cs.findbugs.classfile.IClassFactory",9,5,5,5,1,1,0
"edu.umd.cs.findbugs.ba.obl.ObligationPolicyDatabaseEntry",9,3,3,3,2,0,0
"edu.umd.cs.findbugs.cloud.BugFiler",9,3,3,3,3,0,0
"edu.umd.cs.findbugs.cloud.username.NameLookup",9,2,2,2,3,2,1
"edu.umd.cs.findbugs.WarningComparator",9,2,2,2,3,1,0
"edu.umd.cs.findbugs.ba.CFGBuilderFactory",9,1,1,1,3,1,0
"edu.umd.cs.findbugs.detect.StreamFactory",9,1,1,1,4,2,0
"edu.umd.cs.findbugs.xml.XMLUtil",9,1,1,1,2,0,0
"edu.umd.cs.findbugs.gui2.ClearGuiSaveState",9,0,1,1,2,0,0
"edu.umd.cs.findbugs.ba.deref.UnconditionalValueDerefDataflow",9,0,0,1,2,1,0
"edu.umd.cs.findbugs.ba.jsr305.JSR305NullnessAnnotations",9,0,0,0,2,2,3
"edu.umd.cs.findbugs.ba.jsr305.TypeQualifierDataflow",9,0,0,1,2,0,0
"edu.umd.cs.findbugs.ba.npe.IsNullValueAnalysisFeatures",9,0,0,0,1,1,5
"edu.umd.cs.findbugs.classfile.UncheckedAnalysisException",9,0,0,2,0,0,0
"edu.umd.cs.findbugs.cloud.SignInCancelledException",9,0,0,2,0,0,0
"edu.umd.cs.findbugs.jaif.JAIFSyntaxException",9,0,0,2,0,0,0
"edu.umd.cs.findbugs.classfile.IErrorLogger",8,5,5,5,0,0,0
"edu.umd.cs.findbugs.graph.GraphEdge",8,4,4,4,0,0,0
"edu.umd.cs.findbugs.ba.SourceFileDataSource",8,3,3,3,2,0,0
"edu.umd.cs.findbugs.ba.XField",8,3,3,3,2,2,0
"edu.umd.cs.findbugs.classfile.ICodeBaseLocator",8,3,3,3,1,0,0
"edu.umd.cs.findbugs.Detector2",8,3,3,3,2,2,0
"edu.umd.cs.findbugs.InstructionScanner",8,3,3,3,2,1,0
"edu.umd.cs.findbugs.ba.ch.InheritanceGraphVisitor",8,2,2,2,3,2,0
"edu.umd.cs.findbugs.classfile.engine.ClassParserInterface",8,2,2,2,3,1,0
"edu.umd.cs.findbugs.filter.Matcher",8,2,2,2,3,1,0
"edu.umd.cs.findbugs.GlobalOptions",8,2,2,2,1,0,0
"edu.umd.cs.findbugs.ba.ca.CallListDataflow",8,0,0,1,2,0,0
"edu.umd.cs.findbugs.ba.CFGBuilderException",8,0,0,1,1,1,1
"edu.umd.cs.findbugs.ba.constant.ConstantDataflow",8,0,0,1,2,0,0
"edu.umd.cs.findbugs.ba.heap.LoadDataflow",8,0,0,1,2,1,0
"edu.umd.cs.findbugs.ba.heap.StoreDataflow",8,0,0,1,2,1,0
"edu.umd.cs.findbugs.ba.npe.ReturnPathTypeDataflow",8,0,0,1,2,0,0
"edu.umd.cs.findbugs.ba.obl.ObligationDataflow",8,0,0,1,2,0,0
"edu.umd.cs.findbugs.graph.DFSEdgeTypes",8,0,0,0,0,0,5
"edu.umd.cs.findbugs.plan.OrderingConstraintException",8,0,0,1,1,1,1
"edu.umd.cs.findbugs.Priorities",8,0,0,0,0,0,5
"edu.umd.cs.findbugs.Test",8,0,1,1,1,0,0
"edu.umd.cs.findbugs.classfile.FieldOrMethodName",7,4,4,4,0,0,0
"edu.umd.cs.findbugs.ba.PathVisitor",7,3,3,3,1,0,0
"edu.umd.cs.findbugs.gui2.FilterListener",7,1,1,1,0,0,1
"edu.umd.cs.findbugs.ba.jsr305.ParameterAnnotationLookupResult",7,1,0,1,0,0,0
"edu.umd.cs.findbugs.ba.jsr305.ReturnTypeAnnotationLookupResult",7,1,0,1,0,0,0
"edu.umd.cs.findbugs.classfile.RecomputableClassAnalysisEngine",7,1,1,1,0,0,0
"edu.umd.cs.findbugs.log.Logger",7,1,1,1,0,0,3
"edu.umd.cs.findbugs.XMLWriteableWithMessages",7,1,1,1,3,2,0
"edu.umd.cs.findbugs.ba.type.TypeFrameModelingVisitorTest",7,1,1,1,1,0,0
"edu.umd.cs.findbugs.ba.ch.InheritanceEdge",7,0,0,1,1,1,0
"edu.umd.cs.findbugs.ba.ch.InterproceduralCallGraphEdge",7,0,0,1,1,1,0
"edu.umd.cs.findbugs.ba.constant.ConstantFrame",7,0,0,1,1,1,0
"edu.umd.cs.findbugs.ba.interproc.PropertyDatabaseFormatException",7,0,0,1,0,0,1
"edu.umd.cs.findbugs.ba.jsr305.BackwardTypeQualifierDataflow",7,0,0,1,1,0,0
"edu.umd.cs.findbugs.ba.jsr305.ForwardTypeQualifierDataflow",7,0,0,1,1,0,0
"edu.umd.cs.findbugs.ba.LiveLocalStoreDataflow",7,0,0,1,1,0,0
"edu.umd.cs.findbugs.ba.obl.NonexistentObligationException",7,0,0,1,0,0,1
"edu.umd.cs.findbugs.graph.GraphToolkit",6,3,3,3,0,0,0
"edu.umd.cs.findbugs.gui2.AnalysisCallback",6,2,2,2,1,1,0
"edu.umd.cs.findbugs.ba.BlockOrder",6,2,2,2,1,0,0
"edu.umd.cs.findbugs.ba.JavaClassAndMethodChooser",6,2,2,2,0,0,0
"edu.umd.cs.findbugs.Detector",6,2,2,2,1,1,0
"edu.umd.cs.findbugs.ba.ch.SupertypeTraversalVisitor",6,1,1,1,2,2,0
"edu.umd.cs.findbugs.ba.type.TypeMerger",6,1,1,1,2,1,0
"edu.umd.cs.findbugs.updates.UpdateCheckCallback",6,1,1,1,2,1,0
"edu.umd.cs.findbugs.ba.BlockTypeDataflow",6,0,0,1,0,0,0
"edu.umd.cs.findbugs.ba.LockDataflow",6,0,0,1,0,0,0
"edu.umd.cs.findbugs.ba.ReturnPathDataflow",6,0,0,1,0,0,0
"edu.umd.cs.findbugs.ba.vna.ValueNumberAnalysisFeatures",6,0,0,0,1,1,2
"edu.umd.cs.findbugs.bcel.generic.NONNULL2Z",6,0,0,1,0,0,0
"edu.umd.cs.findbugs.bcel.generic.NULL2Z",6,0,0,1,0,0,0
"edu.umd.cs.findbugs.ExitCodes",6,0,0,0,0,0,3
"edu.umd.cs.findbugs.NonReportingDetectorToDetector2Adapter",6,0,0,1,0,0,0
"edu.umd.cs.findbugs.PluginDoesntContainMetadataException",6,0,0,1,0,0,0
"edu.umd.cs.findbugs.util.NotImplementedYetException",6,0,0,1,0,0,0
"edu.umd.cs.findbugs.ba.CFGBuilder",5,2,2,2,0,0,0
"edu.umd.cs.findbugs.classfile.IAnalysisEngine",5,2,2,2,0,0,0
"edu.umd.cs.findbugs.classfile.IClassPathBuilderProgress",5,2,2,2,0,0,0
"edu.umd.cs.findbugs.classfile.ICodeBaseIterator",5,2,2,2,0,0,0
"edu.umd.cs.findbugs.classfile.IDatabaseFactory",5,2,2,2,0,0,0
"edu.umd.cs.findbugs.DetectorFactoryChooser",5,2,2,2,0,0,0
"edu.umd.cs.findbugs.graph.GraphVertex",5,2,2,2,0,0,0
"edu.umd.cs.findbugs.graph.SearchTreeCallback",5,2,2,2,0,0,0
"edu.umd.cs.findbugs.IClassScreener",5,2,2,2,0,0,0
"edu.umd.cs.findbugs.InstructionScannerGenerator",5,2,2,2,0,0,0
"edu.umd.cs.findbugs.log.LogSync",5,2,2,2,0,0,0
"edu.umd.cs.findbugs.props.WarningProperty",5,2,2,2,0,0,0
"edu.umd.cs.findbugs.gui2.FindBugsFileFilter",5,1,0,1,1,0,0
"edu.umd.cs.findbugs.ba.MethodChooser",5,1,1,1,1,0,0
"edu.umd.cs.findbugs.graph.VertexCombinator",5,1,1,1,1,0,0
"edu.umd.cs.findbugs.plan.DetectorFactorySelector",5,1,1,1,1,0,0
"edu.umd.cs.findbugs.updates.PluginUpdateListener",5,1,1,1,1,0,0
"edu.umd.cs.findbugs.util.TypeMatcher",5,1,1,1,1,0,0
"edu.umd.cs.findbugs.xml.XMLWriteable",5,1,1,1,1,0,0
"edu.umd.cs.findbugs.ba.Debug",5,0,0,0,1,1,1
"edu.umd.cs.findbugs.classfile.engine.asm.FindBugsASM",5,0,0,0,1,0,1
"edu.umd.cs.findbugs.ba.bcp.Variable",4,1,1,1,0,0,0
"edu.umd.cs.findbugs.ba.DataflowValueChooser",4,1,1,1,0,0,0
"edu.umd.cs.findbugs.ba.EdgeChooser",4,1,1,1,0,0,0
"edu.umd.cs.findbugs.BugReporterObserver",4,1,1,1,0,0,0
"edu.umd.cs.findbugs.classfile.IAnalysisEngineRegistrar",4,1,1,1,0,0,0
"edu.umd.cs.findbugs.classfile.IClassAnalysisEngine",4,1,1,1,0,0,0
"edu.umd.cs.findbugs.classfile.IClassObserver",4,1,1,1,0,0,0
"edu.umd.cs.findbugs.classfile.IScannableCodeBase",4,1,1,1,0,0,0
"edu.umd.cs.findbugs.graph.VertexChooser",4,1,1,1,0,0,0
"edu.umd.cs.findbugs.model.ClassNameRewriter",4,1,1,1,0,0,0
"edu.umd.cs.findbugs.StatelessDetector",4,1,1,1,0,0,0
"edu.umd.cs.findbugs.util.StringMatcher",4,1,1,1,0,0,0
"edu.umd.cs.findbugs.RunnableWithExceptions",4,1,1,1,0,0,0
"edu.umd.cs.findbugs.ba.AssignedFieldMap",4,0,0,0,1,0,0
"edu.umd.cs.findbugs.ba.RepositoryLookupFailureCallback",4,0,0,0,1,1,0
"edu.umd.cs.findbugs.ba.ComparableField",3,0,0,0,0,0,0
"edu.umd.cs.findbugs.ba.ComparableMethod",3,0,0,0,0,0,0
"edu.umd.cs.findbugs.ba.DFSEdgeTypes",3,0,0,0,0,0,0
"edu.umd.cs.findbugs.classfile.IMethodAnalysisEngine",3,0,0,0,0,0,0
"edu.umd.cs.findbugs.cloud.BugLinkInterface",3,0,0,0,0,0,0
"edu.umd.cs.findbugs.cloud.OnlineCloud",3,0,0,0,0,0,0
"edu.umd.cs.findbugs.FirstPassDetector",3,0,0,0,0,0,0
"edu.umd.cs.findbugs.InterproceduralFirstPassDetector",3,0,0,0,0,0,0
"edu.umd.cs.findbugs.NonReportingDetector",3,0,0,0,0,0,0
"edu.umd.cs.findbugs.TrainingDetector",3,0,0,0,0,0,0
"edu.umd.cs.findbugs.UseAnnotationDatabase",3,0,0,0,0,0,0
"edu.umd.cs.findbugs.visitclass.Constants2",3,0,0,0,0,0,0
