"type","sloc","nom","npm","wmc","dep","i-dep","noa"
"edu.umd.cs.findbugs.WorkList",661,65,59,10,44,9,37
"edu.umd.cs.findbugs.ba.Context",727,44,39,12,59,11,28
"edu.umd.cs.findbugs.ba.npe.NullDerefAndRedundantComparisonFinder",625,19,8,151,45,22,17
"edu.umd.cs.findbugs.detect.Info",669,12,4,2,77,37,7
"edu.umd.cs.findbugs.ba.jsr305.ComputeEffectiveTypeQualifierAnnotation",618,38,18,1,25,11,10
"edu.umd.cs.findbugs.Summary",1296,47,15,1,62,17,24
"edu.umd.cs.findbugs.ba.ch.SupertypeTraversalPath",806,56,36,7,28,8,19
"edu.umd.cs.findbugs.detect.FieldStats",704,25,19,23,66,32,31
"edu.umd.cs.findbugs.JumpStackComputation",3001,143,91,8,58,15,76
"edu.umd.cs.findbugs.ba.type.TypeFrameModelingVisitor",1153,125,116,206,38,19,12
"edu.umd.cs.findbugs.FindBugs2",841,62,52,133,53,28,26
"edu.umd.cs.findbugs.MultiversionBugInstanceComparator",1019,96,87,6,58,8,29
"edu.umd.cs.findbugs.detect.ExceptionLocation",632,35,33,6,48,16,31
"edu.umd.cs.findbugs.workflow.FilterCommandLine",704,17,8,154,44,15,71
"edu.umd.cs.findbugs.cloud.AbstractCloud",789,75,67,189,34,8,20
"edu.umd.cs.findbugs.ba.AbstractFrameModelingVisitor",882,198,197,211,4,2,3
"edu.umd.cs.findbugs.ba.deref.UnconditionalValueDerefAnalysis",671,35,21,164,53,25,16
"edu.umd.cs.findbugs.detect.RandomOnceSubDetector",1308,29,20,6,49,19,33
"edu.umd.cs.findbugs.visitclass.DismantleBytecode",932,63,58,192,35,11,45
"edu.umd.cs.findbugs.detect.EarlyExitException",895,37,22,316,34,12,37
"edu.umd.cs.findbugs.SAXBugCollectionHandler",669,19,6,87,39,22,24
"edu.umd.cs.findbugs.ba.npe.PointerEqualityCheck",657,21,15,1,38,18,16
"edu.umd.cs.findbugs.gui2.UninstallClickListener",692,36,25,5,64,6,21
"edu.umd.cs.findbugs.detect.WarningDecorator",991,55,39,1,86,42,32
"edu.umd.cs.findbugs.XmlProps",1673,198,188,8,67,23,28
"edu.umd.cs.findbugs.detect.UnreadFields",994,22,21,357,57,26,21
"edu.umd.cs.findbugs.gui2.CommentInfo",960,66,35,10,59,4,33
"edu.umd.cs.findbugs.gui2.StatusBarUpdater",913,118,110,1,53,13,51
"edu.umd.cs.findbugs.classfile.engine.bcel.BackIterator",869,49,39,11,58,14,37
"edu.umd.cs.findbugs.detect.SerializableIdiom",616,11,8,234,36,15,34
