{"name":"variants","children":[{"name":"me.umov.business.architecture","children":[{"name":"UtilsTest","sloc":36,"wmc":1},{"name":"GeneralTest","sloc":33,"wmc":1},{"name":"AnticorruptionTest","sloc":15,"wmc":1},{"name":"DomainTest","sloc":21,"wmc":1},{"name":"IgnoreTests","sloc":9,"wmc":1}]},{"name":"me.umov.business.anticorruption.itinerary","children":[{"name":"WorkCycleScheduleConverterImplTest","sloc":84,"wmc":3},{"name":"WorkCycleScheduleConverterImpl","sloc":55,"wmc":3}]},{"name":"me.umov.business.taskschedule.anticorruption.relationship","children":[{"name":"RelationshipFactoryTest","sloc":58,"wmc":7},{"name":"AgentRelationshipConverterTest","sloc":121,"wmc":5},{"name":"ServiceLocalRelationshipConverter","sloc":50,"wmc":6},{"name":"TeamRelationshipConverter","sloc":49,"wmc":6},{"name":"AgentRelationshipConverter","sloc":44,"wmc":6},{"name":"RelationshipFactory","sloc":34,"wmc":6},{"name":"AbstractRelationshipConverter","sloc":78,"wmc":17},{"name":"ActivityRelationshipConverter","sloc":49,"wmc":6}]},{"name":"me.umov.business.taskschedule.anticorruption.taskSchedule","children":[{"name":"TaskScheduleConverterFactoryTest","sloc":45,"wmc":5},{"name":"TaskSchedulePartialUpdateConverterTest","sloc":119,"wmc":2},{"name":"TaskScheduleCreateConverterTest","sloc":307,"wmc":5},{"name":"TaskScheduleCreateConverter","sloc":32,"wmc":3},{"name":"AbstractTaskScheduleGroupConverter","sloc":162,"wmc":36},{"name":"TaskSchedulePartialUpdateConverter","sloc":94,"wmc":32},{"name":"TaskScheduleConverterFactory","sloc":26,"wmc":4},{"name":"TaskScheduleUpdateConverter","sloc":15,"wmc":1}]},{"name":"me.umov.business.taskschedule.application.controller","children":[{"name":"CronControllerTest","sloc":67,"wmc":5},{"name":"CronController","sloc":48,"wmc":2}]},{"name":"me.umov.business.taskschedule.application.service","children":[{"name":"TaskScheduleApplicationServiceTest","sloc":108,"wmc":10},{"name":"TaskScheduleApplicationService","sloc":61,"wmc":3},{"name":"ConverterFactory","sloc":5,"wmc":1},{"name":"RelationshipConverterFactory","sloc":5,"wmc":1},{"name":"RelationshipConverter","sloc":7,"wmc":2},{"name":"TaskScheduleConverter","sloc":6,"wmc":1}]},{"name":"me.umov.business.utils.specification.rule","children":[{"name":"RuleMessageTest","sloc":30,"wmc":3},{"name":"ValidationRules","sloc":24,"wmc":5},{"name":"RuleMessage","sloc":28,"wmc":6},{"name":"BusinessRule","sloc":6,"wmc":2},{"name":"EntityConstraintValidator","sloc":17,"wmc":2}]},{"name":"me.umov.business.utils.specification.domain","children":[{"name":"OrSpecificationTest","sloc":29,"wmc":1},{"name":"SpecificationResultTest","sloc":30,"wmc":3},{"name":"CompositeSpecificationTest","sloc":24,"wmc":2},{"name":"BaseValidatorTest","sloc":34,"wmc":3},{"name":"AndSpecificationTest","sloc":30,"wmc":1},{"name":"AndSpecification","sloc":19,"wmc":4},{"name":"CompositeSpecification","sloc":10,"wmc":3},{"name":"SpecificationResult","sloc":33,"wmc":7},{"name":"OrSpecification","sloc":19,"wmc":4},{"name":"BaseValidator","sloc":26,"wmc":4},{"name":"SpecificationException","sloc":24,"wmc":5},{"name":"ISpecification","sloc":6,"wmc":3}]},{"name":"me.umov.business.infrastructure.activity","children":[{"name":"ActivityDAOImplTest","sloc":48,"wmc":3},{"name":"ActivityDAOImpl","sloc":23,"wmc":2},{"name":"ActivityJpaRepository","sloc":5,"wmc":1}]},{"name":"me.umov.business.infrastructure.team","children":[{"name":"TeamDAOImplTest","sloc":47,"wmc":3},{"name":"TeamJpaRepository","sloc":5,"wmc":1},{"name":"TeamDAOImpl","sloc":23,"wmc":2}]},{"name":"me.umov.business.infrastructure.cron","children":[{"name":"RundeckSchedulerCronProviderTest","sloc":83,"wmc":5},{"name":"RundeckRestServiceTest","sloc":78,"wmc":4},{"name":"RundeckRestConfigurationTest","sloc":15,"wmc":1},{"name":"RundeckEndpointsTest","sloc":25,"wmc":4},{"name":"JobCreationRequestDTOTest","sloc":27,"wmc":1},{"name":"RundeckRestConfiguration","sloc":29,"wmc":3},{"name":"JobCreationResultDTO","sloc":22,"wmc":2},{"name":"RundeckSchedulerCronProvider","sloc":56,"wmc":7},{"name":"RundeckProjectResponse","sloc":17,"wmc":4},{"name":"RundeckRestService","sloc":74,"wmc":9},{"name":"JobCreationRequestDTO","sloc":156,"wmc":2}]},{"name":"me.umov.business.infrastructure.serialization","children":[{"name":"WorkdayTaskCreationValidationSerializationAdapterTest","sloc":24,"wmc":2},{"name":"RecurrenceEndTypeSerializationAdapterTest","sloc":21,"wmc":2},{"name":"JourneyHourTypeSerializationAdapterTest","sloc":24,"wmc":2},{"name":"TaskSituationSerializationAdapterTest","sloc":21,"wmc":2},{"name":"LocalDateTimeSerializationAdapterTest","sloc":47,"wmc":6},{"name":"LocalDateSerializationAdapterTest","sloc":34,"wmc":5},{"name":"GsonConfigurationTest","sloc":47,"wmc":4},{"name":"RecurrenceTimeUnitSerializationAdapterTest","sloc":21,"wmc":2},{"name":"LocalTimeSerializationAdapterTest","sloc":39,"wmc":6},{"name":"RecurrenceRepeatModeSerializationAdapterTest","sloc":24,"wmc":2},{"name":"BooleanStatusSerializationAdapterTest","sloc":26,"wmc":2},{"name":"HttpStatusSerializationAdapterTest","sloc":15,"wmc":1},{"name":"LocalTimeSerializationAdapter","sloc":35,"wmc":8},{"name":"HttpStatusSerializationAdapter","sloc":16,"wmc":2},{"name":"TeamExecutionSerializationAdapter","sloc":12,"wmc":1},{"name":"JourneyHourTypeSerializationAdapter","sloc":19,"wmc":2},{"name":"ActivityOriginSerializationAdapter","sloc":19,"wmc":2},{"name":"RecurrenceRepeatModeSerializationAdapter","sloc":19,"wmc":2},{"name":"RecurrenceEndTypeSerializationAdapter","sloc":20,"wmc":2},{"name":"AgentPortfolioValidationSerializationAdapter","sloc":19,"wmc":2},{"name":"LocalDateSerializationAdapter","sloc":24,"wmc":6},{"name":"RecurrenceTimeUnitSerializationAdapter","sloc":20,"wmc":2},{"name":"HibernateProxyTypeAdapter","sloc":41,"wmc":4},{"name":"ItineraryAgentRelationSerializationAdapter","sloc":12,"wmc":1},{"name":"GsonConfiguration","sloc":57,"wmc":2},{"name":"SpringfoxJsonToGsonAdapter","sloc":14,"wmc":1},{"name":"AnnotationExcludeSerializationStrategy","sloc":13,"wmc":2},{"name":"RecurrenceRepeatTypeSerializationAdapter","sloc":20,"wmc":2},{"name":"WorkdayTaskCreationValidationSerializationAdapter","sloc":20,"wmc":2},{"name":"LocalDateTimeSerializationAdapter","sloc":36,"wmc":8},{"name":"TaskScheduleActivityOriginSerializationAdapter","sloc":14,"wmc":2},{"name":"TaskSituationSerializationAdapter","sloc":12,"wmc":1},{"name":"BooleanStatusSerializationAdapter","sloc":20,"wmc":2}]},{"name":"me.umov.business.infrastructure.agent","children":[{"name":"AgentDAOImplTest","sloc":49,"wmc":3},{"name":"AgentDAOImpl","sloc":24,"wmc":2},{"name":"AgentJpaRepository","sloc":5,"wmc":1}]},{"name":"me.umov.business.infrastructure.jpa","children":[{"name":"TeamExecutionConverterTest","sloc":25,"wmc":2},{"name":"FrequencyControlTypeConverterTest","sloc":21,"wmc":2},{"name":"ItineraryAgentRelationConverterTest","sloc":23,"wmc":2},{"name":"WorkdayTaskCreationValidationConverterTest","sloc":25,"wmc":2},{"name":"LocalTimeConverterTest","sloc":20,"wmc":2},{"name":"ExportSituationConverterTest","sloc":29,"wmc":2},{"name":"AgentPorfolioValidationConverterTest","sloc":32,"wmc":2},{"name":"LongArrayTypeTest","sloc":35,"wmc":4},{"name":"CustomFieldSubTypeConverterTest","sloc":40,"wmc":2},{"name":"CustomFieldTypeConverterTest","sloc":43,"wmc":2},{"name":"RecurrenceEndTypeConverterTest","sloc":21,"wmc":2},{"name":"ActivityOriginConverterTest","sloc":27,"wmc":2},{"name":"TaskScheduleActivityOriginConverterTest","sloc":27,"wmc":2},{"name":"LongArrayTypeDescriptorTest","sloc":14,"wmc":2},{"name":"RecurrenceRepeatModeConverterTest","sloc":25,"wmc":2},{"name":"ActivityCycleConverterTest","sloc":28,"wmc":2},{"name":"FieldConfigOriginConverterTest","sloc":22,"wmc":2},{"name":"AbsenceActionConverterTest","sloc":22,"wmc":2},{"name":"ScheduleTypeConverterTest","sloc":19,"wmc":2},{"name":"BooleanStatusConverterTest","sloc":22,"wmc":2},{"name":"ActivityExecutionModeConverterTest","sloc":25,"wmc":2},{"name":"ExportSituationConverter","sloc":17,"wmc":3},{"name":"CustomFieldTypeConverter","sloc":17,"wmc":3},{"name":"RecurrenceEndTypeConverter","sloc":17,"wmc":3},{"name":"ActivityCycleConverter","sloc":17,"wmc":3},{"name":"TaskScheduleActivityOriginConverter","sloc":17,"wmc":3},{"name":"WorkdayTaskCreationValidationConverter","sloc":17,"wmc":3},{"name":"LocalTimeConverter","sloc":31,"wmc":6},{"name":"TeamExecutionConverter","sloc":17,"wmc":3},{"name":"LongArrayType","sloc":22,"wmc":4},{"name":"LongArrayTypeDescriptor","sloc":13,"wmc":2},{"name":"FrequencyControlTypeConverter","sloc":18,"wmc":3},{"name":"ItineraryAgentRelationConverter","sloc":17,"wmc":3},{"name":"ActivityExecutionModeConverter","sloc":17,"wmc":3},{"name":"RecurrenceRepeatModeConverter","sloc":17,"wmc":3},{"name":"AgentPorfolioValidationConverter","sloc":17,"wmc":3},{"name":"ScheduleTypeConverter","sloc":17,"wmc":3},{"name":"AbsenceActionConverter","sloc":17,"wmc":3},{"name":"CustomFieldSubTypeConverter","sloc":17,"wmc":3},{"name":"ActivityOriginConverter","sloc":17,"wmc":3},{"name":"FieldConfigOriginConverter","sloc":17,"wmc":3},{"name":"BooleanStatusConverter","sloc":17,"wmc":3}]},{"name":"me.umov.business.infrastructure.jpa.workcycle","children":[{"name":"WorkCycleGeneratorImplTest","sloc":55,"wmc":3},{"name":"WorkCycleGeneratorImpl","sloc":36,"wmc":2}]},{"name":"me.umov.business.infrastructure.servicelocal","children":[{"name":"ServiceLocalDAOImplTest","sloc":43,"wmc":2},{"name":"ServiceLocalJpaRepository","sloc":6,"wmc":1},{"name":"ServiceLocalDAOImpl","sloc":37,"wmc":3}]},{"name":"me.umov.business.domain.client","children":[{"name":"ClientServiceTest","sloc":28,"wmc":2},{"name":"UserDataTest","sloc":17,"wmc":1},{"name":"ClientConfigurationsTest","sloc":28,"wmc":2},{"name":"UserData","sloc":26,"wmc":4},{"name":"ClientConfigurations","sloc":12,"wmc":1},{"name":"ClientService","sloc":13,"wmc":1},{"name":"ClientRepository","sloc":6,"wmc":1},{"name":"SystemParameters","sloc":87,"wmc":18},{"name":"Client","sloc":83,"wmc":12}]},{"name":"me.umov.business.domain.task","children":[{"name":"TaskServiceTest","sloc":344,"wmc":25},{"name":"TaskModelTest","sloc":249,"wmc":32},{"name":"TaskDailyResumeTest","sloc":40,"wmc":5},{"name":"TaskService","sloc":234,"wmc":31},{"name":"TaskConfigJpaRepository","sloc":9,"wmc":1},{"name":"TaskActivityJpaRepository","sloc":8,"wmc":1},{"name":"TaskDailyResume","sloc":125,"wmc":36},{"name":"TaskActivityModel","sloc":91,"wmc":16},{"name":"TaskModel","sloc":572,"wmc":152},{"name":"BeforeTaskSaveEvent","sloc":11,"wmc":2},{"name":"TaskJpaRepository","sloc":20,"wmc":2},{"name":"TaskConfigModel","sloc":124,"wmc":17},{"name":"TaskSavedEvent","sloc":19,"wmc":4},{"name":"TaskTypeJpaRepository","sloc":7,"wmc":1},{"name":"TaskTypeModel","sloc":64,"wmc":12},{"name":"TaskItemModel","sloc":70,"wmc":12}]},{"name":"me.umov.business.domain.recurrence","children":[{"name":"CrontabExpressionTest","sloc":21,"wmc":3},{"name":"DateIntervalTest","sloc":36,"wmc":4},{"name":"RecurrenceConfiguration","sloc":87,"wmc":30},{"name":"DateInterval","sloc":40,"wmc":11},{"name":"RecurrenceRepeatConfiguration","sloc":67,"wmc":22},{"name":"RecurrenceConfigurationInterface","sloc":13,"wmc":7},{"name":"Recurrent","sloc":4,"wmc":1},{"name":"IDateInterval","sloc":4,"wmc":1},{"name":"CrontabExpression","sloc":57,"wmc":12},{"name":"RecurrenceEndsConfiguration","sloc":68,"wmc":23},{"name":"CronProvider","sloc":5,"wmc":2}]},{"name":"me.umov.business.domain.rule.task","children":[{"name":"ShouldHaveTaskModelTest","sloc":27,"wmc":3},{"name":"ShouldNotHaveAgentTest","sloc":35,"wmc":2},{"name":"ShouldHaveValidSituationLifeCicleTest","sloc":246,"wmc":32},{"name":"ShouldHaveValidRecurrenceConfigurationTest","sloc":130,"wmc":13},{"name":"ShouldHaveScheduleInsideOfAgentJourneyTest","sloc":139,"wmc":13},{"name":"ShouldHaveTeamTest","sloc":31,"wmc":2},{"name":"ShouldHaveNoTaskInDateTest","sloc":69,"wmc":8},{"name":"ShouldInitiateTodayTest","sloc":33,"wmc":2},{"name":"ShouldBeInPreparationTest","sloc":32,"wmc":2},{"name":"ShouldHaveValidFinalHourTest","sloc":41,"wmc":3},{"name":"ShouldHaveRequiredTaskConfigFieldsTest","sloc":270,"wmc":26},{"name":"ShouldHaveValidInitialDateTest","sloc":60,"wmc":7},{"name":"ShouldHaveTeamExecutionWhenTeamIsSelectedTest","sloc":46,"wmc":5},{"name":"ShouldHaveValidFinalDateTest","sloc":51,"wmc":6},{"name":"ShouldBeActiveTest","sloc":31,"wmc":2},{"name":"ShouldHaveServiceLocalTest","sloc":48,"wmc":5},{"name":"ShouldHaveAgentByRequiredTaskConfigTest","sloc":84,"wmc":10},{"name":"ShouldHaveValidTaskTypeTest","sloc":35,"wmc":4},{"name":"ShouldHaveValidTeamTest","sloc":29,"wmc":3},{"name":"ShouldHaveOneAgentWhenOnlyOneAgentTeamTest","sloc":67,"wmc":5},{"name":"ShouldHaveValidActivitiesAssociatedTest","sloc":132,"wmc":14},{"name":"ShouldHaveValidAgentTest","sloc":29,"wmc":3},{"name":"ShouldValidateAgentPortfolioTest","sloc":57,"wmc":7},{"name":"ShouldInitiateToday","sloc":26,"wmc":4},{"name":"ShouldValidateAgentPortfolio","sloc":35,"wmc":6},{"name":"ShouldBeActive","sloc":26,"wmc":4},{"name":"ShouldHaveValidAgent","sloc":29,"wmc":5},{"name":"ShouldHaveTeamExecutionWhenTeamIsSelected","sloc":28,"wmc":4},{"name":"ShouldHaveValidRecurrenceConfiguration","sloc":60,"wmc":18},{"name":"ShouldHaveValidSituationLifeCicle","sloc":93,"wmc":23},{"name":"ShouldHaveServiceLocal","sloc":30,"wmc":6},{"name":"ShouldHaveValidActivitiesAssociated","sloc":46,"wmc":10},{"name":"ShouldHaveOneAgentWhenOnlyOneAgentTeam","sloc":31,"wmc":4},{"name":"ShouldHaveTeam","sloc":25,"wmc":4},{"name":"ShouldNotHaveAgent","sloc":25,"wmc":4},{"name":"ShouldHaveValidFinalDate","sloc":28,"wmc":4},{"name":"ShouldHaveValidFinalHour","sloc":35,"wmc":6},{"name":"ShouldHaveRequiredTaskConfigFields","sloc":59,"wmc":13},{"name":"ShouldHaveTaskModel","sloc":26,"wmc":4},{"name":"ShouldHaveValidTeam","sloc":29,"wmc":5},{"name":"ShouldHaveValidTaskType","sloc":29,"wmc":4},{"name":"ShouldHaveNoTaskInDate","sloc":31,"wmc":4},{"name":"ShouldHaveScheduleInsideOfAgentJourney","sloc":40,"wmc":7},{"name":"ShouldHaveValidInitialDate","sloc":32,"wmc":7},{"name":"ShouldHaveAgentByRequiredTaskConfig","sloc":52,"wmc":9},{"name":"ShouldBeInPreparation","sloc":26,"wmc":4}]},{"name":"me.umov.business.domain.rule.builders","children":[{"name":"EmptyValidationBuilderTest","sloc":11,"wmc":1},{"name":"TaskSaveRulesTest","sloc":88,"wmc":3},{"name":"ValidationBuilder","sloc":11,"wmc":2},{"name":"EmptyValidationBuilder","sloc":11,"wmc":1},{"name":"IdleAgentBuilder","sloc":24,"wmc":1},{"name":"SaveTaskValidationBuilder","sloc":70,"wmc":1}]},{"name":"me.umov.business.domain.rule.customfield","children":[{"name":"ShouldHaveValidGeocoordinateCustomFieldsTest","sloc":89,"wmc":14},{"name":"ShouldHaveRequiredCustomFieldsTest","sloc":47,"wmc":4},{"name":"ShouldHaveValidMultimidiaURLCustomFieldsTest","sloc":49,"wmc":6},{"name":"ShouldHaveRequiredCustomFields","sloc":33,"wmc":6},{"name":"ShouldHaveValidGeocoordinateCustomFields","sloc":35,"wmc":6},{"name":"ShouldHaveValidMultimidiaURLCustomFields","sloc":37,"wmc":6}]},{"name":"me.umov.business.domain.activityHistory","children":[{"name":"ActivityHistoryServiceImplTest","sloc":33,"wmc":2},{"name":"ActivityHistoryServiceImpl","sloc":19,"wmc":1},{"name":"ActivityHistory","sloc":46,"wmc":10},{"name":"ActivityHistoryJpaRepository","sloc":11,"wmc":1},{"name":"ActivityHistoryService","sloc":4,"wmc":1}]},{"name":"me.umov.business.domain.event","children":[{"name":"DomainEventRegistryTest","sloc":48,"wmc":6},{"name":"DomainEventRegistry","sloc":36,"wmc":6},{"name":"DomainEventListener","sloc":4,"wmc":1},{"name":"DomainEvent","sloc":3,"wmc":1}]},{"name":"me.umov.business.domain.workcycle","children":[{"name":"WorkCycleServiceTest","sloc":186,"wmc":11},{"name":"WorkCycleServicePort","sloc":13,"wmc":4},{"name":"WorkCycle","sloc":115,"wmc":24},{"name":"WorkCycleGenerator","sloc":7,"wmc":2},{"name":"WorkCycleJpaRepository","sloc":13,"wmc":1},{"name":"WorkCycleService","sloc":83,"wmc":13}]},{"name":"me.umov.business.domain.itinerary","children":[{"name":"ItineraryAgentRelationTest","sloc":16,"wmc":2},{"name":"ItineraryCronServiceTest","sloc":69,"wmc":5},{"name":"ItineraryActivityRelationsTest","sloc":17,"wmc":2},{"name":"ItineraryActivityOriginTest","sloc":36,"wmc":6},{"name":"ItineraryServiceTest","sloc":175,"wmc":11},{"name":"ItineraryTest","sloc":311,"wmc":32},{"name":"ItineraryScheduleCronServiceTest","sloc":69,"wmc":5},{"name":"ItineraryServiceLocal","sloc":96,"wmc":19},{"name":"ItineraryAgent","sloc":69,"wmc":14},{"name":"ItineraryServicePort","sloc":9,"wmc":6},{"name":"ItinerarySchedule","sloc":247,"wmc":57},{"name":"ItineraryTeam","sloc":53,"wmc":12},{"name":"ScheduleQueuePayload","sloc":15,"wmc":3},{"name":"ItineraryScheduleSaved","sloc":19,"wmc":4},{"name":"ItineraryActivityRelations","sloc":7,"wmc":1},{"name":"ItineraryActivity","sloc":66,"wmc":13},{"name":"ItineraryService","sloc":87,"wmc":13},{"name":"Itinerary","sloc":593,"wmc":140},{"name":"ItineraryCronService","sloc":33,"wmc":4},{"name":"ItineraryJpaRepository","sloc":6,"wmc":1},{"name":"ItineraryScheduleCronService","sloc":33,"wmc":4},{"name":"ItinerarySaved","sloc":19,"wmc":4},{"name":"ItineraryScheduleJpaRepository","sloc":7,"wmc":1}]},{"name":"me.umov.business.domain.itinerary.specification","children":[{"name":"ShouldValidateAgentRelationEqualsAllAgentsTest","sloc":45,"wmc":4},{"name":"ShouldValidateAutomaticActivityLoadConfigTest","sloc":37,"wmc":3},{"name":"ShouldHaveValidInitialHourAndFinalHourCombinationTest","sloc":62,"wmc":5},{"name":"ShouldLoadAllTeamsTest","sloc":52,"wmc":4},{"name":"ShouldHaveStartDateLessThanEndDateTest","sloc":39,"wmc":4},{"name":"ShouldHaveItineraryInitialDateGreaterThanTodayTest","sloc":47,"wmc":4},{"name":"ShouldValidateTeamsByRelationTest","sloc":43,"wmc":4},{"name":"ShouldValidateNotNullTeamExecutionWhenItIsForSomeTeamsTest","sloc":56,"wmc":5},{"name":"ShouldHaveItineraryScheduleInitialDateGreaterThanTodayTest","sloc":30,"wmc":3},{"name":"ShouldValidateItineraryActivitiesOriginWithoutActivitiesTest","sloc":47,"wmc":4},{"name":"ShouldValidateSomeAgentsRelationWithTeamsTest","sloc":39,"wmc":3},{"name":"ShouldValidateMultipleActivitiesOriginTest","sloc":39,"wmc":3},{"name":"ShouldLoadAllServiceLocalsTest","sloc":52,"wmc":4},{"name":"ShouldLoadAllActivitiesTest","sloc":58,"wmc":5},{"name":"ShouldServiceLocalHaveFinalHourGreaterThenInitialHourTest","sloc":74,"wmc":5},{"name":"ShouldLoadAllAgentsTest","sloc":52,"wmc":4},{"name":"WorkCycleScheduleValidatorTest","sloc":38,"wmc":2},{"name":"ShouldValidateSomeTeamsRelationWithAgentsTest","sloc":39,"wmc":3},{"name":"ShouldValidateSomeAgentsRelationWithoutAgentsTest","sloc":46,"wmc":4},{"name":"TaskScheduleGroupValidatorTest","sloc":101,"wmc":2},{"name":"ShouldHaveItineraryInitialDateGreaterThanToday","sloc":17,"wmc":3},{"name":"ShouldValidateAgentRelationEqualsAllAgents","sloc":21,"wmc":3},{"name":"ShouldValidateNotNullTeamExecutionWhenItIsForSomeTeams","sloc":20,"wmc":4},{"name":"ShouldLoadAllServiceLocals","sloc":24,"wmc":4},{"name":"ShouldValidateSomeAgentsRelationWithTeams","sloc":22,"wmc":4},{"name":"ShouldValidateItineraryActivitiesOriginWithoutActivities","sloc":21,"wmc":4},{"name":"ShouldHaveStartDateLessThanEndDate","sloc":17,"wmc":2},{"name":"ShouldHaveItineraryScheduleInitialDateGreaterThanToday","sloc":17,"wmc":3},{"name":"WorkCycleScheduleValidator","sloc":23,"wmc":1},{"name":"ShouldValidateAutomaticActivityLoadConfig","sloc":21,"wmc":4},{"name":"ShouldValidateMultipleActivitiesOrigin","sloc":21,"wmc":4},{"name":"ShouldLoadAllAgents","sloc":24,"wmc":3},{"name":"ShouldValidateSomeAgentsRelationWithoutAgents","sloc":22,"wmc":4},{"name":"ShouldValidateTeamsByRelation","sloc":22,"wmc":4},{"name":"ShouldValidateSomeTeamsRelationWithAgents","sloc":22,"wmc":4},{"name":"ShouldLoadAllActivities","sloc":26,"wmc":5},{"name":"TaskScheduleGroupValidator","sloc":73,"wmc":1},{"name":"ShouldHaveValidInitialHourAndFinalHourCombination","sloc":24,"wmc":4},{"name":"ShouldServiceLocalHaveFinalHourGreaterThenInitialHour","sloc":30,"wmc":5},{"name":"ShouldLoadAllTeams","sloc":24,"wmc":3}]},{"name":"me.umov.business.domain.model.builder","children":[{"name":"TaskLoaderTest","sloc":75,"wmc":5},{"name":"TaskLoader","sloc":95,"wmc":14},{"name":"BaseLoader","sloc":41,"wmc":7},{"name":"CustomFieldValueLoader","sloc":12,"wmc":2}]},{"name":"me.umov.business.domain.generic.specification","children":[{"name":"ShouldHaveValidIdTest","sloc":59,"wmc":5},{"name":"ShouldHaveUniqueDescriptionTest","sloc":7,"wmc":1},{"name":"ShouldHaveValidId","sloc":23,"wmc":4},{"name":"ShouldHaveUniqueDescription","sloc":41,"wmc":4}]},{"name":"me.umov.business.domain.servicelocal","children":[{"name":"AddressTest","sloc":76,"wmc":11},{"name":"ServiceLocalRepositoryImplTest","sloc":28,"wmc":2},{"name":"ServiceLocalActivityDAO","sloc":4,"wmc":1},{"name":"ServiceLocalService","sloc":12,"wmc":1},{"name":"ServiceLocalRepository","sloc":4,"wmc":1},{"name":"ServiceLocalRepositoryImpl","sloc":11,"wmc":1},{"name":"Address","sloc":98,"wmc":20},{"name":"ServiceLocalDAO","sloc":6,"wmc":2},{"name":"ServiceLocal","sloc":45,"wmc":10}]},{"name":"me.umov.business.application.handler","children":[{"name":"GeneralRestExceptionHandlerTest","sloc":161,"wmc":21},{"name":"GeneralRestExceptionHandler","sloc":107,"wmc":13}]},{"name":"me.umov.business.application.interceptor","children":[{"name":"CORSInterceptorTest","sloc":73,"wmc":7},{"name":"InterceptorConfigTest","sloc":39,"wmc":2},{"name":"JWTAuthorizationInterceptorTest","sloc":53,"wmc":4},{"name":"InterceptorConfig","sloc":37,"wmc":3},{"name":"CORSInterceptor","sloc":23,"wmc":2},{"name":"JWTAuthorizationInterceptor","sloc":30,"wmc":5}]},{"name":"me.umov.business.application.observer","children":[{"name":"TaskSavedObserverTest","sloc":45,"wmc":5},{"name":"BeforeTaskSaveObserverTest","sloc":35,"wmc":3},{"name":"ItineraryScheduleCronSchedulerObserverTest","sloc":52,"wmc":5},{"name":"ItineraryCronSchedulerObserverTest","sloc":52,"wmc":5},{"name":"NotificationAfterSaveTaskTest","sloc":73,"wmc":4},{"name":"NotificationAfterSaveTask","sloc":60,"wmc":5},{"name":"ItineraryScheduleCronSchedulerObserver","sloc":22,"wmc":3},{"name":"TaskSavedObserver","sloc":23,"wmc":3},{"name":"ItineraryCronSchedulerObserver","sloc":22,"wmc":3},{"name":"BeforeTaskSaveObserver","sloc":21,"wmc":1}]},{"name":"me.umov.business.application.controller","children":[{"name":"ServiceLocalControllerTest","sloc":20,"wmc":1},{"name":"BaseControllerTest","sloc":27,"wmc":2},{"name":"TaskControllerTest","sloc":181,"wmc":14},{"name":"AgentControllerTest","sloc":63,"wmc":5},{"name":"TaskTypeControllerTest","sloc":37,"wmc":3},{"name":"VersionControllerTest","sloc":23,"wmc":2},{"name":"TaskScheduleGroupControllerTest","sloc":61,"wmc":6},{"name":"TaskController","sloc":121,"wmc":11},{"name":"BaseController","sloc":10,"wmc":1},{"name":"TaskTypeController","sloc":28,"wmc":3},{"name":"EntityIntegration","sloc":5,"wmc":2},{"name":"VersionController","sloc":18,"wmc":2}]},{"name":"me.umov.business.application.controller.activityhistory","children":[{"name":"ActivityHistoryControllerTest","sloc":32,"wmc":2},{"name":"ActivityHistoryController","sloc":27,"wmc":1},{"name":"ActivityHistoryConverter","sloc":5,"wmc":1}]},{"name":"me.umov.business.application.controller.workcycle","children":[{"name":"WorkCycleControllerTest","sloc":73,"wmc":5},{"name":"WorkCycleRelationRequest","sloc":18,"wmc":4},{"name":"CreateWorkCycleRequest","sloc":45,"wmc":7},{"name":"WorkCycleScheduleConverter","sloc":5,"wmc":1},{"name":"WorkCycleServiceLocalRequest","sloc":23,"wmc":6},{"name":"SaveWorkCycleScheduleRequest","sloc":57,"wmc":13},{"name":"CreateWorkCycleResponse","sloc":30,"wmc":2},{"name":"WorkCycleController","sloc":70,"wmc":7},{"name":"ReplaceWorkCycleServiceLocalRequest","sloc":31,"wmc":8}]},{"name":"me.umov.business.application.authorization","children":[{"name":"UMovMeJWTClaimsTest","sloc":15,"wmc":2},{"name":"JWTServiceTest","sloc":64,"wmc":9},{"name":"UMovMeJWTClaims","sloc":8,"wmc":1},{"name":"JWTService","sloc":60,"wmc":11}]},{"name":"me.umov.business.application.service","children":[{"name":"CustomFieldServiceTest","sloc":16,"wmc":1},{"name":"AgentServiceTest","sloc":42,"wmc":3},{"name":"TaskScheduleServiceTest","sloc":3,"wmc":1},{"name":"TaskTypeServiceTest","sloc":37,"wmc":3},{"name":"ActivityServiceTest","sloc":34,"wmc":2},{"name":"DistributionIdleAgentTest","sloc":104,"wmc":6},{"name":"ServiceLocalServiceTest","sloc":38,"wmc":3},{"name":"RecurrenceServiceTest","sloc":431,"wmc":19},{"name":"FactoryDistributionTaskTest","sloc":27,"wmc":3},{"name":"BaseServiceTest","sloc":78,"wmc":9},{"name":"CustomFieldValueServiceTest","sloc":158,"wmc":9},{"name":"AgentService","sloc":14,"wmc":1},{"name":"CustomFieldService","sloc":7,"wmc":1},{"name":"IntegrationService","sloc":32,"wmc":7},{"name":"TaskConfigService","sloc":13,"wmc":1},{"name":"FactoryDistributionTask","sloc":16,"wmc":2},{"name":"DistributionTask","sloc":80,"wmc":17},{"name":"TeamService","sloc":7,"wmc":1},{"name":"RecurrenceService","sloc":133,"wmc":33},{"name":"DistributionIdleAgent","sloc":28,"wmc":4},{"name":"BaseService","sloc":61,"wmc":13},{"name":"TaskScheduleService","sloc":7,"wmc":1},{"name":"TaskTypeService","sloc":7,"wmc":1},{"name":"ServiceLocalApplicationService","sloc":13,"wmc":1},{"name":"ItemService","sloc":7,"wmc":1},{"name":"CustomFieldValueService","sloc":107,"wmc":15},{"name":"ActivityService","sloc":15,"wmc":2}]},{"name":"me.umov.business.application.service.toggle","children":[{"name":"FeatureToggleServiceTest","sloc":47,"wmc":3},{"name":"FeatureToggleService","sloc":17,"wmc":1}]},{"name":"me.umov.business.application.service.notification","children":[{"name":"TaskNotificationServiceTest","sloc":122,"wmc":7},{"name":"TaskNotificationService","sloc":49,"wmc":6}]},{"name":"me.umov.business.application.model","children":[{"name":"IntervalTest","sloc":65,"wmc":14},{"name":"WorkJourneyModelTest","sloc":91,"wmc":13},{"name":"WorkJourneyDayModelTest","sloc":51,"wmc":3},{"name":"AgentAbsenceModel","sloc":94,"wmc":19},{"name":"ServiceLocalModel","sloc":122,"wmc":20},{"name":"IntegrationModel","sloc":7,"wmc":4},{"name":"TeamAgentModel","sloc":61,"wmc":12},{"name":"AgentModel","sloc":100,"wmc":20},{"name":"CommonCustomFieldConfig","sloc":44,"wmc":11},{"name":"BaseModel","sloc":5,"wmc":2},{"name":"TeamModel","sloc":82,"wmc":19},{"name":"BaseClientModel","sloc":5,"wmc":2},{"name":"Event","sloc":40,"wmc":8},{"name":"WorkJourneyModel","sloc":101,"wmc":19},{"name":"ItemModel","sloc":87,"wmc":18},{"name":"Interval","sloc":20,"wmc":5},{"name":"WorkJourneyDayModel","sloc":112,"wmc":23},{"name":"CustomFieldValueModel","sloc":65,"wmc":12},{"name":"ActivityModel","sloc":70,"wmc":14},{"name":"CustomFieldModel","sloc":59,"wmc":10}]},{"name":"me.umov.business.application.model.fixture","children":[{"name":"CommonCustomFieldConfigFixture","sloc":25,"wmc":5},{"name":"CustomFieldDTOFixture","sloc":27,"wmc":6},{"name":"ResultProcessRuleFixture","sloc":20,"wmc":4},{"name":"TaskTypeModelFixture","sloc":15,"wmc":3},{"name":"RuleRequestDTOFixture","sloc":29,"wmc":6},{"name":"BaseReflectionFixture","sloc":27,"wmc":3},{"name":"AgentJourneyHoursDTOFixture","sloc":25,"wmc":5},{"name":"SaveTaskDTOFixture","sloc":70,"wmc":15},{"name":"ServiceLocalModelFixture","sloc":31,"wmc":7},{"name":"AddressFixture","sloc":34,"wmc":5},{"name":"RecurrenceConfigurationFixture","sloc":31,"wmc":6},{"name":"AgentModelFixture","sloc":33,"wmc":7},{"name":"WorkCycleFixture","sloc":37,"wmc":8},{"name":"SystemParametersFixture","sloc":34,"wmc":7},{"name":"ClientFixture","sloc":20,"wmc":4},{"name":"SaveTaskScheduleGroupRequestFixture","sloc":76,"wmc":15},{"name":"TaskDailyResumeFixture","sloc":24,"wmc":5},{"name":"TaskModelFixture","sloc":266,"wmc":62},{"name":"CancelTaskDTOFixture","sloc":15,"wmc":3},{"name":"ItineraryScheduleFixture","sloc":69,"wmc":15},{"name":"TaskRecurrenceConfigurationFixture","sloc":31,"wmc":6},{"name":"CustomFieldValueModelFixture","sloc":31,"wmc":7},{"name":"ItineraryServiceLocalFixture","sloc":21,"wmc":4},{"name":"CustomFieldModelFixture","sloc":29,"wmc":6},{"name":"WorkJourneyDayModelFixture","sloc":32,"wmc":6},{"name":"TeamModelFixture","sloc":19,"wmc":4},{"name":"ItineraryFixture","sloc":122,"wmc":31},{"name":"WorkJourneyModelFixture","sloc":32,"wmc":5},{"name":"ActivityModelFixture","sloc":15,"wmc":3},{"name":"TaskConfigModelFixture","sloc":24,"wmc":5},{"name":"TaskActivityModelFixture","sloc":29,"wmc":6}]},{"name":"me.umov.business.application.model.type","children":[{"name":"TaskSituationTest","sloc":31,"wmc":6},{"name":"RecurrenceEndTypeTest","sloc":19,"wmc":3},{"name":"AbsenceActionTest","sloc":12,"wmc":1},{"name":"DayOfWeekTest","sloc":36,"wmc":3},{"name":"JourneyHourTypeTest","sloc":19,"wmc":2},{"name":"RecurrenceTimeUnitTest","sloc":14,"wmc":2},{"name":"WorkdayTaskCreationValidationTest","sloc":14,"wmc":1}]},{"name":"me.umov.business.application.model.dto","children":[{"name":"CustomFieldValueDTOTest","sloc":23,"wmc":2},{"name":"CancelTaskDTOTest","sloc":11,"wmc":1},{"name":"SaveTaskDTOTest","sloc":213,"wmc":14},{"name":"AgentJourneyHoursDTOTest","sloc":29,"wmc":4},{"name":"CustomFieldValueDTO","sloc":40,"wmc":11},{"name":"TaskItemDTO","sloc":53,"wmc":14},{"name":"IdDTO","sloc":10,"wmc":2},{"name":"AgentTaskDTO","sloc":32,"wmc":7},{"name":"ResultProcessRule","sloc":21,"wmc":5},{"name":"AgentJourneyHoursDTO","sloc":48,"wmc":18},{"name":"TaskActivityDTO","sloc":22,"wmc":5},{"name":"AssignAgentsTasksDTO","sloc":15,"wmc":2},{"name":"CancelTaskDTO","sloc":22,"wmc":5},{"name":"PrioritizeTasksDTO","sloc":15,"wmc":2},{"name":"TaskSituationDTO","sloc":16,"wmc":3},{"name":"IOperationDTO","sloc":8,"wmc":4},{"name":"ICustomFields","sloc":6,"wmc":2},{"name":"RuleRequestDTO","sloc":45,"wmc":12},{"name":"SaveTaskDTO","sloc":386,"wmc":104}]},{"name":"me.umov.business.application.repository.custom","children":[{"name":"ActivityRepositoryImplTest","sloc":52,"wmc":4},{"name":"ActivityRepositoryImpl","sloc":33,"wmc":5},{"name":"ActivityRepositoryCustom","sloc":6,"wmc":1},{"name":"AgentRepositoyCustom","sloc":51,"wmc":6}]},{"name":"me.umov.business.application.repository.custom.task","children":[{"name":"TaskRepositoryCustomImplTest","sloc":55,"wmc":3},{"name":"TaskRepositoryCustom","sloc":9,"wmc":1},{"name":"TaskRepositoryCustomImpl","sloc":46,"wmc":9},{"name":"TaskQueryBuilder","sloc":37,"wmc":3}]},{"name":"me.umov.business.application.exception","children":[{"name":"BaseApiExceptionTest","sloc":25,"wmc":3},{"name":"BadRequestExceptionTest","sloc":23,"wmc":3},{"name":"UnauthorizedRequestExceptionTest","sloc":23,"wmc":3},{"name":"ResourceNotFoundExceptionTest","sloc":23,"wmc":3},{"name":"UnauthorizedRequestException","sloc":8,"wmc":1},{"name":"BadRequestException","sloc":8,"wmc":1},{"name":"BusinessValidationException","sloc":43,"wmc":8},{"name":"ResourceNotFoundException","sloc":11,"wmc":2},{"name":"InvalidIntervalException","sloc":4,"wmc":1},{"name":"InvalidOperationException","sloc":8,"wmc":1},{"name":"BaseApiException","sloc":16,"wmc":3},{"name":"DeleteException","sloc":29,"wmc":5}]},{"name":"me.umov.business.application.api","children":[{"name":"ApiReturnTest","sloc":54,"wmc":6},{"name":"ProcessApiReturn","sloc":44,"wmc":10},{"name":"ApiReturn","sloc":62,"wmc":13}]},{"name":"me.umov.business.api","children":[{"name":"TaskScheduleApiTest","sloc":213,"wmc":22},{"name":"TaskScheduleApi","sloc":715,"wmc":22}]},{"name":"me.umov.business","children":[{"name":"BusinessApplication","sloc":12,"wmc":1}]},{"name":"me.umov.business.configuration","children":[{"name":"SwaggerConfig","sloc":67,"wmc":4}]},{"name":"me.umov.business.anticorruption.activityHistory","children":[{"name":"ActivityHistoryConverterImpl","sloc":18,"wmc":3}]},{"name":"me.umov.business.anticorruption.servicelocal","children":[{"name":"ServiceLocalConverterImpl","sloc":33,"wmc":1}]},{"name":"me.umov.business.taskschedule.anticorruption","children":[{"name":"TaskScheduleGroupConverterImpl","sloc":187,"wmc":39}]},{"name":"me.umov.business.taskschedule.domain","children":[{"name":"TaskScheduleDomainService","sloc":27,"wmc":2},{"name":"ScheduledTasksCreator","sloc":5,"wmc":1}]},{"name":"me.umov.business.taskschedule.application.dto","children":[{"name":"ScheduleTypeDTO","sloc":17,"wmc":4},{"name":"SaveTaskScheduleGroupRequest","sloc":196,"wmc":45},{"name":"RelationshipDTO","sloc":80,"wmc":24},{"name":"ItineraryServiceLocalRelationship","sloc":38,"wmc":8}]},{"name":"me.umov.business.taskschedule.api","children":[{"name":"TaskScheduleGroupController","sloc":36,"wmc":1}]},{"name":"me.umov.business.infrastructure.configuration","children":[{"name":"SpringConfiguration","sloc":4,"wmc":1}]},{"name":"me.umov.business.infrastructure.queue","children":[{"name":"MessageDTO","sloc":19,"wmc":5},{"name":"AmazonSQSConfiguration","sloc":56,"wmc":7},{"name":"ProducerQueueAWS","sloc":21,"wmc":2},{"name":"ProducerNotification","sloc":4,"wmc":1},{"name":"ProducerBuilder","sloc":19,"wmc":2}]},{"name":"me.umov.business.infrastructure.queue.analyzeRule","children":[{"name":"RuleRepository","sloc":6,"wmc":1},{"name":"Rule","sloc":88,"wmc":18}]},{"name":"me.umov.business.infrastructure.servicelocal.activity","children":[{"name":"ServiceLocalActivityDAOImpl","sloc":18,"wmc":1},{"name":"ServiceLocalActivityJpaRepository","sloc":8,"wmc":1},{"name":"ServiceLocalActivityEntity","sloc":53,"wmc":8}]},{"name":"me.umov.business.domain.activity","children":[{"name":"ActivityDAO","sloc":6,"wmc":1}]},{"name":"me.umov.business.domain.team","children":[{"name":"TeamDAO","sloc":6,"wmc":1}]},{"name":"me.umov.business.domain.agent","children":[{"name":"AgentDAO","sloc":6,"wmc":1}]},{"name":"me.umov.business.application.spring","children":[{"name":"AutoWiredUtils","sloc":16,"wmc":2}]},{"name":"me.umov.business.application.controller.activity","children":[{"name":"ActivityRelationship","sloc":28,"wmc":6}]},{"name":"me.umov.business.application.controller.team","children":[{"name":"TeamRelationship","sloc":29,"wmc":6}]},{"name":"me.umov.business.application.controller.agent","children":[{"name":"AgentController","sloc":49,"wmc":3},{"name":"AgentRelationship","sloc":33,"wmc":7}]},{"name":"me.umov.business.application.controller.servicelocal","children":[{"name":"ServiceLocalRelationship","sloc":31,"wmc":7},{"name":"ServiceLocalRequest","sloc":44,"wmc":10},{"name":"ServiceLocalConverter","sloc":5,"wmc":1},{"name":"ServiceLocalController","sloc":30,"wmc":1}]},{"name":"me.umov.business.application.service.idiom","children":[{"name":"IdiomEntryService","sloc":21,"wmc":3},{"name":"IdiomWrapper","sloc":23,"wmc":3}]},{"name":"me.umov.business.application.model.toggle","children":[{"name":"FeatureToggle","sloc":32,"wmc":4}]},{"name":"me.umov.business.application.model.notification","children":[{"name":"TaskNotification","sloc":112,"wmc":19}]},{"name":"me.umov.business.application.model.idiom","children":[{"name":"IdiomEntry","sloc":48,"wmc":3},{"name":"Idiom","sloc":28,"wmc":2}]},{"name":"me.umov.business.application.repository","children":[{"name":"BaseRepository","sloc":14,"wmc":3},{"name":"CustomFieldRepository","sloc":8,"wmc":1},{"name":"CustomFieldValueRepository","sloc":10,"wmc":3},{"name":"ActivityRepository","sloc":10,"wmc":1},{"name":"IdiomEntryRepository","sloc":7,"wmc":1},{"name":"ItemRepository","sloc":6,"wmc":1},{"name":"IntegrationRepository","sloc":9,"wmc":2},{"name":"ServiceLocalRepository","sloc":11,"wmc":3},{"name":"AgentRepository","sloc":18,"wmc":2},{"name":"TaskTypeRepository","sloc":7,"wmc":1},{"name":"ItineraryTeamReposytory","sloc":16,"wmc":1},{"name":"TeamRepository","sloc":6,"wmc":1},{"name":"FeatureToggleRepository","sloc":7,"wmc":1},{"name":"EventRepository","sloc":11,"wmc":1},{"name":"TaskNotificationRepository","sloc":6,"wmc":1}]}]}