"type","dep","i-dep","fan-in","fan-out"
"me.umov.business.api.TaskScheduleApi",27,4,2,4
"me.umov.business.domain.itinerary.Itinerary",51,17,33,22
"me.umov.business.domain.task.TaskModel",41,7,58,11
"me.umov.business.application.service.RecurrenceServiceTest",30,6,0,6
"me.umov.business.application.model.dto.SaveTaskDTO",18,7,15,10
"me.umov.business.domain.task.TaskServiceTest",60,23,0,24
"me.umov.business.domain.itinerary.ItineraryTest",25,4,0,5
"me.umov.business.taskschedule.anticorruption.taskSchedule.TaskScheduleCreateConverterTest",44,17,0,18
"me.umov.business.domain.rule.task.ShouldHaveRequiredTaskConfigFieldsTest",14,5,0,5
"me.umov.business.application.model.fixture.TaskModelFixture",16,8,37,8
"me.umov.business.domain.task.TaskModelTest",16,3,0,3
"me.umov.business.domain.itinerary.ItinerarySchedule",36,8,65,12
"me.umov.business.domain.rule.task.ShouldHaveValidSituationLifeCicleTest",10,3,0,4
"me.umov.business.domain.task.TaskService",26,13,16,15
"me.umov.business.api.TaskScheduleApiTest",16,4,0,4
"me.umov.business.application.model.dto.SaveTaskDTOTest",20,6,0,7
"me.umov.business.taskschedule.application.dto.SaveTaskScheduleGroupRequest",18,5,18,8
"me.umov.business.taskschedule.anticorruption.TaskScheduleGroupConverterImpl",34,25,1,28
"me.umov.business.domain.workcycle.WorkCycleServiceTest",31,11,0,12
"me.umov.business.application.controller.TaskControllerTest",42,16,0,16
"me.umov.business.domain.itinerary.ItineraryServiceTest",21,6,0,6
"me.umov.business.taskschedule.anticorruption.taskSchedule.AbstractTaskScheduleGroupConverter",28,23,2,26
"me.umov.business.application.handler.GeneralRestExceptionHandlerTest",25,5,0,5
"me.umov.business.application.service.CustomFieldValueServiceTest",32,10,0,11
"me.umov.business.infrastructure.cron.JobCreationRequestDTO",3,1,2,1
"me.umov.business.domain.rule.task.ShouldHaveScheduleInsideOfAgentJourneyTest",18,3,0,3
"me.umov.business.application.service.RecurrenceService",18,3,4,5
"me.umov.business.domain.rule.task.ShouldHaveValidActivitiesAssociatedTest",14,5,0,5
"me.umov.business.domain.rule.task.ShouldHaveValidRecurrenceConfigurationTest",13,4,0,4
"me.umov.business.domain.task.TaskDailyResume",6,1,8,3
"me.umov.business.domain.task.TaskConfigModel",14,1,4,4
"me.umov.business.application.model.fixture.ItineraryFixture",13,5,9,5
"me.umov.business.application.model.ServiceLocalModel",9,1,26,3
"me.umov.business.application.service.notification.TaskNotificationServiceTest",22,10,0,10
"me.umov.business.application.controller.TaskController",37,16,0,18
"me.umov.business.taskschedule.anticorruption.relationship.AgentRelationshipConverterTest",23,13,0,13
"me.umov.business.taskschedule.anticorruption.taskSchedule.TaskSchedulePartialUpdateConverterTest",41,18,0,19
"me.umov.business.domain.workcycle.WorkCycle",11,3,8,4
"me.umov.business.application.model.WorkJourneyDayModel",11,0,2,2
"me.umov.business.application.model.notification.TaskNotification",17,3,3,6
"me.umov.business.taskschedule.application.service.TaskScheduleApplicationServiceTest",15,6,0,7
"me.umov.business.application.handler.GeneralRestExceptionHandler",28,7,0,11
"me.umov.business.application.service.CustomFieldValueService",18,9,2,11
"me.umov.business.application.service.DistributionIdleAgentTest",30,13,0,13
"me.umov.business.application.model.WorkJourneyModel",16,1,2,3
"me.umov.business.domain.itinerary.specification.TaskScheduleGroupValidatorTest",12,3,0,3
"me.umov.business.application.model.AgentModel",13,0,34,2
"me.umov.business.domain.servicelocal.Address",3,0,12,1
"me.umov.business.domain.itinerary.ItineraryServiceLocal",14,2,20,3
"me.umov.business.domain.model.builder.TaskLoader",22,16,2,19
"me.umov.business.application.model.AgentAbsenceModel",10,0,0,1
"me.umov.business.taskschedule.anticorruption.taskSchedule.TaskSchedulePartialUpdateConverter",17,12,1,14
"me.umov.business.domain.rule.task.ShouldHaveValidSituationLifeCicle",14,4,5,6
"me.umov.business.domain.task.TaskActivityModel",15,3,9,4
"me.umov.business.application.model.WorkJourneyModelTest",12,2,0,2
"me.umov.business.domain.rule.customfield.ShouldHaveValidGeocoordinateCustomFieldsTest",10,4,0,5
"me.umov.business.infrastructure.queue.analyzeRule.Rule",9,1,2,1
"me.umov.business.domain.rule.builders.TaskSaveRulesTest",37,28,0,29
"me.umov.business.application.model.ItemModel",9,0,5,1
"me.umov.business.domain.client.SystemParameters",8,2,8,4
"me.umov.business.domain.recurrence.RecurrenceConfiguration",3,0,12,2
"me.umov.business.domain.itinerary.ItineraryService",9,7,0,9
"me.umov.business.domain.rule.task.ShouldHaveAgentByRequiredTaskConfigTest",12,3,0,3
"me.umov.business.anticorruption.itinerary.WorkCycleScheduleConverterImplTest",29,10,0,10
"me.umov.business.domain.client.Client",3,2,8,4
"me.umov.business.infrastructure.cron.RundeckSchedulerCronProviderTest",18,1,0,1
"me.umov.business.domain.workcycle.WorkCycleService",11,4,0,6
"me.umov.business.application.model.TeamModel",6,1,21,3
"me.umov.business.taskschedule.application.dto.RelationshipDTO",1,1,14,4
"me.umov.business.application.service.DistributionTask",15,10,2,12
"me.umov.business.taskschedule.anticorruption.relationship.AbstractRelationshipConverter",16,12,4,15
"me.umov.business.application.service.BaseServiceTest",17,6,0,6
"me.umov.business.infrastructure.cron.RundeckRestServiceTest",27,0,0,0
"me.umov.business.application.model.fixture.SaveTaskScheduleGroupRequestFixture",10,5,1,7
"me.umov.business.domain.servicelocal.AddressTest",7,3,0,3
"me.umov.business.domain.model.builder.TaskLoaderTest",22,10,0,10
"me.umov.business.infrastructure.cron.RundeckRestService",18,0,0,2
"me.umov.business.domain.itinerary.specification.ShouldServiceLocalHaveFinalHourGreaterThenInitialHourTest",14,7,0,7
"me.umov.business.application.interceptor.CORSInterceptorTest",21,1,0,1
"me.umov.business.application.controller.workcycle.WorkCycleControllerTest",18,6,0,8
"me.umov.business.application.observer.NotificationAfterSaveTaskTest",21,9,0,9
"me.umov.business.domain.itinerary.specification.TaskScheduleGroupValidator",8,5,3,6
"me.umov.business.application.model.fixture.SaveTaskDTOFixture",8,3,4,3
"me.umov.business.application.model.ActivityModel",7,0,25,2
"me.umov.business.domain.task.TaskItemModel",14,2,4,4
"me.umov.business.application.controller.workcycle.WorkCycleController",12,3,0,3
"me.umov.business.domain.rule.builders.SaveTaskValidationBuilder",16,11,3,12
"me.umov.business.application.model.fixture.ItineraryScheduleFixture",7,2,24,2
"me.umov.business.domain.itinerary.ItineraryAgent",11,2,9,4
"me.umov.business.domain.rule.task.ShouldHaveNoTaskInDateTest",14,6,0,6
"me.umov.business.domain.itinerary.ItineraryCronServiceTest",17,4,0,4
"me.umov.business.domain.itinerary.ItineraryScheduleCronServiceTest",17,4,0,4
"me.umov.business.domain.recurrence.RecurrenceEndsConfiguration",3,0,9,2
"me.umov.business.domain.recurrence.RecurrenceRepeatConfiguration",2,0,9,2
"me.umov.business.taskschedule.application.controller.CronControllerTest",20,8,0,9
"me.umov.business.domain.rule.task.ShouldHaveOneAgentWhenOnlyOneAgentTeamTest",12,7,0,7
"me.umov.business.configuration.SwaggerConfig",16,0,0,1
"me.umov.business.domain.itinerary.ItineraryActivity",11,2,12,3
"me.umov.business.application.model.IntervalTest",3,1,0,1
"me.umov.business.application.model.CustomFieldValueModel",7,0,14,1
"me.umov.business.domain.task.TaskTypeModel",9,1,15,2
"me.umov.business.application.authorization.JWTServiceTest",13,2,0,3
"me.umov.business.application.controller.AgentControllerTest",20,5,0,5
"me.umov.business.application.api.ApiReturn",4,0,23,2
"me.umov.business.domain.itinerary.specification.ShouldHaveValidInitialHourAndFinalHourCombinationTest",14,7,0,7
"me.umov.business.application.service.BaseService",12,5,12,6
"me.umov.business.application.model.TeamAgentModel",3,0,1,1
"me.umov.business.application.controller.TaskScheduleGroupControllerTest",10,3,0,3
"me.umov.business.taskschedule.application.service.TaskScheduleApplicationService",13,9,3,11
"me.umov.business.domain.rule.task.ShouldHaveValidInitialDateTest",11,4,0,4
"me.umov.business.application.authorization.JWTService",12,3,2,5
"me.umov.business.domain.rule.task.ShouldHaveValidRecurrenceConfiguration",15,3,13,5
"me.umov.business.application.observer.NotificationAfterSaveTask",19,11,0,15
"me.umov.business.application.model.CustomFieldModel",9,0,4,1
"me.umov.business.domain.rule.task.ShouldHaveRequiredTaskConfigFields",9,4,28,7
"me.umov.business.domain.generic.specification.ShouldHaveValidIdTest",10,1,0,1
"me.umov.business.taskschedule.anticorruption.relationship.RelationshipFactoryTest",10,2,0,2
"me.umov.business.domain.itinerary.specification.ShouldLoadAllActivitiesTest",15,5,0,5
"me.umov.business.application.controller.workcycle.SaveWorkCycleScheduleRequest",4,1,3,1
"me.umov.business.domain.recurrence.CrontabExpression",2,0,11,1
"me.umov.business.domain.rule.task.ShouldValidateAgentPortfolioTest",10,3,0,3
"me.umov.business.infrastructure.serialization.GsonConfiguration",17,1,3,3
"me.umov.business.infrastructure.queue.AmazonSQSConfiguration",14,0,0,1
"me.umov.business.infrastructure.cron.RundeckSchedulerCronProvider",11,2,0,6
"me.umov.business.domain.itinerary.specification.ShouldValidateNotNullTeamExecutionWhenItIsForSomeTeamsTest",12,4,0,4
"me.umov.business.infrastructure.jpa.workcycle.WorkCycleGeneratorImplTest",13,1,0,1
"me.umov.business.application.repository.custom.task.TaskRepositoryCustomImplTest",14,2,0,2
"me.umov.business.anticorruption.itinerary.WorkCycleScheduleConverterImpl",14,6,0,7
"me.umov.business.application.api.ApiReturnTest",4,0,0,2
"me.umov.business.application.model.dto.TaskItemDTO",3,3,6,3
"me.umov.business.domain.itinerary.ItineraryTeam",3,2,8,3
"me.umov.business.infrastructure.servicelocal.activity.ServiceLocalActivityEntity",9,4,0,5
"me.umov.business.application.interceptor.JWTAuthorizationInterceptorTest",17,2,0,2
"me.umov.business.application.observer.ItineraryScheduleCronSchedulerObserverTest",13,3,0,3
"me.umov.business.application.observer.ItineraryCronSchedulerObserverTest",13,3,0,3
"me.umov.business.domain.rule.task.ShouldHaveAgentByRequiredTaskConfig",9,4,10,6
"me.umov.business.domain.itinerary.specification.ShouldLoadAllTeamsTest",15,5,0,5
"me.umov.business.domain.itinerary.specification.ShouldLoadAllServiceLocalsTest",15,5,0,5
"me.umov.business.domain.itinerary.specification.ShouldLoadAllAgentsTest",15,5,0,5
"me.umov.business.application.repository.custom.ActivityRepositoryImplTest",14,1,0,1
"me.umov.business.domain.rule.task.ShouldHaveValidFinalDateTest",10,3,0,3
"me.umov.business.application.model.WorkJourneyDayModelTest",5,1,0,1
"me.umov.business.application.repository.custom.AgentRepositoyCustom",5,1,2,4
"me.umov.business.taskschedule.anticorruption.relationship.ServiceLocalRelationshipConverter",16,12,0,13
"me.umov.business.domain.rule.customfield.ShouldHaveValidMultimidiaURLCustomFieldsTest",11,4,0,5
"me.umov.business.taskschedule.anticorruption.relationship.TeamRelationshipConverter",11,8,0,9
"me.umov.business.taskschedule.anticorruption.relationship.ActivityRelationshipConverter",11,8,0,9
"me.umov.business.infrastructure.agent.AgentDAOImplTest",13,4,0,4
"me.umov.business.application.controller.agent.AgentController",21,7,2,8
"me.umov.business.application.service.notification.TaskNotificationService",11,8,2,9
"me.umov.business.application.model.dto.AgentJourneyHoursDTO",4,1,7,2
"me.umov.business.domain.rule.task.ShouldHaveServiceLocalTest",8,3,0,3
"me.umov.business.domain.event.DomainEventRegistryTest",9,0,0,2
"me.umov.business.infrastructure.activity.ActivityDAOImplTest",12,2,0,2
"me.umov.business.application.model.idiom.IdiomEntry",13,2,2,3
"me.umov.business.taskschedule.application.controller.CronController",15,6,1,6
"me.umov.business.infrastructure.serialization.LocalDateTimeSerializationAdapterTest",7,0,0,0
"me.umov.business.infrastructure.serialization.GsonConfigurationTest",10,0,0,1
"me.umov.business.domain.rule.customfield.ShouldHaveRequiredCustomFieldsTest",12,5,0,5
"me.umov.business.domain.itinerary.specification.ShouldHaveItineraryInitialDateGreaterThanTodayTest",13,2,0,2
"me.umov.business.domain.itinerary.specification.ShouldValidateItineraryActivitiesOriginWithoutActivitiesTest",13,5,0,5
"me.umov.business.infrastructure.team.TeamDAOImplTest",11,2,0,2
"me.umov.business.application.service.toggle.FeatureToggleServiceTest",18,6,0,6
"me.umov.business.domain.activityHistory.ActivityHistory",4,1,4,2
"me.umov.business.domain.rule.task.ShouldHaveTeamExecutionWhenTeamIsSelectedTest",12,4,0,4
"me.umov.business.domain.itinerary.specification.ShouldValidateSomeAgentsRelationWithoutAgentsTest",12,5,0,5
"me.umov.business.domain.rule.task.ShouldHaveValidActivitiesAssociated",12,4,16,5
"me.umov.business.application.repository.custom.task.TaskRepositoryCustomImpl",8,1,0,4
"me.umov.business.application.model.dto.RuleRequestDTO",3,0,6,0
"me.umov.business.domain.servicelocal.ServiceLocal",2,0,6,0
"me.umov.business.application.controller.workcycle.CreateWorkCycleRequest",4,0,1,0
"me.umov.business.taskschedule.anticorruption.taskSchedule.TaskScheduleConverterFactoryTest",9,2,0,2
"me.umov.business.application.observer.TaskSavedObserverTest",10,3,0,3
"me.umov.business.domain.itinerary.specification.ShouldValidateAgentRelationEqualsAllAgentsTest",13,6,0,6
"me.umov.business.application.model.CommonCustomFieldConfig",2,0,5,0
"me.umov.business.application.controller.servicelocal.ServiceLocalRequest",1,0,1,0
"me.umov.business.application.api.ProcessApiReturn",4,0,3,1
"me.umov.business.taskschedule.anticorruption.relationship.AgentRelationshipConverter",11,8,0,9
"me.umov.business.application.exception.BusinessValidationException",8,3,29,6
"me.umov.business.domain.itinerary.specification.ShouldValidateTeamsByRelationTest",9,2,0,2
"me.umov.business.infrastructure.jpa.CustomFieldTypeConverterTest",12,1,0,1
"me.umov.business.infrastructure.servicelocal.ServiceLocalDAOImplTest",11,3,0,3
"me.umov.business.application.service.AgentServiceTest",14,4,0,4
"me.umov.business.domain.model.builder.BaseLoader",8,6,1,7
"me.umov.business.infrastructure.serialization.HibernateProxyTypeAdapter",9,0,1,2
"me.umov.business.domain.rule.task.ShouldHaveValidFinalHourTest",11,3,0,3
"me.umov.business.domain.generic.specification.ShouldHaveUniqueDescription",9,3,4,6
"me.umov.business.domain.recurrence.DateInterval",2,0,12,1
"me.umov.business.application.model.dto.CustomFieldValueDTO",1,1,3,1
"me.umov.business.application.model.Event",3,0,4,0
"me.umov.business.domain.task.TaskDailyResumeTest",7,0,0,0
"me.umov.business.domain.rule.task.ShouldHaveScheduleInsideOfAgentJourney",10,4,14,5
"me.umov.business.infrastructure.jpa.CustomFieldSubTypeConverterTest",11,1,0,1
"me.umov.business.infrastructure.serialization.LocalTimeSerializationAdapterTest",6,0,0,0
"me.umov.business.domain.itinerary.specification.ShouldHaveStartDateLessThanEndDateTest",12,3,0,3
"me.umov.business.domain.itinerary.specification.ShouldValidateSomeAgentsRelationWithTeamsTest",13,6,0,6
"me.umov.business.domain.itinerary.specification.ShouldValidateMultipleActivitiesOriginTest",13,5,0,5
"me.umov.business.domain.itinerary.specification.ShouldValidateSomeTeamsRelationWithAgentsTest",13,6,0,6
"me.umov.business.application.interceptor.InterceptorConfigTest",16,3,0,3
"me.umov.business.taskschedule.application.dto.ItineraryServiceLocalRelationship",4,1,7,2
"me.umov.business.application.service.ServiceLocalServiceTest",12,3,0,3
"me.umov.business.domain.itinerary.specification.WorkCycleScheduleValidatorTest",12,3,0,3
"me.umov.business.application.model.fixture.WorkCycleFixture",3,3,3,3
"me.umov.business.domain.itinerary.specification.ShouldValidateAutomaticActivityLoadConfigTest",12,5,0,5
"me.umov.business.application.controller.TaskTypeControllerTest",12,2,0,2
"me.umov.business.application.service.TaskTypeServiceTest",12,3,0,3
"me.umov.business.domain.rule.customfield.ShouldHaveValidMultimidiaURLCustomFields",9,4,4,5
"me.umov.business.application.interceptor.InterceptorConfig",9,0,1,1
"me.umov.business.application.repository.custom.task.TaskQueryBuilder",1,0,0,0
"me.umov.business.infrastructure.servicelocal.ServiceLocalDAOImpl",10,4,0,5
"me.umov.business.domain.itinerary.ItineraryActivityOriginTest",3,0,0,0
"me.umov.business.domain.recurrence.DateIntervalTest",9,1,0,1
"me.umov.business.domain.event.DomainEventRegistry",5,0,5,1
"me.umov.business.application.model.type.DayOfWeekTest",3,0,0,0
"me.umov.business.infrastructure.serialization.LocalDateTimeSerializationAdapter",11,0,7,3
"me.umov.business.infrastructure.jpa.workcycle.WorkCycleGeneratorImpl",8,2,0,5
"me.umov.business.architecture.UtilsTest",8,0,0,1
"me.umov.business.taskschedule.api.TaskScheduleGroupController",16,6,0,6
"me.umov.business.domain.rule.task.ShouldHaveValidFinalHour",7,3,9,5
"me.umov.business.infrastructure.jpa.LongArrayTypeTest",9,0,0,0
"me.umov.business.domain.rule.task.ShouldHaveValidTaskTypeTest",8,3,0,3
"me.umov.business.domain.rule.task.ShouldValidateAgentPortfolio",8,4,9,6
"me.umov.business.application.observer.BeforeTaskSaveObserverTest",10,4,0,4
"me.umov.business.domain.rule.customfield.ShouldHaveValidGeocoordinateCustomFields",8,4,4,5
"me.umov.business.domain.rule.task.ShouldNotHaveAgentTest",12,6,0,6
"me.umov.business.infrastructure.serialization.LocalTimeSerializationAdapter",11,0,7,3
"me.umov.business.application.model.fixture.SystemParametersFixture",4,1,6,1
"me.umov.business.infrastructure.serialization.LocalDateSerializationAdapterTest",8,1,0,1
"me.umov.business.application.model.fixture.AddressFixture",2,2,3,2
"me.umov.business.utils.specification.domain.BaseValidatorTest",5,0,0,1
"me.umov.business.application.service.ActivityServiceTest",14,3,0,3
"me.umov.business.taskschedule.anticorruption.relationship.RelationshipFactory",8,4,0,5
"me.umov.business.application.model.fixture.AgentModelFixture",3,2,15,2
"me.umov.business.application.controller.agent.AgentRelationship",1,0,7,1
"me.umov.business.utils.specification.domain.SpecificationResult",4,0,41,0
"me.umov.business.domain.rule.customfield.ShouldHaveRequiredCustomFields",7,4,8,5
"me.umov.business.domain.rule.task.ShouldInitiateTodayTest",11,4,0,4
"me.umov.business.domain.activityHistory.ActivityHistoryServiceImplTest",9,3,0,3
"me.umov.business.domain.itinerary.ItineraryCronService",5,2,2,2
"me.umov.business.domain.itinerary.ItineraryScheduleCronService",5,2,5,2
"me.umov.business.anticorruption.servicelocal.ServiceLocalConverterImpl",7,5,0,6
"me.umov.business.application.repository.custom.ActivityRepositoryImpl",8,1,0,2
"me.umov.business.architecture.GeneralTest",8,0,0,0
"me.umov.business.application.model.dto.AgentTaskDTO",1,0,2,0
"me.umov.business.application.model.fixture.WorkJourneyDayModelFixture",3,1,2,1
"me.umov.business.application.model.fixture.WorkJourneyModelFixture",7,2,3,2
"me.umov.business.application.model.toggle.FeatureToggle",4,2,3,3
"me.umov.business.taskschedule.anticorruption.taskSchedule.TaskScheduleCreateConverter",6,3,1,5
"me.umov.business.domain.rule.task.ShouldHaveValidInitialDate",7,3,9,4
"me.umov.business.infrastructure.jpa.AgentPorfolioValidationConverterTest",7,1,0,1
"me.umov.business.domain.rule.task.ShouldBeInPreparationTest",10,4,0,4
"me.umov.business.application.controller.activityhistory.ActivityHistoryControllerTest",10,2,0,2
"me.umov.business.application.service.IntegrationService",8,5,9,8
"me.umov.business.application.controller.workcycle.ReplaceWorkCycleServiceLocalRequest",0,0,0,0
"me.umov.business.application.model.fixture.ServiceLocalModelFixture",1,1,10,1
"me.umov.business.application.model.fixture.CustomFieldValueModelFixture",1,1,6,1
"me.umov.business.application.controller.servicelocal.ServiceLocalRelationship",1,0,1,0
"me.umov.business.application.model.fixture.RecurrenceConfigurationFixture",5,3,3,3
"me.umov.business.application.model.fixture.TaskRecurrenceConfigurationFixture",5,3,3,3
"me.umov.business.application.model.type.TaskSituationTest",3,0,0,1
"me.umov.business.domain.rule.task.ShouldHaveOneAgentWhenOnlyOneAgentTeam",8,5,5,6
"me.umov.business.domain.rule.task.ShouldHaveNoTaskInDate",8,5,8,6
"me.umov.business.domain.rule.task.ShouldHaveTeamTest",9,4,0,4
"me.umov.business.domain.rule.task.ShouldBeActiveTest",9,4,0,4
"me.umov.business.infrastructure.jpa.LocalTimeConverter",6,0,2,2
"me.umov.business.application.controller.workcycle.CreateWorkCycleResponse",1,0,1,0
"me.umov.business.utils.specification.rule.RuleMessageTest",6,1,0,1
"me.umov.business.utils.specification.domain.SpecificationResultTest",7,1,0,1
"me.umov.business.utils.specification.domain.AndSpecificationTest",8,3,0,3
"me.umov.business.domain.itinerary.specification.ShouldHaveItineraryScheduleInitialDateGreaterThanTodayTest",8,3,0,3
"me.umov.business.domain.rule.task.ShouldHaveServiceLocal",7,4,7,5
"me.umov.business.application.interceptor.JWTAuthorizationInterceptor",8,1,1,3
"me.umov.business.domain.itinerary.specification.ShouldServiceLocalHaveFinalHourGreaterThenInitialHour",14,6,1,8
"me.umov.business.application.controller.servicelocal.ServiceLocalController",13,5,1,6
"me.umov.business.application.model.fixture.RuleRequestDTOFixture",3,1,3,1
"me.umov.business.application.model.fixture.CustomFieldModelFixture",3,1,5,1
"me.umov.business.application.model.fixture.TaskActivityModelFixture",3,3,4,3
"me.umov.business.application.controller.team.TeamRelationship",2,1,4,3
"me.umov.business.application.model.dto.AgentJourneyHoursDTOTest",4,1,0,2
"me.umov.business.application.exception.DeleteException",5,1,4,4
"me.umov.business.utils.specification.domain.OrSpecificationTest",7,3,0,3
"me.umov.business.domain.rule.task.ShouldHaveValidTeamTest",8,3,0,3
"me.umov.business.domain.rule.task.ShouldHaveValidAgentTest",8,3,0,3
"me.umov.business.infrastructure.cron.RundeckRestConfiguration",10,1,1,3
"me.umov.business.domain.rule.task.ShouldHaveValidAgent",7,4,6,5
"me.umov.business.domain.rule.task.ShouldHaveValidTeam",7,4,5,5
"me.umov.business.domain.rule.task.ShouldHaveValidTaskType",7,4,6,5
"me.umov.business.infrastructure.jpa.ExportSituationConverterTest",7,1,0,1
"me.umov.business.utils.specification.rule.RuleMessage",3,0,50,0
"me.umov.business.application.controller.activity.ActivityRelationship",1,0,7,1
"me.umov.business.domain.rule.task.ShouldHaveTeamExecutionWhenTeamIsSelected",7,4,5,5
"me.umov.business.domain.rule.task.ShouldHaveValidFinalDate",6,3,8,4
"me.umov.business.infrastructure.jpa.ActivityCycleConverterTest",6,0,0,0
"me.umov.business.domain.client.ClientServiceTest",8,0,0,0
"me.umov.business.domain.client.ClientConfigurationsTest",10,2,0,2
"me.umov.business.domain.servicelocal.ServiceLocalRepositoryImplTest",8,1,0,1
"me.umov.business.application.controller.TaskTypeController",10,3,0,4
"me.umov.business.application.service.DistributionIdleAgent",9,6,1,7
"me.umov.business.application.model.idiom.Idiom",8,1,2,2
"me.umov.business.application.model.fixture.CustomFieldDTOFixture",1,1,3,1
"me.umov.business.domain.rule.task.ShouldHaveTaskModelTest",6,2,0,2
"me.umov.business.application.service.FactoryDistributionTaskTest",8,1,0,1
"me.umov.business.application.model.fixture.BaseReflectionFixture",1,0,2,4
"me.umov.business.infrastructure.jpa.ActivityOriginConverterTest",4,1,0,1
"me.umov.business.infrastructure.jpa.TaskScheduleActivityOriginConverterTest",4,1,0,1
"me.umov.business.application.controller.BaseControllerTest",9,1,0,1
"me.umov.business.taskschedule.domain.TaskScheduleDomainService",7,5,0,7
"me.umov.business.infrastructure.cron.JobCreationRequestDTOTest",5,1,0,1
"me.umov.business.application.controller.activityhistory.ActivityHistoryController",7,3,0,3
"me.umov.business.domain.client.UserData",4,0,42,0
"me.umov.business.utils.specification.domain.BaseValidator",4,1,2,2
"me.umov.business.domain.rule.task.ShouldInitiateToday",7,3,4,4
"me.umov.business.domain.rule.task.ShouldBeActive",7,3,4,4
"me.umov.business.domain.rule.task.ShouldHaveTaskModel",6,3,5,4
"me.umov.business.domain.rule.task.ShouldBeInPreparation",7,3,4,4
"me.umov.business.infrastructure.serialization.BooleanStatusSerializationAdapterTest",8,1,0,1
"me.umov.business.taskschedule.anticorruption.taskSchedule.TaskScheduleConverterFactory",7,4,0,5
"me.umov.business.domain.itinerary.specification.ShouldLoadAllActivities",8,4,0,5
"me.umov.business.application.model.fixture.CommonCustomFieldConfigFixture",3,2,4,2
"me.umov.business.application.model.fixture.AgentJourneyHoursDTOFixture",3,1,3,2
"me.umov.business.infrastructure.cron.RundeckEndpointsTest",6,0,0,0
"me.umov.business.application.exception.BaseApiExceptionTest",4,1,0,1
"me.umov.business.domain.rule.task.ShouldHaveTeam",6,3,4,4
"me.umov.business.domain.rule.task.ShouldNotHaveAgent",6,3,4,4
"me.umov.business.infrastructure.jpa.TeamExecutionConverterTest",6,1,0,1
"me.umov.business.infrastructure.jpa.WorkdayTaskCreationValidationConverterTest",6,1,0,1
"me.umov.business.infrastructure.jpa.RecurrenceRepeatModeConverterTest",6,1,0,1
"me.umov.business.infrastructure.jpa.ActivityExecutionModeConverterTest",5,0,0,0
"me.umov.business.application.model.fixture.TaskDailyResumeFixture",2,1,3,2
"me.umov.business.application.model.fixture.TaskConfigModelFixture",2,1,4,1
"me.umov.business.utils.specification.domain.SpecificationException",4,1,6,2
"me.umov.business.utils.specification.domain.CompositeSpecificationTest",7,4,0,4
"me.umov.business.utils.specification.rule.ValidationRules",5,2,4,3
"me.umov.business.infrastructure.serialization.WorkdayTaskCreationValidationSerializationAdapterTest",9,1,0,1
"me.umov.business.infrastructure.serialization.JourneyHourTypeSerializationAdapterTest",7,0,0,0
"me.umov.business.infrastructure.serialization.RecurrenceRepeatModeSerializationAdapterTest",7,1,0,1
"me.umov.business.infrastructure.serialization.LocalDateSerializationAdapter",9,0,7,3
"me.umov.business.infrastructure.agent.AgentDAOImpl",8,3,0,4
"me.umov.business.domain.rule.builders.IdleAgentBuilder",10,7,2,8
"me.umov.business.domain.itinerary.specification.ShouldLoadAllServiceLocals",8,4,0,5
"me.umov.business.domain.itinerary.specification.ShouldLoadAllAgents",8,4,0,5
"me.umov.business.domain.itinerary.specification.ShouldHaveValidInitialHourAndFinalHourCombination",9,4,1,5
"me.umov.business.domain.itinerary.specification.ShouldLoadAllTeams",8,4,0,5
"me.umov.business.application.controller.workcycle.WorkCycleServiceLocalRequest",0,0,2,0
"me.umov.business.application.exception.BadRequestExceptionTest",4,0,0,0
"me.umov.business.application.exception.UnauthorizedRequestExceptionTest",4,0,0,0
"me.umov.business.application.exception.ResourceNotFoundExceptionTest",4,0,0,0
"me.umov.business.infrastructure.jpa.ItineraryAgentRelationConverterTest",4,0,0,0
"me.umov.business.application.controller.VersionControllerTest",8,1,0,1
"me.umov.business.application.model.dto.CustomFieldValueDTOTest",3,1,0,1
"me.umov.business.application.observer.TaskSavedObserver",6,3,0,5
"me.umov.business.application.service.idiom.IdiomWrapper",4,1,2,2
"me.umov.business.infrastructure.activity.ActivityDAOImpl",7,3,0,4
"me.umov.business.infrastructure.team.TeamDAOImpl",7,3,0,4
"me.umov.business.domain.itinerary.specification.WorkCycleScheduleValidator",8,5,3,6
"me.umov.business.domain.generic.specification.ShouldHaveValidId",8,3,4,5
"me.umov.business.application.interceptor.CORSInterceptor",4,0,2,2
"me.umov.business.application.model.dto.TaskActivityDTO",2,2,1,2
"me.umov.business.application.model.dto.CancelTaskDTO",2,1,3,2
"me.umov.business.infrastructure.cron.JobCreationResultDTO",0,0,0,2
"me.umov.business.infrastructure.jpa.LongArrayType",4,0,2,2
"me.umov.business.infrastructure.jpa.FieldConfigOriginConverterTest",5,1,0,1
"me.umov.business.infrastructure.jpa.AbsenceActionConverterTest",5,1,0,1
"me.umov.business.infrastructure.jpa.BooleanStatusConverterTest",5,1,0,1
"me.umov.business.domain.itinerary.specification.ShouldValidateSomeAgentsRelationWithTeams",8,3,1,4
"me.umov.business.domain.itinerary.specification.ShouldValidateSomeAgentsRelationWithoutAgents",8,3,1,4
"me.umov.business.domain.itinerary.specification.ShouldValidateTeamsByRelation",8,3,1,4
"me.umov.business.domain.itinerary.specification.ShouldValidateSomeTeamsRelationWithAgents",8,3,1,4
"me.umov.business.application.observer.ItineraryScheduleCronSchedulerObserver",6,3,0,4
"me.umov.business.application.observer.ItineraryCronSchedulerObserver",6,3,0,4
"me.umov.business.application.model.dto.ResultProcessRule",1,0,5,1
"me.umov.business.application.model.fixture.ItineraryServiceLocalFixture",3,1,3,1
"me.umov.business.domain.recurrence.CrontabExpressionTest",3,0,0,0
"me.umov.business.infrastructure.serialization.RecurrenceEndTypeSerializationAdapterTest",7,1,0,1
"me.umov.business.infrastructure.serialization.TaskSituationSerializationAdapterTest",6,1,0,1
"me.umov.business.infrastructure.serialization.RecurrenceTimeUnitSerializationAdapterTest",7,1,0,1
"me.umov.business.infrastructure.jpa.FrequencyControlTypeConverterTest",4,0,0,0
"me.umov.business.infrastructure.jpa.RecurrenceEndTypeConverterTest",4,1,0,1
"me.umov.business.infrastructure.queue.ProducerQueueAWS",2,0,1,2
"me.umov.business.application.service.idiom.IdiomEntryService",5,3,0,4
"me.umov.business.domain.itinerary.specification.ShouldValidateAgentRelationEqualsAllAgents",7,3,1,4
"me.umov.business.domain.itinerary.specification.ShouldValidateItineraryActivitiesOriginWithoutActivities",7,3,1,4
"me.umov.business.domain.itinerary.specification.ShouldValidateAutomaticActivityLoadConfig",7,3,1,4
"me.umov.business.domain.itinerary.specification.ShouldValidateMultipleActivitiesOrigin",7,3,1,4
"me.umov.business.application.observer.BeforeTaskSaveObserver",7,4,0,5
"me.umov.business.architecture.DomainTest",8,1,0,1
"me.umov.business.application.model.fixture.ResultProcessRuleFixture",2,1,2,1
"me.umov.business.application.model.fixture.ClientFixture",2,2,4,2
"me.umov.business.application.model.Interval",1,1,16,3
"me.umov.business.infrastructure.jpa.LocalTimeConverterTest",3,0,0,0
"me.umov.business.infrastructure.serialization.RecurrenceEndTypeSerializationAdapter",8,0,4,2
"me.umov.business.infrastructure.serialization.RecurrenceTimeUnitSerializationAdapter",8,0,4,2
"me.umov.business.infrastructure.serialization.RecurrenceRepeatTypeSerializationAdapter",8,0,1,2
"me.umov.business.infrastructure.serialization.WorkdayTaskCreationValidationSerializationAdapter",8,0,4,2
"me.umov.business.infrastructure.serialization.BooleanStatusSerializationAdapter",8,0,6,2
"me.umov.business.domain.task.TaskJpaRepository",7,1,1,2
"me.umov.business.application.controller.ServiceLocalControllerTest",7,2,0,2
"me.umov.business.domain.itinerary.specification.ShouldValidateNotNullTeamExecutionWhenItIsForSomeTeams",6,3,1,4
"me.umov.business.application.model.fixture.TeamModelFixture",1,1,3,1
"me.umov.business.infrastructure.queue.MessageDTO",0,0,2,2
"me.umov.business.domain.task.TaskSavedEvent",1,1,5,2
"me.umov.business.domain.itinerary.ItineraryScheduleSaved",1,1,4,2
"me.umov.business.domain.itinerary.ItinerarySaved",1,1,2,2
"me.umov.business.application.model.type.RecurrenceEndTypeTest",4,0,0,0
"me.umov.business.infrastructure.jpa.ScheduleTypeConverterTest",4,0,0,0
"me.umov.business.application.model.type.JourneyHourTypeTest",6,0,0,0
"me.umov.business.utils.specification.domain.AndSpecification",2,0,7,1
"me.umov.business.utils.specification.domain.OrSpecification",2,0,7,1
"me.umov.business.infrastructure.serialization.JourneyHourTypeSerializationAdapter",8,0,2,2
"me.umov.business.infrastructure.serialization.ActivityOriginSerializationAdapter",8,0,1,2
"me.umov.business.infrastructure.serialization.RecurrenceRepeatModeSerializationAdapter",8,0,4,2
"me.umov.business.infrastructure.serialization.AgentPortfolioValidationSerializationAdapter",8,0,1,2
"me.umov.business.infrastructure.queue.ProducerBuilder",5,0,2,1
"me.umov.business.domain.activityHistory.ActivityHistoryServiceImpl",5,1,3,2
"me.umov.business.application.controller.workcycle.WorkCycleRelationRequest",0,0,0,0
"me.umov.business.anticorruption.activityHistory.ActivityHistoryConverterImpl",5,3,0,5
"me.umov.business.infrastructure.jpa.FrequencyControlTypeConverter",4,0,2,1
"me.umov.business.application.controller.VersionController",4,0,1,1
"me.umov.business.application.repository.AgentRepository",7,2,9,4
"me.umov.business.infrastructure.servicelocal.activity.ServiceLocalActivityDAOImpl",5,2,0,3
"me.umov.business.taskschedule.application.dto.ScheduleTypeDTO",0,0,0,0
"me.umov.business.infrastructure.cron.RundeckProjectResponse",0,0,3,0
"me.umov.business.domain.itinerary.ItineraryActivityRelationsTest",4,0,0,0
"me.umov.business.infrastructure.jpa.ExportSituationConverter",3,0,3,1
"me.umov.business.infrastructure.jpa.CustomFieldTypeConverter",3,0,3,1
"me.umov.business.infrastructure.jpa.RecurrenceEndTypeConverter",3,0,3,1
"me.umov.business.infrastructure.jpa.ActivityCycleConverter",3,0,2,1
"me.umov.business.infrastructure.jpa.TaskScheduleActivityOriginConverter",3,0,3,1
"me.umov.business.infrastructure.jpa.WorkdayTaskCreationValidationConverter",3,0,3,1
"me.umov.business.infrastructure.jpa.TeamExecutionConverter",3,0,3,1
"me.umov.business.infrastructure.jpa.ItineraryAgentRelationConverter",3,0,2,1
"me.umov.business.infrastructure.jpa.ActivityExecutionModeConverter",3,0,2,1
"me.umov.business.infrastructure.jpa.RecurrenceRepeatModeConverter",3,0,3,1
"me.umov.business.infrastructure.jpa.AgentPorfolioValidationConverter",3,0,3,1
"me.umov.business.infrastructure.jpa.ScheduleTypeConverter",3,0,2,1
"me.umov.business.infrastructure.jpa.AbsenceActionConverter",3,0,3,1
"me.umov.business.infrastructure.jpa.CustomFieldSubTypeConverter",3,0,3,1
"me.umov.business.infrastructure.jpa.ActivityOriginConverter",3,0,3,1
"me.umov.business.infrastructure.jpa.FieldConfigOriginConverter",3,0,3,1
"me.umov.business.infrastructure.jpa.BooleanStatusConverter",3,0,3,1
"me.umov.business.domain.client.UserDataTest",3,1,0,3
"me.umov.business.utils.specification.rule.EntityConstraintValidator",7,2,0,2
"me.umov.business.domain.itinerary.specification.ShouldHaveItineraryInitialDateGreaterThanToday",7,3,0,4
"me.umov.business.domain.itinerary.specification.ShouldHaveStartDateLessThanEndDate",6,3,0,4
"me.umov.business.domain.itinerary.specification.ShouldHaveItineraryScheduleInitialDateGreaterThanToday",7,3,1,4
"me.umov.business.application.service.toggle.FeatureToggleService",6,3,2,3
"me.umov.business.application.model.dto.TaskSituationDTO",0,0,1,0
"me.umov.business.application.exception.BaseApiException",1,1,10,3
"me.umov.business.domain.itinerary.ItineraryAgentRelationTest",3,0,0,0
"me.umov.business.application.spring.AutoWiredUtils",4,0,2,1
"me.umov.business.application.service.CustomFieldServiceTest",5,1,0,1
"me.umov.business.infrastructure.serialization.HttpStatusSerializationAdapter",6,0,2,1
"me.umov.business.application.service.FactoryDistributionTask",5,2,2,2
"me.umov.business.application.repository.ItineraryTeamReposytory",3,1,2,2
"me.umov.business.application.model.fixture.TaskTypeModelFixture",1,1,6,1
"me.umov.business.application.model.fixture.CancelTaskDTOFixture",1,1,3,1
"me.umov.business.application.model.fixture.ActivityModelFixture",1,1,6,1
"me.umov.business.domain.itinerary.ScheduleQueuePayload",0,0,2,0
"me.umov.business.application.authorization.UMovMeJWTClaimsTest",4,0,0,0
"me.umov.business.application.model.dto.AssignAgentsTasksDTO",3,0,4,0
"me.umov.business.application.model.dto.PrioritizeTasksDTO",3,0,2,0
"me.umov.business.infrastructure.cron.RundeckRestConfigurationTest",5,0,0,0
"me.umov.business.infrastructure.serialization.HttpStatusSerializationAdapterTest",5,0,0,0
"me.umov.business.taskschedule.anticorruption.taskSchedule.TaskScheduleUpdateConverter",5,3,0,4
"me.umov.business.application.service.ActivityService",6,2,2,3
"me.umov.business.architecture.AnticorruptionTest",6,0,0,0
"me.umov.business.application.repository.BaseRepository",5,1,27,2
"me.umov.business.infrastructure.jpa.LongArrayTypeDescriptorTest",2,0,0,0
"me.umov.business.application.model.type.RecurrenceTimeUnitTest",3,0,0,0
"me.umov.business.infrastructure.serialization.TaskScheduleActivityOriginSerializationAdapter",3,0,1,2
"me.umov.business.application.model.type.WorkdayTaskCreationValidationTest",5,0,0,0
"me.umov.business.infrastructure.serialization.SpringfoxJsonToGsonAdapter",6,0,1,1
"me.umov.business.application.service.AgentService",5,3,4,4
"me.umov.business.domain.recurrence.RecurrenceConfigurationInterface",3,0,3,0
"me.umov.business.domain.workcycle.WorkCycleServicePort",4,2,5,2
"me.umov.business.infrastructure.serialization.AnnotationExcludeSerializationStrategy",2,0,1,1
"me.umov.business.infrastructure.jpa.LongArrayTypeDescriptor",1,0,2,1
"me.umov.business.domain.client.ClientService",2,0,6,0
"me.umov.business.domain.workcycle.WorkCycleJpaRepository",4,1,0,2
"me.umov.business.application.service.TaskConfigService",5,2,2,3
"me.umov.business.application.service.ServiceLocalApplicationService",4,2,6,3
"me.umov.business.application.model.type.AbsenceActionTest",4,0,0,0
"me.umov.business.infrastructure.serialization.TeamExecutionSerializationAdapter",5,0,1,1
"me.umov.business.infrastructure.serialization.ItineraryAgentRelationSerializationAdapter",5,0,1,1
"me.umov.business.infrastructure.serialization.TaskSituationSerializationAdapter",5,0,8,1
"me.umov.business.domain.client.ClientConfigurations",2,0,2,0
"me.umov.business.domain.model.builder.CustomFieldValueLoader",5,2,0,2
"me.umov.business.domain.servicelocal.ServiceLocalService",2,0,1,0
"me.umov.business.BusinessApplication",4,0,0,0
"me.umov.business.application.repository.ServiceLocalRepository",3,1,7,2
"me.umov.business.domain.task.BeforeTaskSaveEvent",1,1,3,2
"me.umov.business.domain.rule.builders.ValidationBuilder",4,3,7,4
"me.umov.business.application.exception.ResourceNotFoundException",1,0,8,2
"me.umov.business.domain.rule.builders.EmptyValidationBuilderTest",3,1,0,1
"me.umov.business.application.model.dto.CancelTaskDTOTest",4,1,0,1
"me.umov.business.domain.rule.builders.EmptyValidationBuilder",4,2,1,3
"me.umov.business.domain.activityHistory.ActivityHistoryJpaRepository",4,1,1,2
"me.umov.business.domain.servicelocal.ServiceLocalRepositoryImpl",2,0,0,1
"me.umov.business.application.repository.EventRepository",4,1,2,2
"me.umov.business.utils.specification.domain.CompositeSpecification",0,0,26,1
"me.umov.business.application.repository.CustomFieldValueRepository",3,1,2,2
"me.umov.business.application.model.dto.IdDTO",0,0,6,0
"me.umov.business.application.controller.BaseController",2,1,4,4
"me.umov.business.application.repository.ActivityRepository",5,3,7,6
"me.umov.business.domain.itinerary.ItineraryServicePort",0,0,5,0
"me.umov.business.application.repository.IntegrationRepository",2,0,11,0
"me.umov.business.architecture.IgnoreTests",2,0,0,1
"me.umov.business.domain.task.TaskConfigJpaRepository",4,1,1,2
"me.umov.business.application.repository.custom.task.TaskRepositoryCustom",5,2,3,2
"me.umov.business.application.model.dto.IOperationDTO",1,1,4,1
"me.umov.business.infrastructure.servicelocal.activity.ServiceLocalActivityJpaRepository",3,1,0,2
"me.umov.business.domain.task.TaskActivityJpaRepository",3,1,0,2
"me.umov.business.application.authorization.UMovMeJWTClaims",0,0,1,0
"me.umov.business.application.repository.CustomFieldRepository",3,1,2,2
"me.umov.business.application.exception.UnauthorizedRequestException",1,0,8,1
"me.umov.business.application.exception.BadRequestException",1,0,6,1
"me.umov.business.application.exception.InvalidOperationException",1,0,4,1
"me.umov.business.application.model.IntegrationModel",0,0,12,1
"me.umov.business.taskschedule.application.service.RelationshipConverter",2,2,2,2
"me.umov.business.domain.workcycle.WorkCycleGenerator",2,0,1,0
"me.umov.business.domain.task.TaskTypeJpaRepository",2,1,5,2
"me.umov.business.domain.itinerary.ItineraryActivityRelations",0,0,0,0
"me.umov.business.application.repository.IdiomEntryRepository",2,1,1,2
"me.umov.business.application.repository.TaskTypeRepository",2,1,4,2
"me.umov.business.application.repository.FeatureToggleRepository",2,1,2,2
"me.umov.business.domain.generic.specification.ShouldHaveUniqueDescriptionTest",2,1,0,1
"me.umov.business.domain.itinerary.ItineraryScheduleJpaRepository",3,2,12,4
"me.umov.business.application.service.CustomFieldService",3,2,0,3
"me.umov.business.application.service.TeamService",3,2,2,3
"me.umov.business.application.service.TaskScheduleService",3,2,0,3
"me.umov.business.application.service.TaskTypeService",3,2,4,3
"me.umov.business.application.service.ItemService",3,2,0,3
"me.umov.business.utils.specification.domain.ISpecification",0,0,3,0
"me.umov.business.utils.specification.rule.BusinessRule",1,0,35,0
"me.umov.business.domain.servicelocal.ServiceLocalDAO",1,0,3,0
"me.umov.business.application.model.dto.ICustomFields",1,0,2,0
"me.umov.business.taskschedule.application.service.TaskScheduleConverter",2,2,5,2
"me.umov.business.domain.activity.ActivityDAO",2,1,3,1
"me.umov.business.domain.team.TeamDAO",2,1,3,1
"me.umov.business.domain.agent.AgentDAO",2,1,3,1
"me.umov.business.application.repository.custom.ActivityRepositoryCustom",2,1,2,1
"me.umov.business.infrastructure.queue.analyzeRule.RuleRepository",2,0,2,1
"me.umov.business.infrastructure.servicelocal.ServiceLocalJpaRepository",3,3,1,5
"me.umov.business.domain.client.ClientRepository",2,0,1,1
"me.umov.business.domain.itinerary.ItineraryJpaRepository",2,1,1,2
"me.umov.business.application.repository.ItemRepository",2,1,3,2
"me.umov.business.application.repository.TeamRepository",2,1,6,3
"me.umov.business.application.repository.TaskNotificationRepository",2,1,2,2
"me.umov.business.domain.recurrence.CronProvider",0,0,5,0
"me.umov.business.application.controller.EntityIntegration",0,0,2,0
"me.umov.business.application.model.BaseModel",0,0,12,0
"me.umov.business.application.model.BaseClientModel",0,0,30,1
"me.umov.business.taskschedule.domain.ScheduledTasksCreator",1,1,3,1
"me.umov.business.taskschedule.application.service.ConverterFactory",1,1,1,1
"me.umov.business.taskschedule.application.service.RelationshipConverterFactory",1,1,1,1
"me.umov.business.application.controller.activityhistory.ActivityHistoryConverter",1,1,1,1
"me.umov.business.application.controller.workcycle.WorkCycleScheduleConverter",1,1,1,1
"me.umov.business.application.controller.servicelocal.ServiceLocalConverter",1,1,1,1
"me.umov.business.infrastructure.activity.ActivityJpaRepository",2,2,1,3
"me.umov.business.infrastructure.team.TeamJpaRepository",2,2,0,3
"me.umov.business.infrastructure.agent.AgentJpaRepository",2,2,0,3
"me.umov.business.infrastructure.configuration.SpringConfiguration",0,0,2,0
"me.umov.business.infrastructure.queue.ProducerNotification",0,0,3,0
"me.umov.business.domain.recurrence.Recurrent",0,0,2,1
"me.umov.business.domain.recurrence.IDateInterval",0,0,5,0
"me.umov.business.domain.activityHistory.ActivityHistoryService",0,0,3,0
"me.umov.business.domain.event.DomainEventListener",0,0,7,0
"me.umov.business.domain.servicelocal.ServiceLocalActivityDAO",0,0,3,0
"me.umov.business.domain.servicelocal.ServiceLocalRepository",0,0,1,0
"me.umov.business.application.exception.InvalidIntervalException",0,0,6,1
"me.umov.business.application.service.TaskScheduleServiceTest",0,0,0,0
"me.umov.business.domain.event.DomainEvent",0,0,6,0
