"type","sloc","nom","npm","wmc","dep","i-dep","fan-in","fan-out","noa"
"me.umov.business.api.TaskScheduleApi",715,22,22,22,27,4,2,4,1
"me.umov.business.domain.itinerary.Itinerary",593,99,98,140,51,17,33,22,35
"me.umov.business.domain.task.TaskModel",572,118,115,152,41,7,58,11,43
"me.umov.business.application.service.RecurrenceServiceTest",431,20,20,19,30,6,0,6,3
"me.umov.business.application.model.dto.SaveTaskDTO",386,80,76,104,18,7,15,10,36
"me.umov.business.domain.task.TaskServiceTest",344,20,20,25,60,23,0,24,13
"me.umov.business.domain.itinerary.ItineraryTest",311,32,32,32,25,4,0,5,8
"me.umov.business.taskschedule.anticorruption.taskSchedule.TaskScheduleCreateConverterTest",307,5,5,5,44,17,0,18,5
"me.umov.business.domain.rule.task.ShouldHaveRequiredTaskConfigFieldsTest",270,26,26,26,14,5,0,5,0
"me.umov.business.application.model.fixture.TaskModelFixture",266,60,60,62,16,8,37,8,1
"me.umov.business.domain.task.TaskModelTest",249,32,32,32,16,3,0,3,5
"me.umov.business.domain.itinerary.ItinerarySchedule",247,42,42,57,36,8,65,12,16
"me.umov.business.domain.rule.task.ShouldHaveValidSituationLifeCicleTest",246,32,30,32,10,3,0,4,1
"me.umov.business.domain.task.TaskService",234,15,11,31,26,13,16,15,8
"me.umov.business.api.TaskScheduleApiTest",213,22,22,22,16,4,0,4,8
"me.umov.business.application.model.dto.SaveTaskDTOTest",213,14,14,14,20,6,0,7,0
"me.umov.business.taskschedule.application.dto.SaveTaskScheduleGroupRequest",196,42,42,45,18,5,18,8,19
"me.umov.business.taskschedule.anticorruption.TaskScheduleGroupConverterImpl",187,8,2,39,34,25,1,28,8
"me.umov.business.domain.workcycle.WorkCycleServiceTest",186,11,11,11,31,11,0,12,5
"me.umov.business.application.controller.TaskControllerTest",181,14,14,14,42,16,0,16,6
"me.umov.business.domain.itinerary.ItineraryServiceTest",175,11,11,11,21,6,0,6,9
"me.umov.business.taskschedule.anticorruption.taskSchedule.AbstractTaskScheduleGroupConverter",162,12,1,36,28,23,2,26,8
"me.umov.business.application.handler.GeneralRestExceptionHandlerTest",161,21,21,21,25,5,0,5,1
"me.umov.business.application.service.CustomFieldValueServiceTest",158,9,8,9,32,10,0,11,9
"me.umov.business.infrastructure.cron.JobCreationRequestDTO",156,32,32,2,3,1,2,1,25
"me.umov.business.domain.rule.task.ShouldHaveScheduleInsideOfAgentJourneyTest",139,13,13,13,18,3,0,3,5
"me.umov.business.application.service.RecurrenceService",133,11,2,33,18,3,4,5,2
"me.umov.business.domain.rule.task.ShouldHaveValidActivitiesAssociatedTest",132,14,14,14,14,5,0,5,0
"me.umov.business.domain.rule.task.ShouldHaveValidRecurrenceConfigurationTest",130,13,13,13,13,4,0,4,1
"me.umov.business.domain.task.TaskDailyResume",125,32,32,36,6,1,8,3,15
"me.umov.business.domain.task.TaskConfigModel",124,18,18,17,14,1,4,4,10
"me.umov.business.application.model.fixture.ItineraryFixture",122,23,23,31,13,5,9,5,1
"me.umov.business.application.model.ServiceLocalModel",122,19,19,20,9,1,26,3,17
"me.umov.business.application.service.notification.TaskNotificationServiceTest",122,7,7,7,22,10,0,10,7
"me.umov.business.application.controller.TaskController",121,9,8,11,37,16,0,18,1
"me.umov.business.taskschedule.anticorruption.relationship.AgentRelationshipConverterTest",121,5,5,5,23,13,0,13,8
"me.umov.business.taskschedule.anticorruption.taskSchedule.TaskSchedulePartialUpdateConverterTest",119,2,2,2,41,18,0,19,5
"me.umov.business.domain.workcycle.WorkCycle",115,24,24,24,11,3,8,4,12
"me.umov.business.application.model.WorkJourneyDayModel",112,22,21,23,11,0,2,2,9
"me.umov.business.application.model.notification.TaskNotification",112,12,11,19,17,3,3,6,9
"me.umov.business.taskschedule.application.service.TaskScheduleApplicationServiceTest",108,10,10,10,15,6,0,7,9
"me.umov.business.application.handler.GeneralRestExceptionHandler",107,13,12,13,28,7,0,11,2
"me.umov.business.application.service.CustomFieldValueService",107,9,2,15,18,9,2,11,2
"me.umov.business.application.service.DistributionIdleAgentTest",104,6,6,6,30,13,0,13,5
"me.umov.business.application.model.WorkJourneyModel",101,17,16,19,16,1,2,3,7
"me.umov.business.domain.itinerary.specification.TaskScheduleGroupValidatorTest",101,2,2,2,12,3,0,3,20
"me.umov.business.application.model.AgentModel",100,20,20,20,13,0,34,2,7
"me.umov.business.domain.servicelocal.Address",98,19,16,20,3,0,12,1,11
"me.umov.business.domain.itinerary.ItineraryServiceLocal",96,18,18,19,14,2,20,3,7
"me.umov.business.domain.model.builder.TaskLoader",95,5,1,14,22,16,2,19,10
"me.umov.business.application.model.AgentAbsenceModel",94,19,19,19,10,0,0,1,9
"me.umov.business.taskschedule.anticorruption.taskSchedule.TaskSchedulePartialUpdateConverter",94,5,1,32,17,12,1,14,4
"me.umov.business.domain.rule.task.ShouldHaveValidSituationLifeCicle",93,11,3,23,14,4,5,6,3
"me.umov.business.domain.task.TaskActivityModel",91,15,15,16,15,3,9,4,6
"me.umov.business.application.model.WorkJourneyModelTest",91,13,13,13,12,2,0,2,11
"me.umov.business.domain.rule.customfield.ShouldHaveValidGeocoordinateCustomFieldsTest",89,14,13,14,10,4,0,5,0
"me.umov.business.infrastructure.queue.analyzeRule.Rule",88,18,18,18,9,1,2,1,9
"me.umov.business.domain.rule.builders.TaskSaveRulesTest",88,3,2,3,37,28,0,29,10
"me.umov.business.application.model.ItemModel",87,18,18,18,9,0,5,1,8
"me.umov.business.domain.client.SystemParameters",87,16,16,18,8,2,8,4,9
"me.umov.business.domain.recurrence.RecurrenceConfiguration",87,13,13,30,3,0,12,2,4
"me.umov.business.domain.itinerary.ItineraryService",87,8,6,13,9,7,0,9,6
"me.umov.business.domain.rule.task.ShouldHaveAgentByRequiredTaskConfigTest",84,10,10,10,12,3,0,3,0
"me.umov.business.anticorruption.itinerary.WorkCycleScheduleConverterImplTest",84,3,3,3,29,10,0,10,4
"me.umov.business.domain.client.Client",83,10,10,12,3,2,8,4,19
"me.umov.business.infrastructure.cron.RundeckSchedulerCronProviderTest",83,5,5,5,18,1,0,1,4
"me.umov.business.domain.workcycle.WorkCycleService",83,5,4,13,11,4,0,6,4
"me.umov.business.application.model.TeamModel",82,17,17,19,6,1,21,3,6
"me.umov.business.taskschedule.application.dto.RelationshipDTO",80,16,16,24,1,1,14,4,5
"me.umov.business.application.service.DistributionTask",80,11,1,17,15,10,2,12,1
"me.umov.business.taskschedule.anticorruption.relationship.AbstractRelationshipConverter",78,13,2,17,16,12,4,15,3
"me.umov.business.application.service.BaseServiceTest",78,9,9,9,17,6,0,6,4
"me.umov.business.infrastructure.cron.RundeckRestServiceTest",78,4,4,4,27,0,0,0,4
"me.umov.business.application.model.fixture.SaveTaskScheduleGroupRequestFixture",76,15,15,15,10,5,1,7,1
"me.umov.business.domain.servicelocal.AddressTest",76,11,11,11,7,3,0,3,3
"me.umov.business.domain.model.builder.TaskLoaderTest",75,5,5,5,22,10,0,10,9
"me.umov.business.infrastructure.cron.RundeckRestService",74,9,3,9,18,0,0,2,4
"me.umov.business.domain.itinerary.specification.ShouldServiceLocalHaveFinalHourGreaterThenInitialHourTest",74,5,5,5,14,7,0,7,1
"me.umov.business.application.interceptor.CORSInterceptorTest",73,7,7,7,21,1,0,1,5
"me.umov.business.application.controller.workcycle.WorkCycleControllerTest",73,5,5,5,18,6,0,8,4
"me.umov.business.application.observer.NotificationAfterSaveTaskTest",73,4,4,4,21,9,0,9,9
"me.umov.business.domain.itinerary.specification.TaskScheduleGroupValidator",73,1,1,1,8,5,3,6,19
"me.umov.business.application.model.fixture.SaveTaskDTOFixture",70,15,15,15,8,3,4,3,1
"me.umov.business.application.model.ActivityModel",70,14,14,14,7,0,25,2,5
"me.umov.business.domain.task.TaskItemModel",70,11,11,12,14,2,4,4,4
"me.umov.business.application.controller.workcycle.WorkCycleController",70,7,7,7,12,3,0,3,3
"me.umov.business.domain.rule.builders.SaveTaskValidationBuilder",70,1,0,1,16,11,3,12,9
"me.umov.business.application.model.fixture.ItineraryScheduleFixture",69,15,15,15,7,2,24,2,1
"me.umov.business.domain.itinerary.ItineraryAgent",69,13,13,14,11,2,9,4,4
"me.umov.business.domain.rule.task.ShouldHaveNoTaskInDateTest",69,8,8,8,14,6,0,6,2
"me.umov.business.domain.itinerary.ItineraryCronServiceTest",69,5,5,5,17,4,0,4,6
"me.umov.business.domain.itinerary.ItineraryScheduleCronServiceTest",69,5,5,5,17,4,0,4,6
"me.umov.business.domain.recurrence.RecurrenceEndsConfiguration",68,10,10,23,3,0,9,2,3
"me.umov.business.domain.recurrence.RecurrenceRepeatConfiguration",67,11,11,22,2,0,9,2,3
"me.umov.business.taskschedule.application.controller.CronControllerTest",67,5,5,5,20,8,0,9,4
"me.umov.business.domain.rule.task.ShouldHaveOneAgentWhenOnlyOneAgentTeamTest",67,5,5,5,12,7,0,7,0
"me.umov.business.configuration.SwaggerConfig",67,4,2,4,16,0,0,1,2
"me.umov.business.domain.itinerary.ItineraryActivity",66,12,12,13,11,2,12,3,4
"me.umov.business.application.model.IntervalTest",65,14,14,14,3,1,0,1,0
"me.umov.business.application.model.CustomFieldValueModel",65,12,12,12,7,0,14,1,6
"me.umov.business.domain.task.TaskTypeModel",64,12,12,12,9,1,15,2,5
"me.umov.business.application.authorization.JWTServiceTest",64,9,9,9,13,2,0,3,4
"me.umov.business.application.controller.AgentControllerTest",63,5,5,5,20,5,0,5,3
"me.umov.business.application.api.ApiReturn",62,13,13,13,4,0,23,2,4
"me.umov.business.domain.itinerary.specification.ShouldHaveValidInitialHourAndFinalHourCombinationTest",62,5,5,5,14,7,0,7,1
"me.umov.business.application.service.BaseService",61,11,10,13,12,5,12,6,3
"me.umov.business.application.model.TeamAgentModel",61,11,11,12,3,0,1,1,4
"me.umov.business.application.controller.TaskScheduleGroupControllerTest",61,6,6,6,10,3,0,3,3
"me.umov.business.taskschedule.application.service.TaskScheduleApplicationService",61,3,3,3,13,9,3,11,3
"me.umov.business.domain.rule.task.ShouldHaveValidInitialDateTest",60,7,7,7,11,4,0,4,0
"me.umov.business.application.authorization.JWTService",60,6,1,11,12,3,2,5,3
"me.umov.business.domain.rule.task.ShouldHaveValidRecurrenceConfiguration",60,5,3,18,15,3,13,5,3
"me.umov.business.application.observer.NotificationAfterSaveTask",60,3,1,5,19,11,0,15,4
"me.umov.business.application.model.CustomFieldModel",59,10,10,10,9,0,4,1,5
"me.umov.business.domain.rule.task.ShouldHaveRequiredTaskConfigFields",59,6,3,13,9,4,28,7,2
"me.umov.business.domain.generic.specification.ShouldHaveValidIdTest",59,5,5,5,10,1,0,1,2
"me.umov.business.taskschedule.anticorruption.relationship.RelationshipFactoryTest",58,7,7,7,10,2,0,2,6
"me.umov.business.domain.itinerary.specification.ShouldLoadAllActivitiesTest",58,5,5,5,15,5,0,5,2
"me.umov.business.application.controller.workcycle.SaveWorkCycleScheduleRequest",57,13,13,13,4,1,3,1,6
"me.umov.business.domain.recurrence.CrontabExpression",57,12,11,12,2,0,11,1,7
"me.umov.business.domain.rule.task.ShouldValidateAgentPortfolioTest",57,7,7,7,10,3,0,3,0
"me.umov.business.infrastructure.serialization.GsonConfiguration",57,3,2,2,17,1,3,3,0
"me.umov.business.infrastructure.queue.AmazonSQSConfiguration",56,7,4,7,14,0,0,1,2
"me.umov.business.infrastructure.cron.RundeckSchedulerCronProvider",56,6,4,7,11,2,0,6,5
"me.umov.business.domain.itinerary.specification.ShouldValidateNotNullTeamExecutionWhenItIsForSomeTeamsTest",56,5,5,5,12,4,0,4,1
"me.umov.business.infrastructure.jpa.workcycle.WorkCycleGeneratorImplTest",55,3,3,3,13,1,0,1,2
"me.umov.business.application.repository.custom.task.TaskRepositoryCustomImplTest",55,3,3,3,14,2,0,2,8
"me.umov.business.anticorruption.itinerary.WorkCycleScheduleConverterImpl",55,1,1,3,14,6,0,7,2
"me.umov.business.application.api.ApiReturnTest",54,6,6,6,4,0,0,2,0
"me.umov.business.application.model.dto.TaskItemDTO",53,13,13,14,3,3,6,3,4
"me.umov.business.domain.itinerary.ItineraryTeam",53,11,11,12,3,2,8,3,4
"me.umov.business.infrastructure.servicelocal.activity.ServiceLocalActivityEntity",53,8,8,8,9,4,0,5,4
"me.umov.business.application.interceptor.JWTAuthorizationInterceptorTest",53,4,4,4,17,2,0,2,4
"me.umov.business.application.observer.ItineraryScheduleCronSchedulerObserverTest",52,5,5,5,13,3,0,3,2
"me.umov.business.application.observer.ItineraryCronSchedulerObserverTest",52,5,5,5,13,3,0,3,2
"me.umov.business.domain.rule.task.ShouldHaveAgentByRequiredTaskConfig",52,5,3,9,9,4,10,6,2
"me.umov.business.domain.itinerary.specification.ShouldLoadAllTeamsTest",52,4,4,4,15,5,0,5,2
"me.umov.business.domain.itinerary.specification.ShouldLoadAllServiceLocalsTest",52,4,4,4,15,5,0,5,2
"me.umov.business.domain.itinerary.specification.ShouldLoadAllAgentsTest",52,4,4,4,15,5,0,5,2
"me.umov.business.application.repository.custom.ActivityRepositoryImplTest",52,4,4,4,14,1,0,1,3
"me.umov.business.domain.rule.task.ShouldHaveValidFinalDateTest",51,6,6,6,10,3,0,3,0
"me.umov.business.application.model.WorkJourneyDayModelTest",51,3,3,3,5,1,0,1,10
"me.umov.business.application.repository.custom.AgentRepositoyCustom",51,2,1,6,5,1,2,4,1
"me.umov.business.taskschedule.anticorruption.relationship.ServiceLocalRelationshipConverter",50,6,0,6,16,12,0,13,2
"me.umov.business.domain.rule.customfield.ShouldHaveValidMultimidiaURLCustomFieldsTest",49,6,5,6,11,4,0,5,0
"me.umov.business.taskschedule.anticorruption.relationship.TeamRelationshipConverter",49,6,0,6,11,8,0,9,2
"me.umov.business.taskschedule.anticorruption.relationship.ActivityRelationshipConverter",49,6,0,6,11,8,0,9,2
"me.umov.business.infrastructure.agent.AgentDAOImplTest",49,3,3,3,13,4,0,4,3
"me.umov.business.application.controller.agent.AgentController",49,2,2,3,21,7,2,8,0
"me.umov.business.application.service.notification.TaskNotificationService",49,2,1,6,11,8,2,9,5
"me.umov.business.application.model.dto.AgentJourneyHoursDTO",48,10,10,18,4,1,7,2,9
"me.umov.business.domain.rule.task.ShouldHaveServiceLocalTest",48,5,5,5,8,3,0,3,0
"me.umov.business.domain.event.DomainEventRegistryTest",48,4,4,6,9,0,0,2,1
"me.umov.business.infrastructure.activity.ActivityDAOImplTest",48,3,3,3,12,2,0,2,3
"me.umov.business.application.model.idiom.IdiomEntry",48,3,3,3,13,2,2,3,7
"me.umov.business.taskschedule.application.controller.CronController",48,2,2,2,15,6,1,6,3
"me.umov.business.infrastructure.serialization.LocalDateTimeSerializationAdapterTest",47,6,6,6,7,0,0,0,0
"me.umov.business.infrastructure.serialization.GsonConfigurationTest",47,4,3,4,10,0,0,1,1
"me.umov.business.domain.rule.customfield.ShouldHaveRequiredCustomFieldsTest",47,4,4,4,12,5,0,5,0
"me.umov.business.domain.itinerary.specification.ShouldHaveItineraryInitialDateGreaterThanTodayTest",47,4,4,4,13,2,0,2,1
"me.umov.business.domain.itinerary.specification.ShouldValidateItineraryActivitiesOriginWithoutActivitiesTest",47,4,4,4,13,5,0,5,1
"me.umov.business.infrastructure.team.TeamDAOImplTest",47,3,3,3,11,2,0,2,3
"me.umov.business.application.service.toggle.FeatureToggleServiceTest",47,3,3,3,18,6,0,6,5
"me.umov.business.domain.activityHistory.ActivityHistory",46,10,10,10,4,1,4,2,4
"me.umov.business.domain.rule.task.ShouldHaveTeamExecutionWhenTeamIsSelectedTest",46,5,5,5,12,4,0,4,0
"me.umov.business.domain.itinerary.specification.ShouldValidateSomeAgentsRelationWithoutAgentsTest",46,4,4,4,12,5,0,5,1
"me.umov.business.domain.rule.task.ShouldHaveValidActivitiesAssociated",46,3,3,10,12,4,16,5,2
"me.umov.business.application.repository.custom.task.TaskRepositoryCustomImpl",46,3,1,9,8,1,0,4,2
"me.umov.business.application.model.dto.RuleRequestDTO",45,11,11,12,3,0,6,0,5
"me.umov.business.domain.servicelocal.ServiceLocal",45,9,9,10,2,0,6,0,5
"me.umov.business.application.controller.workcycle.CreateWorkCycleRequest",45,7,7,7,4,0,1,0,5
"me.umov.business.taskschedule.anticorruption.taskSchedule.TaskScheduleConverterFactoryTest",45,5,5,5,9,2,0,2,5
"me.umov.business.application.observer.TaskSavedObserverTest",45,5,5,5,10,3,0,3,2
"me.umov.business.domain.itinerary.specification.ShouldValidateAgentRelationEqualsAllAgentsTest",45,4,4,4,13,6,0,6,1
"me.umov.business.application.model.CommonCustomFieldConfig",44,11,11,11,2,0,5,0,5
"me.umov.business.application.controller.servicelocal.ServiceLocalRequest",44,10,10,10,1,0,1,0,10
"me.umov.business.application.api.ProcessApiReturn",44,10,9,10,4,0,3,1,4
"me.umov.business.taskschedule.anticorruption.relationship.AgentRelationshipConverter",44,6,0,6,11,8,0,9,2
"me.umov.business.application.exception.BusinessValidationException",43,7,7,8,8,3,29,6,2
"me.umov.business.domain.itinerary.specification.ShouldValidateTeamsByRelationTest",43,4,4,4,9,2,0,2,1
"me.umov.business.infrastructure.jpa.CustomFieldTypeConverterTest",43,2,2,2,12,1,0,1,0
"me.umov.business.infrastructure.servicelocal.ServiceLocalDAOImplTest",43,2,2,2,11,3,0,3,3
"me.umov.business.application.service.AgentServiceTest",42,3,3,3,14,4,0,4,3
"me.umov.business.domain.model.builder.BaseLoader",41,6,2,7,8,6,1,7,2
"me.umov.business.infrastructure.serialization.HibernateProxyTypeAdapter",41,4,3,4,9,0,1,2,2
"me.umov.business.domain.rule.task.ShouldHaveValidFinalHourTest",41,3,3,3,11,3,0,3,0
"me.umov.business.domain.generic.specification.ShouldHaveUniqueDescription",41,3,1,4,9,3,4,6,1
"me.umov.business.domain.recurrence.DateInterval",40,9,7,11,2,0,12,1,2
"me.umov.business.application.model.dto.CustomFieldValueDTO",40,9,9,11,1,1,3,1,4
"me.umov.business.application.model.Event",40,8,8,8,3,0,4,0,4
"me.umov.business.domain.task.TaskDailyResumeTest",40,5,5,5,7,0,0,0,1
"me.umov.business.domain.rule.task.ShouldHaveScheduleInsideOfAgentJourney",40,3,3,7,10,4,14,5,2
"me.umov.business.infrastructure.jpa.CustomFieldSubTypeConverterTest",40,2,2,2,11,1,0,1,0
"me.umov.business.infrastructure.serialization.LocalTimeSerializationAdapterTest",39,6,6,6,6,0,0,0,0
"me.umov.business.domain.itinerary.specification.ShouldHaveStartDateLessThanEndDateTest",39,4,4,4,12,3,0,3,1
"me.umov.business.domain.itinerary.specification.ShouldValidateSomeAgentsRelationWithTeamsTest",39,3,3,3,13,6,0,6,1
"me.umov.business.domain.itinerary.specification.ShouldValidateMultipleActivitiesOriginTest",39,3,3,3,13,5,0,5,1
"me.umov.business.domain.itinerary.specification.ShouldValidateSomeTeamsRelationWithAgentsTest",39,3,3,3,13,6,0,6,1
"me.umov.business.application.interceptor.InterceptorConfigTest",39,2,2,2,16,3,0,3,4
"me.umov.business.taskschedule.application.dto.ItineraryServiceLocalRelationship",38,8,8,8,4,1,7,2,2
"me.umov.business.application.service.ServiceLocalServiceTest",38,3,3,3,12,3,0,3,3
"me.umov.business.domain.itinerary.specification.WorkCycleScheduleValidatorTest",38,2,2,2,12,3,0,3,4
"me.umov.business.application.model.fixture.WorkCycleFixture",37,8,8,8,3,3,3,3,1
"me.umov.business.domain.itinerary.specification.ShouldValidateAutomaticActivityLoadConfigTest",37,3,3,3,12,5,0,5,1
"me.umov.business.application.controller.TaskTypeControllerTest",37,3,3,3,12,2,0,2,3
"me.umov.business.application.service.TaskTypeServiceTest",37,3,3,3,12,3,0,3,3
"me.umov.business.domain.rule.customfield.ShouldHaveValidMultimidiaURLCustomFields",37,3,3,6,9,4,4,5,4
"me.umov.business.application.interceptor.InterceptorConfig",37,3,3,3,9,0,1,1,3
"me.umov.business.application.repository.custom.task.TaskQueryBuilder",37,3,3,3,1,0,0,0,0
"me.umov.business.infrastructure.servicelocal.ServiceLocalDAOImpl",37,2,2,3,10,4,0,5,2
"me.umov.business.domain.itinerary.ItineraryActivityOriginTest",36,6,6,6,3,0,0,0,0
"me.umov.business.domain.recurrence.DateIntervalTest",36,4,4,4,9,1,0,1,0
"me.umov.business.domain.event.DomainEventRegistry",36,4,1,6,5,0,5,1,1
"me.umov.business.application.model.type.DayOfWeekTest",36,3,3,3,3,0,0,0,0
"me.umov.business.infrastructure.serialization.LocalDateTimeSerializationAdapter",36,2,2,8,11,0,7,3,2
"me.umov.business.infrastructure.jpa.workcycle.WorkCycleGeneratorImpl",36,2,2,2,8,2,0,5,1
"me.umov.business.architecture.UtilsTest",36,1,0,1,8,0,0,1,3
"me.umov.business.taskschedule.api.TaskScheduleGroupController",36,1,1,1,16,6,0,6,3
"me.umov.business.domain.rule.task.ShouldHaveValidFinalHour",35,5,3,6,7,3,9,5,1
"me.umov.business.infrastructure.jpa.LongArrayTypeTest",35,4,4,4,9,0,0,0,1
"me.umov.business.domain.rule.task.ShouldHaveValidTaskTypeTest",35,4,4,4,8,3,0,3,0
"me.umov.business.domain.rule.task.ShouldValidateAgentPortfolio",35,4,3,6,8,4,9,6,2
"me.umov.business.application.observer.BeforeTaskSaveObserverTest",35,3,3,3,10,4,0,4,3
"me.umov.business.domain.rule.customfield.ShouldHaveValidGeocoordinateCustomFields",35,3,3,6,8,4,4,5,3
"me.umov.business.domain.rule.task.ShouldNotHaveAgentTest",35,2,2,2,12,6,0,6,1
"me.umov.business.infrastructure.serialization.LocalTimeSerializationAdapter",35,2,2,8,11,0,7,3,2
"me.umov.business.application.model.fixture.SystemParametersFixture",34,7,7,7,4,1,6,1,1
"me.umov.business.infrastructure.serialization.LocalDateSerializationAdapterTest",34,5,5,5,8,1,0,1,0
"me.umov.business.application.model.fixture.AddressFixture",34,5,5,5,2,2,3,2,1
"me.umov.business.utils.specification.domain.BaseValidatorTest",34,4,4,3,5,0,0,1,4
"me.umov.business.application.service.ActivityServiceTest",34,2,2,2,14,3,0,3,3
"me.umov.business.taskschedule.anticorruption.relationship.RelationshipFactory",34,1,1,6,8,4,0,5,4
"me.umov.business.application.model.fixture.AgentModelFixture",33,7,7,7,3,2,15,2,1
"me.umov.business.application.controller.agent.AgentRelationship",33,7,7,7,1,0,7,1,3
"me.umov.business.utils.specification.domain.SpecificationResult",33,6,5,7,4,0,41,0,2
"me.umov.business.domain.rule.customfield.ShouldHaveRequiredCustomFields",33,3,3,6,7,4,8,5,2
"me.umov.business.domain.rule.task.ShouldInitiateTodayTest",33,2,2,2,11,4,0,4,1
"me.umov.business.domain.activityHistory.ActivityHistoryServiceImplTest",33,2,2,2,9,3,0,3,4
"me.umov.business.domain.itinerary.ItineraryCronService",33,2,2,4,5,2,2,2,3
"me.umov.business.domain.itinerary.ItineraryScheduleCronService",33,2,2,4,5,2,5,2,3
"me.umov.business.anticorruption.servicelocal.ServiceLocalConverterImpl",33,1,1,1,7,5,0,6,1
"me.umov.business.application.repository.custom.ActivityRepositoryImpl",33,1,1,5,8,1,0,2,2
"me.umov.business.architecture.GeneralTest",33,0,0,1,8,0,0,0,6
"me.umov.business.application.model.dto.AgentTaskDTO",32,7,7,7,1,0,2,0,3
"me.umov.business.application.model.fixture.WorkJourneyDayModelFixture",32,6,6,6,3,1,2,1,1
"me.umov.business.application.model.fixture.WorkJourneyModelFixture",32,5,5,5,7,2,3,2,1
"me.umov.business.application.model.toggle.FeatureToggle",32,4,4,4,4,2,3,3,4
"me.umov.business.taskschedule.anticorruption.taskSchedule.TaskScheduleCreateConverter",32,3,0,3,6,3,1,5,0
"me.umov.business.domain.rule.task.ShouldHaveValidInitialDate",32,3,3,7,7,3,9,4,2
"me.umov.business.infrastructure.jpa.AgentPorfolioValidationConverterTest",32,2,2,2,7,1,0,1,0
"me.umov.business.domain.rule.task.ShouldBeInPreparationTest",32,2,2,2,10,4,0,4,1
"me.umov.business.application.controller.activityhistory.ActivityHistoryControllerTest",32,2,2,2,10,2,0,2,4
"me.umov.business.application.service.IntegrationService",32,1,1,7,8,5,9,8,1
"me.umov.business.application.controller.workcycle.ReplaceWorkCycleServiceLocalRequest",31,8,8,8,0,0,0,0,3
"me.umov.business.application.model.fixture.ServiceLocalModelFixture",31,7,7,7,1,1,10,1,1
"me.umov.business.application.model.fixture.CustomFieldValueModelFixture",31,7,7,7,1,1,6,1,1
"me.umov.business.application.controller.servicelocal.ServiceLocalRelationship",31,7,7,7,1,0,1,0,3
"me.umov.business.application.model.fixture.RecurrenceConfigurationFixture",31,6,6,6,5,3,3,3,1
"me.umov.business.application.model.fixture.TaskRecurrenceConfigurationFixture",31,6,6,6,5,3,3,3,1
"me.umov.business.application.model.type.TaskSituationTest",31,6,6,6,3,0,0,1,0
"me.umov.business.domain.rule.task.ShouldHaveOneAgentWhenOnlyOneAgentTeam",31,3,3,4,8,5,5,6,3
"me.umov.business.domain.rule.task.ShouldHaveNoTaskInDate",31,3,3,4,8,5,8,6,3
"me.umov.business.domain.rule.task.ShouldHaveTeamTest",31,2,2,2,9,4,0,4,1
"me.umov.business.domain.rule.task.ShouldBeActiveTest",31,2,2,2,9,4,0,4,1
"me.umov.business.infrastructure.jpa.LocalTimeConverter",31,2,2,6,6,0,2,2,2
"me.umov.business.application.controller.workcycle.CreateWorkCycleResponse",30,6,6,2,1,0,1,0,4
"me.umov.business.utils.specification.rule.RuleMessageTest",30,3,3,3,6,1,0,1,0
"me.umov.business.utils.specification.domain.SpecificationResultTest",30,3,3,3,7,1,0,1,0
"me.umov.business.utils.specification.domain.AndSpecificationTest",30,3,3,1,8,3,0,3,2
"me.umov.business.domain.itinerary.specification.ShouldHaveItineraryScheduleInitialDateGreaterThanTodayTest",30,3,3,3,8,3,0,3,1
"me.umov.business.domain.rule.task.ShouldHaveServiceLocal",30,3,3,6,7,4,7,5,2
"me.umov.business.application.interceptor.JWTAuthorizationInterceptor",30,2,1,5,8,1,1,3,2
"me.umov.business.domain.itinerary.specification.ShouldServiceLocalHaveFinalHourGreaterThenInitialHour",30,1,1,5,14,6,1,8,0
"me.umov.business.application.controller.servicelocal.ServiceLocalController",30,1,1,1,13,5,1,6,2
"me.umov.business.application.model.fixture.RuleRequestDTOFixture",29,6,6,6,3,1,3,1,1
"me.umov.business.application.model.fixture.CustomFieldModelFixture",29,6,6,6,3,1,5,1,1
"me.umov.business.application.model.fixture.TaskActivityModelFixture",29,6,6,6,3,3,4,3,1
"me.umov.business.application.controller.team.TeamRelationship",29,6,6,6,2,1,4,3,3
"me.umov.business.application.model.dto.AgentJourneyHoursDTOTest",29,4,4,4,4,1,0,2,0
"me.umov.business.application.exception.DeleteException",29,4,4,5,5,1,4,4,2
"me.umov.business.utils.specification.domain.OrSpecificationTest",29,3,3,1,7,3,0,3,2
"me.umov.business.domain.rule.task.ShouldHaveValidTeamTest",29,3,3,3,8,3,0,3,0
"me.umov.business.domain.rule.task.ShouldHaveValidAgentTest",29,3,3,3,8,3,0,3,0
"me.umov.business.infrastructure.cron.RundeckRestConfiguration",29,3,1,3,10,1,1,3,0
"me.umov.business.domain.rule.task.ShouldHaveValidAgent",29,3,3,5,7,4,6,5,2
"me.umov.business.domain.rule.task.ShouldHaveValidTeam",29,3,3,5,7,4,5,5,2
"me.umov.business.domain.rule.task.ShouldHaveValidTaskType",29,3,3,4,7,4,6,5,2
"me.umov.business.infrastructure.jpa.ExportSituationConverterTest",29,2,2,2,7,1,0,1,0
"me.umov.business.utils.specification.rule.RuleMessage",28,6,5,6,3,0,50,0,2
"me.umov.business.application.controller.activity.ActivityRelationship",28,6,6,6,1,0,7,1,3
"me.umov.business.domain.rule.task.ShouldHaveTeamExecutionWhenTeamIsSelected",28,3,3,4,7,4,5,5,2
"me.umov.business.domain.rule.task.ShouldHaveValidFinalDate",28,3,3,4,6,3,8,4,1
"me.umov.business.infrastructure.jpa.ActivityCycleConverterTest",28,2,2,2,6,0,0,0,0
"me.umov.business.domain.client.ClientServiceTest",28,2,2,2,8,0,0,0,3
"me.umov.business.domain.client.ClientConfigurationsTest",28,2,2,2,10,2,0,2,2
"me.umov.business.domain.servicelocal.ServiceLocalRepositoryImplTest",28,2,2,2,8,1,0,1,2
"me.umov.business.application.controller.TaskTypeController",28,2,2,3,10,3,0,4,0
"me.umov.business.application.service.DistributionIdleAgent",28,2,0,4,9,6,1,7,2
"me.umov.business.application.model.idiom.Idiom",28,2,2,2,8,1,2,2,2
"me.umov.business.application.model.fixture.CustomFieldDTOFixture",27,6,6,6,1,1,3,1,1
"me.umov.business.domain.rule.task.ShouldHaveTaskModelTest",27,3,3,3,6,2,0,2,0
"me.umov.business.application.service.FactoryDistributionTaskTest",27,3,3,3,8,1,0,1,2
"me.umov.business.application.model.fixture.BaseReflectionFixture",27,3,1,3,1,0,2,4,1
"me.umov.business.infrastructure.jpa.ActivityOriginConverterTest",27,2,2,2,4,1,0,1,0
"me.umov.business.infrastructure.jpa.TaskScheduleActivityOriginConverterTest",27,2,2,2,4,1,0,1,0
"me.umov.business.application.controller.BaseControllerTest",27,2,2,2,9,1,0,1,2
"me.umov.business.taskschedule.domain.TaskScheduleDomainService",27,2,1,2,7,5,0,7,3
"me.umov.business.infrastructure.cron.JobCreationRequestDTOTest",27,1,1,1,5,1,0,1,0
"me.umov.business.application.controller.activityhistory.ActivityHistoryController",27,1,1,1,7,3,0,3,3
"me.umov.business.domain.client.UserData",26,4,4,4,4,0,42,0,3
"me.umov.business.utils.specification.domain.BaseValidator",26,3,1,4,4,1,2,2,0
"me.umov.business.domain.rule.task.ShouldInitiateToday",26,3,3,4,7,3,4,4,1
"me.umov.business.domain.rule.task.ShouldBeActive",26,3,3,4,7,3,4,4,1
"me.umov.business.domain.rule.task.ShouldHaveTaskModel",26,3,3,4,6,3,5,4,1
"me.umov.business.domain.rule.task.ShouldBeInPreparation",26,3,3,4,7,3,4,4,1
"me.umov.business.infrastructure.serialization.BooleanStatusSerializationAdapterTest",26,2,2,2,8,1,0,1,0
"me.umov.business.taskschedule.anticorruption.taskSchedule.TaskScheduleConverterFactory",26,1,1,4,7,4,0,5,3
"me.umov.business.domain.itinerary.specification.ShouldLoadAllActivities",26,1,1,5,8,4,0,5,1
"me.umov.business.application.model.fixture.CommonCustomFieldConfigFixture",25,5,5,5,3,2,4,2,1
"me.umov.business.application.model.fixture.AgentJourneyHoursDTOFixture",25,5,5,5,3,1,3,2,0
"me.umov.business.infrastructure.cron.RundeckEndpointsTest",25,4,4,4,6,0,0,0,0
"me.umov.business.application.exception.BaseApiExceptionTest",25,3,3,3,4,1,0,1,0
"me.umov.business.domain.rule.task.ShouldHaveTeam",25,3,3,4,6,3,4,4,1
"me.umov.business.domain.rule.task.ShouldNotHaveAgent",25,3,3,4,6,3,4,4,1
"me.umov.business.infrastructure.jpa.TeamExecutionConverterTest",25,2,2,2,6,1,0,1,0
"me.umov.business.infrastructure.jpa.WorkdayTaskCreationValidationConverterTest",25,2,2,2,6,1,0,1,0
"me.umov.business.infrastructure.jpa.RecurrenceRepeatModeConverterTest",25,2,2,2,6,1,0,1,0
"me.umov.business.infrastructure.jpa.ActivityExecutionModeConverterTest",25,2,2,2,5,0,0,0,0
"me.umov.business.application.model.fixture.TaskDailyResumeFixture",24,5,5,5,2,1,3,2,0
"me.umov.business.application.model.fixture.TaskConfigModelFixture",24,5,5,5,2,1,4,1,1
"me.umov.business.utils.specification.domain.SpecificationException",24,4,4,5,4,1,6,2,2
"me.umov.business.utils.specification.domain.CompositeSpecificationTest",24,3,3,2,7,4,0,4,1
"me.umov.business.utils.specification.rule.ValidationRules",24,3,2,5,5,2,4,3,1
"me.umov.business.infrastructure.serialization.WorkdayTaskCreationValidationSerializationAdapterTest",24,2,2,2,9,1,0,1,0
"me.umov.business.infrastructure.serialization.JourneyHourTypeSerializationAdapterTest",24,2,2,2,7,0,0,0,1
"me.umov.business.infrastructure.serialization.RecurrenceRepeatModeSerializationAdapterTest",24,2,2,2,7,1,0,1,0
"me.umov.business.infrastructure.serialization.LocalDateSerializationAdapter",24,2,2,6,9,0,7,3,0
"me.umov.business.infrastructure.agent.AgentDAOImpl",24,1,1,2,8,3,0,4,2
"me.umov.business.domain.rule.builders.IdleAgentBuilder",24,1,0,1,10,7,2,8,0
"me.umov.business.domain.itinerary.specification.ShouldLoadAllServiceLocals",24,1,1,4,8,4,0,5,1
"me.umov.business.domain.itinerary.specification.ShouldLoadAllAgents",24,1,1,3,8,4,0,5,1
"me.umov.business.domain.itinerary.specification.ShouldHaveValidInitialHourAndFinalHourCombination",24,1,1,4,9,4,1,5,0
"me.umov.business.domain.itinerary.specification.ShouldLoadAllTeams",24,1,1,3,8,4,0,5,1
"me.umov.business.application.controller.workcycle.WorkCycleServiceLocalRequest",23,6,6,6,0,0,2,0,2
"me.umov.business.application.exception.BadRequestExceptionTest",23,3,3,3,4,0,0,0,0
"me.umov.business.application.exception.UnauthorizedRequestExceptionTest",23,3,3,3,4,0,0,0,0
"me.umov.business.application.exception.ResourceNotFoundExceptionTest",23,3,3,3,4,0,0,0,0
"me.umov.business.infrastructure.jpa.ItineraryAgentRelationConverterTest",23,2,2,2,4,0,0,0,0
"me.umov.business.application.controller.VersionControllerTest",23,2,2,2,8,1,0,1,1
"me.umov.business.application.model.dto.CustomFieldValueDTOTest",23,2,2,2,3,1,0,1,0
"me.umov.business.application.observer.TaskSavedObserver",23,2,1,3,6,3,0,5,1
"me.umov.business.application.service.idiom.IdiomWrapper",23,2,2,3,4,1,2,2,2
"me.umov.business.infrastructure.activity.ActivityDAOImpl",23,1,1,2,7,3,0,4,2
"me.umov.business.infrastructure.team.TeamDAOImpl",23,1,1,2,7,3,0,4,2
"me.umov.business.domain.itinerary.specification.WorkCycleScheduleValidator",23,1,1,1,8,5,3,6,3
"me.umov.business.domain.generic.specification.ShouldHaveValidId",23,1,1,4,8,3,4,5,1
"me.umov.business.application.interceptor.CORSInterceptor",23,1,1,2,4,0,2,2,5
"me.umov.business.application.model.dto.TaskActivityDTO",22,5,5,5,2,2,1,2,2
"me.umov.business.application.model.dto.CancelTaskDTO",22,5,5,5,2,1,3,2,1
"me.umov.business.infrastructure.cron.JobCreationResultDTO",22,4,4,2,0,0,0,2,3
"me.umov.business.infrastructure.jpa.LongArrayType",22,4,3,4,4,0,2,2,1
"me.umov.business.infrastructure.jpa.FieldConfigOriginConverterTest",22,2,2,2,5,1,0,1,0
"me.umov.business.infrastructure.jpa.AbsenceActionConverterTest",22,2,2,2,5,1,0,1,0
"me.umov.business.infrastructure.jpa.BooleanStatusConverterTest",22,2,2,2,5,1,0,1,0
"me.umov.business.domain.itinerary.specification.ShouldValidateSomeAgentsRelationWithTeams",22,1,1,4,8,3,1,4,0
"me.umov.business.domain.itinerary.specification.ShouldValidateSomeAgentsRelationWithoutAgents",22,1,1,4,8,3,1,4,0
"me.umov.business.domain.itinerary.specification.ShouldValidateTeamsByRelation",22,1,1,4,8,3,1,4,0
"me.umov.business.domain.itinerary.specification.ShouldValidateSomeTeamsRelationWithAgents",22,1,1,4,8,3,1,4,0
"me.umov.business.application.observer.ItineraryScheduleCronSchedulerObserver",22,1,1,3,6,3,0,4,1
"me.umov.business.application.observer.ItineraryCronSchedulerObserver",22,1,1,3,6,3,0,4,1
"me.umov.business.application.model.dto.ResultProcessRule",21,5,5,5,1,0,5,1,2
"me.umov.business.application.model.fixture.ItineraryServiceLocalFixture",21,4,4,4,3,1,3,1,1
"me.umov.business.domain.recurrence.CrontabExpressionTest",21,3,3,3,3,0,0,0,0
"me.umov.business.infrastructure.serialization.RecurrenceEndTypeSerializationAdapterTest",21,2,2,2,7,1,0,1,0
"me.umov.business.infrastructure.serialization.TaskSituationSerializationAdapterTest",21,2,2,2,6,1,0,1,0
"me.umov.business.infrastructure.serialization.RecurrenceTimeUnitSerializationAdapterTest",21,2,2,2,7,1,0,1,0
"me.umov.business.infrastructure.jpa.FrequencyControlTypeConverterTest",21,2,2,2,4,0,0,0,0
"me.umov.business.infrastructure.jpa.RecurrenceEndTypeConverterTest",21,2,2,2,4,1,0,1,0
"me.umov.business.infrastructure.queue.ProducerQueueAWS",21,2,2,2,2,0,1,2,2
"me.umov.business.application.service.idiom.IdiomEntryService",21,2,2,3,5,3,0,4,1
"me.umov.business.domain.itinerary.specification.ShouldValidateAgentRelationEqualsAllAgents",21,1,1,3,7,3,1,4,0
"me.umov.business.domain.itinerary.specification.ShouldValidateItineraryActivitiesOriginWithoutActivities",21,1,1,4,7,3,1,4,0
"me.umov.business.domain.itinerary.specification.ShouldValidateAutomaticActivityLoadConfig",21,1,1,4,7,3,1,4,0
"me.umov.business.domain.itinerary.specification.ShouldValidateMultipleActivitiesOrigin",21,1,1,4,7,3,1,4,0
"me.umov.business.application.observer.BeforeTaskSaveObserver",21,1,1,1,7,4,0,5,2
"me.umov.business.architecture.DomainTest",21,0,0,1,8,1,0,1,2
"me.umov.business.application.model.fixture.ResultProcessRuleFixture",20,4,4,4,2,1,2,1,1
"me.umov.business.application.model.fixture.ClientFixture",20,4,4,4,2,2,4,2,1
"me.umov.business.application.model.Interval",20,3,2,5,1,1,16,3,2
"me.umov.business.infrastructure.jpa.LocalTimeConverterTest",20,2,2,2,3,0,0,0,0
"me.umov.business.infrastructure.serialization.RecurrenceEndTypeSerializationAdapter",20,2,2,2,8,0,4,2,0
"me.umov.business.infrastructure.serialization.RecurrenceTimeUnitSerializationAdapter",20,2,2,2,8,0,4,2,0
"me.umov.business.infrastructure.serialization.RecurrenceRepeatTypeSerializationAdapter",20,2,2,2,8,0,1,2,0
"me.umov.business.infrastructure.serialization.WorkdayTaskCreationValidationSerializationAdapter",20,2,2,2,8,0,4,2,0
"me.umov.business.infrastructure.serialization.BooleanStatusSerializationAdapter",20,2,2,2,8,0,6,2,0
"me.umov.business.domain.task.TaskJpaRepository",20,2,2,2,7,1,1,2,0
"me.umov.business.application.controller.ServiceLocalControllerTest",20,1,1,1,7,2,0,2,3
"me.umov.business.domain.itinerary.specification.ShouldValidateNotNullTeamExecutionWhenItIsForSomeTeams",20,1,1,4,6,3,1,4,0
"me.umov.business.application.model.fixture.TeamModelFixture",19,4,4,4,1,1,3,1,1
"me.umov.business.infrastructure.queue.MessageDTO",19,4,3,5,0,0,2,2,1
"me.umov.business.domain.task.TaskSavedEvent",19,4,4,4,1,1,5,2,2
"me.umov.business.domain.itinerary.ItineraryScheduleSaved",19,4,4,4,1,1,4,2,2
"me.umov.business.domain.itinerary.ItinerarySaved",19,4,4,4,1,1,2,2,2
"me.umov.business.application.model.type.RecurrenceEndTypeTest",19,3,3,3,4,0,0,0,0
"me.umov.business.infrastructure.jpa.ScheduleTypeConverterTest",19,2,2,2,4,0,0,0,0
"me.umov.business.application.model.type.JourneyHourTypeTest",19,2,2,2,6,0,0,0,0
"me.umov.business.utils.specification.domain.AndSpecification",19,2,2,4,2,0,7,1,2
"me.umov.business.utils.specification.domain.OrSpecification",19,2,2,4,2,0,7,1,2
"me.umov.business.infrastructure.serialization.JourneyHourTypeSerializationAdapter",19,2,2,2,8,0,2,2,0
"me.umov.business.infrastructure.serialization.ActivityOriginSerializationAdapter",19,2,2,2,8,0,1,2,0
"me.umov.business.infrastructure.serialization.RecurrenceRepeatModeSerializationAdapter",19,2,2,2,8,0,4,2,0
"me.umov.business.infrastructure.serialization.AgentPortfolioValidationSerializationAdapter",19,2,2,2,8,0,1,2,0
"me.umov.business.infrastructure.queue.ProducerBuilder",19,2,1,2,5,0,2,1,2
"me.umov.business.domain.activityHistory.ActivityHistoryServiceImpl",19,1,1,1,5,1,3,2,3
"me.umov.business.application.controller.workcycle.WorkCycleRelationRequest",18,4,4,4,0,0,0,0,2
"me.umov.business.anticorruption.activityHistory.ActivityHistoryConverterImpl",18,2,1,3,5,3,0,5,0
"me.umov.business.infrastructure.jpa.FrequencyControlTypeConverter",18,2,2,3,4,0,2,1,0
"me.umov.business.application.controller.VersionController",18,2,2,2,4,0,1,1,1
"me.umov.business.application.repository.AgentRepository",18,2,2,2,7,2,9,4,0
"me.umov.business.infrastructure.servicelocal.activity.ServiceLocalActivityDAOImpl",18,1,1,1,5,2,0,3,2
"me.umov.business.taskschedule.application.dto.ScheduleTypeDTO",17,4,4,4,0,0,0,0,2
"me.umov.business.infrastructure.cron.RundeckProjectResponse",17,4,4,4,0,0,3,0,2
"me.umov.business.domain.itinerary.ItineraryActivityRelationsTest",17,2,2,2,4,0,0,0,0
"me.umov.business.infrastructure.jpa.ExportSituationConverter",17,2,2,3,3,0,3,1,0
"me.umov.business.infrastructure.jpa.CustomFieldTypeConverter",17,2,2,3,3,0,3,1,0
"me.umov.business.infrastructure.jpa.RecurrenceEndTypeConverter",17,2,2,3,3,0,3,1,0
"me.umov.business.infrastructure.jpa.ActivityCycleConverter",17,2,2,3,3,0,2,1,0
"me.umov.business.infrastructure.jpa.TaskScheduleActivityOriginConverter",17,2,2,3,3,0,3,1,0
"me.umov.business.infrastructure.jpa.WorkdayTaskCreationValidationConverter",17,2,2,3,3,0,3,1,0
"me.umov.business.infrastructure.jpa.TeamExecutionConverter",17,2,2,3,3,0,3,1,0
"me.umov.business.infrastructure.jpa.ItineraryAgentRelationConverter",17,2,2,3,3,0,2,1,0
"me.umov.business.infrastructure.jpa.ActivityExecutionModeConverter",17,2,2,3,3,0,2,1,0
"me.umov.business.infrastructure.jpa.RecurrenceRepeatModeConverter",17,2,2,3,3,0,3,1,0
"me.umov.business.infrastructure.jpa.AgentPorfolioValidationConverter",17,2,2,3,3,0,3,1,0
"me.umov.business.infrastructure.jpa.ScheduleTypeConverter",17,2,2,3,3,0,2,1,0
"me.umov.business.infrastructure.jpa.AbsenceActionConverter",17,2,2,3,3,0,3,1,0
"me.umov.business.infrastructure.jpa.CustomFieldSubTypeConverter",17,2,2,3,3,0,3,1,0
"me.umov.business.infrastructure.jpa.ActivityOriginConverter",17,2,2,3,3,0,3,1,0
"me.umov.business.infrastructure.jpa.FieldConfigOriginConverter",17,2,2,3,3,0,3,1,0
"me.umov.business.infrastructure.jpa.BooleanStatusConverter",17,2,2,3,3,0,3,1,0
"me.umov.business.domain.client.UserDataTest",17,1,1,1,3,1,0,3,0
"me.umov.business.utils.specification.rule.EntityConstraintValidator",17,1,1,2,7,2,0,2,0
"me.umov.business.domain.itinerary.specification.ShouldHaveItineraryInitialDateGreaterThanToday",17,1,1,3,7,3,0,4,0
"me.umov.business.domain.itinerary.specification.ShouldHaveStartDateLessThanEndDate",17,1,1,2,6,3,0,4,0
"me.umov.business.domain.itinerary.specification.ShouldHaveItineraryScheduleInitialDateGreaterThanToday",17,1,1,3,7,3,1,4,0
"me.umov.business.application.service.toggle.FeatureToggleService",17,1,1,1,6,3,2,3,1
"me.umov.business.application.model.dto.TaskSituationDTO",16,3,3,3,0,0,1,0,2
"me.umov.business.application.exception.BaseApiException",16,3,3,3,1,1,10,3,2
"me.umov.business.domain.itinerary.ItineraryAgentRelationTest",16,2,2,2,3,0,0,0,0
"me.umov.business.application.spring.AutoWiredUtils",16,2,2,2,4,0,2,1,1
"me.umov.business.application.service.CustomFieldServiceTest",16,1,1,1,5,1,0,1,2
"me.umov.business.infrastructure.serialization.HttpStatusSerializationAdapter",16,1,1,2,6,0,2,1,0
"me.umov.business.application.service.FactoryDistributionTask",16,1,1,2,5,2,2,2,1
"me.umov.business.application.repository.ItineraryTeamReposytory",16,1,1,1,3,1,2,2,0
"me.umov.business.application.model.fixture.TaskTypeModelFixture",15,3,3,3,1,1,6,1,1
"me.umov.business.application.model.fixture.CancelTaskDTOFixture",15,3,3,3,1,1,3,1,1
"me.umov.business.application.model.fixture.ActivityModelFixture",15,3,3,3,1,1,6,1,1
"me.umov.business.domain.itinerary.ScheduleQueuePayload",15,3,3,3,0,0,2,0,2
"me.umov.business.application.authorization.UMovMeJWTClaimsTest",15,2,2,2,4,0,0,0,0
"me.umov.business.application.model.dto.AssignAgentsTasksDTO",15,2,2,2,3,0,4,0,1
"me.umov.business.application.model.dto.PrioritizeTasksDTO",15,2,2,2,3,0,2,0,1
"me.umov.business.infrastructure.cron.RundeckRestConfigurationTest",15,1,1,1,5,0,0,0,0
"me.umov.business.infrastructure.serialization.HttpStatusSerializationAdapterTest",15,1,1,1,5,0,0,0,0
"me.umov.business.taskschedule.anticorruption.taskSchedule.TaskScheduleUpdateConverter",15,1,0,1,5,3,0,4,1
"me.umov.business.application.service.ActivityService",15,1,1,2,6,2,2,3,0
"me.umov.business.architecture.AnticorruptionTest",15,0,0,1,6,0,0,0,1
"me.umov.business.application.repository.BaseRepository",14,3,3,3,5,1,27,2,0
"me.umov.business.infrastructure.jpa.LongArrayTypeDescriptorTest",14,2,2,2,2,0,0,0,1
"me.umov.business.application.model.type.RecurrenceTimeUnitTest",14,2,2,2,3,0,0,0,0
"me.umov.business.infrastructure.serialization.TaskScheduleActivityOriginSerializationAdapter",14,2,2,2,3,0,1,2,0
"me.umov.business.application.model.type.WorkdayTaskCreationValidationTest",14,1,1,1,5,0,0,0,0
"me.umov.business.infrastructure.serialization.SpringfoxJsonToGsonAdapter",14,1,1,1,6,0,1,1,0
"me.umov.business.application.service.AgentService",14,1,1,1,5,3,4,4,0
"me.umov.business.domain.recurrence.RecurrenceConfigurationInterface",13,7,7,7,3,0,3,0,0
"me.umov.business.domain.workcycle.WorkCycleServicePort",13,4,4,4,4,2,5,2,0
"me.umov.business.infrastructure.serialization.AnnotationExcludeSerializationStrategy",13,2,2,2,2,0,1,1,0
"me.umov.business.infrastructure.jpa.LongArrayTypeDescriptor",13,2,1,2,1,0,2,1,2
"me.umov.business.domain.client.ClientService",13,1,1,1,2,0,6,0,2
"me.umov.business.domain.workcycle.WorkCycleJpaRepository",13,1,1,1,4,1,0,2,0
"me.umov.business.application.service.TaskConfigService",13,1,1,1,5,2,2,3,0
"me.umov.business.application.service.ServiceLocalApplicationService",13,1,1,1,4,2,6,3,0
"me.umov.business.application.model.type.AbsenceActionTest",12,1,1,1,4,0,0,0,0
"me.umov.business.infrastructure.serialization.TeamExecutionSerializationAdapter",12,1,1,1,5,0,1,1,0
"me.umov.business.infrastructure.serialization.ItineraryAgentRelationSerializationAdapter",12,1,1,1,5,0,1,1,0
"me.umov.business.infrastructure.serialization.TaskSituationSerializationAdapter",12,1,1,1,5,0,8,1,0
"me.umov.business.domain.client.ClientConfigurations",12,1,1,1,2,0,2,0,1
"me.umov.business.domain.model.builder.CustomFieldValueLoader",12,1,1,2,5,2,0,2,0
"me.umov.business.domain.servicelocal.ServiceLocalService",12,1,1,1,2,0,1,0,1
"me.umov.business.BusinessApplication",12,0,1,1,4,0,0,0,0
"me.umov.business.application.repository.ServiceLocalRepository",11,3,3,3,3,1,7,2,0
"me.umov.business.domain.task.BeforeTaskSaveEvent",11,2,2,2,1,1,3,2,1
"me.umov.business.domain.rule.builders.ValidationBuilder",11,2,1,2,4,3,7,4,0
"me.umov.business.application.exception.ResourceNotFoundException",11,2,2,2,1,0,8,2,1
"me.umov.business.domain.rule.builders.EmptyValidationBuilderTest",11,1,1,1,3,1,0,1,0
"me.umov.business.application.model.dto.CancelTaskDTOTest",11,1,1,1,4,1,0,1,0
"me.umov.business.domain.rule.builders.EmptyValidationBuilder",11,1,0,1,4,2,1,3,0
"me.umov.business.domain.activityHistory.ActivityHistoryJpaRepository",11,1,1,1,4,1,1,2,0
"me.umov.business.domain.servicelocal.ServiceLocalRepositoryImpl",11,1,1,1,2,0,0,1,1
"me.umov.business.application.repository.EventRepository",11,1,1,1,4,1,2,2,0
"me.umov.business.utils.specification.domain.CompositeSpecification",10,3,3,3,0,0,26,1,0
"me.umov.business.application.repository.CustomFieldValueRepository",10,3,3,3,3,1,2,2,0
"me.umov.business.application.model.dto.IdDTO",10,2,2,2,0,0,6,0,1
"me.umov.business.application.controller.BaseController",10,1,0,1,2,1,4,4,1
"me.umov.business.application.repository.ActivityRepository",10,1,1,1,5,3,7,6,0
"me.umov.business.domain.itinerary.ItineraryServicePort",9,6,6,6,0,0,5,0,0
"me.umov.business.application.repository.IntegrationRepository",9,2,2,2,2,0,11,0,0
"me.umov.business.architecture.IgnoreTests",9,1,1,1,2,0,0,1,0
"me.umov.business.domain.task.TaskConfigJpaRepository",9,1,1,1,4,1,1,2,0
"me.umov.business.application.repository.custom.task.TaskRepositoryCustom",9,1,1,1,5,2,3,2,0
"me.umov.business.application.model.dto.IOperationDTO",8,4,4,4,1,1,4,1,0
"me.umov.business.infrastructure.servicelocal.activity.ServiceLocalActivityJpaRepository",8,1,1,1,3,1,0,2,0
"me.umov.business.domain.task.TaskActivityJpaRepository",8,1,1,1,3,1,0,2,0
"me.umov.business.application.authorization.UMovMeJWTClaims",8,1,0,1,0,0,1,0,3
"me.umov.business.application.repository.CustomFieldRepository",8,1,1,1,3,1,2,2,0
"me.umov.business.application.exception.UnauthorizedRequestException",8,1,1,1,1,0,8,1,1
"me.umov.business.application.exception.BadRequestException",8,1,1,1,1,0,6,1,1
"me.umov.business.application.exception.InvalidOperationException",8,1,1,1,1,0,4,1,1
"me.umov.business.application.model.IntegrationModel",7,4,4,4,0,0,12,1,0
"me.umov.business.taskschedule.application.service.RelationshipConverter",7,2,2,2,2,2,2,2,0
"me.umov.business.domain.workcycle.WorkCycleGenerator",7,2,2,2,2,0,1,0,0
"me.umov.business.domain.task.TaskTypeJpaRepository",7,1,1,1,2,1,5,2,0
"me.umov.business.domain.itinerary.ItineraryActivityRelations",7,1,0,1,0,0,0,0,2
"me.umov.business.application.repository.IdiomEntryRepository",7,1,1,1,2,1,1,2,0
"me.umov.business.application.repository.TaskTypeRepository",7,1,1,1,2,1,4,2,0
"me.umov.business.application.repository.FeatureToggleRepository",7,1,1,1,2,1,2,2,0
"me.umov.business.domain.generic.specification.ShouldHaveUniqueDescriptionTest",7,0,0,1,2,1,0,1,1
"me.umov.business.domain.itinerary.ItineraryScheduleJpaRepository",7,0,0,1,3,2,12,4,0
"me.umov.business.application.service.CustomFieldService",7,0,0,1,3,2,0,3,0
"me.umov.business.application.service.TeamService",7,0,0,1,3,2,2,3,0
"me.umov.business.application.service.TaskScheduleService",7,0,0,1,3,2,0,3,0
"me.umov.business.application.service.TaskTypeService",7,0,0,1,3,2,4,3,0
"me.umov.business.application.service.ItemService",7,0,0,1,3,2,0,3,0
"me.umov.business.utils.specification.domain.ISpecification",6,3,3,3,0,0,3,0,0
"me.umov.business.utils.specification.rule.BusinessRule",6,2,2,2,1,0,35,0,0
"me.umov.business.domain.servicelocal.ServiceLocalDAO",6,2,2,2,1,0,3,0,0
"me.umov.business.application.model.dto.ICustomFields",6,2,2,2,1,0,2,0,0
"me.umov.business.taskschedule.application.service.TaskScheduleConverter",6,1,1,1,2,2,5,2,0
"me.umov.business.domain.activity.ActivityDAO",6,1,1,1,2,1,3,1,0
"me.umov.business.domain.team.TeamDAO",6,1,1,1,2,1,3,1,0
"me.umov.business.domain.agent.AgentDAO",6,1,1,1,2,1,3,1,0
"me.umov.business.application.repository.custom.ActivityRepositoryCustom",6,1,1,1,2,1,2,1,0
"me.umov.business.infrastructure.queue.analyzeRule.RuleRepository",6,0,0,1,2,0,2,1,0
"me.umov.business.infrastructure.servicelocal.ServiceLocalJpaRepository",6,0,0,1,3,3,1,5,0
"me.umov.business.domain.client.ClientRepository",6,0,0,1,2,0,1,1,0
"me.umov.business.domain.itinerary.ItineraryJpaRepository",6,0,0,1,2,1,1,2,0
"me.umov.business.application.repository.ItemRepository",6,0,0,1,2,1,3,2,0
"me.umov.business.application.repository.TeamRepository",6,0,0,1,2,1,6,3,0
"me.umov.business.application.repository.TaskNotificationRepository",6,0,0,1,2,1,2,2,0
"me.umov.business.domain.recurrence.CronProvider",5,2,2,2,0,0,5,0,0
"me.umov.business.application.controller.EntityIntegration",5,2,2,2,0,0,2,0,0
"me.umov.business.application.model.BaseModel",5,2,2,2,0,0,12,0,0
"me.umov.business.application.model.BaseClientModel",5,2,2,2,0,0,30,1,0
"me.umov.business.taskschedule.domain.ScheduledTasksCreator",5,1,1,1,1,1,3,1,0
"me.umov.business.taskschedule.application.service.ConverterFactory",5,1,1,1,1,1,1,1,0
"me.umov.business.taskschedule.application.service.RelationshipConverterFactory",5,1,1,1,1,1,1,1,0
"me.umov.business.application.controller.activityhistory.ActivityHistoryConverter",5,1,1,1,1,1,1,1,0
"me.umov.business.application.controller.workcycle.WorkCycleScheduleConverter",5,1,1,1,1,1,1,1,0
"me.umov.business.application.controller.servicelocal.ServiceLocalConverter",5,1,1,1,1,1,1,1,0
"me.umov.business.infrastructure.activity.ActivityJpaRepository",5,0,0,1,2,2,1,3,0
"me.umov.business.infrastructure.team.TeamJpaRepository",5,0,0,1,2,2,0,3,0
"me.umov.business.infrastructure.agent.AgentJpaRepository",5,0,0,1,2,2,0,3,0
"me.umov.business.infrastructure.configuration.SpringConfiguration",4,1,1,1,0,0,2,0,0
"me.umov.business.infrastructure.queue.ProducerNotification",4,1,1,1,0,0,3,0,0
"me.umov.business.domain.recurrence.Recurrent",4,1,1,1,0,0,2,1,0
"me.umov.business.domain.recurrence.IDateInterval",4,1,1,1,0,0,5,0,0
"me.umov.business.domain.activityHistory.ActivityHistoryService",4,1,1,1,0,0,3,0,0
"me.umov.business.domain.event.DomainEventListener",4,1,1,1,0,0,7,0,0
"me.umov.business.domain.servicelocal.ServiceLocalActivityDAO",4,1,1,1,0,0,3,0,0
"me.umov.business.domain.servicelocal.ServiceLocalRepository",4,1,1,1,0,0,1,0,0
"me.umov.business.application.exception.InvalidIntervalException",4,0,0,1,0,0,6,1,1
"me.umov.business.application.service.TaskScheduleServiceTest",3,0,0,1,0,0,0,0,0
"me.umov.business.domain.event.DomainEvent",3,0,0,1,0,0,6,0,0
