[
  {
    "type": "library.Agent",
    "size": 13,
    "dependencies": []
  },
  {
    "type": "library.Author",
    "size": 35,
    "dependencies": []
  },
  {
    "type": "library.Book",
    "size": 34,
    "dependencies": []
  },
  {
    "type": "library.Editor",
    "size": 18,
    "dependencies": []
  },
  {
    "type": "library.exceptions.InvalidAuthorException",
    "size": 7,
    "dependencies": []
  },
  {
    "type": "library.exceptions.InvalidEditorException",
    "size": 7,
    "dependencies": []
  },
  {
    "type": "library.exceptions.InvalidPublicationException",
    "size": 7,
    "dependencies": []
  },
  {
    "type": "library.Magazine",
    "size": 26,
    "dependencies": []
  },
  {
    "type": "library.Paper",
    "size": 42,
    "dependencies": []
  },
  {
    "type": "library.Publication",
    "size": 38,
    "dependencies": []
  },
  {
    "type": "library.Subject",
    "size": 21,
    "dependencies": []
  },
  {
    "type": "repository.DataRepository",
    "size": 18,
    "dependencies": [
      "library.Author",
      "library.Editor",
      "library.Publication",
      "library.exceptions.InvalidAuthorException",
      "library.exceptions.InvalidEditorException",
      "library.exceptions.InvalidPublicationException"
    ]
  },
  {
    "type": "repository.InMemoryRepository",
    "size": 61,
    "dependencies": [
      "library.Agent",
      "library.Author",
      "library.Editor",
      "library.Publication",
      "library.exceptions.InvalidAuthorException",
      "library.exceptions.InvalidEditorException",
      "library.exceptions.InvalidPublicationException"
    ]
  },
  {
    "type": "services.LibraryService",
    "size": 42,
    "dependencies": [
      "library.Author",
      "library.Editor",
      "library.Publication",
      "library.exceptions.InvalidAuthorException",
      "library.exceptions.InvalidEditorException",
      "library.exceptions.InvalidPublicationException",
      "repository.DataRepository"
    ]
  }
]
