[{"type":"jdepend.framework.ClassFileParser","size":572,"dependencies":[]},{"type":"jdepend.textui.JDepend","size":359,"dependencies":["jdepend.framework.JavaClass","jdepend.framework.JavaPackage","jdepend.framework.PackageComparator","jdepend.framework.PackageFilter"]},{"type":"jdepend.swingui.JDepend","size":346,"dependencies":["jdepend.framework.JavaClass","jdepend.framework.JavaPackage","jdepend.framework.PackageComparator","jdepend.framework.PackageFilter","jdepend.framework.ParserListener"]},{"type":"jdepend.framework.JavaPackage","size":161,"dependencies":[]},{"type":"jdepend.framework.CycleTest","size":147,"dependencies":[]},{"type":"jdepend.xmlui.JDepend","size":135,"dependencies":["jdepend.framework.JavaClass","jdepend.framework.JavaPackage"]},{"type":"jdepend.framework.CollectAllCyclesTest","size":135,"dependencies":[]},{"type":"jdepend.framework.JDepend","size":129,"dependencies":[]},{"type":"jdepend.framework.ClassFileParserTest","size":120,"dependencies":[]},{"type":"jdepend.framework.MetricTest","size":101,"dependencies":[]},{"type":"jdepend.framework.JarFileParserTest","size":89,"dependencies":[]},{"type":"jdepend.framework.PropertyConfigurator","size":89,"dependencies":[]},{"type":"jdepend.framework.FileManager","size":86,"dependencies":[]},{"type":"jdepend.framework.DependencyConstraint","size":85,"dependencies":["jdepend.framework.JavaPackage"]},{"type":"jdepend.framework.ExampleTest","size":85,"dependencies":[]},{"type":"jdepend.framework.JavaClassBuilder","size":84,"dependencies":[]},{"type":"jdepend.framework.ComponentTest","size":83,"dependencies":[]},{"type":"jdepend.swingui.PackageNode","size":81,"dependencies":[]},{"type":"jdepend.framework.ConstraintTest","size":72,"dependencies":[]},{"type":"jdepend.framework.FileManagerTest","size":71,"dependencies":[]},{"type":"jdepend.swingui.DependTreeModel","size":68,"dependencies":[]},{"type":"jdepend.framework.JavaClass","size":65,"dependencies":[]},{"type":"epayment.request.PaymentRequest","size":63,"dependencies":["epayment.framework.IPaymentRequest"]},{"type":"jdepend.swingui.AboutDialog","size":59,"dependencies":[]},{"type":"jdepend.swingui.DependTree","size":56,"dependencies":["jdepend.framework.JavaPackage"]},{"type":"jdepend.framework.FilterTest","size":52,"dependencies":[]},{"type":"jdepend.framework.ExampleConcreteClass","size":49,"dependencies":[]},{"type":"jdepend.framework.PropertyConfiguratorTest","size":46,"dependencies":[]},{"type":"jdepend.framework.JDependTestCase","size":45,"dependencies":[]},{"type":"jdepend.framework.PackageFilter","size":45,"dependencies":[]},{"type":"jdepend.framework.AbstractParser","size":38,"dependencies":[]},{"type":"epayment.processor.PaymentProcessor","size":35,"dependencies":["epayment.framework.IGatewayAdapter","epayment.framework.IPaymentCommand","epayment.framework.IPaymentResponse","epayment.framework.PaymentException"]},{"type":"epayment.adapters.ABCGatewayAdapter","size":34,"dependencies":["epayment.framework.IGatewayAdapter","epayment.framework.IPaymentRequest","epayment.framework.IPaymentResponse","epayment.framework.PaymentException","epayment.response.PaymentResponse"]},{"type":"epayment.adapters.XYZGatewayAdapter","size":33,"dependencies":["epayment.framework.IGatewayAdapter","epayment.framework.IPaymentRequest","epayment.framework.IPaymentResponse","epayment.framework.PaymentException","epayment.response.PaymentResponse"]},{"type":"jdepend.swingui.EfferentNode","size":29,"dependencies":[]},{"type":"epayment.response.PaymentResponse","size":28,"dependencies":["epayment.framework.IPaymentResponse"]},{"type":"jdepend.framework.PackageComparator","size":28,"dependencies":[]},{"type":"jdepend.framework.AllTests","size":23,"dependencies":[]},{"type":"jdepend.swingui.AfferentNode","size":21,"dependencies":[]},{"type":"jdepend.framework.ExampleAbstractClass","size":17,"dependencies":[]},{"type":"jdepend.swingui.StatusPanel","size":16,"dependencies":[]},{"type":"jdepend.framework.ProfilingHarness","size":16,"dependencies":[]},{"type":"epayment.framework.IGatewayAdapter","size":14,"dependencies":[]},{"type":"epayment.framework.AbstractPaymentCommand","size":12,"dependencies":[]},{"type":"epayment.commands.AuthorizeCommand","size":11,"dependencies":[]},{"type":"epayment.commands.CaptureCommand","size":11,"dependencies":[]},{"type":"epayment.commands.CreditCommand","size":11,"dependencies":[]},{"type":"epayment.commands.SaleCommand","size":11,"dependencies":[]},{"type":"epayment.commands.VoidSaleCommand","size":11,"dependencies":[]},{"type":"epayment.framework.IPaymentRequest","size":10,"dependencies":[]},{"type":"epayment.processor.PaymentProcessorConfigurator","size":10,"dependencies":["epayment.framework.IGatewayAdapter"]},{"type":"jdepend.framework.ExampleInterface","size":8,"dependencies":[]},{"type":"epayment.framework.IPaymentResponse","size":6,"dependencies":[]},{"type":"epayment.framework.PaymentException","size":6,"dependencies":[]},{"type":"epayment.framework.IPaymentCommand","size":5,"dependencies":[]},{"type":"jdepend.framework.ParserListener","size":4,"dependencies":[]}]