[{"type":"me.umov.zeus.domain.creation.model.Environment","size":130,"dependencies":[]},{"type":"me.umov.zeus.application.startcreation.EnvironmentRequest","size":100,"dependencies":[]},{"type":"me.umov.zeus.domain.creation.model.Mold","size":92,"dependencies":[]},{"type":"me.umov.zeus.infrastructure.database.dao.EnvironmentDAO","size":74,"dependencies":["me.umov.zeus.domain.creation.complementary.CloneRepository","me.umov.zeus.domain.creation.initial.InitialRepository","me.umov.zeus.domain.creation.model.Environment","me.umov.zeus.domain.creation.model.Mold","me.umov.zeus.domain.creation.rules.DomainRepository"]},{"type":"me.umov.zeus.infrastructure.database.entity.ScheduleCreationEnvironment","size":68,"dependencies":[]},{"type":"me.umov.zeus.domain.creation.model.User","size":68,"dependencies":[]},{"type":"me.umov.zeus.application.reprocess.Reprocessor","size":62,"dependencies":["me.umov.zeus.domain.creation.model.Identity","me.umov.zeus.domain.creation.model.Mold","me.umov.zeus.domain.creation.model.MoldState","me.umov.zeus.domain.creation.model.SourceData","me.umov.zeus.infrastructure.database.dao.ClientDao","me.umov.zeus.infrastructure.database.dao.EnvironmentDAO","me.umov.zeus.infrastructure.database.dao.ScheduleCreationEnvironmentDAO","me.umov.zeus.infrastructure.database.entity.Client","me.umov.zeus.infrastructure.database.entity.ScheduleCreationEnvironment","me.umov.zeus.infrastructure.services.aws.MessageDTO","me.umov.zeus.infrastructure.services.aws.ProducerNotification"]},{"type":"me.umov.zeus.infrastructure.configuration.AmazonSQSConfiguration","size":56,"dependencies":[]},{"type":"me.umov.zeus.application.observers.WelcomeNotifier","size":55,"dependencies":["me.umov.zeus.domain.creation.initial.EnvironmentCreationHeld","me.umov.zeus.domain.event.Listener","me.umov.zeus.infrastructure.database.dao.PartnerDAO","me.umov.zeus.infrastructure.database.entity.Partner","me.umov.zeus.infrastructure.services.jaiminho.JaiminhoRequest","me.umov.zeus.infrastructure.services.jaiminho.JaiminhoResponse","me.umov.zeus.infrastructure.services.jaiminho.JaiminhoService"]},{"type":"me.umov.zeus.infrastructure.database.entity.Partner","size":48,"dependencies":[]},{"type":"me.umov.zeus.infrastructure.database.entity.Client","size":45,"dependencies":[]},{"type":"me.umov.zeus.domain.creation.model.Contract","size":45,"dependencies":[]},{"type":"me.umov.zeus.application.observers.NotifyComplementaryData","size":44,"dependencies":["me.umov.zeus.domain.creation.initial.EnvironmentCreationHeld","me.umov.zeus.domain.event.Listener","me.umov.zeus.infrastructure.database.dao.ScheduleCreationEnvironmentDAO","me.umov.zeus.infrastructure.database.entity.ScheduleCreationEnvironment","me.umov.zeus.infrastructure.services.aws.MessageDTO","me.umov.zeus.infrastructure.services.aws.ProducerNotification"]},{"type":"me.umov.zeus.domain.creation.initial.EnvironmentCreationHeld","size":42,"dependencies":["me.umov.zeus.domain.creation.model.CreationResult","me.umov.zeus.domain.creation.model.Environment","me.umov.zeus.domain.event.DomainEvent"]},{"type":"me.umov.zeus.infrastructure.database.dao.ClientDao","size":41,"dependencies":["me.umov.zeus.infrastructure.database.entity.Client"]},{"type":"me.umov.zeus.domain.creation.complementary.Cloner","size":39,"dependencies":["me.umov.zeus.domain.creation.complementary.cloner.ChainResponsibilityClone","me.umov.zeus.domain.creation.complementary.cloner.ChainResponsibilityFactory","me.umov.zeus.domain.creation.model.Mold","me.umov.zeus.domain.event.RegisterEvents"]},{"type":"me.umov.zeus.application.startcreation.CreatorController","size":39,"dependencies":["me.umov.zeus.domain.creation.initial.Start","me.umov.zeus.domain.creation.model.CreationResult","me.umov.zeus.domain.creation.model.Environment"]},{"type":"me.umov.zeus.domain.creation.model.MoldState","size":37,"dependencies":[]},{"type":"me.umov.zeus.infrastructure.services.FTP","size":37,"dependencies":["me.umov.zeus.domain.creation.initial.FTPService","me.umov.zeus.domain.creation.model.Environment"]},{"type":"me.umov.zeus.domain.creation.rules.InitialCreationRules","size":37,"dependencies":["me.umov.zeus.domain.creation.initial.Rules","me.umov.zeus.domain.creation.model.Environment"]},{"type":"me.umov.zeus.infrastructure.services.jaiminho.JaiminhoService","size":37,"dependencies":[]},{"type":"me.umov.zeus.anticorruption.ComplementaryDataConverter","size":36,"dependencies":["me.umov.zeus.application.complementary.CloneConverter","me.umov.zeus.application.complementary.MessageDTO","me.umov.zeus.domain.creation.model.Identity","me.umov.zeus.domain.creation.model.Mold","me.umov.zeus.domain.creation.model.MoldState","me.umov.zeus.domain.creation.model.SourceData","me.umov.zeus.infrastructure.database.dao.ClientDao","me.umov.zeus.infrastructure.database.dao.ScheduleCreationEnvironmentDAO","me.umov.zeus.infrastructure.database.entity.Client","me.umov.zeus.infrastructure.database.entity.ScheduleCreationEnvironment"]},{"type":"me.umov.zeus.domain.creation.model.SourceData","size":34,"dependencies":[]},{"type":"me.umov.zeus.infrastructure.database.entity.SystemParameter","size":32,"dependencies":[]},{"type":"me.umov.zeus.domain.creation.initial.Start","size":32,"dependencies":["me.umov.zeus.domain.creation.model.CreationResult","me.umov.zeus.domain.creation.model.Environment","me.umov.zeus.domain.event.RegisterEvents"]},{"type":"me.umov.zeus.domain.creation.complementary.cloner.ChainResponsibilityClone","size":31,"dependencies":["me.umov.zeus.domain.creation.complementary.CloneRepository","me.umov.zeus.domain.creation.model.Mold"]},{"type":"me.umov.zeus.infrastructure.services.jaiminho.JaiminhoRequest","size":30,"dependencies":[]},{"type":"me.umov.zeus.domain.creation.model.Setting","size":29,"dependencies":[]},{"type":"me.umov.zeus.anticorruption.EnvironmentConverterImpl","size":29,"dependencies":["me.umov.zeus.application.startcreation.EnvironmentConverter","me.umov.zeus.application.startcreation.EnvironmentRequest","me.umov.zeus.domain.creation.model.Contract","me.umov.zeus.domain.creation.model.Encryptor","me.umov.zeus.domain.creation.model.Environment","me.umov.zeus.domain.creation.model.Identity","me.umov.zeus.domain.creation.model.Setting","me.umov.zeus.domain.creation.model.SourceData","me.umov.zeus.domain.creation.model.User","me.umov.zeus.infrastructure.database.dao.SystemParametersDAO","me.umov.zeus.infrastructure.services.PasswordEncriptorService"]},{"type":"me.umov.zeus.application.startcreation.EnvironmentResponse","size":28,"dependencies":["me.umov.zeus.domain.creation.model.CreationResult"]},{"type":"me.umov.zeus.domain.creation.model.Identity","size":27,"dependencies":[]},{"type":"me.umov.zeus.infrastructure.configuration.RestConfiguration","size":27,"dependencies":[]},{"type":"me.umov.zeus.domain.event.RegisterEvents","size":27,"dependencies":[]},{"type":"me.umov.zeus.application.complementary.Maker","size":27,"dependencies":["me.umov.zeus.domain.creation.complementary.Cloner","me.umov.zeus.domain.creation.model.Mold"]},{"type":"me.umov.zeus.infrastructure.services.aws.ProducerQueueAWS","size":26,"dependencies":[]},{"type":"me.umov.zeus.infrastructure.database.entity.ReservedEnvironment","size":24,"dependencies":[]},{"type":"me.umov.zeus.application.reprocess.ClientResponse","size":22,"dependencies":[]},{"type":"me.umov.zeus.infrastructure.services.jaiminho.JaiminhoResponse","size":22,"dependencies":[]},{"type":"me.umov.zeus.application.complementary.ComplementaryConsumer","size":21,"dependencies":[]},{"type":"me.umov.zeus.infrastructure.services.aws.MessageDTO","size":19,"dependencies":[]},{"type":"me.umov.zeus.domain.creation.model.CreationResult","size":19,"dependencies":[]},{"type":"me.umov.zeus.infrastructure.services.PasswordEncriptorService","size":19,"dependencies":["me.umov.zeus.domain.creation.model.Encryptor","me.umov.zeus.infrastructure.database.dao.SystemParametersDAO","me.umov.zeus.infrastructure.database.entity.SystemParameter"]},{"type":"me.umov.zeus.domain.creation.complementary.cloner.CreatorComplementary","size":19,"dependencies":["me.umov.zeus.domain.creation.model.Mold"]},{"type":"me.umov.zeus.domain.creation.complementary.cloner.ChainResponsibilityFactory","size":19,"dependencies":["me.umov.zeus.domain.creation.model.Mold"]},{"type":"me.umov.zeus.application.version.VersionController","size":18,"dependencies":[]},{"type":"me.umov.zeus.domain.creation.initial.Creator","size":18,"dependencies":["me.umov.zeus.domain.creation.model.Environment"]},{"type":"me.umov.zeus.application.complementary.MessageDTO","size":16,"dependencies":[]},{"type":"me.umov.zeus.domain.creation.complementary.cloner.Albieri","size":16,"dependencies":["me.umov.zeus.domain.creation.model.Mold"]},{"type":"me.umov.zeus.domain.creation.rules.DomainIsNotAlphanumeric","size":16,"dependencies":["me.umov.zeus.domain.creation.model.Environment","me.umov.zeus.domain.specification.CompositeSpecification"]},{"type":"me.umov.zeus.domain.creation.rules.ValidEmailAddress","size":16,"dependencies":["me.umov.zeus.domain.creation.model.Environment","me.umov.zeus.domain.specification.CompositeSpecification"]},{"type":"me.umov.zeus.domain.creation.rules.DomainReserved","size":14,"dependencies":["me.umov.zeus.domain.creation.model.Environment","me.umov.zeus.domain.specification.CompositeSpecification"]},{"type":"me.umov.zeus.domain.creation.rules.DomainExist","size":14,"dependencies":["me.umov.zeus.domain.creation.model.Environment","me.umov.zeus.domain.specification.CompositeSpecification"]},{"type":"me.umov.zeus.UmovmeZeusApplication","size":14,"dependencies":[]},{"type":"me.umov.zeus.infrastructure.database.dao.ScheduleCreationEnvironmentDAO","size":13,"dependencies":["me.umov.zeus.infrastructure.database.entity.ScheduleCreationEnvironment"]},{"type":"me.umov.zeus.domain.creation.complementary.CloneAccomplished","size":12,"dependencies":["me.umov.zeus.domain.creation.model.Mold","me.umov.zeus.domain.event.DomainEvent"]},{"type":"me.umov.zeus.domain.specification.AndSpecification","size":12,"dependencies":[]},{"type":"me.umov.zeus.domain.specification.OrSpecification","size":12,"dependencies":[]},{"type":"me.umov.zeus.domain.specification.CompositeSpecification","size":10,"dependencies":[]},{"type":"me.umov.zeus.infrastructure.database.dao.ReservedEnvironmentDao","size":8,"dependencies":["me.umov.zeus.infrastructure.database.entity.ReservedEnvironment"]},{"type":"me.umov.zeus.infrastructure.database.dao.SystemParametersDAO","size":8,"dependencies":["me.umov.zeus.infrastructure.database.entity.SystemParameter"]},{"type":"me.umov.zeus.domain.creation.complementary.CloneRepository","size":7,"dependencies":["me.umov.zeus.domain.creation.model.Mold"]},{"type":"me.umov.zeus.application.reprocess.ClientRequest","size":7,"dependencies":[]},{"type":"me.umov.zeus.infrastructure.database.dao.PartnerDAO","size":7,"dependencies":["me.umov.zeus.infrastructure.database.entity.Partner"]},{"type":"me.umov.zeus.domain.specification.ISpecification","size":6,"dependencies":[]},{"type":"me.umov.zeus.domain.creation.rules.DomainRepository","size":6,"dependencies":["me.umov.zeus.domain.creation.model.Environment"]},{"type":"me.umov.zeus.domain.event.Listener","size":5,"dependencies":[]},{"type":"me.umov.zeus.domain.creation.initial.FTPService","size":5,"dependencies":["me.umov.zeus.domain.creation.model.Environment"]},{"type":"me.umov.zeus.domain.creation.initial.InitialRepository","size":5,"dependencies":["me.umov.zeus.domain.creation.model.Environment"]},{"type":"me.umov.zeus.domain.creation.initial.Rules","size":5,"dependencies":["me.umov.zeus.domain.creation.model.Environment"]},{"type":"me.umov.zeus.application.startcreation.EnvironmentConverter","size":5,"dependencies":["me.umov.zeus.domain.creation.model.Environment"]},{"type":"me.umov.zeus.application.complementary.CloneConverter","size":5,"dependencies":["me.umov.zeus.domain.creation.model.Mold"]},{"type":"me.umov.zeus.infrastructure.services.aws.ProducerNotification","size":4,"dependencies":[]},{"type":"me.umov.zeus.domain.creation.model.Encryptor","size":4,"dependencies":[]},{"type":"me.umov.zeus.domain.event.DomainEvent","size":3,"dependencies":[]}]