{"name":"variants","children":[{"name":"me.umov.zeus.anticorruption","children":[{"name":"ComplementaryDataConverter","sloc":36,"wmc":1},{"name":"EnvironmentConverterImpl","sloc":29,"wmc":1}]},{"name":"me.umov.zeus.infrastructure.configuration","children":[{"name":"RestConfiguration","sloc":27,"wmc":5},{"name":"AmazonSQSConfiguration","sloc":56,"wmc":7}]},{"name":"me.umov.zeus.infrastructure.database.entity","children":[{"name":"SystemParameter","sloc":32,"wmc":6},{"name":"Partner","sloc":48,"wmc":10},{"name":"ReservedEnvironment","sloc":24,"wmc":4},{"name":"ScheduleCreationEnvironment","sloc":68,"wmc":14},{"name":"Client","sloc":45,"wmc":9}]},{"name":"me.umov.zeus.infrastructure.database.dao","children":[{"name":"EnvironmentDAO","sloc":74,"wmc":8},{"name":"ReservedEnvironmentDao","sloc":8,"wmc":1},{"name":"ClientDao","sloc":41,"wmc":6},{"name":"SystemParametersDAO","sloc":8,"wmc":1},{"name":"PartnerDAO","sloc":7,"wmc":1},{"name":"ScheduleCreationEnvironmentDAO","sloc":13,"wmc":2}]},{"name":"me.umov.zeus.infrastructure.services.jaiminho","children":[{"name":"JaiminhoResponse","sloc":22,"wmc":4},{"name":"JaiminhoRequest","sloc":30,"wmc":7},{"name":"JaiminhoService","sloc":37,"wmc":2}]},{"name":"me.umov.zeus.infrastructure.services","children":[{"name":"FTP","sloc":37,"wmc":4},{"name":"PasswordEncriptorService","sloc":19,"wmc":2}]},{"name":"me.umov.zeus.infrastructure.services.aws","children":[{"name":"MessageDTO","sloc":19,"wmc":5},{"name":"ProducerQueueAWS","sloc":26,"wmc":2},{"name":"ProducerNotification","sloc":4,"wmc":1}]},{"name":"me.umov.zeus.domain.creation.initial","children":[{"name":"FTPService","sloc":5,"wmc":1},{"name":"Start","sloc":32,"wmc":1},{"name":"Creator","sloc":18,"wmc":1},{"name":"InitialRepository","sloc":5,"wmc":1},{"name":"EnvironmentCreationHeld","sloc":42,"wmc":11},{"name":"Rules","sloc":5,"wmc":1}]},{"name":"me.umov.zeus.domain.creation.rules","children":[{"name":"DomainIsNotAlphanumeric","sloc":16,"wmc":1},{"name":"DomainRepository","sloc":6,"wmc":2},{"name":"InitialCreationRules","sloc":37,"wmc":5},{"name":"DomainReserved","sloc":14,"wmc":1},{"name":"DomainExist","sloc":14,"wmc":1},{"name":"ValidEmailAddress","sloc":16,"wmc":1}]},{"name":"me.umov.zeus.domain.creation.complementary.cloner","children":[{"name":"ChainResponsibilityClone","sloc":31,"wmc":8},{"name":"CreatorComplementary","sloc":19,"wmc":2},{"name":"Albieri","sloc":16,"wmc":2},{"name":"ChainResponsibilityFactory","sloc":19,"wmc":3}]},{"name":"me.umov.zeus.domain.creation.complementary","children":[{"name":"CloneRepository","sloc":7,"wmc":3},{"name":"Cloner","sloc":39,"wmc":4},{"name":"CloneAccomplished","sloc":12,"wmc":2}]},{"name":"me.umov.zeus.domain.creation.model","children":[{"name":"Setting","sloc":29,"wmc":5},{"name":"Encryptor","sloc":4,"wmc":1},{"name":"Environment","sloc":130,"wmc":41},{"name":"MoldState","sloc":37,"wmc":12},{"name":"SourceData","sloc":34,"wmc":9},{"name":"CreationResult","sloc":19,"wmc":4},{"name":"Mold","sloc":92,"wmc":25},{"name":"Contract","sloc":45,"wmc":12},{"name":"User","sloc":68,"wmc":21},{"name":"Identity","sloc":27,"wmc":7}]},{"name":"me.umov.zeus.domain.specification","children":[{"name":"AndSpecification","sloc":12,"wmc":2},{"name":"CompositeSpecification","sloc":10,"wmc":3},{"name":"OrSpecification","sloc":12,"wmc":2},{"name":"ISpecification","sloc":6,"wmc":3}]},{"name":"me.umov.zeus.domain.event","children":[{"name":"RegisterEvents","sloc":27,"wmc":9},{"name":"Listener","sloc":5,"wmc":2},{"name":"DomainEvent","sloc":3,"wmc":1}]},{"name":"me.umov.zeus.application.reprocess","children":[{"name":"Reprocessor","sloc":62,"wmc":7},{"name":"ClientRequest","sloc":7,"wmc":1},{"name":"ClientResponse","sloc":22,"wmc":5}]},{"name":"me.umov.zeus.application.startcreation","children":[{"name":"EnvironmentResponse","sloc":28,"wmc":6},{"name":"EnvironmentRequest","sloc":100,"wmc":29},{"name":"EnvironmentConverter","sloc":5,"wmc":1},{"name":"CreatorController","sloc":39,"wmc":1}]},{"name":"me.umov.zeus.application.observers","children":[{"name":"NotifyComplementaryData","sloc":44,"wmc":5},{"name":"WelcomeNotifier","sloc":55,"wmc":8}]},{"name":"me.umov.zeus.application.version","children":[{"name":"VersionController","sloc":18,"wmc":2}]},{"name":"me.umov.zeus.application.complementary","children":[{"name":"ComplementaryConsumer","sloc":21,"wmc":2},{"name":"MessageDTO","sloc":16,"wmc":4},{"name":"Maker","sloc":27,"wmc":1},{"name":"CloneConverter","sloc":5,"wmc":1}]},{"name":"me.umov.zeus","children":[{"name":"UmovmeZeusApplication","sloc":14,"wmc":1}]}]}