{"nodes":[{"name":"me.umov.zeus.domain.creation.model","label":"me.umov.zeus.domain.creation.model","id":"me.umov.zeus.domain.creation.model","size":14},{"name":"me.umov.zeus.infrastructure.database.dao","label":"me.umov.zeus.infrastructure.database.dao","id":"me.umov.zeus.infrastructure.database.dao","size":6},{"name":"me.umov.zeus.domain.creation.initial","label":"me.umov.zeus.domain.creation.initial","id":"me.umov.zeus.domain.creation.initial","size":6},{"name":"me.umov.zeus.domain.creation.rules","label":"me.umov.zeus.domain.creation.rules","id":"me.umov.zeus.domain.creation.rules","size":6},{"name":"me.umov.zeus.infrastructure.database.entity","label":"me.umov.zeus.infrastructure.database.entity","id":"me.umov.zeus.infrastructure.database.entity","size":5},{"name":"me.umov.zeus.domain.creation.complementary.cloner","label":"me.umov.zeus.domain.creation.complementary.cloner","id":"me.umov.zeus.domain.creation.complementary.cloner","size":4},{"name":"me.umov.zeus.domain.specification","label":"me.umov.zeus.domain.specification","id":"me.umov.zeus.domain.specification","size":4},{"name":"me.umov.zeus.application.startcreation","label":"me.umov.zeus.application.startcreation","id":"me.umov.zeus.application.startcreation","size":4},{"name":"me.umov.zeus.application.complementary","label":"me.umov.zeus.application.complementary","id":"me.umov.zeus.application.complementary","size":4},{"name":"me.umov.zeus.infrastructure.services.jaiminho","label":"me.umov.zeus.infrastructure.services.jaiminho","id":"me.umov.zeus.infrastructure.services.jaiminho","size":3},{"name":"me.umov.zeus.infrastructure.services.aws","label":"me.umov.zeus.infrastructure.services.aws","id":"me.umov.zeus.infrastructure.services.aws","size":3},{"name":"me.umov.zeus.domain.creation.complementary","label":"me.umov.zeus.domain.creation.complementary","id":"me.umov.zeus.domain.creation.complementary","size":3},{"name":"me.umov.zeus.domain.event","label":"me.umov.zeus.domain.event","id":"me.umov.zeus.domain.event","size":3},{"name":"me.umov.zeus.application.reprocess","label":"me.umov.zeus.application.reprocess","id":"me.umov.zeus.application.reprocess","size":3},{"name":"me.umov.zeus.anticorruption","label":"me.umov.zeus.anticorruption","id":"me.umov.zeus.anticorruption","size":2},{"name":"me.umov.zeus.infrastructure.configuration","label":"me.umov.zeus.infrastructure.configuration","id":"me.umov.zeus.infrastructure.configuration","size":2},{"name":"me.umov.zeus.infrastructure.services","label":"me.umov.zeus.infrastructure.services","id":"me.umov.zeus.infrastructure.services","size":2},{"name":"me.umov.zeus.application.observers","label":"me.umov.zeus.application.observers","id":"me.umov.zeus.application.observers","size":2},{"name":"me.umov.zeus.application.version","label":"me.umov.zeus.application.version","id":"me.umov.zeus.application.version","size":1},{"name":"me.umov.zeus","label":"me.umov.zeus","id":"me.umov.zeus","size":1}],"links":[{"source":"me.umov.zeus.infrastructure.database.dao","target":"me.umov.zeus.domain.creation.complementary"},{"source":"me.umov.zeus.infrastructure.database.dao","target":"me.umov.zeus.domain.creation.initial"},{"source":"me.umov.zeus.infrastructure.database.dao","target":"me.umov.zeus.domain.creation.model"},{"source":"me.umov.zeus.infrastructure.database.dao","target":"me.umov.zeus.domain.creation.rules"},{"source":"me.umov.zeus.infrastructure.database.dao","target":"me.umov.zeus.infrastructure.database.entity"},{"source":"me.umov.zeus.domain.creation.initial","target":"me.umov.zeus.domain.creation.model"},{"source":"me.umov.zeus.domain.creation.initial","target":"me.umov.zeus.domain.event"},{"source":"me.umov.zeus.domain.creation.rules","target":"me.umov.zeus.domain.creation.initial"},{"source":"me.umov.zeus.domain.creation.rules","target":"me.umov.zeus.domain.creation.model"},{"source":"me.umov.zeus.domain.creation.rules","target":"me.umov.zeus.domain.specification"},{"source":"me.umov.zeus.domain.creation.complementary.cloner","target":"me.umov.zeus.domain.creation.complementary"},{"source":"me.umov.zeus.domain.creation.complementary.cloner","target":"me.umov.zeus.domain.creation.model"},{"source":"me.umov.zeus.application.startcreation","target":"me.umov.zeus.domain.creation.initial"},{"source":"me.umov.zeus.application.startcreation","target":"me.umov.zeus.domain.creation.model"},{"source":"me.umov.zeus.application.complementary","target":"me.umov.zeus.domain.creation.complementary"},{"source":"me.umov.zeus.application.complementary","target":"me.umov.zeus.domain.creation.model"},{"source":"me.umov.zeus.domain.creation.complementary","target":"me.umov.zeus.domain.creation.complementary.cloner"},{"source":"me.umov.zeus.domain.creation.complementary","target":"me.umov.zeus.domain.creation.model"},{"source":"me.umov.zeus.domain.creation.complementary","target":"me.umov.zeus.domain.event"},{"source":"me.umov.zeus.application.reprocess","target":"me.umov.zeus.domain.creation.model"},{"source":"me.umov.zeus.application.reprocess","target":"me.umov.zeus.infrastructure.database.dao"},{"source":"me.umov.zeus.application.reprocess","target":"me.umov.zeus.infrastructure.database.entity"},{"source":"me.umov.zeus.application.reprocess","target":"me.umov.zeus.infrastructure.services.aws"},{"source":"me.umov.zeus.anticorruption","target":"me.umov.zeus.application.complementary"},{"source":"me.umov.zeus.anticorruption","target":"me.umov.zeus.application.startcreation"},{"source":"me.umov.zeus.anticorruption","target":"me.umov.zeus.domain.creation.model"},{"source":"me.umov.zeus.anticorruption","target":"me.umov.zeus.infrastructure.database.dao"},{"source":"me.umov.zeus.anticorruption","target":"me.umov.zeus.infrastructure.database.entity"},{"source":"me.umov.zeus.anticorruption","target":"me.umov.zeus.infrastructure.services"},{"source":"me.umov.zeus.infrastructure.services","target":"me.umov.zeus.domain.creation.initial"},{"source":"me.umov.zeus.infrastructure.services","target":"me.umov.zeus.domain.creation.model"},{"source":"me.umov.zeus.infrastructure.services","target":"me.umov.zeus.infrastructure.database.dao"},{"source":"me.umov.zeus.infrastructure.services","target":"me.umov.zeus.infrastructure.database.entity"},{"source":"me.umov.zeus.application.observers","target":"me.umov.zeus.domain.creation.initial"},{"source":"me.umov.zeus.application.observers","target":"me.umov.zeus.domain.event"},{"source":"me.umov.zeus.application.observers","target":"me.umov.zeus.infrastructure.database.dao"},{"source":"me.umov.zeus.application.observers","target":"me.umov.zeus.infrastructure.database.entity"},{"source":"me.umov.zeus.application.observers","target":"me.umov.zeus.infrastructure.services.aws"},{"source":"me.umov.zeus.application.observers","target":"me.umov.zeus.infrastructure.services.jaiminho"}]}