"type","sloc","nom","npm","wmc","dep","i-dep","fan-in","fan-out","noa"
"org.jfree.chart.plot.XYPlot",2755,231,206,668,70,33,131,51,63
"org.jfree.chart.plot.CategoryPlot",2422,220,198,606,69,32,106,54,60
"org.jfree.chart.ChartPanel",1634,110,97,293,73,18,21,32,78
"org.jfree.chart.plot.PiePlot",1577,131,110,297,62,30,27,41,63
"org.jfree.data.general.DatasetUtils",1459,58,57,344,30,26,30,32,0
"org.jfree.chart.renderer.AbstractRenderer",1229,158,149,310,41,18,6,26,57
"org.jfree.chart.ChartFactory",1070,54,54,111,87,74,16,76,1
"org.jfree.chart.axis.DateAxis",1065,59,47,170,29,12,21,20,11
"org.jfree.data.general.DatasetUtilsTest",1045,65,61,65,34,25,0,31,1
"org.jfree.chart.plot.PolarPlot",1025,93,82,231,54,27,18,40,30
"org.jfree.chart.plot.XYPlotTest",997,47,45,47,47,28,0,31,0
"org.jfree.chart.renderer.xy.AbstractXYItemRenderer",979,53,41,160,58,33,19,43,12
"org.jfree.chart.StandardChartTheme",947,94,71,199,61,50,9,56,32
"org.jfree.chart.renderer.category.AbstractCategoryItemRenderer",934,59,47,165,56,33,8,43,13
"org.jfree.chart.plot.CategoryPlotTest",909,37,37,37,43,22,0,24,0
"org.jfree.data.time.TimeSeriesTest",847,46,46,46,18,7,0,9,5
"org.jfree.chart.axis.DateAxisTest",842,27,26,27,25,9,0,15,1
"org.jfree.chart.axis.Axis",787,77,63,159,38,14,13,20,42
"org.jfree.chart.JFreeChart",778,73,67,159,57,26,104,37,24
"org.jfree.chart.axis.ValueAxis",777,72,60,177,27,10,99,19,28
"org.jfree.chart.plot.SpiderWebPlot",766,68,60,141,46,20,7,28,39
"org.jfree.chart.plot.ThermometerPlot",762,72,65,165,37,14,6,25,50
"org.jfree.chart.axis.CategoryAxis",754,54,43,147,35,17,59,25,14
"org.jfree.chart.renderer.xy.XYDifferenceRenderer",711,25,18,114,31,16,10,25,6
"org.jfree.chart.plot.PiePlot3D",693,12,9,86,28,8,4,16,3
"org.jfree.chart.renderer.category.BarRenderer",686,49,40,143,37,20,41,29,21
"org.jfree.chart.axis.PeriodAxis",664,46,38,114,38,13,13,23,15
"org.jfree.chart.plot.Plot",663,70,59,159,52,27,48,38,31
"org.jfree.chart.axis.CyclicNumberAxis",654,35,27,138,24,8,7,15,12
"org.jfree.data.time.TimeSeries",648,58,53,149,19,7,82,17,11
"org.jfree.chart.plot.MeterPlot",638,55,46,125,39,13,7,21,28
"org.jfree.chart.renderer.xy.XYBarRenderer",626,47,42,136,35,21,25,33,17
"org.jfree.chart.axis.NumberAxis",596,38,27,112,22,8,62,15,11
"org.jfree.chart.renderer.category.BoxAndWhiskerRenderer",574,30,24,105,36,17,21,25,9
"org.jfree.chart.axis.LogAxis",564,40,30,97,23,9,17,17,7
"org.jfree.chart.axis.LogarithmicAxis",561,28,19,140,10,3,2,9,10
"org.jfree.data.xy.XYSeriesTest",542,37,37,37,8,3,0,6,1
"org.jfree.chart.renderer.AbstractRendererTest",534,17,17,17,31,12,0,16,2
"org.jfree.chart.block.BorderArrangementTest",525,6,6,6,10,3,0,3,1
"org.jfree.chart.renderer.xy.XYLineAndShapeRenderer",515,48,40,121,28,15,20,27,14
"org.jfree.chart.plot.FastScatterPlot",507,49,43,99,34,14,8,23,18
"org.jfree.chart.renderer.DefaultPolarItemRenderer",505,38,35,76,39,21,8,26,13
"org.jfree.chart.title.TextTitle",475,36,28,96,33,19,25,27,13
"org.jfree.chart.plot.PiePlotTest",472,18,18,18,30,13,0,15,1
"org.jfree.chart.LegendItem",469,58,55,87,24,9,83,13,26
"org.jfree.chart.renderer.xy.StandardXYItemRenderer",466,39,35,116,32,16,16,29,20
"org.jfree.chart.plot.CompassPlot",442,34,31,91,37,20,4,27,20
"org.jfree.data.gantt.TaskSeriesCollectionTest",435,27,24,27,8,3,0,4,0
"org.jfree.chart.renderer.xy.XYBoxAndWhiskerRenderer",434,23,16,69,36,17,8,25,5
"org.jfree.chart.renderer.xy.CandlestickRenderer",429,30,28,77,30,16,10,24,16
"org.jfree.data.xy.XYSeries",425,45,40,102,10,6,121,13,9
"org.jfree.chart.axis.SymbolAxis",423,21,12,71,26,8,10,14,7
"org.jfree.chart.text.TextUtils",419,23,18,82,13,0,30,4,3
"org.jfree.chart.plot.dial.StandardDialScale",417,49,47,84,22,5,24,13,20
"org.jfree.data.statistics.DefaultBoxAndWhiskerCategoryDataset",413,45,44,90,9,7,11,15,7
"org.jfree.data.time.DynamicTimeSeriesCollection",403,46,40,94,8,6,0,14,23
"org.jfree.chart.util.SerialUtils",402,14,13,70,24,0,93,7,0
"org.jfree.chart.panel.CrosshairOverlay",398,20,13,83,28,10,5,19,2
"org.jfree.chart.renderer.category.BoxAndWhiskerRendererTest",393,22,22,18,27,12,0,14,0
"org.jfree.chart.title.PaintScaleLegend",391,29,26,60,27,14,7,21,11
"org.jfree.chart.plot.CombinedDomainXYPlot",387,30,28,85,22,15,4,20,4
"org.jfree.data.category.DefaultIntervalCategoryDataset",386,33,30,92,10,5,25,10,4
"org.jfree.chart.renderer.xy.XYAreaRenderer",386,23,21,71,32,18,21,29,15
"org.jfree.chart.renderer.category.LineAndShapeRenderer",384,35,35,84,19,11,19,18,12
"org.jfree.chart.plot.dial.DialPlot",373,41,38,82,19,10,11,18,12
"org.jfree.chart.block.BorderArrangement",373,10,5,58,7,3,10,6,6
"org.jfree.chart.editor.DefaultPlotEditor",372,17,9,67,33,15,2,20,17
"org.jfree.data.statistics.DefaultStatisticalCategoryDataset",363,30,29,86,9,7,15,15,13
"org.jfree.chart.plot.CombinedRangeXYPlot",362,28,26,78,20,13,3,18,4
"org.jfree.chart.plot.CombinedDomainCategoryPlot",362,25,23,72,20,12,3,17,4
"org.jfree.data.xy.XYSeriesCollection",361,37,37,78,18,11,57,22,3
"org.jfree.chart.date.SerialDate",355,47,46,118,5,0,5,6,31
"org.jfree.chart.plot.MultiplePiePlot",354,24,21,49,36,17,10,21,9
"org.jfree.chart.renderer.category.GanttRenderer",352,16,12,59,22,11,8,16,5
"org.jfree.chart.title.LegendTitle",344,34,29,65,37,25,10,31,17
"org.jfree.chart.renderer.category.StatisticalBarRenderer",343,12,8,62,28,14,14,22,3
"org.jfree.data.xy.XYSeriesCollectionTest",342,18,18,18,13,5,0,7,1
"org.jfree.chart.plot.RingPlot",340,30,26,65,33,13,6,24,12
"org.jfree.data.time.TimeSeriesCollection",337,38,37,72,22,11,19,22,4
"org.jfree.chart.renderer.xy.StackedXYAreaRenderer",335,24,21,68,33,18,9,26,7
"org.jfree.chart.plot.dial.DialValueIndicator",328,40,37,60,28,9,6,19,16
"org.jfree.data.time.WeekTest",328,25,25,25,12,1,0,1,4
"org.jfree.chart.renderer.xy.StackedXYAreaRenderer2",325,12,9,46,20,12,10,21,2
"org.jfree.data.gantt.TaskSeriesCollection",321,38,37,64,11,6,23,14,3
"org.jfree.chart.title.LegendGraphic",320,38,35,60,24,12,8,18,15
"org.jfree.data.DefaultKeyedValuesTest",316,18,18,18,9,2,0,4,0
"org.jfree.chart.JFreeChartTest",311,15,15,15,31,15,0,17,2
"org.jfree.data.time.TimeSeriesCollectionTest",307,13,12,13,17,4,0,6,1
"org.jfree.data.category.DefaultIntervalCategoryDatasetTest",306,20,20,20,8,3,0,3,0
"org.jfree.chart.util.ShapeUtils",303,22,21,63,13,0,29,5,1
"org.jfree.chart.plot.CombinedRangeCategoryPlot",300,20,17,62,22,13,3,18,4
"org.jfree.chart.plot.Crosshair",298,40,38,57,20,8,11,11,16
"org.jfree.data.xy.DefaultTableXYDataset",296,36,34,69,13,9,28,18,5
"org.jfree.data.statistics.StatisticsTest",296,12,12,12,7,0,0,3,1
"org.jfree.chart.renderer.xy.XYStepAreaRenderer",293,20,19,69,19,11,9,19,11
"org.jfree.chart.renderer.category.StackedAreaRenderer",284,11,8,42,17,10,9,20,2
"org.jfree.data.gantt.SlidingGanttCategoryDataset",283,33,32,63,6,4,5,9,3
"org.jfree.data.time.Week",283,24,21,55,6,1,43,6,7
"org.jfree.chart.plot.dial.DialPointer",279,34,28,47,19,5,2,14,9
"org.jfree.chart.annotations.XYTextAnnotation",278,31,29,50,26,11,19,19,18
"org.jfree.chart.plot.DefaultDrawingSupplier",276,17,12,44,17,4,22,9,19
"org.jfree.chart.renderer.xy.XYShapeRenderer",272,25,22,54,31,17,6,25,8
"org.jfree.chart.renderer.category.ScatterRenderer",270,24,22,55,24,12,8,18,7
"org.jfree.chart.renderer.category.StatisticalLineAndShapeRenderer",270,12,10,48,26,14,11,20,3
"org.jfree.chart.renderer.category.MinMaxCategoryRenderer",268,25,21,37,27,9,9,14,10
"org.jfree.chart.renderer.category.LayeredBarRenderer",268,7,4,56,16,8,8,14,2
"org.jfree.data.time.QuarterTest",266,24,24,24,12,1,0,1,4
"org.jfree.data.KeyedObjects2DTest",266,11,11,11,7,2,0,2,0
"org.jfree.data.jdbc.JDBCXYDataset",263,18,17,67,15,6,0,14,6
"org.jfree.chart.plot.PolarPlotTest",262,8,8,8,23,12,0,12,0
"org.jfree.chart.block.AbstractBlock",261,38,24,55,15,8,6,13,8
"org.jfree.chart.renderer.category.WaterfallBarRenderer",261,15,13,45,25,13,9,18,5
"org.jfree.chart.plot.Marker",260,37,32,58,21,7,10,10,15
"org.jfree.chart.renderer.xy.XYSplineRenderer",259,14,12,49,19,9,7,17,6
"org.jfree.chart.LegendItemTest",259,4,4,4,16,2,0,2,0
"org.jfree.chart.renderer.xy.XYBlockRenderer",258,19,18,50,20,14,12,22,8
"org.jfree.data.time.TimePeriodValues",257,27,25,53,8,5,23,11,12
"org.jfree.chart.renderer.xy.CyclicXYItemRenderer",257,19,19,69,14,10,0,15,3
"org.jfree.data.DefaultKeyedValues2D",255,23,23,57,7,3,24,10,5
"org.jfree.chart.ChartUtils",253,29,29,33,19,9,0,12,0
"org.jfree.chart.ui.RectangleInsets",253,29,29,61,3,0,61,3,7
"org.jfree.data.time.MonthTest",250,23,23,23,14,3,0,3,4
"org.jfree.data.category.DefaultCategoryDatasetTest",250,14,14,14,8,3,0,3,1
"org.jfree.chart.annotations.XYPointerAnnotation",249,23,21,38,26,11,9,20,14
"org.jfree.data.KeyedObjects2D",249,22,22,57,6,1,16,7,4
"org.jfree.chart.plot.MarkerTest",247,15,15,15,16,3,0,5,2
"org.jfree.chart.block.GridArrangement",246,14,5,51,6,1,17,4,3
"org.jfree.chart.renderer.xy.HighLowRenderer",243,17,15,51,25,13,9,21,6
"org.jfree.data.statistics.DefaultBoxAndWhiskerXYDataset",240,28,28,49,9,5,9,12,8
"org.jfree.data.time.YearTest",239,22,22,22,11,1,0,1,0
"org.jfree.chart.axis.SubCategoryAxis",239,14,10,41,22,8,8,15,4
"org.jfree.chart.annotations.CategoryPointerAnnotation",238,23,21,35,26,12,9,21,14
"org.jfree.data.statistics.Statistics",237,13,13,47,6,1,0,5,0
"org.jfree.chart.block.FlowArrangement",236,14,6,46,8,1,16,4,5
"org.jfree.chart.plot.WaferMapPlot",236,13,10,33,21,9,2,15,10
"org.jfree.chart.renderer.xy.StackedXYBarRenderer",234,10,10,51,19,13,9,19,2
"org.jfree.data.time.Month",233,23,21,48,7,2,97,5,5
"org.jfree.chart.renderer.xy.XYAreaRenderer2",233,12,10,32,27,16,10,25,3
"org.jfree.chart.renderer.RendererUtilsTest",233,11,11,7,6,3,0,3,0
"org.jfree.chart.renderer.xy.XYBarRendererTest",233,11,11,11,24,17,0,17,1
"org.jfree.chart.editor.DefaultValueAxisEditor",232,19,12,33,21,7,2,17,12
"org.jfree.data.time.TimeTableXYDataset",230,33,32,52,14,9,9,17,4
"org.jfree.data.time.DayTest",229,22,22,23,14,2,0,3,0
"org.jfree.chart.plot.SpiderWebPlotTest",229,5,5,5,25,9,0,10,0
"org.jfree.chart.util.RelativeDateFormat",228,28,28,48,7,0,8,3,14
"org.jfree.chart.plot.dial.ArcDialFrame",228,25,22,36,20,5,9,14,8
"org.jfree.chart.editor.DefaultAxisEditor",227,17,15,28,25,9,2,15,15
"org.jfree.data.KeyedObjectsTest",225,10,10,10,8,3,0,3,0
"org.jfree.data.time.HourTest",223,22,22,22,12,2,0,2,0
"org.jfree.data.statistics.Regression",223,6,5,37,2,2,0,6,0
"org.jfree.data.xy.DefaultIntervalXYDatasetTest",222,17,17,17,7,3,0,4,1
"org.jfree.chart.renderer.category.LevelRenderer",222,13,10,36,19,10,9,18,4
"org.jfree.data.RangeTest",220,13,13,13,7,1,0,2,1
"org.jfree.chart.axis.NumberAxisTest",220,12,12,12,19,10,0,10,1
"org.jfree.chart.renderer.category.AbstractCategoryItemRendererTest",220,11,11,11,18,9,0,9,0
"org.jfree.data.time.TimePeriodValuesTest",219,17,17,17,11,5,0,7,5
"org.jfree.chart.renderer.category.GroupedStackedBarRenderer",218,7,5,39,17,12,7,20,2
"org.jfree.chart.axis.CategoryLabelPositions",217,11,11,21,6,1,21,2,10
"org.jfree.data.time.MillisecondTest",216,18,18,18,12,2,0,2,0
"org.jfree.chart.renderer.category.StackedBarRenderer",216,9,8,45,19,12,10,19,2
"org.jfree.chart.axis.ModuloAxis",215,17,10,40,4,2,6,6,3
"org.jfree.chart.renderer.category.GradientBarPainter",215,9,6,34,10,1,18,4,3
"org.jfree.data.statistics.HistogramDataset",214,22,18,45,12,6,11,14,3
"org.jfree.chart.renderer.xy.GradientXYBarPainter",214,9,6,34,10,1,17,4,3
"org.jfree.chart.renderer.xy.XYErrorRenderer",213,17,15,37,21,11,11,14,6
"org.jfree.data.DefaultKeyedValues2DTest",213,14,14,14,7,2,0,2,1
"org.jfree.data.time.TimePeriodValuesCollection",211,23,22,42,11,6,7,10,3
"org.jfree.chart.annotations.XYTitleAnnotation",210,15,15,37,24,15,13,20,8
"org.jfree.chart.block.ColumnArrangement",210,11,6,42,8,1,15,4,5
"org.jfree.data.time.MinuteTest",209,18,18,18,12,2,0,2,0
"org.jfree.chart.renderer.xy.VectorRenderer",207,6,6,30,16,10,7,18,2
"org.jfree.chart.text.TextBox",205,25,23,48,16,4,3,7,9
"org.jfree.chart.ChartPanelTest",205,17,17,17,15,5,0,7,1
"org.jfree.chart.renderer.WaferMapRenderer",204,15,8,44,15,5,2,12,7
"org.jfree.data.gantt.XYTaskDataset",203,31,25,44,10,8,4,14,3
"org.jfree.data.DefaultKeyedValues",203,22,21,44,10,2,26,11,4
"org.jfree.data.ComparableObjectSeries",201,20,12,49,9,5,8,9,4
"org.jfree.data.time.SecondTest",200,17,17,17,12,2,0,2,0
"org.jfree.data.time.Minute",197,21,21,37,6,1,39,6,8
"org.jfree.data.xy.DefaultIntervalXYDataset",197,20,20,38,6,3,12,10,2
"org.jfree.data.Range",196,23,20,52,2,1,179,4,3
"org.jfree.data.statistics.DefaultMultiValueCategoryDataset",196,20,20,44,11,7,11,16,4
"org.jfree.chart.renderer.category.CategoryItemRenderer",195,135,135,135,23,16,15,17,0
"org.jfree.chart.annotations.CategoryLineAnnotation",195,19,17,29,25,12,8,20,7
"org.jfree.chart.renderer.xy.ClusteredXYBarRenderer",195,8,7,38,16,11,13,19,2
"org.jfree.data.time.Second",194,19,19,40,6,1,34,6,8
"org.jfree.data.general.TestIntervalCategoryDataset",193,28,28,43,7,5,9,13,2
"org.jfree.chart.renderer.xy.XYLineAndShapeRendererTest",192,9,9,9,20,13,0,13,0
"org.jfree.chart.renderer.category.AreaRenderer",192,7,7,31,19,9,11,17,2
"org.jfree.chart.renderer.xy.XYBubbleRenderer",192,7,7,31,17,9,12,17,5
"org.jfree.data.time.Quarter",191,21,21,36,7,2,38,6,9
"org.jfree.data.time.Hour",189,23,23,37,6,1,44,6,7
"org.jfree.chart.axis.AxisSpace",189,19,19,43,5,2,18,8,5
"org.jfree.data.statistics.SimpleHistogramDataset",188,28,28,43,13,6,6,12,4
"org.jfree.data.time.ohlc.OHLCSeriesCollection",186,28,27,41,11,8,10,12,2
"org.jfree.data.xy.DefaultWindDataset",186,19,19,28,7,2,6,10,5
"org.jfree.chart.renderer.xy.XYItemRenderer",183,132,132,132,25,17,37,18,0
"org.jfree.chart.renderer.category.BarRendererTest",183,9,9,9,23,13,0,13,0
"org.jfree.data.xy.IntervalXYDelegate",182,22,20,43,10,9,9,18,6
"org.jfree.chart.axis.PeriodAxisTest",182,8,8,8,23,11,0,13,2
"org.jfree.chart.plot.dial.StandardDialRange",181,22,20,34,15,5,6,11,7
"org.jfree.chart.entity.ChartEntity",181,20,16,38,14,7,17,14,4
"org.jfree.chart.util.AttrStringUtils",181,16,5,32,6,0,3,2,0
"org.jfree.chart.block.LabelBlock",180,22,20,36,22,10,12,18,10
"org.jfree.chart.block.GridArrangementTest",179,19,18,19,7,3,0,4,1
"org.jfree.chart.renderer.LookupPaintScale",179,16,12,39,12,4,16,8,8
"org.jfree.chart.renderer.category.LineAndShapeRendererTest",179,8,7,20,15,10,0,11,0
"org.jfree.chart.needle.MeterNeedle",178,26,22,41,17,4,9,9,9
"org.jfree.data.time.Millisecond",178,18,18,35,5,0,32,2,9
"org.jfree.data.xy.XIntervalSeriesTest",178,14,14,14,10,4,0,5,2
"org.jfree.data.time.Day",177,22,22,29,10,2,105,4,8
"org.jfree.chart.GanttChartTest",177,10,8,24,23,13,0,16,2
"org.jfree.chart.renderer.category.StatisticalBarRendererTest",176,11,11,11,18,9,0,9,0
"org.jfree.chart.plot.dial.DialPlotTest",176,10,10,10,12,4,0,5,1
"org.jfree.chart.title.Title",175,22,16,36,17,7,13,12,11
"org.jfree.chart.date.SpreadsheetDate",175,20,19,38,2,0,3,3,5
"org.jfree.chart.axis.LogAxisTest",175,12,12,12,17,8,0,8,1
"org.jfree.chart.renderer.category.CategoryStepRenderer",174,10,8,30,17,10,8,17,4
"org.jfree.data.category.SlidingCategoryDatasetTest",174,9,9,9,8,3,0,4,0
"org.jfree.data.statistics.DefaultBoxAndWhiskerCategoryDatasetTest",174,9,9,9,9,4,0,5,1
"org.jfree.data.xy.XYIntervalSeriesTest",173,13,13,13,10,4,0,5,2
"org.jfree.chart.annotations.XYPolygonAnnotation",171,13,11,30,24,10,15,16,5
"org.jfree.chart.renderer.xy.SamplingXYLineRenderer",171,10,8,34,20,8,0,18,10
"org.jfree.data.KeyToGroupMap",170,13,11,34,13,3,13,13,4
"org.jfree.chart.renderer.xy.XYDotRenderer",169,13,11,30,20,11,8,18,4
"org.jfree.chart.renderer.xy.DeviationRenderer",168,13,11,41,17,9,7,15,3
"org.jfree.chart.renderer.xy.XYStepRenderer",167,9,8,33,20,12,11,19,2
"org.jfree.data.time.MovingAverage",165,6,6,32,4,4,0,6,0
"org.jfree.chart.axis.AxisTest",165,4,4,4,13,2,0,2,0
"org.jfree.chart.title.ImageTitle",164,11,9,29,11,5,0,10,1
"org.jfree.chart.plot.CombinedDomainXYPlotTest",164,10,7,10,22,12,0,14,1
"org.jfree.data.statistics.DefaultStatisticalCategoryDatasetTest",163,11,11,11,10,4,0,5,1
"org.jfree.chart.renderer.xy.StandardXYItemRendererTest",163,7,7,7,23,13,0,14,0
"org.jfree.data.xy.VectorSeriesTest",162,12,12,12,10,4,0,5,2
"org.jfree.data.xy.YIntervalSeriesTest",162,12,12,12,10,4,0,5,2
"org.jfree.chart.plot.CombinedDomainCategoryPlotTest",162,9,8,9,20,12,0,14,1
"org.jfree.chart.plot.CombinedRangeCategoryPlotTest",162,9,8,9,20,12,0,14,1
"org.jfree.chart.editor.DefaultTitleEditor",161,10,8,19,23,8,1,14,9
"org.jfree.chart.StandardChartThemeTest",161,3,3,3,16,4,0,4,0
"org.jfree.chart.plot.dial.DialTextAnnotation",159,20,18,29,18,6,7,14,7
"org.jfree.chart.annotations.XYDataImageAnnotation",159,16,14,29,17,8,0,15,6
"org.jfree.chart.plot.CombinedRangeXYPlotTest",159,9,6,9,22,12,0,14,1
"org.jfree.chart.annotations.XYLineAnnotation",159,8,6,22,24,11,19,16,7
"org.jfree.data.xy.DefaultXYZDataset",158,17,17,30,7,3,10,11,2
"org.jfree.chart.axis.PeriodAxisLabelInfo",158,16,14,26,18,4,31,7,14
"org.jfree.chart.util.DefaultShadowGenerator",157,13,12,28,6,1,4,6,6
"org.jfree.chart.axis.NumberTickUnitSource",157,12,7,42,4,1,5,5,10
"org.jfree.chart.renderer.xy.XYAreaRendererTest",157,7,7,7,18,11,0,11,0
"org.jfree.chart.plot.dial.StandardDialScaleTest",157,6,6,6,10,2,0,2,1
"org.jfree.chart.renderer.xy.YIntervalRendererTest",156,6,6,6,20,15,0,15,0
"org.jfree.data.json.impl.JSONValue",156,4,3,48,4,0,1,7,0
"org.jfree.data.xy.DefaultHighLowDataset",155,19,19,34,4,2,19,8,7
"org.jfree.chart.labels.AbstractXYItemLabelGenerator",155,16,10,32,9,4,5,9,7
"org.jfree.data.category.CategoryToPieDataset",155,12,12,41,8,5,9,10,4
"org.jfree.data.statistics.DefaultMultiValueCategoryDatasetTest",155,8,8,8,9,3,0,5,0
"org.jfree.data.DataUtilsTest",154,7,7,7,4,0,0,0,1
"org.jfree.chart.renderer.RendererUtils",153,3,3,32,3,2,1,4,0
"org.jfree.data.category.SlidingCategoryDataset",152,20,19,36,7,4,10,9,3
"org.jfree.chart.annotations.XYShapeAnnotation",152,9,7,22,24,10,15,15,5
"org.jfree.chart.annotations.XYBoxAnnotation",151,9,7,24,20,8,16,13,8
"org.jfree.chart.block.RectangleConstraint",150,19,19,33,3,3,52,3,7
"org.jfree.data.time.ohlc.OHLCSeriesTest",150,12,12,12,12,6,0,7,1
"org.jfree.chart.plot.dial.StandardDialFrame",149,17,15,24,18,5,8,13,5
"org.jfree.data.KeyedObjects",149,16,16,38,5,2,12,8,2
"org.jfree.data.xy.DefaultXYDataset",148,15,15,30,7,3,19,10,2
"org.jfree.chart.text.TextBlock",147,14,13,38,13,2,11,4,3
"org.jfree.chart.editor.DefaultChartEditor",147,8,7,11,21,7,1,13,5
"org.jfree.chart.ui.LCBLayout",147,8,8,28,6,0,7,0,7
"org.jfree.data.category.DefaultCategoryDataset",146,25,25,35,7,5,62,14,2
"org.jfree.data.general.Series",145,23,18,32,9,2,8,7,7
"org.jfree.data.statistics.HistogramDatasetTest",144,11,11,11,9,4,0,5,2
"org.jfree.chart.util.PaintAlpha",144,8,3,27,10,0,1,5,2
"org.jfree.data.xy.CategoryTableXYDataset",143,27,27,33,6,6,7,14,2
"org.jfree.data.time.ohlc.OHLCSeriesCollectionTest",143,9,9,9,12,5,0,6,1
"org.jfree.chart.renderer.xy.YIntervalRenderer",143,8,7,19,26,15,8,22,2
"org.jfree.chart.plot.ValueMarkerTest",143,7,7,7,18,5,0,6,2
"org.jfree.chart.plot.FastScatterPlotTest",143,6,5,7,14,5,0,7,0
"org.jfree.chart.plot.MeterPlotTest",142,4,4,4,12,4,0,4,0
"org.jfree.chart.block.CenterArrangement",141,13,5,31,5,1,1,3,1
"org.jfree.data.xy.TableXYDatasetTest",141,13,9,13,7,3,0,4,0
"org.jfree.chart.renderer.xy.StackedXYAreaRendererTest",141,8,8,8,21,11,0,11,0
"org.jfree.chart.axis.ValueAxisTest",141,4,4,4,21,10,0,12,1
"org.jfree.chart.axis.DateTickUnit",140,17,16,32,7,2,68,5,6
"org.jfree.chart.axis.MarkerAxisBand",140,7,6,18,15,3,15,7,8
"org.jfree.data.jdbc.JDBCCategoryDataset",140,7,7,32,10,2,0,7,3
"org.jfree.chart.annotations.TextAnnotation",138,17,14,25,14,6,1,10,12
"org.jfree.data.time.Year",136,18,18,26,5,0,228,4,6
"org.jfree.data.general.DefaultHeatMapDataset",136,15,15,36,3,2,17,9,7
"org.jfree.chart.util.ExportUtils",136,6,6,8,15,1,0,6,0
"org.jfree.chart.labels.AbstractCategoryItemLabelGenerator",135,13,8,24,10,6,2,13,6
"org.jfree.chart.annotations.XYImageAnnotation",134,12,10,23,19,7,0,12,5
"org.jfree.data.statistics.RegressionTest",134,10,8,14,5,3,0,4,0
"org.jfree.data.xy.DefaultXYZDatasetTest",133,8,8,8,7,3,0,4,1
"org.jfree.data.xy.XYIntervalSeriesCollection",132,22,22,28,8,5,9,10,1
"org.jfree.chart.text.TextFragment",132,15,13,31,14,2,4,6,7
"org.jfree.data.general.DefaultPieDataset",131,19,19,30,10,6,24,13,2
"org.jfree.chart.plot.dial.DialCap",131,16,14,23,16,5,16,11,5
"org.jfree.chart.block.BlockContainer",130,15,15,26,13,5,21,12,3
"org.jfree.data.statistics.SimpleHistogramBin",130,12,12,35,2,1,26,6,6
"org.jfree.chart.axis.LogarithmicAxisTest",130,12,7,12,7,1,0,6,2
"org.jfree.chart.util.RelativeDateFormatTest",129,8,8,8,10,0,0,0,1
"org.jfree.chart.title.LegendGraphicTest",129,5,5,5,15,3,0,3,0
"org.jfree.data.xy.DefaultOHLCDataset",128,20,20,29,3,1,13,8,2
"org.jfree.data.statistics.BoxAndWhiskerItem",128,14,14,26,5,1,33,3,10
"org.jfree.chart.HashUtils",128,13,13,34,6,3,52,9,0
"org.jfree.chart.labels.IntervalXYItemLabelGenerator",128,10,9,26,8,3,1,9,1
"org.jfree.data.DataUtils",128,9,9,32,3,2,6,5,0
"org.jfree.chart.renderer.xy.CandlestickRendererTest",128,7,7,7,15,7,0,7,1
"org.jfree.data.time.TimeSeriesTableModel",127,11,11,27,3,2,0,6,4
"org.jfree.data.xy.DefaultXYDatasetTest",127,8,8,8,7,3,0,4,1
"org.jfree.data.xy.XIntervalSeriesCollection",126,20,20,24,8,5,7,10,1
"org.jfree.data.KeyToGroupMapTest",126,8,8,8,6,2,0,2,0
"org.jfree.data.xy.XYBarDataset",125,22,22,29,3,3,7,10,2
"org.jfree.chart.labels.IntervalXYToolTipGenerator",125,10,9,26,8,3,0,9,1
"org.jfree.data.category.CategoryToPieDatasetTest",124,6,6,6,8,2,0,2,0
"org.jfree.chart.annotations.CategoryTextAnnotation",123,11,11,19,15,9,15,17,4
"org.jfree.chart.imagemap.ImageMapUtils",123,7,7,25,7,5,1,8,0
"org.jfree.chart.annotations.XYDrawableAnnotation",123,6,6,17,14,8,17,13,7
"org.jfree.chart.annotations.XYBoxAnnotationTest",123,6,6,6,17,9,0,9,0
"org.jfree.data.xy.YIntervalSeriesCollection",121,20,20,24,7,4,9,9,1
"org.jfree.chart.text.TextLine",120,13,12,27,8,1,3,3,2
"org.jfree.chart.util.AbstractObjectList",120,13,5,30,5,0,5,5,5
"org.jfree.chart.renderer.xy.XYAreaRenderer2Test",120,7,7,7,15,9,0,9,0
"org.jfree.chart.renderer.xy.XYDifferenceRendererTest",120,6,6,7,17,9,0,9,0
"org.jfree.chart.title.ShortTextTitle",119,7,3,12,9,4,6,8,0
"org.jfree.chart.plot.PlotRenderingInfo",118,15,13,25,14,5,77,10,5
"org.jfree.chart.block.LineBorder",118,9,7,20,17,5,10,8,4
"org.jfree.chart.axis.PeriodAxisLabelInfoTest",118,5,5,5,19,5,0,5,0
"org.jfree.chart.renderer.xy.XYBlockRendererTest",117,9,9,9,15,9,0,9,1
"org.jfree.chart.renderer.category.IntervalBarRenderer",117,5,4,20,12,8,10,13,1
"org.jfree.chart.renderer.category.ScatterRendererTest",116,7,6,11,12,5,0,6,0
"org.jfree.data.xy.VectorSeriesCollection",115,18,18,22,8,5,6,10,1
"org.jfree.chart.labels.BubbleXYItemLabelGenerator",115,10,9,19,11,7,24,13,4
"org.jfree.chart.labels.MultipleXYSeriesLabelGenerator",115,9,8,19,11,4,9,11,5
"org.jfree.data.ComparableObjectSeriesTest",115,9,9,9,7,2,0,5,0
"org.jfree.chart.PolarChartPanel",115,7,4,18,6,2,0,7,3
"org.jfree.chart.renderer.xy.XYStepRendererTest",115,7,7,7,13,8,0,8,0
"org.jfree.chart.axis.CategoryLabelPositionsTest",115,3,3,3,6,1,0,1,2
"org.jfree.chart.plot.PieLabelRecord",114,16,16,29,2,1,20,3,8
"org.jfree.chart.ui.FontChooserPanel",114,6,6,16,12,1,2,7,6
"org.jfree.data.statistics.BoxAndWhiskerCalculator",114,4,4,21,5,1,0,7,0
"org.jfree.chart.plot.MultiplePiePlotTest",113,6,6,6,18,9,0,10,1
"org.jfree.data.xy.DefaultTableXYDatasetTest",113,6,6,6,7,3,0,3,1
"org.jfree.chart.plot.CrosshairTest",113,5,5,5,13,3,0,3,0
"org.jfree.data.xy.DefaultHighLowDatasetTest",113,4,4,4,8,3,0,3,0
"org.jfree.chart.plot.DefaultDrawingSupplierTest",113,3,3,3,12,2,0,2,0
"org.jfree.chart.renderer.category.StatisticalLineAndShapeRendererTest",112,8,8,8,16,9,0,9,0
"org.jfree.chart.plot.CategoryMarkerTest",112,6,6,6,12,4,0,5,1
"org.jfree.data.time.TimePeriodValuesCollectionTest",112,6,6,6,7,2,0,2,1
"org.jfree.data.general.DefaultHeatMapDatasetTest",112,5,5,5,8,2,0,3,2
"org.jfree.chart.plot.ThermometerPlotTest",112,4,4,4,11,3,0,3,0
"org.jfree.data.time.FixedMillisecond",111,17,17,24,3,0,9,3,2
"org.jfree.chart.editor.DefaultPolarPlotEditor",111,9,7,15,12,4,1,13,4
"org.jfree.chart.axis.CategoryAxisTest",111,5,5,5,8,1,0,1,0
"org.jfree.chart.plot.dial.DialValueIndicatorTest",111,4,4,4,13,3,0,3,0
"org.jfree.chart.labels.StandardXYZToolTipGenerator",110,10,9,18,9,4,24,9,4
"org.jfree.chart.renderer.LookupPaintScaleTest",110,6,6,6,8,2,0,2,1
"org.jfree.data.gantt.SlidingGanttCategoryDatasetTest",110,4,4,6,8,3,0,3,0
"org.jfree.chart.plot.CrosshairState",109,19,19,27,1,0,31,1,8
"org.jfree.data.general.WaferMapDataset",109,19,19,29,3,1,3,4,7
"org.jfree.chart.renderer.category.LevelRendererTest",109,8,7,8,14,9,0,10,0
"org.jfree.chart.labels.BubbleXYItemLabelGeneratorTest",109,6,6,6,13,5,0,5,0
"org.jfree.data.xy.MatrixSeriesCollection",108,16,16,23,7,4,5,9,2
"org.jfree.chart.renderer.xy.XYShapeRendererTest",107,5,5,5,14,7,0,7,1
"org.jfree.chart.axis.ExtendedCategoryAxis",106,11,8,22,17,7,7,9,4
"org.jfree.chart.plot.PieLabelDistributor",106,9,4,26,1,0,1,4,1
"org.jfree.chart.labels.HighLowItemLabelGenerator",106,7,7,21,8,4,13,11,3
"org.jfree.chart.renderer.category.StandardBarPainter",106,6,5,23,10,1,8,3,0
"org.jfree.chart.renderer.xy.StandardXYBarPainter",106,6,5,23,10,1,8,3,0
"org.jfree.chart.util.ArrayUtils",106,6,5,33,1,0,2,4,0
"org.jfree.data.jdbc.JDBCPieDataset",106,6,6,21,10,2,0,6,2
"org.jfree.chart.annotations.XYDrawableAnnotationTest",105,9,9,11,10,3,0,6,0
"org.jfree.chart.labels.StandardXYItemLabelGeneratorTest",105,5,5,5,11,3,0,3,0
"org.jfree.chart.ChartTransferable",104,7,6,13,8,0,1,2,8
"org.jfree.data.json.JSONUtils",104,4,4,14,11,6,0,9,0
"org.jfree.chart.labels.AbstractPieItemLabelGenerator",103,9,6,20,7,4,2,9,4
"org.jfree.data.xy.CategoryTableXYDatasetTest",103,6,6,6,7,3,0,3,1
"org.jfree.chart.util.PaintUtils",103,4,3,21,8,0,65,8,0
"org.jfree.chart.annotations.XYShapeAnnotationTest",102,5,5,5,10,2,0,2,0
"org.jfree.chart.annotations.XYTextAnnotationTest",102,5,5,5,11,2,0,2,0
"org.jfree.chart.block.BlockBorder",101,11,9,19,12,4,13,6,4
"org.jfree.chart.StackedAreaChartTest",101,7,6,21,21,12,0,15,2
"org.jfree.chart.renderer.xy.XYStepAreaRendererTest",101,6,6,6,13,8,0,8,0
"org.jfree.data.gantt.Task",100,16,16,22,9,5,108,9,5
"org.jfree.chart.plot.dial.DialBackground",100,13,11,18,16,7,14,12,3
"org.jfree.chart.renderer.xy.XYErrorRendererTest",100,9,9,9,11,3,0,3,0
"org.jfree.chart.renderer.xy.AbstractXYItemRendererTest",100,8,7,8,12,8,0,9,1
"org.jfree.chart.axis.CategoryLabelPosition",99,12,12,20,5,1,89,1,7
"org.jfree.chart.labels.StandardCategoryItemLabelGeneratorTest",99,7,7,7,11,4,0,5,0
"org.jfree.chart.renderer.xy.StackedXYAreaRenderer2Test",99,7,7,7,19,10,0,11,0
"org.jfree.data.statistics.DefaultBoxAndWhiskerXYDatasetTest",99,6,6,6,9,3,0,4,1
"org.jfree.chart.ChartRenderingInfo",98,13,11,21,12,6,15,9,4
"org.jfree.chart.axis.MonthDateFormat",98,10,10,19,13,1,16,4,3
"org.jfree.chart.editor.DefaultNumberAxisEditor",98,7,6,12,12,4,1,14,2
"org.jfree.chart.renderer.xy.XYDotRendererTest",98,6,6,6,14,9,0,9,0
"org.jfree.data.xy.XYIntervalSeriesCollectionTest",98,6,6,6,7,3,0,3,0
"org.jfree.chart.annotations.CategoryPointerAnnotationTest",98,5,5,5,9,2,0,2,0
"org.jfree.chart.annotations.XYPointerAnnotationTest",98,5,5,5,9,2,0,2,0
"org.jfree.chart.util.LogFormat",97,11,10,20,4,0,12,4,6
"org.jfree.data.time.SimpleTimePeriodTest",97,7,7,7,6,1,0,1,0
"org.jfree.data.general.TestIntervalXYZDataset",96,22,22,22,2,1,1,3,3
"org.jfree.data.io.CSV",96,6,3,16,6,2,0,5,2
"org.jfree.chart.renderer.xy.XYBoxAndWhiskerRendererTest",96,6,6,6,18,7,0,8,0
"org.jfree.chart.annotations.TextAnnotationTest",96,5,5,5,12,2,0,3,1
"org.jfree.chart.title.PaintScaleLegendTest",96,4,4,4,13,5,0,5,0
"org.jfree.chart.PaintMap",95,10,8,17,13,3,8,9,2
"org.jfree.data.xy.DefaultWindDatasetTest",95,8,7,8,8,4,0,5,0
"org.jfree.chart.AreaChartTest",95,7,6,21,22,12,0,15,2
"org.jfree.chart.renderer.xy.StackedXYBarRendererTest",95,7,7,7,16,9,0,9,0
"org.jfree.chart.renderer.category.GroupedStackedBarRendererTest",95,6,6,6,15,9,0,9,0
"org.jfree.chart.labels.StandardXYZToolTipGeneratorTest",95,5,5,5,11,3,0,3,0
"org.jfree.chart.urls.CustomPieURLGenerator",94,8,8,20,10,3,7,10,2
"org.jfree.chart.BarChartTest",94,7,6,21,21,12,0,15,2
"org.jfree.chart.renderer.xy.HighLowRendererTest",94,6,6,6,14,7,0,7,0
"org.jfree.chart.XYStepChartTest",94,6,5,20,20,11,0,14,2
"org.jfree.data.xy.YIntervalSeriesCollectionTest",94,6,6,6,7,3,0,3,0
"org.jfree.data.xy.XYDataItem",93,13,13,21,3,2,8,9,3
"org.jfree.chart.StackedBarChartTest",93,7,6,21,20,12,0,15,2
"org.jfree.data.xy.XIntervalSeriesCollectionTest",93,6,6,6,7,3,0,3,0
"org.jfree.chart.annotations.XYPolygonAnnotationTest",93,5,5,5,10,2,0,2,0
"org.jfree.data.statistics.BoxAndWhiskerCalculatorTest",93,4,4,4,5,0,0,3,1
"org.jfree.chart.title.CompositeTitle",92,12,10,17,15,8,8,12,3
"org.jfree.chart.StrokeMap",92,10,8,17,13,3,8,9,2
"org.jfree.chart.renderer.category.IntervalBarRendererTest",92,7,7,7,15,9,0,9,0
"org.jfree.chart.renderer.xy.ClusteredXYBarRendererTest",92,7,7,7,10,6,0,7,1
"org.jfree.chart.renderer.xy.XYBubbleRendererTest",92,6,6,6,12,8,0,8,0
"org.jfree.data.time.SimpleTimePeriod",91,9,9,20,2,0,58,3,3
"org.jfree.chart.annotations.XYTitleAnnotationTest",91,5,5,5,14,9,0,9,0
"org.jfree.data.statistics.SimpleHistogramBinTest",91,5,5,5,6,2,0,2,0
"org.jfree.data.time.RegularTimePeriod",90,16,16,26,6,1,19,8,0
"org.jfree.chart.urls.TimeSeriesURLGenerator",90,8,8,17,7,2,16,5,5
"org.jfree.data.general.DefaultPieDatasetTest",90,6,6,6,7,2,0,3,1
"org.jfree.data.xy.MatrixSeriesTest",90,6,6,6,6,2,0,2,0
"org.jfree.chart.plot.PlotTest",90,1,1,1,13,2,0,2,0
"org.jfree.chart.plot.MeterInterval",89,10,8,17,13,5,12,6,6
"org.jfree.chart.urls.CustomXYURLGenerator",89,8,8,22,5,2,6,8,2
"org.jfree.chart.annotations.XYLineAnnotationTest",89,5,5,5,10,2,0,2,0
"org.jfree.chart.plot.RingPlotTest",89,3,3,3,12,2,0,2,0
"org.jfree.chart.urls.CustomCategoryURLGenerator",88,8,8,22,5,2,6,10,1
"org.jfree.chart.urls.StandardCategoryURLGenerator",88,7,7,16,6,3,21,7,4
"org.jfree.chart.LineChartTest",88,7,6,21,20,12,0,15,2
"org.jfree.chart.PaintMapTest",88,6,6,6,7,1,0,2,0
"org.jfree.chart.XYBarChartTest",88,6,5,20,21,13,0,16,2
"org.jfree.data.general.AbstractDataset",87,14,9,18,11,1,14,5,4
"org.jfree.chart.entity.StandardEntityCollection",87,12,12,17,10,3,12,7,2
"org.jfree.chart.plot.dial.DialPointerTest",87,7,7,7,8,2,0,2,0
"org.jfree.data.time.TimeTableXYDatasetTest",87,6,6,6,7,2,0,3,1
"org.jfree.chart.needle.LongNeedle",87,5,4,13,6,0,5,6,1
"org.jfree.chart.title.CompositeTitleTest",87,5,5,5,13,5,0,6,0
"org.jfree.chart.axis.CategoryLabelPositionTest",87,3,3,3,8,1,0,1,0
"org.jfree.chart.util.LineUtils",87,2,2,31,2,0,4,1,0
"org.jfree.chart.labels.StandardPieSectionLabelGeneratorTest",86,5,5,5,10,3,0,3,0
"org.jfree.chart.urls.CustomCategoryURLGeneratorTest",86,5,5,5,9,3,0,4,0
"org.jfree.chart.urls.CustomXYURLGeneratorTest",86,5,5,5,9,3,0,4,0
"org.jfree.chart.plot.dial.DialCapTest",86,4,4,4,9,2,0,2,0
"org.jfree.chart.labels.StandardPieSectionLabelGenerator",85,12,12,15,12,2,18,8,3
"org.jfree.chart.ui.UIUtils",85,10,9,13,15,0,0,7,0
"org.jfree.data.json.impl.JSONObject",85,7,6,14,5,0,0,7,1
"org.jfree.chart.ScatterPlotTest",85,6,5,20,19,11,0,14,2
"org.jfree.chart.StrokeMapTest",85,6,6,6,6,1,0,1,0
"org.jfree.chart.TimeSeriesChartTest",85,6,5,20,19,11,0,14,2
"org.jfree.chart.XYAreaChartTest",85,6,5,20,19,11,0,14,2
"org.jfree.chart.XYLineChartTest",85,6,5,20,19,11,0,14,2
"org.jfree.chart.XYStepAreaChartTest",85,6,5,20,19,11,0,14,2
"org.jfree.chart.labels.StandardXYToolTipGeneratorTest",85,5,5,5,11,3,0,3,0
"org.jfree.chart.title.LegendTitleTest",85,4,4,4,14,3,0,3,0
"org.jfree.chart.renderer.category.MinMaxCategoryRendererTest",84,6,6,6,16,8,0,8,0
"org.jfree.data.KeyedValueComparator",84,4,4,18,4,1,2,3,2
"org.jfree.chart.renderer.xy.WindItemRenderer",84,3,3,3,16,7,8,15,1
"org.jfree.chart.plot.IntervalMarker",83,11,11,17,9,3,16,6,4
"org.jfree.data.xml.DatasetReader",83,6,6,7,14,3,0,4,1
"org.jfree.chart.title.TextTitleTest",83,4,4,4,10,2,0,2,0
"org.jfree.chart.renderer.GrayPaintScale",82,10,10,18,5,2,16,6,3
"org.jfree.chart.editor.DefaultLogAxisEditor",82,7,6,12,8,3,1,12,2
"org.jfree.chart.labels.StandardCategoryToolTipGeneratorTest",82,6,6,6,10,3,0,3,0
"org.jfree.chart.entity.PieSectionEntity",81,12,12,18,5,3,11,5,5
"org.jfree.chart.axis.QuarterDateFormat",81,7,7,12,11,1,12,3,6
"org.jfree.chart.axis.ExtendedCategoryAxisTest",81,5,5,5,8,1,0,1,0
"org.jfree.chart.axis.SubCategoryAxisTest",81,5,5,5,16,5,0,6,0
"org.jfree.chart.plot.dial.ArcDialFrameTest",81,4,4,4,9,2,0,2,0
"org.jfree.chart.block.AbstractBlockTest",81,3,3,3,9,2,0,3,0
"org.jfree.chart.plot.PiePlotState",80,21,21,21,2,1,1,2,10
"org.jfree.data.xy.DefaultOHLCDatasetTest",80,6,6,6,9,4,0,4,1
"org.jfree.chart.annotations.CategoryLineAnnotationTest",80,5,5,5,8,2,0,2,0
"org.jfree.data.gantt.TaskSeries",79,11,11,17,7,3,37,5,1
"org.jfree.chart.entity.AxisEntity",79,10,8,16,9,5,1,8,2
"org.jfree.chart.entity.JFreeChartEntity",79,10,8,16,9,5,1,8,2
"org.jfree.chart.entity.PlotEntity",79,10,8,16,9,5,1,8,2
"org.jfree.chart.entity.TitleEntity",79,10,8,16,9,5,2,8,2
"org.jfree.chart.annotations.AbstractXYAnnotation",79,9,7,17,9,6,9,9,2
"org.jfree.chart.ui.StandardGradientPaintTransformer",79,7,7,16,5,1,16,6,2
"org.jfree.chart.axis.CategoryTickTest",79,4,4,4,9,3,0,3,0
"org.jfree.data.general.DefaultKeyedValueDataset",78,10,10,21,4,3,9,7,2
"org.jfree.chart.needle.ArrowNeedle",78,5,4,14,8,1,8,7,2
"org.jfree.chart.plot.dial.DialBackgroundTest",78,4,4,4,10,3,0,3,0
"org.jfree.data.xy.OHLCDataItem",77,9,9,17,3,1,13,3,7
"org.jfree.chart.labels.CustomXYToolTipGenerator",77,8,8,18,5,2,3,10,2
"org.jfree.chart.labels.IntervalCategoryToolTipGeneratorTest",77,6,6,6,11,3,0,3,0
"org.jfree.chart.labels.StandardPieToolTipGeneratorTest",77,5,5,5,9,3,0,3,0
"org.jfree.chart.labels.BoxAndWhiskerXYToolTipGeneratorTest",76,5,5,5,8,2,0,2,0
"org.jfree.chart.axis.MonthDateFormatTest",76,4,4,4,8,1,0,1,0
"org.jfree.data.xy.MatrixSeries",75,11,11,20,2,1,20,5,2
"org.jfree.chart.plot.IntervalMarkerTest",75,6,6,6,11,6,0,7,2
"org.jfree.chart.axis.DateTickTest",75,4,4,4,7,1,0,1,0
"org.jfree.chart.plot.dial.DialTextAnnotationTest",75,4,4,4,9,2,0,2,0
"org.jfree.chart.block.LabelBlockTest",75,3,3,3,11,2,0,2,0
"org.jfree.chart.plot.dial.AbstractDialLayer",74,11,8,15,7,1,9,4,2
"org.jfree.chart.renderer.category.AreaRendererTest",74,6,6,6,14,9,0,9,0
"org.jfree.data.gantt.XYTaskDatasetTest",74,3,3,3,7,2,0,2,0
"org.jfree.data.xy.XYDatasetTableModel",73,10,10,17,4,2,0,4,1
"org.jfree.data.xy.VectorSeriesCollectionTest",73,5,5,5,7,3,0,3,0
"org.jfree.chart.axis.TickUnits",72,9,9,14,5,0,5,5,2
"org.jfree.data.KeyedValues2DItemKey",72,8,8,13,3,2,2,8,2
"org.jfree.chart.ui.StrokeSample",72,6,6,8,13,0,3,1,2
"org.jfree.data.json.impl.JSONArray",72,5,5,13,5,0,0,4,1
"org.jfree.data.xy.XYCoordinate",71,8,8,17,1,0,19,2,2
"org.jfree.chart.renderer.category.WaterfallBarRendererTest",71,6,6,6,9,3,0,3,0
"org.jfree.chart.renderer.Outlier",70,11,11,18,1,0,7,2,2
"org.jfree.data.xy.XYItemKey",70,8,8,13,4,3,1,8,2
"org.jfree.chart.labels.SymbolicXYItemLabelGenerator",70,6,5,12,8,7,7,15,1
"org.jfree.chart.urls.StandardPieURLGenerator",70,6,6,13,6,3,17,6,4
"org.jfree.data.time.ohlc.OHLCItemTest",70,5,5,5,7,3,0,3,1
"org.jfree.chart.needle.PointerNeedle",70,4,3,12,5,0,5,6,1
"org.jfree.data.xy.XYIntervalDataItemTest",70,4,4,4,6,2,0,3,1
"org.jfree.chart.ChartColor",70,2,2,2,2,0,1,0,24
"org.jfree.chart.title.LegendItemBlockContainer",69,9,9,11,12,9,1,12,6
"org.jfree.chart.renderer.category.StackedBarRendererTest",69,6,6,6,10,5,0,5,0
"org.jfree.chart.plot.dial.StandardDialFrameTest",69,4,4,4,9,2,0,2,0
"org.jfree.chart.plot.CompassPlotTest",69,3,3,3,10,3,0,3,0
"org.jfree.chart.block.RectangleConstraintTest",69,1,1,1,4,2,0,2,1
"org.jfree.chart.annotations.AbstractAnnotation",68,11,6,15,10,2,3,6,2
"org.jfree.chart.renderer.category.StackedAreaRendererTest",68,6,6,6,10,5,0,5,0
"org.jfree.chart.renderer.xy.XYSplineRendererTest",68,5,5,5,10,4,0,4,0
"org.jfree.chart.axis.CyclicNumberAxisTest",68,4,4,4,9,1,0,1,0
"org.jfree.chart.ChartRenderingInfoTest",68,4,4,4,10,3,0,3,0
"org.jfree.data.statistics.MeanAndStandardDeviation",67,9,9,15,3,1,9,2,3
"org.jfree.chart.labels.StandardCategorySeriesLabelGeneratorTest",67,6,6,6,8,4,0,4,0
"org.jfree.chart.WaterfallChartTest",67,5,4,5,16,8,0,10,1
"org.jfree.chart.urls.TimeSeriesURLGeneratorTest",67,4,4,4,8,3,0,4,0
"org.jfree.data.xy.XYBarDatasetTest",67,4,4,4,7,3,0,3,0
"org.jfree.chart.entity.PieSectionEntityTest",67,3,3,3,8,3,0,3,0
"org.jfree.chart.axis.AxisState",66,13,13,17,4,0,25,1,3
"org.jfree.data.time.TimePeriodValue",66,9,9,17,2,1,8,5,3
"org.jfree.data.time.TimeSeriesDataItem",66,9,9,15,3,2,11,8,3
"org.jfree.chart.block.ColorBlock",66,8,6,11,10,4,10,8,2
"org.jfree.chart.util.ShapeList",66,8,6,16,4,0,1,3,0
"org.jfree.chart.util.PaintList",66,7,5,16,4,0,3,3,1
"org.jfree.chart.labels.StandardXYSeriesLabelGeneratorTest",66,6,6,6,9,5,0,5,0
"org.jfree.chart.labels.IntervalCategoryItemLabelGeneratorTest",66,5,5,5,9,2,0,2,0
"org.jfree.chart.labels.MultipleXYSeriesLabelGeneratorTest",66,5,5,5,6,2,0,2,0
"org.jfree.chart.renderer.GrayPaintScaleTest",66,5,5,5,7,2,0,2,1
"org.jfree.chart.entity.CategoryItemEntityTest",66,3,3,3,8,3,0,3,0
"org.jfree.chart.entity.CategoryItemEntity",65,9,9,14,5,3,6,6,4
"org.jfree.chart.axis.Tick",65,8,8,14,4,2,2,4,5
"org.jfree.chart.renderer.category.LayeredBarRendererTest",65,6,6,6,12,8,0,8,0
"org.jfree.data.function.PolynomialFunction2DTest",65,6,6,6,6,1,0,1,0
"org.jfree.chart.renderer.category.GanttRendererTest",65,5,5,5,8,2,0,2,0
"org.jfree.chart.renderer.category.CategoryItemRendererState",64,11,11,16,3,3,3,5,4
"org.jfree.chart.ui.Size2D",64,10,10,14,2,1,32,5,3
"org.jfree.chart.axis.TickUnit",64,8,8,16,1,0,3,4,3
"org.jfree.chart.labels.ItemLabelPosition",64,8,8,14,3,1,17,1,5
"org.jfree.chart.plot.CategoryCrosshairState",64,7,7,13,2,1,3,3,2
"org.jfree.chart.labels.IntervalCategoryToolTipGenerator",64,6,5,13,4,2,13,4,2
"org.jfree.chart.renderer.category.CategoryStepRendererTest",64,5,5,5,13,9,0,9,0
"org.jfree.chart.axis.QuarterDateFormatTest",64,4,4,4,6,1,0,1,0
"org.jfree.chart.util.CloneUtils",64,3,3,9,8,0,210,5,0
"org.jfree.chart.MouseWheelHandler",63,5,4,12,8,4,1,6,2
"org.jfree.chart.annotations.CategoryTextAnnotationTest",63,5,5,5,7,2,0,2,0
"org.jfree.data.statistics.HistogramBin",62,9,9,13,1,0,6,3,4
"org.jfree.chart.util.StrokeList",62,8,6,15,4,0,3,3,0
"org.jfree.chart.labels.StandardCrosshairLabelGenerator",62,7,7,13,4,1,2,4,2
"org.jfree.data.xml.ItemHandler",62,7,7,11,3,0,3,2,4
"org.jfree.data.ComparableObjectItemTest",62,5,5,5,9,2,0,2,0
"org.jfree.chart.plot.dial.StandardDialRangeTest",62,4,4,4,8,2,0,2,0
"org.jfree.data.gantt.TaskTest",62,4,4,4,8,3,0,3,0
"org.jfree.chart.util.LineUtilsTest",62,2,1,6,5,0,0,2,0
"org.jfree.chart.plot.CategoryMarker",61,8,8,13,8,2,32,5,2
"org.jfree.chart.needle.MiddlePinNeedle",61,4,3,11,7,0,5,6,1
"org.jfree.chart.urls.StandardPieURLGeneratorTest",61,4,4,4,7,3,0,3,0
"org.jfree.chart.block.ColorBlockTest",61,3,3,3,9,1,0,2,0
"org.jfree.data.xml.ValueHandler",60,6,4,10,3,0,2,5,3
"org.jfree.chart.urls.StandardXYURLGenerator",60,5,5,11,4,3,5,5,7
"org.jfree.chart.labels.StandardXYToolTipGenerator",59,10,10,12,5,2,33,7,2
"org.jfree.data.DefaultKeyedValue",59,8,8,15,3,2,14,6,3
"org.jfree.chart.encoders.SunJPEGEncoderAdapter",59,7,7,9,11,1,0,4,1
"org.jfree.data.time.ohlc.OHLC",59,7,7,13,2,1,15,1,4
"org.jfree.chart.imagemap.ImageMapUtilsTest",59,5,5,5,10,5,0,5,0
"org.jfree.chart.needle.PinNeedle",59,4,3,10,7,0,5,6,1
"org.jfree.data.gantt.TaskSeriesTest",59,4,4,4,7,2,0,2,0
"org.jfree.chart.entity.XYItemEntityTest",59,3,3,3,8,3,0,3,0
"org.jfree.chart.plot.PieLabelRecordTest",59,3,3,3,5,2,0,2,0
"org.jfree.chart.labels.StandardXYItemLabelGenerator",58,10,10,12,5,2,22,7,2
"org.jfree.chart.labels.StandardXYSeriesLabelGenerator",58,7,6,10,6,4,13,10,3
"org.jfree.data.xy.XYInterval",58,7,7,14,1,0,15,0,5
"org.jfree.data.xml.CategorySeriesHandler",58,5,5,9,5,1,1,4,3
"org.jfree.chart.labels.HighLowItemLabelGeneratorTest",58,5,5,5,10,3,0,3,0
"org.jfree.chart.plot.PlotRenderingInfoTest",58,3,3,3,9,3,0,3,0
"org.jfree.data.xy.IntervalXYDelegateTest",58,3,3,3,6,2,0,2,0
"org.jfree.chart.labels.StandardCategorySeriesLabelGenerator",57,7,6,10,6,4,12,10,3
"org.jfree.data.KeyedObject",57,7,7,12,4,2,12,5,3
"org.jfree.chart.labels.BoxAndWhiskerToolTipGeneratorTest",57,5,5,5,8,3,0,3,0
"org.jfree.chart.labels.BoxAndWhiskerXYToolTipGenerator",57,4,3,8,7,2,17,8,2
"org.jfree.chart.title.DateTitleTest",57,4,4,4,8,2,0,2,0
"org.jfree.chart.urls.StandardCategoryURLGeneratorTest",57,4,4,4,7,3,0,3,0
"org.jfree.chart.LegendItemCollectionTest",57,3,3,3,10,1,0,1,0
"org.jfree.chart.entity.XYItemEntity",56,9,9,14,2,1,10,4,4
"org.jfree.chart.entity.LegendItemEntity",56,8,8,13,4,2,5,5,4
"org.jfree.data.ComparableObjectItem",56,8,5,13,3,2,25,7,3
"org.jfree.data.xy.XYIntervalDataItem",56,7,7,12,1,1,18,2,0
"org.jfree.chart.PieChart3DTest",56,5,4,19,12,5,0,8,2
"org.jfree.data.statistics.SimpleHistogramDatasetTest",56,5,5,5,6,2,0,2,1
"org.jfree.chart.LegendItemCollection",55,9,9,12,6,1,30,3,2
"org.jfree.chart.axis.CategoryTick",55,6,6,12,4,2,17,4,3
"org.jfree.data.DefaultKeyedValueTest",55,4,4,4,7,2,0,2,0
"org.jfree.data.KeyedObjectTest",55,4,4,4,8,3,0,3,0
"org.jfree.data.xy.VectorDataItemTest",55,4,4,4,6,2,0,2,0
"org.jfree.data.xy.XIntervalDataItemTest",55,4,4,4,6,2,0,2,1
"org.jfree.data.xy.YIntervalDataItemTest",55,4,4,4,6,2,0,3,1
"org.jfree.chart.block.ColumnArrangementTest",55,3,3,3,7,1,0,1,0
"org.jfree.chart.block.FlowArrangementTest",55,3,3,3,7,1,0,1,0
"org.jfree.chart.entity.LegendItemEntityTest",55,3,3,3,8,3,0,3,0
"org.jfree.chart.axis.NumberTickUnit",54,7,7,12,3,1,28,4,2
"org.jfree.chart.labels.IntervalCategoryItemLabelGenerator",54,4,3,9,6,3,12,7,2
"org.jfree.chart.util.LogFormatTest",54,4,4,4,6,1,0,1,0
"org.jfree.data.xy.MatrixSeriesCollectionTest",54,4,4,4,7,3,0,3,0
"org.jfree.chart.entity.StandardEntityCollectionTest",54,3,3,3,8,3,0,3,0
"org.jfree.chart.encoders.EncoderUtil",53,8,8,8,3,0,1,0,0
"org.jfree.data.xml.KeyHandler",53,6,4,9,3,0,1,4,3
"org.jfree.chart.urls.CustomPieURLGeneratorTest",53,4,4,4,9,3,0,4,0
"org.jfree.chart.axis.MarkerAxisBandTest",53,3,3,3,6,1,0,1,0
"org.jfree.chart.encoders.ImageEncoderFactory",52,6,5,7,2,0,0,3,1
"org.jfree.chart.labels.BoxAndWhiskerToolTipGenerator",52,4,3,7,6,3,13,9,2
"org.jfree.chart.axis.SymbolAxisTest",52,3,3,3,7,2,0,2,0
"org.jfree.chart.block.LineBorderTest",52,3,3,3,9,2,0,2,0
"org.jfree.chart.entity.CategoryLabelEntityTest",52,3,3,3,7,2,0,2,0
"org.jfree.chart.plot.PiePlot3DTest",52,3,3,3,10,3,0,4,0
"org.jfree.chart.ui.Align",52,2,1,14,1,0,4,1,20
"org.jfree.data.time.ohlc.OHLCItem",51,7,7,11,2,2,18,4,0
"org.jfree.chart.needle.PlumNeedle",51,4,3,9,6,0,5,5,1
"org.jfree.data.function.NormalDistributionFunction2D",50,6,6,10,2,1,8,3,4
"org.jfree.data.time.ohlc.OHLCTest",50,4,4,4,5,1,0,1,0
"org.jfree.data.general.HeatMapUtils",50,3,3,7,8,5,0,6,0
"org.jfree.chart.util.DirectionalGradientPaintTransformer",50,2,2,12,4,1,0,4,0
"org.jfree.data.xy.XYIntervalSeries",49,11,11,11,3,3,33,5,0
"org.jfree.chart.renderer.OutlierList",49,9,9,11,3,0,4,1,3
"org.jfree.chart.renderer.OutlierListCollection",49,8,7,12,3,0,2,1,3
"org.jfree.chart.axis.AxisCollection",49,6,6,10,4,0,2,0,4
"org.jfree.data.KeyedValuesItemKey",49,6,6,9,3,1,0,4,1
"org.jfree.chart.renderer.xy.VectorRendererTest",49,5,5,5,7,2,0,2,0
"org.jfree.chart.needle.ShipNeedle",49,4,3,10,6,0,5,6,1
"org.jfree.chart.axis.CompassFormat",48,7,7,9,4,1,0,4,1
"org.jfree.data.xy.Vector",48,7,7,11,1,0,11,2,2
"org.jfree.data.xml.CategoryDatasetHandler",48,5,5,9,5,2,1,5,1
"org.jfree.chart.renderer.xy.DeviationRendererTest",48,5,5,5,6,2,0,2,0
"org.jfree.chart.renderer.category.GradientBarPainterTest",48,4,4,4,6,2,0,2,0
"org.jfree.chart.renderer.xy.GradientXYBarPainterTest",48,4,4,4,6,2,0,2,0
"org.jfree.chart.labels.StandardCategoryItemLabelGenerator",47,7,7,9,5,2,21,7,2
"org.jfree.data.general.DefaultKeyedValueDatasetTest",47,4,4,4,6,2,0,2,0
"org.jfree.chart.util.HexNumberFormat",46,7,7,9,3,0,0,4,5
"org.jfree.chart.util.ObjectUtils",46,5,4,11,2,0,128,2,0
"org.jfree.chart.util.ResourceBundleWrapper",46,5,4,9,6,0,18,0,1
"org.jfree.chart.renderer.DefaultPolarItemRendererTest",46,4,4,4,6,2,0,2,0
"org.jfree.chart.renderer.OutlierTest",46,4,4,4,6,0,0,0,1
"org.jfree.chart.axis.AxisSpaceTest",46,3,3,3,4,0,0,0,0
"org.jfree.chart.block.BlockBorderTest",46,3,3,3,9,2,0,2,0
"org.jfree.chart.entity.TickLabelEntityTest",46,3,3,3,7,2,0,2,0
"org.jfree.chart.entity.CategoryLabelEntity",45,5,5,8,4,3,7,6,1
"org.jfree.data.xml.PieDatasetHandler",45,5,5,9,5,2,1,5,1
"org.jfree.chart.needle.WindNeedle",45,4,3,10,4,0,5,4,1
"org.jfree.data.time.DateRangeTest",45,4,4,4,6,1,0,1,0
"org.jfree.chart.block.EmptyBlockTest",45,3,3,3,7,2,0,3,0
"org.jfree.chart.plot.MeterIntervalTest",45,3,3,3,8,2,0,2,0
"org.jfree.data.xy.XYIntervalTest",45,3,3,3,5,1,0,1,0
"org.jfree.chart.needle.MeterNeedleTest",45,1,1,1,7,0,0,0,0
"org.jfree.data.xy.VectorSeries",44,10,10,10,3,3,27,5,0
"org.jfree.data.time.DateRange",44,9,9,9,4,1,12,3,3
"org.jfree.chart.labels.SymbolicXYItemLabelGeneratorTest",44,5,5,5,6,3,0,3,0
"org.jfree.chart.labels.StandardCategoryToolTipGenerator",43,6,6,8,4,1,30,4,2
"org.jfree.chart.plot.ValueMarker",43,6,6,10,3,1,58,3,1
"org.jfree.data.general.DatasetGroup",43,6,6,9,3,1,4,4,2
"org.jfree.chart.ui.PaintSample",43,5,5,5,8,0,5,1,2
"org.jfree.chart.renderer.category.DefaultCategoryItemRendererTest",43,5,5,5,6,3,0,3,0
"org.jfree.chart.axis.NumberTickUnitTest",43,4,4,4,6,1,0,1,0
"org.jfree.data.xy.VectorTest",43,4,4,4,5,1,0,1,0
"org.jfree.data.xy.XYCoordinateTest",43,4,4,4,5,1,0,1,0
"org.jfree.chart.text.AttributedStringUtils",43,2,1,9,4,0,2,0,0
"org.jfree.data.general.DefaultValueDataset",42,7,7,10,3,2,5,7,2
"org.jfree.data.function.LineFunction2D",42,6,6,9,2,1,9,2,2
"org.jfree.data.function.PowerFunction2D",42,6,6,9,2,1,8,3,2
"org.jfree.chart.axis.DateTick",42,5,5,8,4,2,25,4,1
"org.jfree.chart.axis.ValueTick",42,5,5,9,1,0,7,2,2
"org.jfree.chart.renderer.xy.WindItemRendererTest",42,5,5,5,5,2,0,2,0
"org.jfree.chart.axis.ModuloAxisTest",42,4,4,4,6,2,0,2,0
"org.jfree.chart.title.ShortTextTitleTest",42,4,4,4,6,2,0,2,0
"org.jfree.data.function.NormalDistributionFunction2DTest",42,4,4,4,4,1,0,1,1
"org.jfree.chart.panel.CrosshairOverlayTest",42,3,3,3,10,3,0,3,0
"org.jfree.data.xy.YInterval",41,5,5,10,1,0,11,0,3
"org.jfree.data.xy.YWithXInterval",41,5,5,10,1,0,11,0,3
"org.jfree.chart.needle.LineNeedle",41,4,3,8,6,0,7,4,1
"org.jfree.data.xy.AbstractIntervalXYDataset",41,4,4,8,0,0,14,3,0
"org.jfree.chart.plot.dial.AbstractDialLayerTest",41,3,3,3,6,2,0,2,0
"org.jfree.chart.TestUtils",41,2,2,5,9,0,289,2,0
"org.jfree.chart.title.TitleTest",41,2,2,2,7,0,0,0,0
"org.jfree.data.time.MovingAverageTest",41,2,1,2,3,1,0,2,1
"org.jfree.data.xy.XIntervalSeries",40,9,9,9,3,3,28,5,0
"org.jfree.chart.block.BlockContainerTest",40,3,3,3,6,2,0,2,0
"org.jfree.chart.labels.CustomXYItemLabelGeneratorTest",40,3,3,3,8,3,0,4,0
"org.jfree.data.xy.YIntervalSeries",39,9,9,9,3,3,28,5,0
"org.jfree.chart.axis.StandardTickUnitSource",39,6,6,7,2,0,3,3,1
"org.jfree.data.xml.RootHandler",39,6,6,10,3,0,2,3,1
"org.jfree.chart.PieChartTest",39,4,3,18,8,4,0,6,2
"org.jfree.data.DomainOrderTest",39,3,3,3,6,1,0,1,0
"org.jfree.data.RangeTypeTest",39,3,3,3,6,1,0,1,0
"org.jfree.data.function.PolynomialFunction2D",38,6,6,8,4,2,11,5,1
"org.jfree.data.time.ohlc.OHLCSeries",38,6,6,8,4,4,34,6,0
"org.jfree.chart.labels.StandardPieToolTipGenerator",37,7,7,7,5,2,17,7,2
"org.jfree.chart.renderer.xy.XYItemRendererState",37,7,7,7,5,4,9,5,4
"org.jfree.chart.title.DateTitle",37,5,5,5,11,1,6,2,1
"org.jfree.data.xy.XIntervalDataItem",37,5,5,8,1,1,14,2,0
"org.jfree.data.xy.YIntervalDataItem",37,5,5,8,1,1,14,2,0
"org.jfree.data.function.PowerFunction2DTest",37,4,4,4,5,1,0,1,1
"org.jfree.data.xy.YIntervalTest",37,3,3,3,5,1,0,1,0
"org.jfree.data.xy.YWithXIntervalTest",37,3,3,3,5,1,0,1,0
"org.jfree.chart.encoders.SunPNGEncoderAdapter",36,6,6,6,6,1,0,3,0
"org.jfree.data.xy.VectorDataItem",36,6,6,8,1,1,15,2,0
"org.jfree.chart.renderer.category.StandardBarPainterTest",36,4,4,4,6,2,0,2,0
"org.jfree.chart.renderer.xy.StandardXYBarPainterTest",36,4,4,4,6,2,0,2,0
"org.jfree.data.function.LineFunction2DTest",36,4,4,4,4,1,0,1,1
"org.jfree.data.time.FixedMillisecondTest",36,4,4,4,6,1,0,1,0
"org.jfree.chart.renderer.PolarItemRenderer",35,15,15,15,12,9,2,9,0
"org.jfree.chart.ui.ApplicationFrame",35,8,8,9,3,0,0,2,0
"org.jfree.chart.event.ChartProgressEvent",35,7,7,7,2,2,2,2,3
"org.jfree.data.xy.NormalizedMatrixSeries",35,6,6,6,0,0,0,1,3
"org.jfree.chart.entity.XYAnnotationEntity",35,4,4,8,2,0,1,2,2
"org.jfree.chart.axis.DateTickMarkPositionTest",35,3,3,3,5,1,0,1,0
"org.jfree.chart.event.ChartChangeEvent",34,7,7,7,3,2,31,2,2
"org.jfree.chart.block.EmptyBlock",34,5,5,5,5,2,208,8,1
"org.jfree.chart.panel.AbstractOverlay",34,5,4,7,6,5,1,6,1
"org.jfree.data.time.TimePeriodValueTest",34,4,4,4,5,1,0,1,0
"org.jfree.chart.axis.TickUnitsTest",34,3,3,3,6,2,0,2,0
"org.jfree.data.statistics.HistogramBinTest",34,3,3,3,5,2,0,2,0
"org.jfree.data.statistics.MeanAndStandardDeviationTest",34,3,3,3,5,1,0,1,0
"org.jfree.data.time.TimeSeriesDataItemTest",34,3,3,3,5,1,0,1,0
"org.jfree.data.xy.XYDataItemTest",34,3,3,3,6,2,0,2,0
"org.jfree.chart.needle.ArrowNeedleTest",33,3,3,3,5,2,0,2,0
"org.jfree.chart.util.HMSNumberFormat",32,4,4,4,4,0,1,2,1
"org.jfree.chart.axis.AxisLocationTest",32,3,3,3,4,1,0,1,0
"org.jfree.chart.axis.CategoryAnchorTest",32,3,3,3,5,1,0,1,0
"org.jfree.chart.renderer.RendererState",31,5,5,7,3,3,3,3,2
"org.jfree.chart.renderer.xy.RendererXYPackageUtils",31,2,2,2,4,4,0,4,0
"org.jfree.chart.block.BlockParams",30,7,7,7,0,0,2,1,3
"org.jfree.chart.ui.FontDisplayField",30,4,3,5,4,1,2,4,2
"org.jfree.chart.ui.StrokeChooserPanel",30,3,2,4,6,0,2,3,1
"org.jfree.chart.axis.CategoryLabelWidthTypeTest",30,3,3,3,4,1,0,1,0
"org.jfree.chart.ui.NumberCellRenderer",30,2,2,4,5,0,1,3,0
"org.jfree.data.general.DefaultKeyedValues2DDatasetTest",29,2,2,2,5,2,0,3,0
"org.jfree.data.general.AbstractSeriesDataset",28,5,4,7,1,0,3,5,1
"org.jfree.data.xy.AbstractXYDataset",28,3,3,5,2,1,11,4,0
"org.jfree.chart.axis.DateTickUnitTest",28,3,3,3,4,1,0,1,0
"org.jfree.chart.needle.LineNeedleTest",28,3,3,3,4,2,0,2,0
"org.jfree.chart.needle.LongNeedleTest",28,3,3,3,4,2,0,2,0
"org.jfree.chart.needle.MiddlePinNeedleTest",28,3,3,3,4,2,0,2,0
"org.jfree.chart.needle.PinNeedleTest",28,3,3,3,4,2,0,2,0
"org.jfree.chart.needle.PlumNeedleTest",28,3,3,3,4,2,0,2,0
"org.jfree.chart.needle.PointerNeedleTest",28,3,3,3,4,2,0,2,0
"org.jfree.chart.needle.ShipNeedleTest",28,3,3,3,4,2,0,2,0
"org.jfree.chart.needle.WindNeedleTest",28,3,3,3,4,2,0,2,0
"org.jfree.data.general.DefaultKeyedValuesDatasetTest",28,2,2,2,5,2,0,2,0
"org.jfree.chart.urls.URLUtilities",28,1,1,1,3,0,0,2,1
"org.jfree.chart.ChartMouseEvent",27,4,4,4,4,1,2,1,4
"org.jfree.data.xy.OHLCDataItemTest",27,3,3,3,6,1,0,1,0
"org.jfree.chart.plot.PlotOrientationTest",26,2,2,2,4,1,0,1,0
"org.jfree.chart.util.StringUtils",25,4,3,6,0,0,2,2,0
"org.jfree.chart.ChartHints",25,3,2,5,1,0,1,1,2
"org.jfree.data.statistics.BoxAndWhiskerCategoryDataset",24,18,18,18,2,1,5,2,0
"org.jfree.chart.plot.AbstractPieLabelDistributor",24,6,6,6,3,1,1,1,1
"org.jfree.chart.ChartFrame",24,3,3,4,3,0,0,0,1
"org.jfree.data.statistics.BoxAndWhiskerItemTest",24,2,2,2,5,1,0,1,0
"org.jfree.chart.util.BooleanList",23,5,5,6,0,0,7,2,1
"org.jfree.chart.util.Args",22,3,3,7,0,0,206,0,0
"org.jfree.chart.MeterChartTest",22,1,1,1,8,4,0,5,0
"org.jfree.chart.plot.Zoomable",20,9,9,9,2,1,7,1,0
"org.jfree.chart.util.ObjectList",20,5,5,5,0,0,4,1,0
"org.jfree.data.general.IntervalDataItem",20,4,4,4,0,0,2,0,3
"org.jfree.chart.imagemap.DynamicDriveToolTipTagFragmentGenerator",20,3,3,3,0,0,0,1,2
"org.jfree.chart.renderer.AreaRendererEndTypeTest",20,2,2,2,3,1,0,1,0
"org.jfree.chart.event.RendererChangeEvent",19,4,4,4,0,0,49,1,2
"org.jfree.chart.plot.MyPlotChangeListener",19,4,4,4,2,2,2,3,1
"org.jfree.chart.renderer.RendererChangeDetector",19,4,4,4,2,2,2,3,1
"org.jfree.chart.axis.NumberTick",19,3,3,3,1,0,14,2,1
"org.jfree.chart.axis.StandardTickUnitSourceTest",19,2,2,2,4,1,0,1,0
"org.jfree.chart.urls.StandardXYURLGeneratorTest",19,2,2,2,5,2,0,2,0
"org.jfree.chart.editor.ChartEditorManager",18,4,3,4,2,2,1,2,1
"org.jfree.chart.text.G2TextMeasurer",18,2,2,2,3,0,4,4,1
"org.jfree.chart.labels.ItemLabelAnchorTest",18,2,2,2,4,1,0,1,0
"org.jfree.chart.labels.ItemLabelPositionTest",18,2,2,2,3,1,0,1,0
"org.jfree.data.time.TimePeriodAnchorTest",18,2,2,2,3,1,0,1,0
"org.jfree.data.statistics.BoxAndWhiskerXYDataset",17,11,11,11,2,1,5,2,0
"org.jfree.chart.HashUtilsTest",17,1,1,1,3,0,0,0,0
"org.jfree.chart.imagemap.DynamicDriveToolTipTagFragmentGeneratorTest",16,1,1,1,2,0,0,0,0
"org.jfree.chart.imagemap.OverLIBToolTipTagFragmentGeneratorTest",16,1,1,1,2,0,0,0,0
"org.jfree.chart.util.ArgsTest",16,1,1,1,2,0,0,0,0
"org.jfree.data.gantt.GanttCategoryDataset",15,10,10,10,1,1,3,2,0
"org.jfree.chart.block.BlockResult",15,3,3,3,1,1,5,2,1
"org.jfree.chart.resources.JFreeChartResources",15,1,1,1,1,0,0,0,1
"org.jfree.chart.imagemap.StandardURLTagFragmentGeneratorTest",15,1,1,1,2,0,0,0,0
"org.jfree.chart.util.HMSNumberFormatTest",15,1,1,1,2,0,0,0,0
"org.jfree.chart.date.MonthConstants",15,0,0,1,0,0,14,0,12
"org.jfree.chart.block.Block",14,7,7,7,4,2,8,3,0
"org.jfree.chart.plot.dial.DialLayer",14,6,6,6,4,0,9,0,0
"org.jfree.chart.axis.LogTick",14,2,2,2,2,0,4,1,1
"org.jfree.chart.event.AnnotationChangeEvent",14,2,2,2,2,2,14,3,1
"org.jfree.chart.plot.PlotState",14,2,2,2,4,2,5,2,1
"org.jfree.chart.imagemap.StandardToolTipTagFragmentGeneratorTest",14,1,1,1,2,0,0,0,0
"org.jfree.chart.title.ImageTitleTest",14,1,1,1,8,2,0,2,1
"org.jfree.data.general.HeatMapDataset",13,10,10,10,0,0,1,0,0
"org.jfree.data.xy.OHLCDataset",13,10,10,10,0,0,10,1,0
"org.jfree.chart.entity.EntityCollection",13,8,8,8,2,0,62,0,0
"org.jfree.chart.encoders.ImageEncoder",13,6,6,6,3,0,2,0,0
"org.jfree.chart.imagemap.OverLIBToolTipTagFragmentGenerator",13,2,2,2,0,0,4,1,0
"org.jfree.data.xy.AbstractXYZDataset",13,1,1,2,0,0,2,3,0
"org.jfree.data.KeyedValues2D",12,7,7,7,1,0,3,1,0
"org.jfree.chart.plot.DrawingSupplier",12,6,6,6,3,0,7,0,0
"org.jfree.chart.plot.Pannable",12,5,5,5,2,1,4,1,0
"org.jfree.chart.event.AxisChangeEvent",12,2,2,2,1,1,13,2,1
"org.jfree.chart.event.MarkerChangeEvent",12,2,2,2,1,1,9,2,1
"org.jfree.chart.event.PlotChangeEvent",12,2,2,2,1,1,22,2,1
"org.jfree.chart.event.TitleChangeEvent",12,2,2,2,1,1,7,2,1
"org.jfree.chart.imagemap.StandardToolTipTagFragmentGenerator",12,2,2,2,0,0,6,1,0
"org.jfree.chart.plot.dial.DialLayerChangeEvent",12,2,2,2,1,1,72,2,1
"org.jfree.data.resources.DataPackageResources",12,1,1,1,1,0,0,0,1
"org.jfree.data.resources.DataPackageResources_de",12,1,1,1,1,0,0,0,1
"org.jfree.data.resources.DataPackageResources_es",12,1,1,1,1,0,0,0,1
"org.jfree.data.resources.DataPackageResources_fr",12,1,1,1,1,0,0,0,1
"org.jfree.data.resources.DataPackageResources_pl",12,1,1,1,1,0,0,0,1
"org.jfree.data.resources.DataPackageResources_ru",12,1,1,1,1,0,0,0,1
"org.jfree.data.general.DatasetGroupTest",12,1,1,1,3,1,0,1,0
"org.jfree.data.xy.IntervalXYDataset",11,8,8,8,0,0,30,1,0
"org.jfree.chart.axis.Timeline",11,7,7,7,1,0,1,0,0
"org.jfree.data.xy.XYDataset",11,6,6,6,2,1,89,2,0
"org.jfree.data.general.SeriesDataset",11,3,3,3,5,5,2,6,0
"org.jfree.chart.imagemap.StandardURLTagFragmentGenerator",11,2,2,2,0,0,6,1,0
"org.jfree.chart.labels.PieSectionLabelGenerator",11,2,2,2,5,1,3,1,0
"org.jfree.chart.renderer.category.BarPainter",11,2,2,2,3,0,3,0,0
"org.jfree.chart.renderer.xy.XYBarPainter",11,2,2,2,3,0,3,0,0
"org.jfree.data.general.DatasetChangeEvent",11,2,2,2,0,0,44,0,1
"org.jfree.chart.annotations.XYAnnotation",11,1,1,1,5,3,5,4,0
"org.jfree.data.xy.IntervalXYZDataset",10,6,6,6,0,0,4,1,0
"org.jfree.chart.block.Arrangement",10,3,3,3,2,1,7,1,0
"org.jfree.chart.editor.DefaultChartEditorFactory",10,2,2,2,1,1,1,2,0
"org.jfree.chart.annotations.CategoryAnnotation",10,1,1,1,5,3,3,4,0
"org.jfree.chart.entity.TickLabelEntity",10,1,1,1,2,0,5,2,1
"org.jfree.data.statistics.StatisticalCategoryDataset",9,4,4,4,1,1,4,2,0
"org.jfree.chart.panel.Overlay",9,3,3,3,3,2,4,2,0
"org.jfree.chart.block.BlockFrame",9,2,2,2,4,2,3,2,0
"org.jfree.chart.urls.StandardXYZURLGenerator",9,1,1,1,1,1,1,3,0
"org.jfree.data.general.SeriesChangeEvent",9,1,1,1,2,0,20,0,1
"org.jfree.data.xml.DatasetTags",9,0,0,1,0,0,7,0,6
"org.jfree.data.category.IntervalCategoryDataset",8,4,4,4,0,0,9,1,0
"org.jfree.data.KeyedValues",8,4,4,4,1,0,6,1,0
"org.jfree.chart.renderer.PaintScale",8,3,3,3,2,1,6,1,0
"org.jfree.data.statistics.MultiValueCategoryDataset",8,2,2,2,2,1,4,2,0
"org.jfree.chart.plot.dial.MyDialLayerChangeListener",8,2,2,2,0,0,11,1,0
"org.jfree.chart.event.OverlayChangeEvent",8,1,1,1,2,1,3,1,0
"org.jfree.chart.imagemap.URLTagFragmentGenerator",8,1,1,1,4,4,3,4,0
"org.jfree.data.general.SeriesException",8,1,1,1,1,0,7,1,1
"org.jfree.data.general.Dataset",7,4,4,4,0,0,11,0,0
"org.jfree.chart.annotations.XYAnnotationBoundsInfo",7,3,3,3,1,1,2,1,0
"org.jfree.chart.labels.CategoryItemLabelGenerator",7,3,3,3,1,1,14,1,0
"org.jfree.chart.util.ShadowGenerator",7,3,3,3,1,0,9,0,0
"org.jfree.chart.annotations.Annotation",7,2,2,2,2,2,9,2,0
"org.jfree.chart.plot.dial.DialFrame",7,1,1,1,3,0,2,1,0
"org.jfree.data.category.CategoryRangeInfo",7,1,1,1,2,1,1,1,0
"org.jfree.data.xy.XYDomainInfo",7,1,1,1,2,1,2,1,0
"org.jfree.data.xy.XYRangeInfo",7,1,1,1,2,1,2,1,0
"org.jfree.chart.renderer.category.DefaultCategoryItemRenderer",7,0,0,1,2,1,8,2,1
"org.jfree.data.general.DefaultKeyedValues2DDataset",7,0,0,1,2,1,2,3,1
"org.jfree.chart.axis.TickUnitSource",6,3,3,3,0,0,3,0,0
"org.jfree.data.DomainInfo",6,3,3,3,0,0,9,0,0
"org.jfree.data.RangeInfo",6,3,3,3,0,0,9,0,0
"org.jfree.data.Values2D",6,3,3,3,0,0,1,0,0
"org.jfree.data.xy.VectorXYDataset",6,3,3,3,0,0,2,1,0
"org.jfree.data.xy.XisSymbolic",6,3,3,3,0,0,1,0,0
"org.jfree.data.xy.YisSymbolic",6,3,3,3,0,0,1,0,0
"org.jfree.chart.ChartMouseListener",6,2,2,2,1,0,1,0,0
"org.jfree.data.time.TimePeriod",6,2,2,2,1,0,5,1,0
"org.jfree.chart.editor.ChartEditor",6,1,1,1,2,1,2,1,0
"org.jfree.chart.event.AnnotationChangeListener",6,1,1,1,2,1,6,1,0
"org.jfree.chart.event.MarkerChangeListener",6,1,1,1,2,1,8,1,0
"org.jfree.chart.event.OverlayChangeListener",6,1,1,1,2,1,3,1,0
"org.jfree.chart.plot.ValueAxisPlot",6,1,1,1,2,2,11,2,0
"org.jfree.chart.plot.XYCrosshairState",6,1,1,1,1,1,0,2,0
"org.jfree.chart.renderer.NotOutlierException",6,1,1,1,0,0,0,1,0
"org.jfree.chart.ui.Drawable",6,1,1,1,2,0,5,0,0
"org.jfree.chart.ui.GradientPaintTransformer",6,1,1,1,2,0,17,0,0
"org.jfree.chart.urls.CategoryURLGenerator",6,1,1,1,1,1,13,1,0
"org.jfree.data.json.impl.JSONStreamAware",6,1,1,1,2,0,2,0,0
"org.jfree.data.time.TimePeriodFormatException",6,1,1,1,0,0,10,1,0
"org.jfree.data.UnknownKeyException",6,1,1,1,0,0,29,1,0
"org.jfree.chart.encoders.ImageFormat",6,0,0,1,0,0,1,0,3
"org.jfree.chart.renderer.xy.DefaultXYItemRenderer",6,0,0,1,1,0,1,1,1
"org.jfree.data.category.CategoryDataset",6,0,0,1,2,2,66,4,0
"org.jfree.chart.plot.dial.DialScale",5,2,2,2,0,0,1,1,0
"org.jfree.data.Values",5,2,2,2,0,0,1,0,0
"org.jfree.data.xy.WindDataset",5,2,2,2,0,0,3,1,0
"org.jfree.data.xy.XYZDataset",5,2,2,2,0,0,15,1,0
"org.jfree.chart.block.EntityBlockResult",5,1,1,1,1,1,4,1,0
"org.jfree.chart.editor.ChartEditorFactory",5,1,1,1,1,1,1,1,0
"org.jfree.chart.event.AxisChangeListener",5,1,1,1,1,0,4,0,0
"org.jfree.chart.event.ChartChangeListener",5,1,1,1,1,0,23,0,0
"org.jfree.chart.event.ChartProgressListener",5,1,1,1,1,0,2,0,0
"org.jfree.chart.event.PlotChangeListener",5,1,1,1,1,0,9,0,0
"org.jfree.chart.event.RendererChangeListener",5,1,1,1,1,0,10,0,0
"org.jfree.chart.event.TitleChangeListener",5,1,1,1,1,0,2,0,0
"org.jfree.chart.labels.CategorySeriesLabelGenerator",5,1,1,1,1,1,2,1,0
"org.jfree.chart.labels.CategoryToolTipGenerator",5,1,1,1,1,1,12,1,0
"org.jfree.chart.labels.CrosshairLabelGenerator",5,1,1,1,1,1,2,1,0
"org.jfree.chart.labels.PieToolTipGenerator",5,1,1,1,1,1,5,1,0
"org.jfree.chart.labels.XYItemLabelGenerator",5,1,1,1,1,1,11,1,0
"org.jfree.chart.labels.XYSeriesLabelGenerator",5,1,1,1,1,1,8,1,0
"org.jfree.chart.labels.XYToolTipGenerator",5,1,1,1,1,1,29,1,0
"org.jfree.chart.labels.XYZToolTipGenerator",5,1,1,1,1,1,1,2,0
"org.jfree.chart.plot.dial.DialLayerChangeListener",5,1,1,1,1,0,2,0,0
"org.jfree.chart.urls.PieURLGenerator",5,1,1,1,1,1,6,1,0
"org.jfree.chart.urls.XYURLGenerator",5,1,1,1,1,1,19,1,0
"org.jfree.chart.urls.XYZURLGenerator",5,1,1,1,1,1,2,2,0
"org.jfree.data.general.DatasetChangeListener",5,1,1,1,1,0,11,0,0
"org.jfree.data.general.SeriesChangeListener",5,1,1,1,1,0,9,0,0
"org.jfree.data.general.DefaultKeyedValuesDataset",5,0,0,1,0,0,2,2,1
"org.jfree.data.general.PieDataset",5,0,0,1,1,1,23,3,0
"org.jfree.chart.block.EntityBlockParams",4,1,1,1,0,0,4,0,0
"org.jfree.chart.ChartTheme",4,1,1,1,0,0,1,0,0
"org.jfree.chart.imagemap.ToolTipTagFragmentGenerator",4,1,1,1,0,0,5,0,0
"org.jfree.chart.LegendItemSource",4,1,1,1,0,0,4,0,0
"org.jfree.chart.text.TextMeasurer",4,1,1,1,0,0,1,0,0
"org.jfree.chart.util.PublicCloneable",4,1,1,1,0,0,245,1,0
"org.jfree.data.function.Function2D",4,1,1,1,0,0,6,0,0
"org.jfree.data.ItemKey",4,1,1,1,0,0,4,0,0
"org.jfree.data.json.impl.JSONAware",4,1,1,1,0,0,2,0,0
"org.jfree.data.KeyedValue",4,1,1,1,0,0,3,1,0
"org.jfree.data.Value",4,1,1,1,0,0,2,0,0
"org.jfree.data.xy.TableXYDataset",4,1,1,1,0,0,15,1,0
"org.jfree.data.general.KeyedValueDataset",4,0,0,1,1,1,1,3,0
"org.jfree.data.general.KeyedValues2DDataset",4,0,0,1,1,1,1,2,0
"org.jfree.data.general.KeyedValuesDataset",4,0,0,1,0,0,1,1,0
"org.jfree.data.general.ValueDataset",4,0,0,1,1,1,5,3,0
"org.jfree.chart.annotations.XYImageAnnotationTest",3,0,0,1,0,0,0,0,0
