[{"type":"jdepend.framework.ClassFileParser","size":572,"dependencies":[]},{"type":"jdepend.textui.JDepend","size":359,"dependencies":["jdepend.framework.JavaClass","jdepend.framework.JavaPackage","jdepend.framework.PackageComparator","jdepend.framework.PackageFilter"]},{"type":"jdepend.swingui.JDepend","size":346,"dependencies":["jdepend.framework.JavaClass","jdepend.framework.JavaPackage","jdepend.framework.PackageComparator","jdepend.framework.PackageFilter","jdepend.framework.ParserListener"]},{"type":"jdepend.framework.JavaPackage","size":161,"dependencies":[]},{"type":"jdepend.xmlui.JDepend","size":135,"dependencies":["jdepend.framework.JavaClass","jdepend.framework.JavaPackage"]},{"type":"jdepend.framework.JDepend","size":129,"dependencies":[]},{"type":"jdepend.framework.PropertyConfigurator","size":89,"dependencies":[]},{"type":"jdepend.framework.FileManager","size":86,"dependencies":[]},{"type":"jdepend.framework.DependencyConstraint","size":85,"dependencies":["jdepend.framework.JavaPackage"]},{"type":"jdepend.framework.JavaClassBuilder","size":84,"dependencies":[]},{"type":"jdepend.swingui.PackageNode","size":81,"dependencies":[]},{"type":"jdepend.swingui.DependTreeModel","size":68,"dependencies":[]},{"type":"jdepend.framework.JavaClass","size":65,"dependencies":[]},{"type":"jdepend.swingui.AboutDialog","size":59,"dependencies":[]},{"type":"jdepend.swingui.DependTree","size":56,"dependencies":["jdepend.framework.JavaPackage"]},{"type":"jdepend.framework.PackageFilter","size":45,"dependencies":[]},{"type":"jdepend.framework.AbstractParser","size":38,"dependencies":[]},{"type":"jdepend.swingui.EfferentNode","size":29,"dependencies":[]},{"type":"jdepend.framework.PackageComparator","size":28,"dependencies":[]},{"type":"jdepend.swingui.AfferentNode","size":21,"dependencies":[]},{"type":"jdepend.swingui.StatusPanel","size":16,"dependencies":[]},{"type":"jdepend.framework.ParserListener","size":4,"dependencies":[]}]