"namespace","ca","ce","instability","abstractness","distance"
"org.hibernate.test.legacy",2,41,0.9534883720930233,0.07142857142857142,0.024916943521594792
"org.hibernate.annotations",7,1,0.125,0.0,0.875
"org.hibernate.type",681,29,0.04084507042253521,0.17272727272727273,0.786427656850192
"org.hibernate.dialect",731,51,0.06521739130434782,0.058823529411764705,0.8759590792838875
"org.hibernate.test.hql",3,38,0.926829268292683,0.054945054945054944,0.018225676762262055
"org.hibernate.boot.model.source.spi",87,8,0.08421052631578947,0.8764044943820225,0.039384979302187983
"org.hibernate.boot.model.source.internal.hbm",7,31,0.8157894736842105,0.18604651162790697,0.001835985312117483
"org.hibernate",2047,27,0.013018322082931534,0.32941176470588235,0.6575699132111861
"org.hibernate.hql.internal.ast.tree",29,26,0.4727272727272727,0.3333333333333333,0.19393939393939397
"org.hibernate.event.spi",139,7,0.04794520547945205,0.5633802816901409,0.3886745128304071
"org.hibernate.engine.spi",1099,64,0.055030094582975066,0.5238095238095238,0.42116038160750113
"org.hibernate.cfg",851,41,0.04596412556053812,0.1864406779661017,0.7675951964733602
"org.hibernate.mapping",294,40,0.11976047904191617,0.3157894736842105,0.5644500472738734
"org.hibernate.type.descriptor.java",165,13,0.07303370786516854,0.11320754716981132,0.8137587449650201
"org.hibernate.criterion",103,12,0.10434782608695652,0.19607843137254902,0.6995737425404944
"org.hibernate.test.annotations.entity",0,12,1.0,0.045454545454545456,0.045454545454545414
"org.hibernate.userguide.mapping.basic",1,12,0.9230769230769231,0.023255813953488372,0.05366726296958846
"org.hibernate.event.internal",11,35,0.7608695652173914,0.16279069767441862,0.07633973710818998
"org.hibernate.id",73,33,0.3113207547169811,0.32558139534883723,0.3630978499341817
"org.hibernate.test.schemaupdate",1,34,0.9714285714285714,0.046511627906976744,0.017940199335548135
"org.hibernate.test.annotations.onetomany",0,13,1.0,0.0,0.0
"org.hibernate.test.bytecode.enhancement.lazy.proxy",0,16,1.0,0.125,0.125
"org.hibernate.test.criteria",0,17,1.0,0.07692307692307693,0.07692307692307687
"org.hibernate.internal",374,97,0.2059447983014862,0.24324324324324326,0.5508119584552705
"org.hibernate.jpa.test.metamodel",18,4,0.18181818181818182,0.10810810810810811,0.71007371007371
"org.hibernate.type.descriptor.sql",128,6,0.04477611940298507,0.16666666666666666,0.7885572139303483
"org.hibernate.boot.model.naming",146,9,0.05806451612903226,0.6571428571428571,0.28479262672811057
"org.hibernate.test.ops",0,10,1.0,0.02857142857142857,0.02857142857142847
"org.hibernate.cache.spi.support",16,10,0.38461538461538464,0.34375,0.2716346153846154
"org.hibernate.sql",74,13,0.14942528735632185,0.12903225806451613,0.721542454579162
"org.hibernate.test.annotations",8,17,0.68,0.06451612903225806,0.25548387096774183
"org.hibernate.test.annotations.lob",0,10,1.0,0.06451612903225806,0.06451612903225801
"org.hibernate.test.annotations.embedded",0,7,1.0,0.0,0.0
"org.hibernate.envers.test.integration.modifiedflags",0,24,1.0,0.06666666666666667,0.06666666666666665
"org.hibernate.userguide.mapping.identifier",0,6,1.0,0.0,0.0
"org.hibernate.test.annotations.indexcoll",2,4,0.6666666666666666,0.0,0.33333333333333337
"org.hibernate.test.annotations.manytomany",0,4,1.0,0.0,0.0
"org.hibernate.test.annotations.onetoone",0,15,1.0,0.0,0.0
"org.hibernate.boot.spi",291,39,0.11818181818181818,0.8928571428571429,0.011038961038961181
"org.hibernate.engine.transaction.jta.platform.internal",10,13,0.5652173913043478,0.14285714285714285,0.2919254658385093
"org.hibernate.loader.plan.spi",90,8,0.08163265306122448,0.9285714285714286,0.010204081632653184
"org.hibernate.jpa.test.metadata",0,5,1.0,0.0,0.0
"org.hibernate.test.annotations.access.jpa",0,9,1.0,0.0,0.0
"org.hibernate.query.criteria.internal",71,17,0.19318181818181818,0.6296296296296297,0.17718855218855212
"org.hibernate.tool.hbm2ddl",77,23,0.23,0.1111111111111111,0.6588888888888889
"org.hibernate.jpa.test.callbacks",1,14,0.9333333333333333,0.0,0.06666666666666665
"org.hibernate.test.insertordering",0,11,1.0,0.037037037037037035,0.03703703703703698
"org.hibernate.userguide.collections",0,7,1.0,0.038461538461538464,0.03846153846153855
"org.hibernate.cache.spi",85,19,0.18269230769230768,0.6923076923076923,0.125
"org.hibernate.engine.internal",68,30,0.30612244897959184,0.15384615384615385,0.5400313971742543
"org.hibernate.engine.jdbc",59,8,0.11940298507462686,0.4230769230769231,0.4575200918484501
"org.hibernate.loader.plan.build.internal.returns",2,10,0.8333333333333334,0.2692307692307692,0.10256410256410264
"org.hibernate.jpa.test.emops",0,3,1.0,0.0,0.0
"org.hibernate.test.annotations.id.entities",5,0,0.0,0.0,1.0
"org.hibernate.test.annotations.id.sequences.entities",5,0,0.0,0.0,1.0
"org.hibernate.tool.schema.extract.internal",29,15,0.3409090909090909,0.04,0.6190909090909091
"org.hibernate.tuple",50,14,0.21875,0.52,0.26125
"org.hibernate.jpa.test",559,19,0.0328719723183391,0.04,0.9271280276816609
"org.hibernate.test.annotations.manytoone",0,8,1.0,0.0,0.0
"org.hibernate.dialect.identity",23,5,0.17857142857142858,0.041666666666666664,0.7797619047619048
"org.hibernate.persister.entity",394,42,0.0963302752293578,0.5833333333333334,0.32033639143730885
"org.hibernate.query.criteria.internal.expression",20,7,0.25925925925925924,0.25,0.4907407407407407
"org.hibernate.jpa.test.criteria",0,12,1.0,0.20833333333333334,0.20833333333333326
"org.hibernate.test.annotations.inheritance.joined",0,2,1.0,0.08333333333333333,0.08333333333333326
"org.hibernate.envers.test.integration.reventity",1,14,0.9333333333333333,0.0,0.06666666666666665
"org.hibernate.cfg.annotations",24,30,0.5555555555555556,0.08695652173913043,0.35748792270531404
"org.hibernate.dialect.function",125,5,0.038461538461538464,0.17391304347826086,0.7876254180602007
"org.hibernate.tool.schema.internal",38,29,0.43283582089552236,0.08695652173913043,0.4802076573653472
"org.hibernate.test.annotations.beanvalidation",0,5,1.0,0.043478260869565216,0.04347826086956519
"org.hibernate.test.annotations.cid",0,5,1.0,0.0,0.0
"org.hibernate.test.converter",0,24,1.0,0.0,0.0
"org.hibernate.test.querycache",0,14,1.0,0.043478260869565216,0.04347826086956519
"org.hibernate.envers",58,8,0.12121212121212122,0.17391304347826086,0.7048748353096179
"org.hibernate.envers.test.integration.query",0,15,1.0,0.043478260869565216,0.04347826086956519
"org.hibernate.jpa.test.query",0,17,1.0,0.045454545454545456,0.045454545454545414
"org.hibernate.test.annotations.collectionelement",2,7,0.7777777777777778,0.0,0.2222222222222222
"org.hibernate.envers.test.integration.basic",5,17,0.7727272727272727,0.0,0.2272727272727273
"org.hibernate.jpamodelgen.test.accesstype",2,1,0.3333333333333333,0.0,0.6666666666666667
"org.hibernate.userguide.pc",0,9,1.0,0.0,0.0
"org.hibernate.tool.schema.spi",70,10,0.125,0.8571428571428571,0.017857142857142905
"org.hibernate.jpa.test.cascade",0,2,1.0,0.0,0.0
"org.hibernate.test.lob",0,8,1.0,0.09523809523809523,0.09523809523809534
"org.hibernate.hql.internal.ast",67,25,0.2717391304347826,0.2,0.5282608695652173
"org.hibernate.id.enhanced",32,22,0.4074074074074074,0.25,0.34259259259259256
"org.hibernate.test.annotations.query",1,9,0.9,0.0,0.09999999999999998
"org.hibernate.test.cache",0,23,1.0,0.0,0.0
"org.hibernate.test.type",0,28,1.0,0.05,0.050000000000000044
"org.hibernate.userguide.associations",0,2,1.0,0.0,0.0
"org.hibernate.action.internal",18,21,0.5384615384615384,0.15789473684210525,0.30364372469635637
"org.hibernate.loader.custom",12,16,0.5714285714285714,0.2631578947368421,0.16541353383458657
"org.hibernate.property.access.internal",19,9,0.32142857142857145,0.05263157894736842,0.6259398496240601
"org.hibernate.query.criteria.internal.predicate",4,6,0.6,0.15789473684210525,0.24210526315789482
"org.hibernate.service.spi",143,5,0.033783783783783786,0.8947368421052632,0.07147937411095306
"org.hibernate.test.annotations.xml.ejb3",0,10,1.0,0.05263157894736842,0.05263157894736836
"org.hibernate.graph",22,4,0.15384615384615385,0.3333333333333333,0.5128205128205128
"org.hibernate.hql.internal.classic",9,25,0.7352941176470589,0.1111111111111111,0.15359477124182996
"org.hibernate.persister.walking.spi",48,9,0.15789473684210525,0.7777777777777778,0.06432748538011701
"org.hibernate.sql.ordering.antlr",5,7,0.5833333333333334,0.4444444444444444,0.02777777777777768
"org.hibernate.tool.schema.internal.exec",34,13,0.2765957446808511,0.2222222222222222,0.5011820330969268
"org.hibernate.test.annotations.override",0,9,1.0,0.05555555555555555,0.05555555555555558
"org.hibernate.test.annotations.reflection",0,5,1.0,0.0,0.0
"org.hibernate.test.type.descriptor.java",0,4,1.0,0.05555555555555555,0.05555555555555558
"org.hibernate.envers.test.integration.collection.embeddable",0,9,1.0,0.0,0.0
"org.hibernate.envers.test.integration.naming",0,6,1.0,0.05555555555555555,0.05555555555555558
"org.hibernate.cache.internal",20,30,0.6,0.0,0.4
"org.hibernate.engine.jdbc.spi",128,18,0.1232876712328767,0.6470588235294118,0.22965350523771155
"org.hibernate.property.access.spi",66,7,0.0958904109589041,0.29411764705882354,0.6099919419822724
"org.hibernate.jpa.test.ops",0,7,1.0,0.058823529411764705,0.05882352941176472
"org.hibernate.test.annotations.generics",0,6,1.0,0.0,0.0
"org.hibernate.test.annotations.idmanytoone",0,5,1.0,0.0,0.0
"org.hibernate.test.batchfetch",0,8,1.0,0.058823529411764705,0.05882352941176472
"org.hibernate.test.cdi.general.nonregistrymanaged",3,6,0.6666666666666666,0.11764705882352941,0.21568627450980393
"org.hibernate.test.readonly",0,8,1.0,0.058823529411764705,0.05882352941176472
"org.hibernate.test.where.hbm",0,6,1.0,0.0,0.0
"org.hibernate.envers.test.integration.collection",0,12,1.0,0.058823529411764705,0.05882352941176472
"org.hibernate.jpamodelgen.test.collectionbasictype",0,6,1.0,0.058823529411764705,0.05882352941176472
"org.hibernate.boot.model.relational",100,10,0.09090909090909091,0.375,0.5340909090909091
"org.hibernate.hql.spi.id.inline",8,14,0.6363636363636364,0.25,0.11363636363636365
"org.hibernate.metamodel.model.domain.internal",3,8,0.7272727272727273,0.3125,0.03977272727272729
"org.hibernate.metamodel.model.domain.spi",29,8,0.21621621621621623,0.9375,0.15371621621621623
"org.hibernate.query.criteria.internal.expression.function",5,3,0.375,0.0625,0.5625
"org.hibernate.stat.internal",9,21,0.7,0.0625,0.23750000000000004
"org.hibernate.jpa.test.pack.defaultpar",5,0,0.0,0.0,1.0
"org.hibernate.jpa.test.pack.war",0,0,0.0,0.0,1.0
"org.hibernate.test.dialect.functional",0,24,1.0,0.0,0.0
"org.hibernate.envers.test.integration.components.dynamic",0,12,1.0,0.0,0.0
"org.hibernate.testing",201,5,0.024271844660194174,0.125,0.8507281553398058
"org.hibernate.boot.jaxb.hbm.spi",13,0,0.0,1.0,0.0
"org.hibernate.bytecode.internal.bytebuddy",3,10,0.7692307692307693,0.06666666666666667,0.16410256410256407
"org.hibernate.dialect.lock",11,11,0.5,0.2,0.30000000000000004
"org.hibernate.dialect.pagination",33,3,0.08333333333333333,0.13333333333333333,0.7833333333333333
"org.hibernate.engine.jdbc.internal",29,25,0.46296296296296297,0.13333333333333333,0.4037037037037037
"org.hibernate.hql.internal.ast.util",42,19,0.3114754098360656,0.26666666666666666,0.4218579234972677
"org.hibernate.internal.util",351,15,0.040983606557377046,0.2,0.759016393442623
"org.hibernate.loader",88,32,0.26666666666666666,0.5333333333333333,0.19999999999999996
"org.hibernate.loader.plan.build.spi",35,11,0.2391304347826087,0.6,0.16086956521739126
"org.hibernate.query.internal",15,22,0.5945945945945946,0.2,0.2054054054054053
"org.hibernate.jpa.test.graphs",1,15,0.9375,0.0,0.0625
"org.hibernate.test.annotations.derivedidentities.bidirectional",0,6,1.0,0.0,0.0
"org.hibernate.test.annotations.manytoonewithformula",0,3,1.0,0.0,0.0
"org.hibernate.test.annotations.referencedcolumnname",0,6,1.0,0.0,0.0
"org.hibernate.test.idprops",0,3,1.0,0.0,0.0
"org.hibernate.envers.internal.entities.mapper.relation",23,24,0.5106382978723404,0.2,0.28936170212765955
"org.hibernate.envers.query.criteria.internal",8,11,0.5789473684210527,0.13333333333333333,0.28771929824561404
"org.hibernate.envers.test.entities.collection",20,3,0.13043478260869565,0.0,0.8695652173913043
"org.hibernate.spatial.dialect.oracle",3,15,0.8333333333333334,0.0,0.16666666666666663
"org.hibernate.spatial.testing",41,15,0.26785714285714285,0.4,0.3321428571428571
"org.hibernate.testing.bytecode.enhancement",83,6,0.06741573033707865,0.13333333333333333,0.799250936329588
"org.hibernate.testing.junit4",1314,24,0.017937219730941704,0.2,0.7820627802690583
"org.hibernate.osgitest.command",0,3,1.0,0.0,0.0
"org.hibernate.osgitest",7,11,0.6111111111111112,0.07142857142857142,0.31746031746031744
"org.hibernate.boot",390,31,0.07363420427553444,0.2857142857142857,0.6406515100101798
"org.hibernate.engine.query.spi",32,31,0.49206349206349204,0.21428571428571427,0.2936507936507937
"org.hibernate.loader.collection",8,13,0.6190476190476191,0.2857142857142857,0.09523809523809523
"org.hibernate.loader.plan.exec.internal",7,25,0.78125,0.2857142857142857,0.06696428571428559
"org.hibernate.transform",42,6,0.125,0.2857142857142857,0.5892857142857143
"org.hibernate.tuple.entity",33,28,0.45901639344262296,0.21428571428571427,0.3266978922716628
"org.hibernate.jpa.test.procedure",0,12,1.0,0.07142857142857142,0.0714285714285714
"org.hibernate.jpa.test.transaction",0,17,1.0,0.07142857142857142,0.0714285714285714
"org.hibernate.test.jpa.compliance.tck2_2",0,24,1.0,0.0,0.0
"org.hibernate.envers.test.entities.ids",31,4,0.11428571428571428,0.0,0.8857142857142857
"org.hibernate.envers.test.entities.onetomany.detached",11,1,0.08333333333333333,0.0,0.9166666666666666
"org.hibernate.envers.test.integration.superclass.auditoverride",0,4,1.0,0.0,0.0
"org.hibernate.spatial.dialect.postgis",3,11,0.7857142857142857,0.0,0.2142857142857143
"org.hibernate.bytecode.enhance.internal.javassist",2,6,0.75,0.07692307692307693,0.17307692307692313
"org.hibernate.internal.util.collections",133,2,0.014814814814814815,0.23076923076923078,0.7544159544159544
"org.hibernate.internal.util.xml",11,3,0.21428571428571427,0.3076923076923077,0.478021978021978
"org.hibernate.jpa.spi",23,10,0.30303030303030304,0.6923076923076923,0.004662004662004726
"org.hibernate.loader.entity",11,24,0.6857142857142857,0.3076923076923077,0.00659340659340657
"org.hibernate.query.criteria.internal.path",11,7,0.3888888888888889,0.3076923076923077,0.30341880341880345
"org.hibernate.test.bulkid",0,9,1.0,0.15384615384615385,0.15384615384615374
"org.hibernate.test.bytecode.enhancement.lazy",0,16,1.0,0.15384615384615385,0.15384615384615374
"org.hibernate.test.cascade",0,5,1.0,0.0,0.0
"org.hibernate.test.cascade.circle",0,4,1.0,0.07692307692307693,0.07692307692307687
"org.hibernate.test.inheritance.discriminator",0,6,1.0,0.38461538461538464,0.3846153846153846
"org.hibernate.test.sql.hand",4,3,0.42857142857142855,0.0,0.5714285714285714
"org.hibernate.test.timestamp",0,7,1.0,0.0,0.0
"org.hibernate.envers.configuration.internal.metadata",6,21,0.7777777777777778,0.07692307692307693,0.14529914529914523
"org.hibernate.envers.internal.entities.mapper",24,12,0.3333333333333333,0.5384615384615384,0.1282051282051282
"org.hibernate.envers.test.integration.ids.embeddedid",0,2,1.0,0.07692307692307693,0.07692307692307687
"org.hibernate.envers.test.integration.onetomany.detached",0,8,1.0,0.0,0.0
"org.hibernate.envers.test.integration.superclass.auditparents",0,4,1.0,0.0,0.0
"org.hibernate.userguide.model",6,0,0.0,0.0,1.0
"org.hibernate.userguide.sql",0,9,1.0,0.0,0.0
"org.hibernate.boot.archive.scan.spi",25,2,0.07407407407407407,0.75,0.17592592592592593
"org.hibernate.boot.internal",26,61,0.7011494252873564,0.0,0.29885057471264365
"org.hibernate.jdbc",59,7,0.10606060606060606,0.5833333333333334,0.31060606060606055
"org.hibernate.tool.schema.extract.spi",56,7,0.1111111111111111,0.8333333333333334,0.05555555555555558
"org.hibernate.jpa.test.ejb3configuration",0,31,1.0,0.0,0.0
"org.hibernate.query.hhh12076",0,3,1.0,0.3333333333333333,0.33333333333333326
"org.hibernate.test.annotations.access",1,9,0.9,0.0,0.09999999999999998
"org.hibernate.test.annotations.any",1,4,0.8,0.16666666666666666,0.033333333333333326
"org.hibernate.test.annotations.xml.hbm",0,4,1.0,0.25,0.25
"org.hibernate.test.filter",0,13,1.0,0.08333333333333333,0.08333333333333326
"org.hibernate.test.id",0,9,1.0,0.0,0.0
"org.hibernate.test.join",0,6,1.0,0.08333333333333333,0.08333333333333326
"org.hibernate.test.mapping",0,7,1.0,0.0,0.0
"org.hibernate.test.namingstrategy.complete",0,6,1.0,0.25,0.25
"org.hibernate.test.schemaupdate.foreignkeys",0,9,1.0,0.0,0.0
"org.hibernate.test.where.annotations",0,4,1.0,0.0,0.0
"org.hibernate.envers.event.spi",1,15,0.9375,0.3333333333333333,0.27083333333333326
"org.hibernate.envers.test.integration.onetomany",0,6,1.0,0.0,0.0
"org.hibernate.osgi",0,18,1.0,0.0,0.0
"org.hibernate.spatial",50,5,0.09090909090909091,0.5,0.40909090909090906
"org.hibernate.jpamodelgen.test.mixedmode",0,1,1.0,0.0,0.0
"org.hibernate.boot.archive.spi",38,3,0.07317073170731707,0.8181818181818182,0.10864745011086474
"org.hibernate.boot.jaxb.internal.stax",3,4,0.5714285714285714,0.18181818181818182,0.24675324675324672
"org.hibernate.bytecode.enhance.internal.bytebuddy",4,7,0.6363636363636364,0.18181818181818182,0.18181818181818188
"org.hibernate.bytecode.enhance.spi",76,3,0.0379746835443038,0.5454545454545454,0.4165707710011508
"org.hibernate.bytecode.enhance.spi.interceptor",33,10,0.23255813953488372,0.45454545454545453,0.3128964059196617
"org.hibernate.bytecode.spi",38,7,0.15555555555555556,0.5454545454545454,0.29898989898989903
"org.hibernate.engine.jdbc.connections.internal",28,18,0.391304347826087,0.18181818181818182,0.4268774703557312
"org.hibernate.engine.jdbc.env.spi",90,11,0.10891089108910891,0.5454545454545454,0.3456345634563457
"org.hibernate.hql.spi.id",70,17,0.19540229885057472,0.5454545454545454,0.2591431556948799
"org.hibernate.jpa.event.internal",1,9,0.9,0.18181818181818182,0.08181818181818179
"org.hibernate.loader.plan.build.internal.spaces",5,11,0.6875,0.18181818181818182,0.13068181818181812
"org.hibernate.metamodel.model.domain",36,2,0.05263157894736842,0.9090909090909091,0.038277511961722466
"org.hibernate.persister.collection",181,31,0.14622641509433962,0.36363636363636365,0.4901372212692967
"org.hibernate.procedure",30,7,0.1891891891891892,0.45454545454545453,0.35626535626535627
"org.hibernate.query",98,9,0.08411214953271028,0.5454545454545454,0.3704333050127443
"org.hibernate.query.spi",49,10,0.1694915254237288,0.8181818181818182,0.012326656394452962
"org.hibernate.jpa.test.criteria.basic",0,8,1.0,0.0,0.0
"org.hibernate.jpa.test.criteria.fetchscroll",0,3,1.0,0.0,0.0
"org.hibernate.jpa.userguide.util",0,4,1.0,0.09090909090909091,0.09090909090909083
"org.hibernate.test.annotations.cascade",0,2,1.0,0.0,0.0
"org.hibernate.test.annotations.fetchprofile",0,8,1.0,0.0,0.0
"org.hibernate.test.annotations.fkcircularity",0,4,1.0,0.0,0.0
"org.hibernate.test.annotations.idmanytoone.alphabetical",0,1,1.0,0.0,0.0
"org.hibernate.test.annotations.immutable",0,9,1.0,0.0,0.0
"org.hibernate.test.annotations.join",0,7,1.0,0.18181818181818182,0.18181818181818188
"org.hibernate.test.annotations.various",0,7,1.0,0.0,0.0
"org.hibernate.test.component.empty",0,7,1.0,0.0,0.0
"org.hibernate.test.connections",0,20,1.0,0.09090909090909091,0.09090909090909083
"org.hibernate.test.event.collection.detached",0,12,1.0,0.18181818181818182,0.18181818181818188
"org.hibernate.test.extralazy",0,4,1.0,0.0,0.0
"org.hibernate.test.flush",0,14,1.0,0.0,0.0
"org.hibernate.test.jpa.cascade",0,2,1.0,0.0,0.0
"org.hibernate.test.onetomany",0,4,1.0,0.18181818181818182,0.18181818181818188
"org.hibernate.test.procedure",0,12,1.0,0.0,0.0
"org.hibernate.test.quote",0,15,1.0,0.18181818181818182,0.18181818181818188
"org.hibernate.test.subselect",0,4,1.0,0.0,0.0
"org.hibernate.envers.test.entities.components",20,0,0.0,0.0,1.0
"org.hibernate.envers.test.entities",124,0,0.0,0.0,1.0
"org.hibernate.envers.test.integration.data",0,3,1.0,0.0,0.0
"org.hibernate.userguide.envers",0,11,1.0,0.0,0.0
"org.hibernate.userguide.fetching",0,5,1.0,0.0,0.0
"org.hibernate.boot.archive.internal",9,3,0.25,0.0,0.75
"org.hibernate.boot.jaxb.hbm.internal",1,3,0.75,0.0,0.25
"org.hibernate.bytecode.internal.javassist",1,10,0.9090909090909091,0.1,0.009090909090909038
"org.hibernate.collection.internal",32,12,0.2727272727272727,0.3,0.42727272727272725
"org.hibernate.jpa.internal.util",11,8,0.42105263157894735,0.2,0.3789473684210527
"org.hibernate.resource.beans.container.internal",6,8,0.5714285714285714,0.2,0.22857142857142865
"org.hibernate.service.internal",5,19,0.7916666666666666,0.1,0.10833333333333339
"org.hibernate.stat",67,0,0.0,1.0,0.0
"org.hibernate.tuple.component",7,23,0.7666666666666667,0.3,0.06666666666666665
"org.hibernate.id.hhh12973",0,16,1.0,0.0,0.0
"org.hibernate.jpa.test.lock",0,10,1.0,0.0,0.0
"org.hibernate.jpa.test.xml",1,4,0.8,0.0,0.19999999999999996
"org.hibernate.test.annotations.cascade.circle.identity",0,3,1.0,0.1,0.10000000000000009
"org.hibernate.test.annotations.cascade.circle.sequence",0,3,1.0,0.1,0.10000000000000009
"org.hibernate.test.annotations.manytomany.defaults",0,5,1.0,0.0,0.0
"org.hibernate.test.any",1,5,0.8333333333333334,0.1,0.06666666666666665
"org.hibernate.test.collection.dereferenced",0,5,1.0,0.1,0.10000000000000009
"org.hibernate.test.enums",0,15,1.0,0.0,0.0
"org.hibernate.test.inheritance.discriminator.joinedsubclass",0,4,1.0,0.3,0.30000000000000004
"org.hibernate.test.interceptor",0,5,1.0,0.0,0.0
"org.hibernate.test.interfaceproxy",0,4,1.0,0.5,0.5
"org.hibernate.test.locking",1,10,0.9090909090909091,0.1,0.009090909090909038
"org.hibernate.test.stats",0,10,1.0,0.0,0.0
"org.hibernate.test.util",32,15,0.3191489361702128,0.1,0.5808510638297872
"org.hibernate.envers.internal.synchronization.work",7,11,0.6111111111111112,0.4,0.011111111111111072
"org.hibernate.envers.internal.tools",42,12,0.2222222222222222,0.7,0.07777777777777783
"org.hibernate.envers.test.integration.flush",0,5,1.0,0.2,0.19999999999999996
"org.hibernate.envers.test.integration.onetoone.bidirectional",2,2,0.5,0.0,0.5
"org.hibernate.jpamodelgen.test.elementcollection",0,1,1.0,0.0,0.0
"org.hibernate.userguide.proxy.tuplizer",0,8,1.0,0.2222222222222222,0.22222222222222232
"org.hibernate.test.c3p0",0,13,1.0,0.0,0.0
"org.hibernate.boot.archive.scan.internal",11,3,0.21428571428571427,0.0,0.7857142857142857
"org.hibernate.boot.jaxb.internal",6,10,0.625,0.1111111111111111,0.26388888888888884
"org.hibernate.boot.model",80,10,0.1111111111111111,0.4444444444444444,0.4444444444444444
"org.hibernate.boot.registry.classloading.internal",10,6,0.375,0.2222222222222222,0.4027777777777778
"org.hibernate.cache.spi.entry",17,9,0.34615384615384615,0.2222222222222222,0.43162393162393164
"org.hibernate.cfg.beanvalidation",3,19,0.8636363636363636,0.1111111111111111,0.025252525252525304
"org.hibernate.loader.plan.exec.process.internal",7,26,0.7878787878787878,0.1111111111111111,0.101010101010101
"org.hibernate.param",38,3,0.07317073170731707,0.4444444444444444,0.48238482384823855
"org.hibernate.resource.transaction.backend.jta.internal",16,15,0.4838709677419355,0.2222222222222222,0.2939068100358423
"org.hibernate.resource.transaction.backend.jta.internal.synchronization",9,4,0.3076923076923077,0.5555555555555556,0.1367521367521367
"org.hibernate.usertype",61,6,0.08955223880597014,1.0,0.08955223880597019
"org.hibernate.boot.spi.metadatabuildercontributor",0,8,1.0,0.1111111111111111,0.11111111111111116
"org.hibernate.jpa.test.mapping",0,7,1.0,0.0,0.0
"org.hibernate.jpa.test.metamodel.attributeInSuper",0,1,1.0,0.0,0.0
"org.hibernate.jpa.test.schemagen",4,5,0.5555555555555556,0.0,0.4444444444444444
"org.hibernate.test.annotations.access.xml",0,5,1.0,0.0,0.0
"org.hibernate.test.annotations.formula",0,14,1.0,0.0,0.0
"org.hibernate.test.annotations.genericsinheritance",0,2,1.0,0.2222222222222222,0.22222222222222232
"org.hibernate.test.annotations.inheritance.singletable",2,5,0.7142857142857143,0.1111111111111111,0.17460317460317465
"org.hibernate.test.annotations.tuplizer",0,9,1.0,0.2222222222222222,0.22222222222222232
"org.hibernate.test.annotations.uniqueconstraint",0,14,1.0,0.0,0.0
"org.hibernate.test.cid",1,8,0.8888888888888888,0.0,0.11111111111111116
"org.hibernate.test.collection.bag",0,9,1.0,0.0,0.0
"org.hibernate.test.collection.custom.basic",1,7,0.875,0.2222222222222222,0.09722222222222232
"org.hibernate.test.event.collection",16,12,0.42857142857142855,0.6666666666666666,0.09523809523809512
"org.hibernate.test.exceptionhandling",2,17,0.8947368421052632,0.3333333333333333,0.22807017543859653
"org.hibernate.test.generated",0,6,1.0,0.1111111111111111,0.11111111111111116
"org.hibernate.test.joinedsubclass",0,5,1.0,0.4444444444444444,0.4444444444444444
"org.hibernate.test.jpa.ql",0,7,1.0,0.1111111111111111,0.11111111111111116
"org.hibernate.test.lazyload",0,8,1.0,0.0,0.0
"org.hibernate.test.loadplans.process",1,20,0.9523809523809523,0.2222222222222222,0.17460317460317443
"org.hibernate.test.manytomany",0,4,1.0,0.0,0.0
"org.hibernate.test.metamodel",0,2,1.0,0.1111111111111111,0.11111111111111116
"org.hibernate.test.resource.transaction.jta",3,12,0.8,0.1111111111111111,0.0888888888888888
"org.hibernate.test.stateless",0,9,1.0,0.0,0.0
"org.hibernate.test.tool.schema",1,26,0.9629629629629629,0.0,0.03703703703703709
"org.hibernate.cache.ehcache.test.domain",1,1,0.5,0.0,0.5
"org.hibernate.envers.configuration.internal.metadata.reader",8,9,0.5294117647058824,0.2222222222222222,0.24836601307189543
"org.hibernate.envers.internal.entities.mapper.id",17,13,0.43333333333333335,0.4444444444444444,0.12222222222222223
"org.hibernate.envers.internal.entities.mapper.relation.component",2,11,0.8461538461538461,0.1111111111111111,0.042735042735042805
"org.hibernate.envers.query.criteria",17,10,0.37037037037037035,0.2222222222222222,0.40740740740740744
"org.hibernate.envers.test.integration.accesstype",0,3,1.0,0.0,0.0
"org.hibernate.jcache.test.domain",3,1,0.25,0.0,0.75
"org.jboss.as.jpa.hibernate5",0,8,1.0,0.1111111111111111,0.11111111111111116
"org.hibernate.spatial.dialect.mysql",0,11,1.0,0.0,0.0
"org.hibernate.spatial.testing.dialects.mysql",1,2,0.6666666666666666,0.0,0.33333333333333337
"org.hibernate.testing.logger",41,2,0.046511627906976744,0.2222222222222222,0.7312661498708011
"org.hibernate.jpamodelgen.test.embeddable",0,1,1.0,0.1111111111111111,0.11111111111111116
"org.hibernate.jpamodelgen.test.util",39,1,0.025,0.1111111111111111,0.8638888888888889
"org.hibernate.jpamodelgen.test.xmlmapped",0,3,1.0,0.0,0.0
"org.hibernate.userguide.associations.any",0,1,1.0,0.125,0.125
"org.hibernate.userguide.inheritance",0,3,1.0,0.0,0.0
"org.hibernate.userguide.locking",0,4,1.0,0.0,0.0
"org.hibernate.engine.jdbc.batch.internal",14,11,0.44,0.25,0.31000000000000005
"org.hibernate.engine.jdbc.dialect.spi",14,6,0.3,0.5,0.19999999999999996
"org.hibernate.engine.jdbc.env.internal",11,24,0.6857142857142857,0.125,0.18928571428571428
"org.hibernate.engine.query.spi.sql",32,3,0.08571428571428572,0.25,0.6642857142857143
"org.hibernate.exception.spi",27,6,0.18181818181818182,0.875,0.05681818181818188
"org.hibernate.jpa",70,10,0.125,0.5,0.375
"org.hibernate.loader.plan.build.internal",6,16,0.7272727272727273,0.25,0.022727272727272707
"org.hibernate.loader.plan.exec.process.spi",20,8,0.2857142857142857,1.0,0.2857142857142856
"org.hibernate.procedure.internal",10,22,0.6875,0.125,0.1875
"org.hibernate.proxy",100,6,0.05660377358490566,0.875,0.06839622641509435
"org.hibernate.query.criteria.internal.compile",61,12,0.1643835616438356,0.625,0.2106164383561644
"org.hibernate.resource.transaction.spi",43,8,0.1568627450980392,0.75,0.09313725490196079
"org.hibernate.secure.internal",2,6,0.75,0.375,0.125
"org.hibernate.service",242,29,0.1070110701107011,0.25,0.6429889298892989
"org.hibernate.jpa.test.cascade.multicircle",0,2,1.0,0.125,0.125
"org.hibernate.jpa.test.emops.cascade",0,3,1.0,0.0,0.0
"org.hibernate.jpa.test.pack.defaultpar_1_0",3,0,0.0,0.0,1.0
"org.hibernate.test.annotations.cascade.multicircle.jpa.identity",0,3,1.0,0.125,0.125
"org.hibernate.test.annotations.cascade.multicircle.jpa.sequence",0,2,1.0,0.125,0.125
"org.hibernate.test.annotations.cascade.multicircle.nonjpa.identity",0,3,1.0,0.125,0.125
"org.hibernate.test.annotations.cascade.multicircle.nonjpa.sequence",0,2,1.0,0.125,0.125
"org.hibernate.test.annotations.embeddables",0,8,1.0,0.0,0.0
"org.hibernate.test.annotations.id.generationmappings",1,6,0.8571428571428571,0.0,0.1428571428571429
"org.hibernate.test.annotations.namingstrategy",1,8,0.8888888888888888,0.0,0.11111111111111116
"org.hibernate.test.annotations.naturalid",0,6,1.0,0.0,0.0
"org.hibernate.test.annotations.target",0,2,1.0,0.375,0.375
"org.hibernate.test.cfg.persister",0,22,1.0,0.0,0.0
"org.hibernate.test.collection.custom.parameterized",0,7,1.0,0.25,0.25
"org.hibernate.test.hql.fetchAndJoin",0,3,1.0,0.0,0.0
"org.hibernate.test.immutable.entitywithmutablecollection",16,5,0.23809523809523808,0.25,0.5119047619047619
"org.hibernate.test.immutable.entitywithmutablecollection.inverse",0,2,1.0,0.0,0.0
"org.hibernate.test.immutable.entitywithmutablecollection.noninverse",0,2,1.0,0.0,0.0
"org.hibernate.test.namingstrategy",0,7,1.0,0.0,0.0
"org.hibernate.test.naturalid.mutable.cached",0,5,1.0,0.125,0.125
"org.hibernate.test.subselectfetch",0,6,1.0,0.0,0.0
"org.hibernate.test.unidir",0,4,1.0,0.0,0.0
"org.hibernate.test.unionsubclass",0,10,1.0,0.125,0.125
"org.hibernate.test.version",0,2,1.0,0.0,0.0
"org.hibernate.cache.ehcache.test",0,17,1.0,0.0,0.0
"org.hibernate.envers.configuration.internal",30,21,0.4117647058823529,0.125,0.4632352941176471
"org.hibernate.envers.internal.entities",69,11,0.1375,0.0,0.8625
"org.hibernate.envers.internal.entities.mapper.relation.lazy.initializor",9,8,0.47058823529411764,0.25,0.27941176470588236
"org.hibernate.envers.internal.entities.mapper.relation.query",13,8,0.38095238095238093,0.25,0.36904761904761907
"org.hibernate.envers.test.entities.manytomany",8,1,0.1111111111111111,0.0,0.8888888888888888
"org.hibernate.envers.test.integration.collection.norevision",1,3,0.75,0.125,0.125
"org.hibernate.envers.test.integration.customtype",0,12,1.0,0.0,0.0
"org.hibernate.envers.test.integration.ids.idclass",0,1,1.0,0.0,0.0
"org.hibernate.envers.test.integration.inheritance.joined.relation",0,2,1.0,0.0,0.0
"org.hibernate.envers.test.integration.manytomany",0,5,1.0,0.0,0.0
"org.hibernate.envers.test.integration.naming.ids",0,2,1.0,0.0,0.0
"org.hibernate.envers.test.performance",0,18,1.0,0.25,0.25
"org.jboss.as.jpa.hibernate5.management",1,2,0.6666666666666666,0.125,0.20833333333333337
"org.hibernate.osgi.test.client",1,10,0.9090909090909091,0.0,0.09090909090909094
"org.hibernate.spatial.criterion",1,8,0.8888888888888888,0.0,0.11111111111111116
"org.hibernate.spatial.dialect.hana",3,14,0.8235294117647058,0.0,0.17647058823529416
"org.hibernate.testing.boot",14,28,0.6666666666666666,0.0,0.33333333333333337
"org.hibernate.jpamodelgen.test.inheritance.basic",0,1,1.0,0.125,0.125
"org.hibernate.jpamodelgen.test.xmlonly",0,2,1.0,0.0,0.0
"org.hibernate.userguide.mapping.embeddable",0,6,1.0,0.14285714285714285,0.1428571428571428
"org.hibernate.bytecode.enhance.internal.tracker",7,2,0.2222222222222222,0.14285714285714285,0.6349206349206349
"org.hibernate.cache.spi.access",73,6,0.0759493670886076,0.7142857142857143,0.20976491862567814
"org.hibernate.cfg.annotations.reflection",5,9,0.6428571428571429,0.14285714285714285,0.2142857142857142
"org.hibernate.engine.jdbc.connections.spi",100,6,0.05660377358490566,0.7142857142857143,0.22911051212938005
"org.hibernate.engine.jdbc.dialect.internal",3,13,0.8125,0.0,0.1875
"org.hibernate.exception",45,1,0.021739130434782608,0.0,0.9782608695652174
"org.hibernate.graph.spi",34,3,0.08108108108108109,0.8571428571428571,0.061776061776061875
"org.hibernate.hql.internal",25,15,0.375,0.0,0.625
"org.hibernate.hql.spi",32,7,0.1794871794871795,1.0,0.17948717948717952
"org.hibernate.hql.spi.id.persistent",2,19,0.9047619047619048,0.0,0.09523809523809523
"org.hibernate.jpa.boot.spi",46,9,0.16363636363636364,0.7142857142857143,0.12207792207792201
"org.hibernate.jpa.internal",3,9,0.75,0.0,0.25
"org.hibernate.loader.criteria",4,16,0.8,0.14285714285714285,0.05714285714285716
"org.hibernate.resource.beans.container.spi",20,4,0.16666666666666666,0.8571428571428571,0.023809523809523725
"org.hibernate.resource.jdbc.spi",36,6,0.14285714285714285,0.8571428571428571,0.0
"org.hibernate.secure.spi",11,12,0.5217391304347826,0.2857142857142857,0.1925465838509317
"org.hibernate.jpa.test.cascade.multilevel",0,2,1.0,0.0,0.0
"org.hibernate.jpa.test.cdi.extended",0,1,1.0,0.0,0.0
"org.hibernate.jpa.test.criteria.components",1,3,0.75,0.42857142857142855,0.1785714285714286
"org.hibernate.jpa.test.criteria.literal",0,5,1.0,0.14285714285714285,0.1428571428571428
"org.hibernate.jpa.test.criteria.paths",0,6,1.0,0.0,0.0
"org.hibernate.jpa.test.xml.sequences",0,2,1.0,0.0,0.0
"org.hibernate.property",0,9,1.0,0.14285714285714285,0.1428571428571428
"org.hibernate.test.annotations.derivedidentities",0,0,0.0,0.0,1.0
"org.hibernate.test.annotations.derivedidentities.e3.b2",0,3,1.0,0.0,0.0
"org.hibernate.test.annotations.derivedidentities.e3.b3",0,3,1.0,0.0,0.0
"org.hibernate.test.annotations.entitynonentity",1,2,0.6666666666666666,0.0,0.33333333333333337
"org.hibernate.test.annotations.id",0,10,1.0,0.0,0.0
"org.hibernate.test.annotations.id.sequences",0,15,1.0,0.0,0.0
"org.hibernate.test.annotations.inheritance",1,4,0.8,0.0,0.19999999999999996
"org.hibernate.test.annotations.onetoone.hhh4851",0,3,1.0,0.0,0.0
"org.hibernate.test.bytecode.enhancement.basic",0,5,1.0,0.2857142857142857,0.2857142857142856
"org.hibernate.test.bytecode.enhancement.lazy.group",1,7,0.875,0.0,0.125
"org.hibernate.test.bytecode.enhancement.merge",1,2,0.6666666666666666,0.0,0.33333333333333337
"org.hibernate.test.cdi.general.mixed",0,8,1.0,0.0,0.0
"org.hibernate.test.collection.map",0,3,1.0,0.0,0.0
"org.hibernate.test.collection.original",0,4,1.0,0.0,0.0
"org.hibernate.test.converter.custom",0,13,1.0,0.0,0.0
"org.hibernate.test.cut",0,9,1.0,0.0,0.0
"org.hibernate.test.discriminator",0,5,1.0,0.0,0.0
"org.hibernate.test.id.usertype.inet",1,11,0.9166666666666666,0.0,0.08333333333333337
"org.hibernate.test.joinfetch",0,4,1.0,0.0,0.0
"org.hibernate.test.multitenancy.schema",1,17,0.9444444444444444,0.14285714285714285,0.08730158730158721
"org.hibernate.test.pagination",0,7,1.0,0.0,0.0
"org.hibernate.test.propertyref.basic",0,4,1.0,0.0,0.0
"org.hibernate.test.proxy",0,7,1.0,0.0,0.0
"org.hibernate.test.queryplan",0,7,1.0,0.0,0.0
"org.hibernate.test.stateless.fetching",0,7,1.0,0.0,0.0
"org.hibernate.cache.ehcache.internal",6,12,0.6666666666666666,0.2857142857142857,0.04761904761904767
"org.hibernate.envers.boot.internal",92,27,0.226890756302521,0.14285714285714285,0.6302521008403361
"org.hibernate.envers.query.internal.property",17,2,0.10526315789473684,0.14285714285714285,0.7518796992481203
"org.hibernate.envers.test",319,19,0.05621301775147929,0.5714285714285714,0.37235841081994936
"org.hibernate.envers.test.entities.components.relations",9,1,0.1,0.0,0.9
"org.hibernate.envers.test.entities.customtype",7,4,0.36363636363636365,0.0,0.6363636363636364
"org.hibernate.envers.test.entities.manytomany.unidirectional",8,1,0.1111111111111111,0.0,0.8888888888888888
"org.hibernate.envers.test.entities.onetomany",14,1,0.06666666666666667,0.0,0.9333333333333333
"org.hibernate.envers.test.integration.components.mappedsuperclass",0,2,1.0,0.14285714285714285,0.1428571428571428
"org.hibernate.envers.test.integration.jta",0,11,1.0,0.0,0.0
"org.hibernate.jcache.test",1,17,0.9444444444444444,0.14285714285714285,0.08730158730158721
"org.hibernate.spatial.integration",5,16,0.7619047619047619,0.2857142857142857,0.04761904761904745
"org.hibernate.testing.jdbc.leak",1,2,0.6666666666666666,0.14285714285714285,0.19047619047619047
"org.hibernate.jpamodelgen.annotation",1,3,0.75,0.14285714285714285,0.1071428571428572
"org.hibernate.jpamodelgen",15,4,0.21052631578947367,0.0,0.7894736842105263
"org.hibernate.jpamodelgen.util",11,1,0.08333333333333333,0.0,0.9166666666666666
"org.hibernate.jpamodelgen.xml",1,4,0.8,0.14285714285714285,0.05714285714285716
"org.hibernate.jpamodelgen.test.inheritance.unmappedclassinhierarchy",0,1,1.0,0.14285714285714285,0.1428571428571428
"org.hibernate.jpamodelgen.test.mappedsuperclass.typedmappedsuperclass",0,1,1.0,0.42857142857142855,0.4285714285714286
"org.hibernate.userguide.flush",0,3,1.0,0.0,0.0
"org.hibernate.userguide.mapping.generated",0,4,1.0,0.0,0.0
"org.hibernate.boot.model.convert.internal",7,9,0.5625,0.16666666666666666,0.27083333333333337
"org.hibernate.boot.registry",331,14,0.04057971014492753,0.5,0.45942028985507244
"org.hibernate.cache.cfg.spi",34,4,0.10526315789473684,1.0,0.10526315789473673
"org.hibernate.dialect.unique",5,4,0.4444444444444444,0.16666666666666666,0.38888888888888895
"org.hibernate.engine",43,2,0.044444444444444446,0.16666666666666666,0.7888888888888889
"org.hibernate.event.service.spi",51,4,0.07272727272727272,0.8333333333333334,0.09393939393939388
"org.hibernate.id.insert",6,6,0.5,0.6666666666666666,0.16666666666666652
"org.hibernate.id.uuid",4,10,0.7142857142857143,0.0,0.2857142857142857
"org.hibernate.jpa.boot.internal",20,35,0.6363636363636364,0.0,0.36363636363636365
"org.hibernate.jpa.event.spi",18,1,0.05263157894736842,0.6666666666666666,0.2807017543859649
"org.hibernate.loader.plan.exec.spi",29,3,0.09375,0.8333333333333334,0.07291666666666663
"org.hibernate.result",15,1,0.0625,0.6666666666666666,0.27083333333333337
"org.hibernate.boot.spi.delegation",0,2,1.0,0.0,0.0
"org.hibernate.jpa.test.connection",1,6,0.8571428571428571,0.16666666666666666,0.023809523809523725
"org.hibernate.jpa.test.criteria.idclass",0,1,1.0,0.0,0.0
"org.hibernate.jpa.test.factory.puUtil",0,1,1.0,0.0,0.0
"org.hibernate.jpa.test.orphan.onetoone.multilevelcascade",0,1,1.0,0.0,0.0
"org.hibernate.jpa.test.pack.explodedpar",3,0,0.0,0.0,1.0
"org.hibernate.jpa.test.packaging",0,24,1.0,0.16666666666666666,0.16666666666666674
"org.hibernate.test.annotations.idclassgeneratedvalue",0,2,1.0,0.0,0.0
"org.hibernate.test.annotations.index.jpa",0,5,1.0,0.16666666666666666,0.16666666666666674
"org.hibernate.test.annotations.manytoone.referencedcolumnname",0,5,1.0,0.0,0.0
"org.hibernate.test.annotations.tableperclass",0,2,1.0,0.16666666666666666,0.16666666666666674
"org.hibernate.test.batch",0,6,1.0,0.0,0.0
"org.hibernate.test.cdi.converters.legacy",0,3,1.0,0.0,0.0
"org.hibernate.test.collection.custom.declaredtype",0,7,1.0,0.16666666666666666,0.16666666666666674
"org.hibernate.test.collection.delayedOperation",0,7,1.0,0.0,0.0
"org.hibernate.test.collection.list",0,7,1.0,0.0,0.0
"org.hibernate.test.collection.set",0,6,1.0,0.0,0.0
"org.hibernate.test.collectionalias",0,2,1.0,0.0,0.0
"org.hibernate.test.compositeusertype",0,5,1.0,0.16666666666666666,0.16666666666666674
"org.hibernate.test.compositeusertype.nested",0,5,1.0,0.0,0.0
"org.hibernate.test.converter.caching",0,8,1.0,0.0,0.0
"org.hibernate.test.dialect.function",0,6,1.0,0.0,0.0
"org.hibernate.test.dialect.unit.lockhint",0,5,1.0,0.16666666666666666,0.16666666666666674
"org.hibernate.test.dialect.unit.sequence",0,3,1.0,0.16666666666666666,0.16666666666666674
"org.hibernate.test.dynamicentity",8,0,0.0,0.6666666666666666,0.33333333333333337
"org.hibernate.test.event.collection.association.bidirectional.onetomany",0,2,1.0,0.0,0.0
"org.hibernate.test.fetchprofiles.join",0,4,1.0,0.16666666666666666,0.16666666666666674
"org.hibernate.test.fileimport",0,7,1.0,0.0,0.0
"org.hibernate.test.filter.hql",0,3,1.0,0.0,0.0
"org.hibernate.test.formulajoin",0,4,1.0,0.0,0.0
"org.hibernate.test.id.sequence",0,18,1.0,0.0,0.0
"org.hibernate.test.immutable",0,8,1.0,0.0,0.0
"org.hibernate.test.jpa",20,13,0.3939393939393939,0.16666666666666666,0.43939393939393945
"org.hibernate.test.mixed",0,5,1.0,0.16666666666666666,0.16666666666666674
"org.hibernate.test.naturalid.immutable",0,8,1.0,0.0,0.0
"org.hibernate.test.naturalid.nullable",0,4,1.0,0.0,0.0
"org.hibernate.test.notfound",0,3,1.0,1.0,1.0
"org.hibernate.test.onetoone.optional",0,4,1.0,0.0,0.0
"org.hibernate.test.orphan",0,3,1.0,0.0,0.0
"org.hibernate.test.orphan.one2one.fk.bidirectional.multilevelcascade",0,2,1.0,0.0,0.0
"org.hibernate.test.resource.transaction.jdbc.autocommit",0,6,1.0,0.16666666666666666,0.16666666666666674
"org.hibernate.test.schemaupdate.inheritance",0,6,1.0,0.0,0.0
"org.hibernate.test.subclassfilter",0,3,1.0,0.0,0.0
"org.hibernate.envers.internal.entities.mapper.relation.lazy.proxy",2,1,0.3333333333333333,0.16666666666666666,0.5
"org.hibernate.envers.internal.revisioninfo",7,10,0.5882352941176471,0.16666666666666666,0.2450980392156863
"org.hibernate.envers.query.internal.impl",1,19,0.95,0.3333333333333333,0.2833333333333332
"org.hibernate.envers.test.entities.reventity.trackmodifiedentities",3,2,0.4,0.0,0.6
"org.hibernate.envers.test.integration.hashcode",0,3,1.0,0.0,0.0
"org.hibernate.envers.test.integration.inheritance.joined",4,1,0.2,0.16666666666666666,0.6333333333333333
"org.hibernate.envers.test.integration.inheritance.mixed.entities",1,0,0.0,0.5,0.5
"org.hibernate.envers.test.integration.manytomany.unidirectional",0,4,1.0,0.0,0.0
"org.hibernate.envers.test.integration.manytoone.bidirectional",0,2,1.0,0.0,0.0
"org.hibernate.envers.test.integration.onetoone.bidirectional.ids",0,2,1.0,0.0,0.0
"org.hibernate.envers.test.integration.onetoone.bidirectional.primarykeyjoincolumn",0,3,1.0,0.0,0.0
"org.hibernate.envers.test.integration.onetoone.unidirectional",0,2,1.0,0.0,0.0
"org.hibernate.envers.test.integration.reventity.trackmodifiedentities",0,11,1.0,0.0,0.0
"org.hibernate.spatial.dialect.oracle.criterion",2,6,0.75,0.3333333333333333,0.08333333333333326
"org.hibernate.spatial.dialect.sqlserver",0,11,1.0,0.0,0.0
"org.hibernate.spatial.testing.dialects.h2geodb",1,4,0.8,0.0,0.19999999999999996
"org.hibernate.spatial.testing.dialects.oracle",1,5,0.8333333333333334,0.0,0.16666666666666663
"org.hibernate.testing.jdbc",29,8,0.21621621621621623,0.0,0.7837837837837838
"org.hibernate.jpamodelgen.model",13,0,0.0,0.8333333333333334,0.16666666666666663
"org.hibernate.userguide.collections.type",1,11,0.9166666666666666,0.0,0.08333333333333337
"org.hibernate.userguide.events",0,14,1.0,0.2,0.19999999999999996
"org.hibernate.userguide.hql",0,12,1.0,0.0,0.0
"org.hibernate.userguide.mapping.access",0,2,1.0,0.0,0.0
"org.hibernate.userguide.multitenancy",0,12,1.0,0.2,0.19999999999999996
"org.hibernate.userguide.schema",0,5,1.0,0.0,0.0
"org.hibernate.boot.xsd",4,1,0.2,0.0,0.8
"org.hibernate.cache.cfg.internal",3,4,0.5714285714285714,0.2,0.22857142857142865
"org.hibernate.engine.jdbc.batch.spi",17,3,0.15,0.8,0.04999999999999993
"org.hibernate.engine.loading.internal",4,12,0.75,0.0,0.25
"org.hibernate.engine.transaction.spi",13,2,0.13333333333333333,0.8,0.06666666666666665
"org.hibernate.event.service.internal",1,12,0.9230769230769231,0.0,0.07692307692307687
"org.hibernate.exception.internal",5,4,0.4444444444444444,0.0,0.5555555555555556
"org.hibernate.graph.internal",6,6,0.5,0.4,0.09999999999999998
"org.hibernate.hql.internal.ast.exec",1,14,0.9333333333333333,0.2,0.1333333333333333
"org.hibernate.hql.spi.id.cte",2,17,0.8947368421052632,0.2,0.09473684210526323
"org.hibernate.internal.log",28,2,0.06666666666666667,1.0,0.06666666666666665
"org.hibernate.loader.collection.plan",0,16,1.0,0.6,0.6000000000000001
"org.hibernate.loader.custom.sql",4,11,0.7333333333333333,0.4,0.1333333333333333
"org.hibernate.loader.entity.plan",0,17,1.0,0.6,0.6000000000000001
"org.hibernate.metamodel.internal",4,26,0.8666666666666667,0.2,0.06666666666666665
"org.hibernate.persister.spi",25,8,0.24242424242424243,0.8,0.042424242424242475
"org.hibernate.resource.beans.spi",31,11,0.2619047619047619,0.6,0.13809523809523805
"org.hibernate.type.descriptor",109,4,0.035398230088495575,0.8,0.16460176991150433
"org.hibernate.connection",0,12,1.0,0.2,0.19999999999999996
"org.hibernate.jpa.test.association",0,1,1.0,0.0,0.0
"org.hibernate.jpa.test.criteria.mapjoin",0,2,1.0,0.0,0.0
"org.hibernate.jpa.test.criteria.nulliteral",0,5,1.0,0.0,0.0
"org.hibernate.jpa.test.criteria.subquery",0,4,1.0,0.2,0.19999999999999996
"org.hibernate.jpa.test.ejb3configuration.id",0,6,1.0,0.0,0.0
"org.hibernate.jpa.test.graphs.inherited",0,2,1.0,0.0,0.0
"org.hibernate.jpa.test.metagen.mappedsuperclass.idclass",0,3,1.0,0.4,0.3999999999999999
"org.hibernate.jpa.test.persistenceunit",0,10,1.0,0.0,0.0
"org.hibernate.query.hhh12225",0,1,1.0,0.0,0.0
"org.hibernate.test.abstractembeddedcomponents.propertyref",0,2,1.0,0.4,0.3999999999999999
"org.hibernate.test.annotations.backquotes",0,5,1.0,0.0,0.0
"org.hibernate.test.annotations.cid.keymanytoone",1,2,0.6666666666666666,0.0,0.33333333333333337
"org.hibernate.test.annotations.derivedidentities.e1.b",0,3,1.0,0.0,0.0
"org.hibernate.test.annotations.derivedidentities.e1.b.specjmapid",3,4,0.5714285714285714,0.0,0.4285714285714286
"org.hibernate.test.annotations.derivedidentities.e1.b2",0,2,1.0,0.0,0.0
"org.hibernate.test.annotations.derivedidentities.e2.a",0,3,1.0,0.0,0.0
"org.hibernate.test.annotations.derivedidentities.e2.b",0,3,1.0,0.0,0.0
"org.hibernate.test.annotations.derivedidentities.e3.a",0,3,1.0,0.0,0.0
"org.hibernate.test.annotations.derivedidentities.e3.b",0,3,1.0,0.0,0.0
"org.hibernate.test.annotations.derivedidentities.e4.a",0,3,1.0,0.0,0.0
"org.hibernate.test.annotations.embedded.one2many",0,2,1.0,0.0,0.0
"org.hibernate.test.annotations.fetch",0,2,1.0,0.0,0.0
"org.hibernate.test.annotations.filter.subclass.joined",0,2,1.0,0.0,0.0
"org.hibernate.test.annotations.inheritance.discriminatoroptions",0,4,1.0,0.0,0.0
"org.hibernate.test.annotations.inheritance.mixed",0,3,1.0,0.2,0.19999999999999996
"org.hibernate.test.annotations.inheritance.union",0,2,1.0,0.2,0.19999999999999996
"org.hibernate.test.annotations.interfaces",0,1,1.0,0.4,0.3999999999999999
"org.hibernate.test.annotations.mappedsuperclass.intermediate",0,2,1.0,0.4,0.3999999999999999
"org.hibernate.test.annotations.persister",0,8,1.0,0.0,0.0
"org.hibernate.test.annotations.polymorphism",0,2,1.0,0.0,0.0
"org.hibernate.test.annotations.type",0,6,1.0,0.0,0.0
"org.hibernate.test.annotations.type.dynamicparameterized",0,5,1.0,0.2,0.19999999999999996
"org.hibernate.test.bytecode",1,7,0.875,0.2,0.07499999999999996
"org.hibernate.test.bytecode.enhancement.cascade",0,6,1.0,0.0,0.0
"org.hibernate.test.cfg",0,8,1.0,0.0,0.0
"org.hibernate.test.cfg.cache",0,8,1.0,0.0,0.0
"org.hibernate.test.collection.ordered.joinedInheritence",0,3,1.0,0.0,0.0
"org.hibernate.test.component.basic",0,9,1.0,0.0,0.0
"org.hibernate.test.component.cascading.toone",0,2,1.0,0.0,0.0
"org.hibernate.test.converter.elementCollection",0,8,1.0,0.0,0.0
"org.hibernate.test.converter.lob",0,3,1.0,0.0,0.0
"org.hibernate.test.converter.map",0,2,1.0,0.0,0.0
"org.hibernate.test.deletetransient",0,2,1.0,0.0,0.0
"org.hibernate.test.entityname",0,2,1.0,0.2,0.19999999999999996
"org.hibernate.test.events",0,11,1.0,0.0,0.0
"org.hibernate.test.foreignkeys.disabled",0,7,1.0,0.2,0.19999999999999996
"org.hibernate.test.hbm.index",3,5,0.625,0.0,0.375
"org.hibernate.test.idgen.enhanced.table",0,11,1.0,0.0,0.0
"org.hibernate.test.joinwithoutancestor",0,7,1.0,0.2,0.19999999999999996
"org.hibernate.test.jpa.compliance.tck2_2.mapkeycolumn",0,2,1.0,0.0,0.0
"org.hibernate.test.jpa.naturalid",0,5,1.0,0.0,0.0
"org.hibernate.test.keymanytoone.bidir.component",0,11,1.0,0.0,0.0
"org.hibernate.test.loadplans.process.inheritance",0,2,1.0,0.0,0.0
"org.hibernate.test.loadplans.walking",0,8,1.0,0.0,0.0
"org.hibernate.test.nationalized",0,12,1.0,0.0,0.0
"org.hibernate.test.ondelete",0,5,1.0,0.0,0.0
"org.hibernate.test.onetoone.joined",0,4,1.0,0.0,0.0
"org.hibernate.test.onetoone.jointable",0,1,1.0,0.2,0.19999999999999996
"org.hibernate.test.onetoone.singletable",0,4,1.0,0.0,0.0
"org.hibernate.test.orphan.one2one",0,3,1.0,0.0,0.0
"org.hibernate.test.refresh",0,4,1.0,0.0,0.0
"org.hibernate.test.schemaupdate.foreignkeys.definition",1,6,0.8571428571428571,0.2,0.05714285714285716
"org.hibernate.test.schemavalidation",0,11,1.0,0.0,0.0
"org.hibernate.test.sql.storedproc",1,7,0.875,0.0,0.125
"org.hibernate.test.tm",0,14,1.0,0.0,0.0
"org.hibernate.test.typeoverride",0,8,1.0,0.0,0.0
"org.hibernate.test.unionsubclass.alias",0,2,1.0,0.2,0.19999999999999996
"org.hibernate.test.unionsubclass2",0,4,1.0,0.0,0.0
"org.hibernate.test.version.sybase",0,4,1.0,0.0,0.0
"org.hibernate.envers.test.entities.reventity",7,0,0.0,0.0,1.0
"org.hibernate.envers.test.integration.inheritance.joined.relation.unidirectional",0,1,1.0,0.4,0.3999999999999999
"org.hibernate.envers.test.integration.inheritance.single.relation",0,3,1.0,0.0,0.0
"org.hibernate.envers.test.integration.manytomany.inverseToSuperclass",0,1,1.0,0.0,0.0
"org.hibernate.envers.test.integration.onetomany.embeddedid",0,2,1.0,0.0,0.0
"org.hibernate.envers.test.integration.onetomany.inverseToSuperclass",0,1,1.0,0.0,0.0
"org.hibernate.envers.test.integration.query.ids",0,6,1.0,0.0,0.0
"org.hibernate.envers.test.integration.strategy",0,12,1.0,0.0,0.0
"org.hibernate.jpa.test.pack",0,1,1.0,0.0,0.0
"org.hibernate.wildfly.integrationtest",0,3,1.0,0.0,0.0
"org.hibernate.jpamodelgen.util.xml",1,2,0.6666666666666666,0.0,0.33333333333333337
"org.hibernate.jpamodelgen.test.arraytype",0,1,1.0,0.0,0.0
"org.hibernate.userguide.mapping.converter.hbm",0,1,1.0,0.0,0.0
"org.hibernate.userguide.mapping.identifier.composite",0,2,1.0,0.0,0.0
"org.hibernate.userguide.persister",0,7,1.0,0.0,0.0
"org.hibernate.c3p0.internal",4,10,0.7142857142857143,0.25,0.0357142857142857
"org.hibernate.action.spi",19,2,0.09523809523809523,0.75,0.15476190476190477
"org.hibernate.boot.cfgxml.internal",4,10,0.7142857142857143,0.0,0.2857142857142857
"org.hibernate.boot.model.convert.spi",18,4,0.18181818181818182,1.0,0.18181818181818188
"org.hibernate.boot.model.process.internal",3,17,0.85,0.0,0.15000000000000002
"org.hibernate.boot.registry.selector",17,0,0.0,0.5,0.5
"org.hibernate.boot.registry.selector.spi",30,2,0.0625,0.5,0.4375
"org.hibernate.bytecode.internal.none",0,7,1.0,0.0,0.0
"org.hibernate.context.internal",2,8,0.8,0.0,0.19999999999999996
"org.hibernate.context.spi",16,3,0.15789473684210525,0.75,0.09210526315789469
"org.hibernate.ejb",1,0,0.0,1.0,0.0
"org.hibernate.engine.jdbc.cursor.internal",2,5,0.7142857142857143,0.25,0.0357142857142857
"org.hibernate.engine.profile",6,3,0.3333333333333333,0.0,0.6666666666666667
"org.hibernate.engine.query",2,5,0.7142857142857143,0.0,0.2857142857142857
"org.hibernate.engine.transaction.jta.platform.spi",26,3,0.10344827586206896,0.75,0.14655172413793105
"org.hibernate.hql.spi.id.local",12,11,0.4782608695652174,0.0,0.5217391304347826
"org.hibernate.metamodel.model.convert.internal",2,6,0.75,0.0,0.25
"org.hibernate.persister.internal",2,9,0.8181818181818182,0.0,0.18181818181818177
"org.hibernate.persister.walking.internal",9,10,0.5263157894736842,0.0,0.4736842105263158
"org.hibernate.procedure.spi",13,6,0.3157894736842105,0.75,0.06578947368421062
"org.hibernate.proxy.map",2,5,0.7142857142857143,0.0,0.2857142857142857
"org.hibernate.proxy.pojo.bytebuddy",5,11,0.6875,0.0,0.3125
"org.hibernate.resource.beans.internal",5,5,0.5,0.25,0.25
"org.hibernate.resource.jdbc.internal",2,6,0.75,0.25,0.0
"org.hibernate.resource.transaction.backend.jdbc.internal",8,13,0.6190476190476191,0.0,0.38095238095238093
"org.hibernate.resource.transaction",6,2,0.25,0.0,0.75
"org.hibernate.tool.schema",0,0,0.0,0.0,1.0
"org.hibernate.type.descriptor.converter",16,5,0.23809523809523808,0.0,0.7619047619047619
"org.hibernate.engine.spi.delegation",0,4,1.0,0.0,0.0
"org.hibernate.event",0,8,1.0,0.0,0.0
"org.hibernate.jpa.test.beanvalidation",0,7,1.0,0.0,0.0
"org.hibernate.jpa.test.cacheable.annotation",0,9,1.0,0.0,0.0
"org.hibernate.jpa.test.criteria.components.joins",0,1,1.0,0.25,0.25
"org.hibernate.jpa.test.exception",0,3,1.0,0.0,0.0
"org.hibernate.jpa.test.graphs.named.basic",0,1,1.0,0.25,0.25
"org.hibernate.jpa.test.graphs.named.subgraph",0,1,1.0,0.0,0.0
"org.hibernate.jpa.test.hibernateFilters",0,3,1.0,0.0,0.0
"org.hibernate.jpa.test.metagen.mappedsuperclass.embedded",0,3,1.0,0.25,0.25
"org.hibernate.jpa.test.metagen.mappedsuperclass.embeddedid",0,3,1.0,0.0,0.0
"org.hibernate.jpa.test.metagen.mappedsuperclass.overridden",0,3,1.0,0.25,0.25
"org.hibernate.jpa.test.orphan.onetomany",0,3,1.0,0.0,0.0
"org.hibernate.jpa.test.pack.various",2,0,0.0,0.0,1.0
"org.hibernate.jpa.test.schemagen.iso8859",0,3,1.0,0.0,0.0
"org.hibernate.query.criteria.internal.hhh13151",0,3,1.0,0.0,0.0
"org.hibernate.serialization",0,11,1.0,0.0,0.0
"org.hibernate.subclassProxyInterface",0,5,1.0,0.25,0.25
"org.hibernate.test.annotations.collectionelement.deepcollectionelements",0,5,1.0,0.0,0.0
"org.hibernate.test.annotations.collectionelement.recreate",0,2,1.0,0.0,0.0
"org.hibernate.test.annotations.dataTypes",0,7,1.0,0.0,0.0
"org.hibernate.test.annotations.derivedidentities.e1.a",0,3,1.0,0.0,0.0
"org.hibernate.test.annotations.derivedidentities.e1.b.specjmapid.lazy",0,3,1.0,0.0,0.0
"org.hibernate.test.annotations.derivedidentities.e4.b",0,3,1.0,0.0,0.0
"org.hibernate.test.annotations.derivedidentities.e5.a",0,3,1.0,0.0,0.0
"org.hibernate.test.annotations.derivedidentities.e5.b",0,3,1.0,0.0,0.0
"org.hibernate.test.annotations.derivedidentities.e6.a",0,3,1.0,0.0,0.0
"org.hibernate.test.annotations.derivedidentities.e6.b",0,3,1.0,0.0,0.0
"org.hibernate.test.annotations.embeddables.collection",0,2,1.0,0.0,0.0
"org.hibernate.test.annotations.embeddables.collection.xml",0,4,1.0,0.0,0.0
"org.hibernate.test.annotations.embeddables.nested",0,6,1.0,0.0,0.0
"org.hibernate.test.annotations.embeddables.nested.fieldaccess",0,5,1.0,0.0,0.0
"org.hibernate.test.annotations.embedded.many2one",0,2,1.0,0.0,0.0
"org.hibernate.test.annotations.engine.collection",0,2,1.0,0.0,0.0
"org.hibernate.test.annotations.entityGraph",0,2,1.0,0.0,0.0
"org.hibernate.test.annotations.enumerated.enums",0,0,0.0,0.0,1.0
"org.hibernate.test.annotations.enumerated.mapkey",0,2,1.0,0.0,0.0
"org.hibernate.test.annotations.filter.subclass.MappedSuperclass",0,2,1.0,0.25,0.25
"org.hibernate.test.annotations.filter.subclass.singletable",0,1,1.0,0.0,0.0
"org.hibernate.test.annotations.filter.subclass.tableperclass",0,1,1.0,0.0,0.0
"org.hibernate.test.annotations.idclass",0,2,1.0,0.25,0.25
"org.hibernate.test.annotations.join.namingstrategy",0,5,1.0,0.0,0.0
"org.hibernate.test.annotations.loader",0,4,1.0,0.0,0.0
"org.hibernate.test.annotations.notfound",0,2,1.0,0.0,0.0
"org.hibernate.test.annotations.onetoone.hhh9798",0,4,1.0,0.0,0.0
"org.hibernate.test.annotations.override.mappedsuperclass",0,2,1.0,0.0,0.0
"org.hibernate.test.annotations.subselect",0,3,1.0,0.0,0.0
"org.hibernate.test.bidi",0,4,1.0,0.0,0.0
"org.hibernate.test.bytecode.enhancement.association",0,1,1.0,0.25,0.25
"org.hibernate.test.cache.polymorphism",0,2,1.0,0.0,0.0
"org.hibernate.test.cdi.converters",2,0,0.0,0.0,1.0
"org.hibernate.test.cdi.events",5,0,0.0,0.0,1.0
"org.hibernate.test.collection.backref.map.compkey",0,3,1.0,0.0,0.0
"org.hibernate.test.collection.basic",0,2,1.0,0.0,0.0
"org.hibernate.test.collection.lazynocascade",0,2,1.0,0.0,0.0
"org.hibernate.test.collection.map.hhh7557",0,2,1.0,0.0,0.0
"org.hibernate.test.component.basic2",0,2,1.0,0.0,0.0
"org.hibernate.test.component.cascading.collection",0,2,1.0,0.0,0.0
"org.hibernate.test.component.proxy",0,5,1.0,0.25,0.25
"org.hibernate.test.constraint",0,3,1.0,0.25,0.25
"org.hibernate.test.criteria.limitexpression",0,5,1.0,0.0,0.0
"org.hibernate.test.cuk",0,3,1.0,0.0,0.0
"org.hibernate.test.dynamicentity.tuplizer",1,10,0.9090909090909091,0.0,0.09090909090909094
"org.hibernate.test.ecid",0,3,1.0,0.0,0.0
"org.hibernate.test.entitymode.dom4j",0,6,1.0,0.0,0.0
"org.hibernate.test.event.collection.association.bidirectional.manytomany",3,2,0.4,0.0,0.6
"org.hibernate.test.extendshbm",0,5,1.0,0.0,0.0
"org.hibernate.test.generatedkeys.identity",0,4,1.0,0.0,0.0
"org.hibernate.test.hql.joinedSubclass",0,3,1.0,0.25,0.25
"org.hibernate.test.id.array",0,3,1.0,0.0,0.0
"org.hibernate.test.id.usertype.json",1,5,0.8333333333333334,0.0,0.16666666666666663
"org.hibernate.test.id.uuid",0,4,1.0,0.0,0.0
"org.hibernate.test.idclass",0,3,1.0,0.0,0.0
"org.hibernate.test.idgen.enhanced.forcedtable",0,4,1.0,0.0,0.0
"org.hibernate.test.idgen.enhanced.sequence",0,4,1.0,0.0,0.0
"org.hibernate.test.jdbc.internal",0,15,1.0,0.0,0.0
"org.hibernate.test.jpa.orphan.one2one",0,1,1.0,0.0,0.0
"org.hibernate.test.lazyonetoone",0,4,1.0,0.0,0.0
"org.hibernate.test.manytomanyassociationclass",4,2,0.3333333333333333,0.25,0.41666666666666674
"org.hibernate.test.map",0,2,1.0,0.0,0.0
"org.hibernate.test.mapcompelem",0,2,1.0,0.0,0.0
"org.hibernate.test.mapping.usertypes",0,7,1.0,0.0,0.0
"org.hibernate.test.metamodel.wildcardmodel",1,0,0.0,0.5,0.5
"org.hibernate.test.namingstrategy.components",0,5,1.0,0.0,0.0
"org.hibernate.test.naturalid.composite",0,6,1.0,0.0,0.0
"org.hibernate.test.naturalid.inheritance.cache",1,3,0.75,0.0,0.25
"org.hibernate.test.naturalid.inheritance",0,5,1.0,0.5,0.5
"org.hibernate.test.ondelete.toone.hbm",0,3,1.0,0.0,0.0
"org.hibernate.test.ondemandload",0,3,1.0,0.0,0.0
"org.hibernate.test.onetomany.inheritance.joined",0,1,1.0,0.25,0.25
"org.hibernate.test.onetomany.inheritance.perclass",0,1,1.0,0.25,0.25
"org.hibernate.test.onetomany.inheritance.single",0,1,1.0,0.25,0.25
"org.hibernate.test.onetoone.link",0,3,1.0,0.0,0.0
"org.hibernate.test.ordered",0,4,1.0,0.0,0.0
"org.hibernate.test.orphan.one2one.fk.reversed.bidirectional.multilevelcascade",0,2,1.0,0.0,0.0
"org.hibernate.test.propertyref.component.complete",0,2,1.0,0.0,0.0
"org.hibernate.test.propertyref.component.partial",0,2,1.0,0.0,0.0
"org.hibernate.test.propertyref",0,4,1.0,0.0,0.0
"org.hibernate.test.propertyref.inheritence.discrim",0,2,1.0,0.0,0.0
"org.hibernate.test.propertyref.inheritence.joined",0,2,1.0,0.0,0.0
"org.hibernate.test.propertyref.inheritence.union",0,2,1.0,0.0,0.0
"org.hibernate.test.proxy.narrow",0,3,1.0,0.25,0.25
"org.hibernate.test.reattachment",0,2,1.0,0.0,0.0
"org.hibernate.test.resource.transaction.jdbc",0,13,1.0,0.0,0.0
"org.hibernate.test.resulttransformer",0,4,1.0,0.0,0.0
"org.hibernate.test.schemafilter",0,13,1.0,0.0,0.0
"org.hibernate.test.schemaupdate.idgenerator",0,7,1.0,0.0,0.0
"org.hibernate.test.sql.autodiscovery",0,7,1.0,0.0,0.0
"org.hibernate.test.sql.check",0,3,1.0,0.25,0.25
"org.hibernate.test.temporal",0,3,1.0,0.0,0.0
"org.hibernate.test.type.contributor",0,9,1.0,0.0,0.0
"org.hibernate.test.type.descriptor.sql",0,5,1.0,0.0,0.0
"org.hibernate.test.typedescriptor",0,2,1.0,0.0,0.0
"org.hibernate.test.typedmanytoone",0,2,1.0,0.0,0.0
"org.hibernate.test.typedonetoone",0,2,1.0,0.0,0.0
"org.hibernate.test.version.db",0,3,1.0,0.0,0.0
"org.hibernate.envers.enhanced",17,6,0.2608695652173913,0.0,0.7391304347826086
"org.hibernate.envers.internal.reader",53,14,0.208955223880597,0.25,0.541044776119403
"org.hibernate.envers.internal.synchronization",13,9,0.4090909090909091,0.0,0.5909090909090908
"org.hibernate.envers.internal.tools.graph",2,0,0.0,0.25,0.75
"org.hibernate.envers.query",52,10,0.16129032258064516,0.5,0.33870967741935487
"org.hibernate.envers.test.entities.converter",0,7,1.0,0.0,0.0
"org.hibernate.envers.test.entities.onetomany.ids",5,1,0.16666666666666666,0.0,0.8333333333333334
"org.hibernate.envers.test.entities.onetoone",2,0,0.0,0.0,1.0
"org.hibernate.envers.test.integration.auditReader",1,6,0.8571428571428571,0.0,0.1428571428571429
"org.hibernate.envers.test.integration.collection.mapkey",2,4,0.6666666666666666,0.0,0.33333333333333337
"org.hibernate.envers.test.integration.components.collections.mappedsuperclasselement",0,1,1.0,0.25,0.25
"org.hibernate.envers.test.integration.components",0,5,1.0,0.0,0.0
"org.hibernate.envers.test.integration.entityNames.singleAssociatedAudited",0,2,1.0,0.0,0.0
"org.hibernate.envers.test.integration.ids",0,3,1.0,0.0,0.0
"org.hibernate.envers.test.integration.inheritance.joined.childrelation",1,2,0.6666666666666666,0.0,0.33333333333333337
"org.hibernate.envers.test.integration.inheritance.joined.notownedrelation",1,2,0.6666666666666666,0.0,0.33333333333333337
"org.hibernate.envers.test.integration.inheritance.single",0,1,1.0,0.0,0.0
"org.hibernate.envers.test.integration.inheritance.single.childrelation",0,2,1.0,0.0,0.0
"org.hibernate.envers.test.integration.inheritance.single.discriminatorformula",0,2,1.0,0.0,0.0
"org.hibernate.envers.test.integration.inheritance.single.notownedrelation",0,2,1.0,0.0,0.0
"org.hibernate.envers.test.integration.inheritance.tableperclass",0,1,1.0,0.0,0.0
"org.hibernate.envers.test.integration.inheritance.tableperclass.childrelation",0,2,1.0,0.0,0.0
"org.hibernate.envers.test.integration.inheritance.tableperclass.notownedrelation",0,2,1.0,0.0,0.0
"org.hibernate.envers.test.integration.inheritance.tableperclass.relation",0,2,1.0,0.0,0.0
"org.hibernate.envers.test.integration.interfaces.components",0,1,1.0,0.25,0.25
"org.hibernate.envers.test.integration.interfaces.hbm.allAudited",3,2,0.4,0.5,0.09999999999999998
"org.hibernate.envers.test.integration.interfaces.hbm.propertiesAudited",3,2,0.4,0.5,0.09999999999999998
"org.hibernate.envers.test.integration.interfaces.hbm.propertiesAudited2",3,2,0.4,0.5,0.09999999999999998
"org.hibernate.envers.test.integration.interfaces.relation",0,1,1.0,0.25,0.25
"org.hibernate.envers.test.integration.modifiedflags.entities",2,2,0.5,0.0,0.5
"org.hibernate.envers.test.integration.multiplerelations",0,5,1.0,0.0,0.0
"org.hibernate.envers.test.integration.naturalid",0,1,1.0,0.0,0.0
"org.hibernate.envers.test.integration.onetomany.idclass",0,3,1.0,0.0,0.0
"org.hibernate.envers.test.integration.properties",0,3,1.0,0.0,0.0
"org.hibernate.envers.test.integration.proxy",0,14,1.0,0.0,0.0
"org.hibernate.envers.test.integration.secondary",0,2,1.0,0.0,0.0
"org.hibernate.envers.test.integration.secondary.ids",0,3,1.0,0.0,0.0
"org.hibernate.envers.test.various",0,10,1.0,0.0,0.0
"org.hibernate.hikaricp.internal",2,7,0.7777777777777778,0.0,0.2222222222222222
"org.hibernate.cache.jcache",9,0,0.0,0.25,0.75
"org.hibernate.cache.jcache.internal",1,11,0.9166666666666666,0.0,0.08333333333333337
"org.hibernate.test.cache.jcache.config",0,3,1.0,0.0,0.0
"org.hibernate.proxool.internal",2,11,0.8461538461538461,0.25,0.09615384615384626
"org.hibernate.spatial.testing.converter",0,12,1.0,0.0,0.0
"org.hibernate.spatial.testing.dialects.db2",1,3,0.75,0.0,0.25
"org.hibernate.testing.schema",0,7,1.0,0.0,0.0
"org.hibernate.jpamodelgen.test.embeddedid.withinheritance",0,1,1.0,0.25,0.25
"org.hibernate.jpamodelgen.test.embeddedid.withoutinheritance",0,1,1.0,0.0,0.0
"org.hibernate.jpamodelgen.test.generatedannotation",0,2,1.0,0.0,0.0
"org.hibernate.jpamodelgen.test.inheritance.deep",0,1,1.0,0.25,0.25
"org.hibernate.jpamodelgen.test.mappedsuperclass.mappedsuperclasswithoutid",0,2,1.0,0.0,0.0
"org.hibernate.jpamodelgen.test.targetannotation",0,1,1.0,0.25,0.25
"org.hibernate.osgitest.entity",7,0,0.0,0.0,1.0
"org.hibernate.userguide.caching",0,6,1.0,0.0,0.0
"org.hibernate.userguide.mapping.converter",0,1,1.0,0.0,0.0
"org.hibernate.agroal.internal",3,7,0.7,0.0,0.30000000000000004
"org.hibernate.test.agroal",0,8,1.0,0.0,0.0
"org.hibernate.boot.cfgxml.spi",8,6,0.42857142857142855,0.3333333333333333,0.23809523809523814
"org.hibernate.boot.jaxb.spi",15,1,0.0625,0.6666666666666666,0.27083333333333337
"org.hibernate.boot.model.process.spi",5,19,0.7916666666666666,0.3333333333333333,0.125
"org.hibernate.boot.registry.classloading.spi",97,3,0.03,0.3333333333333333,0.6366666666666667
"org.hibernate.boot.registry.internal",25,11,0.3055555555555556,0.0,0.6944444444444444
"org.hibernate.boot.registry.selector.internal",2,18,0.9,0.0,0.09999999999999998
"org.hibernate.cache",29,2,0.06451612903225806,0.3333333333333333,0.6021505376344086
"org.hibernate.engine.config.internal",2,5,0.7142857142857143,0.0,0.2857142857142857
"org.hibernate.engine.config.spi",61,1,0.016129032258064516,0.3333333333333333,0.6505376344086022
"org.hibernate.engine.jndi.internal",2,6,0.75,0.0,0.25
"org.hibernate.engine.jndi",4,1,0.2,0.0,0.8
"org.hibernate.engine.transaction.internal",1,6,0.8571428571428571,0.0,0.1428571428571429
"org.hibernate.graph.internal.parse",0,6,1.0,0.3333333333333333,0.33333333333333326
"org.hibernate.hql.spi.id.global",12,11,0.4782608695652174,0.0,0.5217391304347826
"org.hibernate.integrator.spi",31,5,0.1388888888888889,1.0,0.13888888888888884
"org.hibernate.internal.util.compare",11,0,0.0,0.0,1.0
"org.hibernate.jmx.internal",1,8,0.8888888888888888,0.0,0.11111111111111116
"org.hibernate.loader.plan.exec.query.internal",10,5,0.3333333333333333,0.0,0.6666666666666667
"org.hibernate.loader.plan.exec.query.spi",27,2,0.06896551724137931,0.6666666666666666,0.26436781609195403
"org.hibernate.metamodel.model.convert.spi",13,3,0.1875,1.0,0.1875
"org.hibernate.proxy.pojo.javassist",2,8,0.8,0.0,0.19999999999999996
"org.hibernate.query.procedure.internal",3,12,0.8,0.0,0.19999999999999996
"org.hibernate.resource.transaction.internal",5,9,0.6428571428571429,0.0,0.3571428571428571
"org.hibernate.result.internal",1,9,0.9,0.0,0.09999999999999998
"org.hibernate.dialect.resolver",1,9,0.9,0.0,0.09999999999999998
"org.hibernate.jpa.test.boot",0,9,1.0,0.0,0.0
"org.hibernate.jpa.test.callbacks.xml",0,1,1.0,0.0,0.0
"org.hibernate.jpa.test.cdi",0,7,1.0,0.0,0.0
"org.hibernate.jpa.test.collection",0,1,1.0,0.0,0.0
"org.hibernate.jpa.test.criteria.selectcase",0,3,1.0,0.0,0.0
"org.hibernate.jpa.test.graphs.named.multiple",0,1,1.0,0.0,0.0
"org.hibernate.jpa.test.inheritance",1,1,0.5,0.3333333333333333,0.16666666666666674
"org.hibernate.jpa.test.metagen.mappedsuperclass.attribute",0,3,1.0,0.3333333333333333,0.33333333333333326
"org.hibernate.jpa.test.orphan.onetoone",0,1,1.0,0.0,0.0
"org.hibernate.jpa.test.refresh",2,3,0.6,0.0,0.4
"org.hibernate.jpa.test.secondarytable",0,3,1.0,0.3333333333333333,0.33333333333333326
"org.hibernate.jpa.test.transaction.batch",0,9,1.0,0.3333333333333333,0.33333333333333326
"org.hibernate.jpa.version",0,2,1.0,0.0,0.0
"org.hibernate.test.abstractembeddedcomponents.cid",0,2,1.0,0.3333333333333333,0.33333333333333326
"org.hibernate.test.annotations.array",0,2,1.0,0.0,0.0
"org.hibernate.test.annotations.bytecode",0,2,1.0,0.3333333333333333,0.33333333333333326
"org.hibernate.test.annotations.collectionelement.embeddables.withcustomenumdef",0,2,1.0,0.0,0.0
"org.hibernate.test.annotations.collectionelement.indexedCollection",0,2,1.0,0.0,0.0
"org.hibernate.test.annotations.collectionelement.ordered",0,3,1.0,0.0,0.0
"org.hibernate.test.annotations.derivedidentities.e1.c",0,3,1.0,0.0,0.0
"org.hibernate.test.annotations.derivedidentities.e5.c",0,3,1.0,0.0,0.0
"org.hibernate.test.annotations.enumerated",0,11,1.0,0.0,0.0
"org.hibernate.test.annotations.enumerated.ormXml",0,5,1.0,0.0,0.0
"org.hibernate.test.annotations.identifiercollection",0,2,1.0,0.0,0.0
"org.hibernate.test.annotations.namingstrategy.charset",0,9,1.0,0.3333333333333333,0.33333333333333326
"org.hibernate.test.annotations.naturalid.cid",0,3,1.0,0.0,0.0
"org.hibernate.test.annotations.onetoone.primarykey",0,7,1.0,0.0,0.0
"org.hibernate.test.annotations.strategy",0,4,1.0,0.0,0.0
"org.hibernate.test.annotations.tuplizer.bytebuddysubclass",0,5,1.0,0.0,0.0
"org.hibernate.test.array",0,3,1.0,0.0,0.0
"org.hibernate.test.boot.jaxb.hbm.internal",0,5,1.0,0.0,0.0
"org.hibernate.test.bytecode.enhancement.dirty",0,2,1.0,0.0,0.0
"org.hibernate.test.bytecode.enhancement.lazy.cache",0,6,1.0,0.0,0.0
"org.hibernate.test.bytecode.enhancement.lazy.HHH_10708",0,2,1.0,0.0,0.0
"org.hibernate.test.bytecode.enhancement.lazy.notfound",0,3,1.0,0.0,0.0
"org.hibernate.test.cache.cid",0,4,1.0,0.0,0.0
"org.hibernate.test.cdi.testsupport",4,2,0.3333333333333333,0.3333333333333333,0.33333333333333337
"org.hibernate.test.collection.idbag",0,3,1.0,0.0,0.0
"org.hibernate.test.common",1,3,0.75,0.0,0.25
"org.hibernate.test.compositeelement",0,7,1.0,0.0,0.0
"org.hibernate.test.criteria.many_to_many",0,3,1.0,0.0,0.0
"org.hibernate.test.dialect.unit.locktimeout",0,3,1.0,0.0,0.0
"org.hibernate.test.discriminator.joined",0,2,1.0,0.3333333333333333,0.33333333333333326
"org.hibernate.test.dynamicentity.tuplizer2",0,12,1.0,0.0,0.0
"org.hibernate.test.exception",0,7,1.0,0.0,0.0
"org.hibernate.test.fetchstrategyhelper",0,4,1.0,0.0,0.0
"org.hibernate.test.hqlfetchscroll",0,4,1.0,0.0,0.0
"org.hibernate.test.id.usertype",0,14,1.0,0.0,0.0
"org.hibernate.test.idbag",0,2,1.0,0.0,0.0
"org.hibernate.test.idgen.biginteger.sequence",0,3,1.0,0.0,0.0
"org.hibernate.test.idgen.identity.joinedSubClass",0,3,1.0,0.0,0.0
"org.hibernate.test.inheritance.discriminator.embeddable",0,1,1.0,1.0,1.0
"org.hibernate.test.jdbc",1,4,0.8,0.0,0.19999999999999996
"org.hibernate.test.jdbc.env",0,7,1.0,0.0,0.0
"org.hibernate.test.joinedsubclassbatch",0,4,1.0,0.0,0.0
"org.hibernate.test.jpa.compliance.tck2_2.caching",0,7,1.0,0.0,0.0
"org.hibernate.test.jpa.compliance.tck2_2.joincolumn",0,6,1.0,0.0,0.0
"org.hibernate.test.jpa.fetch",0,2,1.0,0.0,0.0
"org.hibernate.test.jpa.lock",0,9,1.0,0.0,0.0
"org.hibernate.test.keymanytoone.bidir.embedded",0,4,1.0,0.0,0.0
"org.hibernate.test.keymanytoone.bidir.ondelete",0,3,1.0,0.0,0.0
"org.hibernate.test.keymanytoone.unidir.ondelete",0,3,1.0,0.0,0.0
"org.hibernate.test.loadplans.plans",0,20,1.0,0.0,0.0
"org.hibernate.test.manytomany.batchload",0,7,1.0,0.0,0.0
"org.hibernate.test.manytomany.ordered",0,3,1.0,0.0,0.0
"org.hibernate.test.mapelemformula",0,2,1.0,0.0,0.0
"org.hibernate.test.mappingexception",0,4,1.0,0.0,0.0
"org.hibernate.test.namingstrategy.ejb3joincolumn",0,8,1.0,0.0,0.0
"org.hibernate.test.naturalid.cid",0,5,1.0,0.0,0.0
"org.hibernate.test.naturalid.inheritance.spread",0,5,1.0,0.3333333333333333,0.33333333333333326
"org.hibernate.test.onetoone.basic",0,5,1.0,0.0,0.0
"org.hibernate.test.onetoone.formula",2,8,0.8,0.0,0.19999999999999996
"org.hibernate.test.optlock",0,4,1.0,0.0,0.0
"org.hibernate.test.orphan.manytomany",0,2,1.0,0.0,0.0
"org.hibernate.test.orphan.one2one.fk.bidirectional",0,2,1.0,0.0,0.0
"org.hibernate.test.orphan.one2one.fk.composite",0,2,1.0,0.0,0.0
"org.hibernate.test.orphan.one2one.fk.reversed.bidirectional",0,2,1.0,0.0,0.0
"org.hibernate.test.orphan.one2one.fk.reversed.unidirectional",0,2,1.0,0.0,0.0
"org.hibernate.test.orphan.one2one.pk.bidirectional",0,2,1.0,0.0,0.0
"org.hibernate.test.orphan.one2one.pk.unidirectional",0,2,1.0,0.0,0.0
"org.hibernate.test.orphan.onetomany",0,2,1.0,0.0,0.0
"org.hibernate.test.pagination.hhh9965",0,3,1.0,0.0,0.0
"org.hibernate.test.queryhint",0,8,1.0,0.0,0.0
"org.hibernate.test.resource.common",4,2,0.3333333333333333,0.0,0.6666666666666667
"org.hibernate.test.rowid",0,6,1.0,0.0,0.0
"org.hibernate.test.schemaupdate.foreignkeys.crossschema",0,15,1.0,0.0,0.0
"org.hibernate.test.schemaupdate.inheritance.hhh_x",0,6,1.0,0.3333333333333333,0.33333333333333326
"org.hibernate.test.schemaupdate.inheritance.tableperclass",0,6,1.0,0.3333333333333333,0.33333333333333326
"org.hibernate.test.schemaupdate.manytomany",0,6,1.0,0.0,0.0
"org.hibernate.test.schemaupdate.uniqueconstraint",0,11,1.0,0.0,0.0
"org.hibernate.test.service",0,19,1.0,0.0,0.0
"org.hibernate.test.stateless.insert",0,2,1.0,0.0,0.0
"org.hibernate.test.ternary",0,3,1.0,0.0,0.0
"org.hibernate.test.typeparameters",0,5,1.0,0.0,0.0
"org.hibernate.test.unconstrained",0,3,1.0,0.0,0.0
"org.hibernate.test.util.dtd",0,4,1.0,0.0,0.0
"org.hibernate.test.version.mappedsuperclass",0,2,1.0,0.0,0.0
"org.hibernate.envers.demo",0,2,1.0,0.0,0.0
"org.hibernate.envers.exception",51,1,0.019230769230769232,0.0,0.9807692307692307
"org.hibernate.envers.internal.tools.query",41,9,0.18,0.3333333333333333,0.4866666666666667
"org.hibernate.envers.strategy",31,4,0.11428571428571428,0.3333333333333333,0.5523809523809524
"org.hibernate.envers.test.entities.manytomany.sametable",3,0,0.0,0.0,1.0
"org.hibernate.envers.test.entities.manytoone.unidirectional",2,1,0.3333333333333333,0.0,0.6666666666666667
"org.hibernate.envers.test.entities.onetomany.detached.inheritance",1,0,0.0,0.3333333333333333,0.6666666666666667
"org.hibernate.envers.test.integration.cache",0,4,1.0,0.0,0.0
"org.hibernate.envers.test.integration.components.relations",0,3,1.0,0.0,0.0
"org.hibernate.envers.test.integration.entityNames.manyToManyAudited",2,2,0.5,0.0,0.5
"org.hibernate.envers.test.integration.entityNames.oneToManyAudited",0,2,1.0,0.0,0.0
"org.hibernate.envers.test.integration.entityNames.oneToManyNotAudited",0,2,1.0,0.0,0.0
"org.hibernate.envers.test.integration.entityNames.singleAssociatedNotAudited",0,2,1.0,0.0,0.0
"org.hibernate.envers.test.integration.ids.protectedmodifier",0,1,1.0,0.0,0.0
"org.hibernate.envers.test.integration.inheritance.joined.emptychild",0,1,1.0,0.3333333333333333,0.33333333333333326
"org.hibernate.envers.test.integration.inheritance.tableperclass.abstractparent",0,2,1.0,0.3333333333333333,0.33333333333333326
"org.hibernate.envers.test.integration.manytomany.ternary",1,3,0.75,0.0,0.25
"org.hibernate.envers.test.integration.nativequery",0,1,1.0,0.0,0.0
"org.hibernate.envers.test.integration.notinsertable.manytoone",0,1,1.0,0.0,0.0
"org.hibernate.envers.test.integration.onetomany.relatedid",0,3,1.0,0.0,0.0
"org.hibernate.envers.test.integration.query.embeddables",0,3,1.0,0.0,0.0
"org.hibernate.envers.test.integration.query.entities",2,0,0.0,0.0,1.0
"org.hibernate.envers.test.integration.reference",0,2,1.0,0.0,0.0
"org.hibernate.envers.test.integration.reventity.removal",0,5,1.0,0.3333333333333333,0.33333333333333326
"org.hibernate.envers.test.integration.sameids",0,1,1.0,0.0,0.0
"org.hibernate.envers.test.performance.complex",1,0,0.0,0.0,1.0
"org.hibernate.test.hikaricp",0,8,1.0,0.0,0.0
"org.jboss.as.jpa.hibernate5.service",0,6,1.0,0.0,0.0
"org.hibernate.spatial.dialect.h2geodb",4,10,0.7142857142857143,0.0,0.2857142857142857
"org.hibernate.spatial.integration.geolatte",1,6,0.8571428571428571,0.0,0.1428571428571429
"org.hibernate.spatial.testing.dialects.hana",2,3,0.6,0.0,0.4
"org.hibernate.spatial.testing.dialects.postgis",1,4,0.8,0.0,0.19999999999999996
"org.hibernate.spatial.testing.dialects.sqlserver",1,2,0.6666666666666666,0.0,0.33333333333333337
"org.hibernate.testing.async",0,0,0.0,0.3333333333333333,0.6666666666666667
"org.hibernate.testing.cache",16,7,0.30434782608695654,0.0,0.6956521739130435
"org.hibernate.testing.jta",38,6,0.13636363636363635,0.0,0.8636363636363636
"org.hibernate.testing.util",24,2,0.07692307692307693,0.0,0.9230769230769231
"org.hibernate.vibur.internal",1,5,0.8333333333333334,0.0,0.16666666666666663
"org.hibernate.jpamodelgen.test.generics",0,1,1.0,0.0,0.0
"org.hibernate.jpamodelgen.test.rawtypes",0,1,1.0,0.0,0.0
"org.hibernate.jpamodelgen.test.sortedcollection",0,1,1.0,0.0,0.0
"org.hibernate.jpamodelgen.test.supresswarnings",0,2,1.0,0.0,0.0
"org.hibernate.jpamodelgen.test.usertype",0,1,1.0,0.0,0.0
"org.hibernate.jpamodelgen.test.xmlembeddable",0,2,1.0,0.3333333333333333,0.33333333333333326
"org.hibernate.tutorial.annotations",0,3,1.0,0.0,0.0
"org.hibernate.tutorial.hbm",0,3,1.0,0.0,0.0
"org.hibernate.tutorial.em",0,0,0.0,0.0,1.0
"org.hibernate.tutorial.envers",0,1,1.0,0.0,0.0
"org.hibernate.userguide.criteria",0,3,1.0,0.0,0.0
"org.hibernate.userguide.immutability",0,1,1.0,0.0,0.0
"org.hibernate.userguide.inheritance.polymorphism",0,1,1.0,0.5,0.5
"org.hibernate.userguide.mapping.dynamic",0,2,1.0,0.0,0.0
"org.hibernate.userguide.naming",0,3,1.0,0.0,0.0
"org.hibernate.boot.jaxb",29,0,0.0,0.0,1.0
"org.hibernate.boot.model.source.internal",3,3,0.5,0.5,0.0
"org.hibernate.collection.spi",91,5,0.052083333333333336,0.5,0.44791666666666663
"org.hibernate.context",1,1,0.5,0.0,0.5
"org.hibernate.dialect.hint",2,0,0.0,0.5,0.5
"org.hibernate.engine.jdbc.cursor.spi",4,1,0.2,0.5,0.30000000000000004
"org.hibernate.engine.jndi.spi",7,1,0.125,0.5,0.375
"org.hibernate.id.factory.internal",1,14,0.9333333333333333,0.0,0.06666666666666665
"org.hibernate.internal.build",0,0,0.0,0.0,1.0
"org.hibernate.internal.util.beans",1,1,0.5,0.5,0.0
"org.hibernate.internal.util.config",53,3,0.05357142857142857,0.0,0.9464285714285714
"org.hibernate.internal.util.io",2,1,0.3333333333333333,0.0,0.6666666666666667
"org.hibernate.metadata",16,3,0.15789473684210525,1.0,0.1578947368421053
"org.hibernate.query.criteria",2,0,0.0,0.5,0.5
"org.hibernate.query.procedure",4,3,0.42857142857142855,1.0,0.4285714285714286
"org.hibernate.query.procedure.spi",5,2,0.2857142857142857,1.0,0.2857142857142856
"org.hibernate.resource.jdbc",10,0,0.0,1.0,0.0
"org.hibernate.resource.transaction.backend.jdbc.spi",6,0,0.0,1.0,0.0
"org.hibernate.secure",0,2,1.0,0.0,0.0
"org.hibernate.stat.spi",50,4,0.07407407407407407,1.0,0.07407407407407396
"org.hibernate.type.descriptor.java.spi",4,2,0.3333333333333333,0.0,0.6666666666666667
"org.hibernate.type.spi",33,13,0.2826086956521739,0.5,0.21739130434782616
"org.hibernate.jdbc.util",0,1,1.0,0.0,0.0
"org.hibernate.jpa.test.cacheable.api",0,3,1.0,0.0,0.0
"org.hibernate.jpa.test.cacheable.cachemodes",0,3,1.0,0.0,0.0
"org.hibernate.jpa.test.callbacks.hbmxml",0,4,1.0,0.0,0.0
"org.hibernate.jpa.test.criteria.enumcollection",0,1,1.0,0.0,0.0
"org.hibernate.jpa.test.indetifier",0,3,1.0,0.0,0.0
"org.hibernate.jpa.test.lob",0,3,1.0,0.0,0.0
"org.hibernate.jpa.test.pack.cfgxmlpar",2,0,0.0,0.0,1.0
"org.hibernate.jpa.test.pack.excludehbmpar",2,0,0.0,0.0,1.0
"org.hibernate.jpa.test.pack.explicitpar",0,0,0.0,0.0,1.0
"org.hibernate.jpa.test.pack.externaljar",2,0,0.0,0.0,1.0
"org.hibernate.jpa.test.pack.overridenpar",0,0,0.0,0.0,1.0
"org.hibernate.jpa.test.pack.spacepar",1,0,0.0,0.0,1.0
"org.hibernate.serialization.entity",1,0,0.0,0.0,1.0
"org.hibernate.test.annotations.configuration",0,1,1.0,0.0,0.0
"org.hibernate.test.annotations.duplicatedgenerator",0,4,1.0,0.0,0.0
"org.hibernate.test.annotations.embeddables.attributeOverrides",0,7,1.0,0.0,0.0
"org.hibernate.test.annotations.enumerated.custom_mapkey",0,6,1.0,0.0,0.0
"org.hibernate.test.annotations.enumerated.custom_types",4,2,0.3333333333333333,0.0,0.6666666666666667
"org.hibernate.test.annotations.filter.secondarytable",0,3,1.0,0.0,0.0
"org.hibernate.test.annotations.idclass.xml",0,1,1.0,0.0,0.0
"org.hibernate.test.annotations.indexcoll.eager",0,4,1.0,0.0,0.0
"org.hibernate.test.annotations.lob.hhh4635",0,3,1.0,0.0,0.0
"org.hibernate.test.annotations.lob.locator",0,4,1.0,0.0,0.0
"org.hibernate.test.annotations.override.inheritance",0,4,1.0,0.0,0.0
"org.hibernate.test.annotations.quote.resultsetmappings",0,3,1.0,0.0,0.0
"org.hibernate.test.annotations.various.readwriteexpression",0,4,1.0,0.0,0.0
"org.hibernate.test.ast",0,3,1.0,0.0,0.0
"org.hibernate.test.boot.binding.cacheable",0,5,1.0,0.0,0.0
"org.hibernate.test.boot.cfgXml",0,6,1.0,0.0,0.0
"org.hibernate.test.boot.database.qualfiedTableNaming",0,9,1.0,0.0,0.0
"org.hibernate.test.bytecode.enhancement.lazy.basic",0,3,1.0,0.0,0.0
"org.hibernate.test.bytecode.enhancement.tracker",0,2,1.0,0.0,0.0
"org.hibernate.test.cdi.events.extended",0,9,1.0,0.0,0.0
"org.hibernate.test.cdi.events.nocdi",0,7,1.0,0.0,0.0
"org.hibernate.test.collection.multisession",0,7,1.0,0.0,0.0
"org.hibernate.test.criterion",0,8,1.0,0.0,0.0
"org.hibernate.test.dialect.functional.cache",0,7,1.0,0.0,0.0
"org.hibernate.test.dirtiness",0,5,1.0,0.0,0.0
"org.hibernate.test.dynamicentity.interceptor",0,4,1.0,0.0,0.0
"org.hibernate.test.event.collection.association.unidirectional.onetomany",0,3,1.0,0.0,0.0
"org.hibernate.test.event.collection.values",0,1,1.0,0.0,0.0
"org.hibernate.test.event.entity",0,6,1.0,0.0,0.0
"org.hibernate.test.eviction",0,2,1.0,0.0,0.0
"org.hibernate.test.fetch.runtime.managed",0,7,1.0,0.0,0.0
"org.hibernate.test.fetchprofiles",0,3,1.0,0.0,0.0
"org.hibernate.test.fetchprofiles.join.selfReferencing",0,3,1.0,0.0,0.0
"org.hibernate.test.generatedkeys.select",0,3,1.0,0.0,0.0
"org.hibernate.test.generatedkeys.seqidentity",0,4,1.0,0.0,0.0
"org.hibernate.test.hbm.query",0,9,1.0,0.0,0.0
"org.hibernate.test.hbm.version",0,4,1.0,0.0,0.0
"org.hibernate.test.id.uuid.strategy",0,2,1.0,0.0,0.0
"org.hibernate.test.idgen.biginteger.increment",0,2,1.0,0.0,0.0
"org.hibernate.test.idgen.foreign",0,3,1.0,0.0,0.0
"org.hibernate.test.idgen.identity.hhh10429",0,7,1.0,0.0,0.0
"org.hibernate.test.idgen.namescope",0,5,1.0,0.0,0.0
"org.hibernate.test.inheritance.relationship",0,2,1.0,0.5,0.5
"org.hibernate.test.iterate",0,3,1.0,0.0,0.0
"org.hibernate.test.jpa.convert",0,1,1.0,0.0,0.0
"org.hibernate.test.jpa.txn",0,9,1.0,0.0,0.0
"org.hibernate.test.locale",0,5,1.0,0.0,0.0
"org.hibernate.test.locking.paging",0,2,1.0,0.0,0.0
"org.hibernate.test.manytomanyassociationclass.compositeid",0,1,1.0,0.0,0.0
"org.hibernate.test.math",0,3,1.0,0.0,0.0
"org.hibernate.test.multitenancy",0,7,1.0,0.0,0.0
"org.hibernate.test.namingstrategy.synchronizedTables",0,6,1.0,0.0,0.0
"org.hibernate.test.naturalid.immutableentity",0,7,1.0,0.0,0.0
"org.hibernate.test.naturalid.mutable",0,6,1.0,0.0,0.0
"org.hibernate.test.nonpkassociation",0,1,1.0,0.0,0.0
"org.hibernate.test.ops.genericApi",0,3,1.0,0.5,0.5
"org.hibernate.test.ops.multiLoad",0,8,1.0,0.0,0.0
"org.hibernate.test.propertyref.cachedcollections",0,3,1.0,0.0,0.0
"org.hibernate.test.resource.transaction",0,9,1.0,0.0,0.0
"org.hibernate.test.schemaupdate.idbag",0,7,1.0,0.0,0.0
"org.hibernate.test.schemaupdate.index",0,5,1.0,0.0,0.0
"org.hibernate.test.serialization",0,7,1.0,0.0,0.0
"org.hibernate.test.sorted",0,3,1.0,0.0,0.0
"org.hibernate.test.sql.hand.custom",7,5,0.4166666666666667,1.0,0.41666666666666674
"org.hibernate.test.sql.hand.custom.derby",0,2,1.0,0.0,0.0
"org.hibernate.test.sql.hand.quotedidentifiers",0,4,1.0,0.0,0.0
"org.hibernate.test.sql",0,3,1.0,0.0,0.0
"org.hibernate.test.sql.refcursor",0,6,1.0,0.0,0.0
"org.hibernate.test.stream.basic",0,4,1.0,0.0,0.0
"org.hibernate.test.subquery",0,6,1.0,0.0,0.0
"org.hibernate.test.util.jdbc",35,2,0.05405405405405406,0.0,0.9459459459459459
"org.hibernate.test.wf.ddl.bmt.emf",0,7,1.0,0.0,0.0
"org.hibernate.test.wf.ddl.bmt.sf",0,3,1.0,0.0,0.0
"org.hibernate.test.wf.ddl.cmt.emf",0,7,1.0,0.0,0.0
"org.hibernate.test.wf.ddl.cmt.sf",0,3,1.0,0.0,0.0
"org.hibernate.cache.ehcache",6,0,0.0,0.5,0.5
"org.hibernate.envers.internal.entities.mapper.relation.lazy",2,5,0.7142857142857143,0.5,0.2142857142857144
"org.hibernate.envers.internal",5,0,0.0,0.5,0.5
"org.hibernate.envers.query.projection.internal",2,4,0.6666666666666666,0.0,0.33333333333333337
"org.hibernate.envers.strategy.internal",0,20,1.0,0.0,0.0
"org.hibernate.envers.strategy.spi",2,8,0.8,0.5,0.30000000000000004
"ee.estonia.entities",1,0,0.0,0.0,1.0
"org.hibernate.envers.test.entities.manytomany.biowned",1,0,0.0,0.0,1.0
"org.hibernate.envers.test.entities.onetomany.detached.ids",2,1,0.3333333333333333,0.0,0.6666666666666667
"org.hibernate.envers.test.integration.entityNames.auditedEntity",0,2,1.0,0.0,0.0
"org.hibernate.envers.test.integration.generated",0,1,1.0,0.0,0.0
"org.hibernate.envers.test.integration.inheritance.joined.primarykeyjoin",0,3,1.0,0.0,0.0
"org.hibernate.envers.test.integration.manytoone",0,2,1.0,0.0,0.0
"org.hibernate.envers.test.integration.merge",0,3,1.0,0.0,0.0
"org.hibernate.envers.test.integration.naming.quotation",0,2,1.0,0.0,0.0
"org.hibernate.envers.test.integration.notinsertable",0,1,1.0,0.0,0.0
"org.hibernate.envers.test.integration.notupdatable",0,2,1.0,0.0,0.0
"org.hibernate.envers.test.integration.onetomany.hierarchy",0,2,1.0,0.0,0.0
"org.hibernate.envers.test.integration.readwriteexpression",0,2,1.0,0.0,0.0
"org.hibernate.envers.test.integration.superclass.auditAtMethodSuperclassLevel.auditAllSubclass",0,3,1.0,0.0,0.0
"org.hibernate.envers.test.integration.superclass.auditAtMethodSuperclassLevel",4,0,0.0,0.0,1.0
"org.hibernate.envers.test.integration.superclass.auditAtMethodSuperclassLevel.auditMethodSubclass",0,3,1.0,0.0,0.0
"org.hibernate.envers.test.integration.superclass.auditedAtSuperclassLevel.auditAllSubclass",0,3,1.0,0.0,0.0
"org.hibernate.envers.test.integration.superclass.auditedAtSuperclassLevel",4,0,0.0,0.0,1.0
"org.hibernate.envers.test.integration.superclass.auditedAtSuperclassLevel.auditMethodSubclass",0,3,1.0,0.0,0.0
"org.hibernate.envers.test.integration.tools",0,6,1.0,0.0,0.0
"org.hibernate.envers.test.tools",75,2,0.025974025974025976,0.5,0.474025974025974
"org.hibernate.test.cache.jcache",0,12,1.0,0.0,0.0
"org.hibernate.test.proxool",0,7,1.0,0.0,0.0
"org.hibernate.spatial.dialect.db2",2,12,0.8571428571428571,0.0,0.1428571428571429
"org.hibernate.spatial.integration.jts",2,4,0.6666666666666666,0.0,0.33333333333333337
"org.hibernate.testing.env",11,5,0.3125,0.0,0.6875
"org.hibernate.testing.transaction",72,5,0.06493506493506493,0.5,0.43506493506493504
"org.hibernate.orm.tooling.maven",0,3,1.0,0.0,0.0
"org.hibernate.jpamodelgen.test.annotationtype",0,1,1.0,0.0,0.0
"org.hibernate.jpamodelgen.test.blob",0,1,1.0,0.0,0.0
"org.hibernate.jpamodelgen.test.hashcode",0,1,1.0,0.0,0.0
"org.hibernate.jpamodelgen.test.mappedsuperclass.embeddablemappedsuperclass",0,1,1.0,0.0,0.0
"org.hibernate.jpamodelgen.test.persistence21",0,2,1.0,0.0,0.0
"org.hibernate.jpamodelgen.test.separatecompilationunits",0,2,1.0,0.0,0.0
"org.hibernate.jpamodelgen.test.xmlmetacomplete.multiplepus",0,2,1.0,0.0,0.0
"org.hibernate.jpamodelgen.test.xmlmetacomplete.singlepu",0,2,1.0,0.0,0.0
"org.hibernate.userguide.batch",0,3,1.0,0.0,0.0
"org.hibernate.userguide.bootstrap",0,16,1.0,0.0,0.0
"org.hibernate.userguide.jmx",0,2,1.0,0.0,0.0
"org.hibernate.userguide.osgi.jpa",0,0,0.0,0.0,1.0
"org.hibernate.userguide.osgi._native",0,1,1.0,0.0,0.0
"org.hibernate.userguide.proxy",0,1,1.0,1.0,1.0
"org.hibernate.userguide.spatial",0,2,1.0,0.0,0.0
"org.hibernate.userguide.transactions",0,5,1.0,0.0,0.0
"org.hibernate.test.agroal.util",1,2,0.6666666666666666,0.0,0.33333333333333337
"org.hibernate.boot.model.convert",0,0,0.0,0.0,1.0
"org.hibernate.boot.model.process",0,0,0.0,0.0,1.0
"org.hibernate.boot.model.source.internal.annotations",1,13,0.9285714285714286,0.0,0.0714285714285714
"org.hibernate.bytecode",2,0,0.0,1.0,0.0
"org.hibernate.bytecode.enhance.internal",0,0,0.0,0.0,1.0
"org.hibernate.cache.cfg",0,0,0.0,0.0,1.0
"org.hibernate.classic",11,1,0.08333333333333333,1.0,0.08333333333333326
"org.hibernate.engine.config",0,0,0.0,0.0,1.0
"org.hibernate.engine.query.internal",1,6,0.8571428571428571,0.0,0.1428571428571429
"org.hibernate.engine.transaction.internal.jta",14,1,0.06666666666666667,0.0,0.9333333333333333
"org.hibernate.id.factory",10,3,0.23076923076923078,1.0,0.23076923076923084
"org.hibernate.id.factory.spi",5,2,0.2857142857142857,1.0,0.2857142857142856
"org.hibernate.integrator.internal",2,5,0.7142857142857143,0.0,0.2857142857142857
"org.hibernate.internal.util.jndi",0,1,1.0,0.0,0.0
"org.hibernate.internal.util.type",1,0,0.0,1.0,0.0
"org.hibernate.jmx.spi",4,2,0.3333333333333333,1.0,0.33333333333333326
"org.hibernate.jpa.event",0,0,0.0,0.0,1.0
"org.hibernate.jpa.event.spi.jpa",3,0,0.0,1.0,0.0
"org.hibernate.jpa.internal.enhance",1,3,0.75,0.0,0.25
"org.hibernate.loader.hql",1,20,0.9523809523809523,0.0,0.04761904761904767
"org.hibernate.loader.internal",8,0,0.0,0.0,1.0
"org.hibernate.loader.plan.exec",0,0,0.0,0.0,1.0
"org.hibernate.loader.plan.exec.process",0,0,0.0,0.0,1.0
"org.hibernate.loader.plan.exec.query",0,0,0.0,0.0,1.0
"org.hibernate.loader.spi",11,2,0.15384615384615385,1.0,0.15384615384615374
"org.hibernate.lob",0,0,0.0,0.0,1.0
"org.hibernate.metamodel.model.convert",0,0,0.0,0.0,1.0
"org.hibernate.metamodel",0,0,0.0,0.0,1.0
"org.hibernate.metamodel.spi",17,7,0.2916666666666667,1.0,0.29166666666666674
"org.hibernate.pretty",66,5,0.07042253521126761,0.0,0.9295774647887324
"org.hibernate.proxy.pojo",2,4,0.6666666666666666,1.0,0.6666666666666665
"org.hibernate.resource.beans.container",0,0,0.0,0.0,1.0
"org.hibernate.resource.beans",0,0,0.0,0.0,1.0
"org.hibernate.resource.transaction.backend.jdbc",0,0,0.0,0.0,1.0
"org.hibernate.result.spi",2,2,0.5,1.0,0.5
"org.hibernate.sql.ast",0,0,0.0,0.0,1.0
"org.hibernate.tool.enhance",1,2,0.6666666666666666,0.0,0.33333333333333337
"org.hibernate.tool.instrument.javassist",0,2,1.0,0.0,0.0
"org.hibernate.tool.schema.extract",0,0,0.0,0.0,1.0
"org.hibernate.type.descriptor.spi",4,1,0.2,1.0,0.19999999999999996
"org.hibernate.type.descriptor.sql.spi",1,2,0.6666666666666666,0.0,0.33333333333333337
"org.hibernate.type.internal",1,1,0.5,0.0,0.5
"from",1,0,0.0,0.0,1.0
"in.from",1,0,0.0,0.0,1.0
"org.hibernate.internal.util.hib3rnat3",0,0,0.0,0.0,1.0
"org.hibernate.jpa.test.criteria.alias",0,3,1.0,0.0,0.0
"org.hibernate.jpa.test.criteria.limitExpression",0,2,1.0,0.0,0.0
"org.hibernate.jpa.test.criteria.simplecase",0,1,1.0,0.0,0.0
"org.hibernate.jpa.test.criteria.tuple",0,1,1.0,0.0,0.0
"org.hibernate.jpa.test.enhancement",0,5,1.0,0.0,0.0
"org.hibernate.jpa.test.factory",0,1,1.0,0.0,0.0
"org.hibernate.jpa.test.graphs.mapped_by_id",0,1,1.0,0.0,0.0
"org.hibernate.jpa.test.graphs.queryhint",0,4,1.0,0.0,0.0
"org.hibernate.jpa.test.serialization",0,1,1.0,0.0,0.0
"org.hibernate.jpa.test.statistics",0,5,1.0,0.0,0.0
"org.hibernate.jpa.test.temporal",0,1,1.0,0.0,0.0
"org.hibernate.orm.test.query.criteria",0,1,1.0,0.0,0.0
"org.hibernate.session",0,5,1.0,0.0,0.0
"org.hibernate.sharedSession",0,7,1.0,0.0,0.0
"org.hibernate.test.annotations.basic",0,8,1.0,0.0,0.0
"org.hibernate.test.annotations.enumerated.mappedSuperclass",0,9,1.0,1.0,1.0
"org.hibernate.test.annotations.filter.subclass",3,1,0.25,1.0,0.25
"org.hibernate.test.annotations.list",0,7,1.0,0.0,0.0
"org.hibernate.test.annotations.secondarytable",0,7,1.0,0.0,0.0
"org.hibernate.test.annotations.selectbeforeupdate",0,2,1.0,0.0,0.0
"org.hibernate.test.boot.model.relational",0,2,1.0,0.0,0.0
"org.hibernate.test.boot.model.source",0,1,1.0,0.0,0.0
"org.hibernate.test.bytecode.enhancement.access",0,3,1.0,0.0,0.0
"org.hibernate.test.bytecode.enhancement.detached",0,4,1.0,0.0,0.0
"org.hibernate.test.bytecode.enhancement.eviction",0,3,1.0,0.0,0.0
"org.hibernate.test.bytecode.enhancement.javassist",0,2,1.0,0.0,0.0
"org.hibernate.test.bytecode.enhancement.join",0,4,1.0,0.0,0.0
"org.hibernate.test.bytecode.enhancement.lazyCache",0,7,1.0,0.0,0.0
"org.hibernate.test.bytecode.enhancement.ondemandload",0,4,1.0,0.0,0.0
"org.hibernate.test.bytecode.enhancement.otherentityentrycontext",0,4,1.0,0.0,0.0
"org.hibernate.test.bytecode.enhancement.pk",0,3,1.0,0.0,0.0
"org.hibernate.test.cdi.converters.delayed",0,6,1.0,0.0,0.0
"org.hibernate.test.cdi.converters.standard",0,6,1.0,0.0,0.0
"org.hibernate.test.cdi.events.delayed",0,6,1.0,0.0,0.0
"org.hibernate.test.cdi.events.standard",0,6,1.0,0.0,0.0
"org.hibernate.test.cdi.general.nonregistrymanaged.delayed",0,7,1.0,0.0,0.0
"org.hibernate.test.cdi.general.nonregistrymanaged.extended",0,8,1.0,0.0,0.0
"org.hibernate.test.cdi.general.nonregistrymanaged.standard",0,7,1.0,0.0,0.0
"org.hibernate.test.cdi",0,0,0.0,0.0,1.0
"org.hibernate.test.classloader",0,3,1.0,1.0,1.0
"org.hibernate.test.collection.custom.declaredtype.explicitsemantics",0,7,1.0,1.0,1.0
"org.hibernate.test.collection.nonInsertable",0,3,1.0,0.0,0.0
"org.hibernate.test.converter.generics",0,7,1.0,0.0,0.0
"org.hibernate.test.converter.inheritence",0,2,1.0,1.0,1.0
"org.hibernate.test.converter.literal",0,2,1.0,0.0,0.0
"org.hibernate.test.criteria.mapsid",0,1,1.0,0.0,0.0
"org.hibernate.test.customstructures",0,1,1.0,0.0,0.0
"org.hibernate.test.distinct",0,4,1.0,0.0,0.0
"org.hibernate.test.dynamicmap",0,1,1.0,0.0,0.0
"org.hibernate.test.entitymode.map.basic",0,3,1.0,0.0,0.0
"org.hibernate.test.entitymode.map.subclass",0,2,1.0,0.0,0.0
"org.hibernate.test.event.collection.association",7,4,0.36363636363636365,1.0,0.36363636363636376
"org.hibernate.test.event.collection.association.unidirectional.manytomany",0,3,1.0,0.0,0.0
"org.hibernate.test.event.collection.association.unidirectional",4,1,0.2,0.0,0.8
"org.hibernate.test.hbm.collectionpk",0,5,1.0,0.0,0.0
"org.hibernate.test.hbm.comment",0,4,1.0,0.0,0.0
"org.hibernate.test.hbm.fk",0,6,1.0,0.0,0.0
"org.hibernate.test.hbm",0,0,0.0,0.0,1.0
"org.hibernate.test.hbm.uk",0,9,1.0,0.0,0.0
"org.hibernate.test.id.uuid.interpretation",0,8,1.0,0.0,0.0
"org.hibernate.test.id.uuid.sqlrep",1,0,0.0,0.0,1.0
"org.hibernate.test.id.uuid.sqlrep.sqlbinary",1,3,0.75,0.0,0.25
"org.hibernate.test.id.uuid.sqlrep.sqlchar",0,3,1.0,0.0,0.0
"org.hibernate.test.idgen.enhanced.table.concurrent",0,6,1.0,0.0,0.0
"org.hibernate.test.idgen.identity.hhh9983",0,3,1.0,0.0,0.0
"org.hibernate.test.idgen.identity",0,3,1.0,0.0,0.0
"org.hibernate.test.inheritance",0,6,1.0,0.0,0.0
"org.hibernate.test.joinedsubclassduplicatefields",0,1,1.0,0.0,0.0
"org.hibernate.test.joinfetch.enhanced",0,4,1.0,0.0,0.0
"org.hibernate.test.jpa.compliance",0,0,0.0,0.0,1.0
"org.hibernate.test.jpa.proxy",0,2,1.0,0.0,0.0
"org.hibernate.test.jpa.removed",0,2,1.0,0.0,0.0
"org.hibernate.test.jpa.xml.versions",2,4,0.6666666666666666,0.0,0.33333333333333337
"org.hibernate.test.lazydetachedpersist",0,2,1.0,0.0,0.0
"org.hibernate.test.locking.warning",0,7,1.0,0.0,0.0
"org.hibernate.test.manytomanyassociationclass.surrogateid.assigned",0,1,1.0,0.0,0.0
"org.hibernate.test.manytomanyassociationclass.surrogateid.generated",0,3,1.0,0.0,0.0
"org.hibernate.test.mapping.cascade",0,3,1.0,0.0,0.0
"org.hibernate.test.multitenancy.discriminator",0,17,1.0,0.0,0.0
"org.hibernate.test.namingstrategy.collectionJoinTableNaming",0,7,1.0,0.0,0.0
"org.hibernate.test.ondelete.toone",0,3,1.0,0.0,0.0
"org.hibernate.test.ondemandload.cache",0,6,1.0,0.0,0.0
"org.hibernate.test.onetoone.bidirectional",0,2,1.0,0.0,0.0
"org.hibernate.test.onetoone.lazy",0,1,1.0,0.0,0.0
"org.hibernate.test.onetoone.nopojo",0,4,1.0,0.0,0.0
"org.hibernate.test.querytimeout",0,6,1.0,0.0,0.0
"org.hibernate.test.replicate",0,3,1.0,0.0,0.0
"org.hibernate.test.scalar",0,2,1.0,0.0,0.0
"org.hibernate.test.schematools",0,13,1.0,0.0,0.0
"org.hibernate.test.schemaupdate.derivedid",0,7,1.0,0.0,0.0
"org.hibernate.test.schemavalidation.matchingtablenames",0,2,1.0,0.0,0.0
"org.hibernate.test.sql.function",0,3,1.0,0.0,0.0
"org.hibernate.test.sql.hand.custom.datadirect.oracle",0,2,1.0,0.0,0.0
"org.hibernate.test.sql.hand.custom.db2",0,2,1.0,0.0,0.0
"org.hibernate.test.sql.hand.custom.mysql",0,2,1.0,0.0,0.0
"org.hibernate.test.sql.hand.custom.oracle",0,2,1.0,0.0,0.0
"org.hibernate.test.sql.hand.custom.sqlserver",0,2,1.0,0.0,0.0
"org.hibernate.test.sql.hand.custom.sybase",0,2,1.0,0.0,0.0
"org.hibernate.test.sql.hand.identity",0,4,1.0,0.0,0.0
"org.hibernate.test.sql.hand.query",0,9,1.0,0.0,0.0
"org.hibernate.test.sql.syncSpace",0,3,1.0,0.0,0.0
"org.hibernate.test.subselect.join",0,2,1.0,0.0,0.0
"org.hibernate.test.tool.schema.internal",0,12,1.0,0.0,0.0
"org.hibernate.test.unionsubclass3",0,1,1.0,1.0,1.0
"org.hibernate.test.uniquekey",0,2,1.0,0.0,0.0
"org.hibernate.test.wf.ddl",6,0,0.0,0.0,1.0
"org.hibernate.test.wf",0,0,0.0,0.0,1.0
"org.hibernate.envers.configuration",41,0,0.0,1.0,0.0
"org.hibernate.envers.query.order",6,1,0.14285714285714285,1.0,0.1428571428571428
"org.hibernate.envers.query.order.internal",1,3,0.75,0.0,0.25
"org.hibernate.envers.query.projection",9,2,0.18181818181818182,1.0,0.18181818181818188
"org.hibernate.envers.tools",13,0,0.0,0.0,1.0
"org.hibernate.envers.test.integration.components.collections",0,2,1.0,0.0,0.0
"org.hibernate.envers.test.integration.dynamicmodel",0,1,1.0,0.0,0.0
"org.hibernate.envers.test.integration.inheritance.mixed",0,2,1.0,0.0,0.0
"org.hibernate.envers.test.integration.interfaces.hbm.allAudited.joined",0,1,1.0,0.0,0.0
"org.hibernate.envers.test.integration.interfaces.hbm.allAudited.subclass",0,1,1.0,0.0,0.0
"org.hibernate.envers.test.integration.interfaces.hbm.allAudited.union",0,1,1.0,0.0,0.0
"org.hibernate.envers.test.integration.interfaces.hbm.propertiesAudited.joined",0,1,1.0,0.0,0.0
"org.hibernate.envers.test.integration.interfaces.hbm.propertiesAudited.subclass",0,1,1.0,0.0,0.0
"org.hibernate.envers.test.integration.interfaces.hbm.propertiesAudited.union",0,1,1.0,0.0,0.0
"org.hibernate.envers.test.integration.interfaces.hbm.propertiesAudited2.joined",0,1,1.0,0.0,0.0
"org.hibernate.envers.test.integration.interfaces.hbm.propertiesAudited2.subclass",0,1,1.0,0.0,0.0
"org.hibernate.envers.test.integration.interfaces.hbm.propertiesAudited2.union",0,1,1.0,0.0,0.0
"org.hibernate.envers.test.integration.manytomany.biowned",0,3,1.0,0.0,0.0
"org.hibernate.envers.test.integration.manytomany.sametable",0,4,1.0,0.0,0.0
"org.hibernate.envers.test.integration.manytoone.unidirectional",0,5,1.0,0.0,0.0
"org.hibernate.envers.test.integration.primitive",0,2,1.0,0.0,0.0
"org.hibernate.envers.test.integration.revfordate",0,4,1.0,0.0,0.0
"org.hibernate.envers.test.integration.serialization",0,2,1.0,0.0,0.0
"org.hibernate.envers.test.integration.update",0,2,1.0,0.0,0.0
"org.hibernate.envers.test.integrator",0,1,1.0,0.0,0.0
"org.hibernate.orm.integrationtest.java.module.entity",1,0,0.0,0.0,1.0
"org.hibernate.orm.integrationtest.java.module.service",1,3,0.75,0.0,0.25
"org.hibernate.orm.integrationtest.java.module.test",0,3,1.0,0.0,0.0
"org.jboss.as.jpa.hibernate5.scan",0,1,1.0,0.0,0.0
"org.hibernate.osgi.test",0,8,1.0,0.0,0.0
"org.hibernate.spatial.dialect",6,1,0.14285714285714285,1.0,0.1428571428571428
"org.hibernate.spatial.jts",1,0,0.0,0.0,1.0
"org.hibernate.testing.byteman",0,0,0.0,0.0,1.0
"org.hibernate.testing.common.connections",5,4,0.4444444444444444,1.0,0.4444444444444444
"org.hibernate.test.vibur",0,5,1.0,0.0,0.0
"org.hibernate.orm.tooling.gradle",0,2,1.0,0.0,0.0
"org.hibernate.jpamodelgen.test.collectionbasictype.extras",1,0,0.0,0.0,1.0
"org.hibernate.jpamodelgen.test.separatecompilationunits.superclass",2,0,0.0,0.0,1.0
"org.hibernate.jpamodelgen.test",0,1,1.0,0.0,0.0
"org.hibernate.jpamodelgen.test.xmlembeddable.foo",2,0,0.0,0.0,1.0
