"namespace","ca","ce","instability","abstractness","distance"
"basis.lang",393,2,0.005063291139240506,0.7647058823529411,0.23023082650781834
"sneer.bricks.pulp.reactive.collections.impl",0,7,1.0,0.13333333333333333,0.1333333333333333
"sneer.bricks.skin.widgets.reactive.impl",0,13,1.0,0.2,0.19999999999999996
"sneer.bricks.snapps.games.sliceWars.impl.logic",34,0,0.0,0.26666666666666666,0.7333333333333334
"sneer.bricks.snapps.games.sliceWars.impl.logic.gameStates",14,1,0.06666666666666667,0.46153846153846156,0.4717948717948718
"sneer.bricks.pulp.reactive.collections",104,4,0.037037037037037035,1.0,0.03703703703703698
"sneer.bricks.softwaresharing.gui.impl",0,16,1.0,0.16666666666666666,0.16666666666666674
"sneer.bricks.hardware.io.prevalence.nature.impl",0,13,1.0,0.0,0.0
"sneer.bricks.snapps.games.go.impl.gui.game.painters",2,3,0.6,0.1,0.30000000000000004
"sneer.bricks.snapps.games.sliceWars.test.logic.gameStates",0,2,1.0,0.0,0.0
"basis.brickness.impl",5,4,0.4444444444444444,0.3333333333333333,0.22222222222222232
"sneer.bricks.network.computers.tcp.connections.impl",0,18,1.0,0.0,0.0
"sneer.bricks.skin.widgets.reactive",30,5,0.14285714285714285,0.8888888888888888,0.03174603174603163
"basis.environments",57,2,0.03389830508474576,0.25,0.7161016949152542
"sneer.bricks.expression.tuples.tests",1,14,0.9333333333333333,0.0,0.06666666666666665
"sneer.bricks.hardwaresharing.backup",2,8,0.8,0.5,0.30000000000000004
"sneer.bricks.snapps.games.sliceWars.impl.gui.drawers",1,2,0.6666666666666666,0.125,0.20833333333333337
"dfcsantos.music.ui.view.impl",0,18,1.0,0.0,0.0
"sneer.bricks.pulp.dyndns.updater",4,1,0.2,0.2857142857142857,0.5142857142857142
"sneer.bricks.pulp.reactive.impl",0,8,1.0,0.14285714285714285,0.1428571428571428
"sneer.bricks.snapps.chat.gui.panels.impl",0,17,1.0,0.0,0.0
"sneer.bricks.snapps.games.go.impl.logic",11,0,0.0,0.14285714285714285,0.8571428571428572
"sneer.bricks.software.code.metaclass.asm",5,0,0.0,1.0,0.0
"basis.brickness",29,3,0.09375,0.3333333333333333,0.5729166666666667
"sneer.bricks.expression.files.transfer",3,6,0.6666666666666666,0.16666666666666666,0.16666666666666674
"sneer.bricks.snapps.games.go.impl.gui.game",3,6,0.6666666666666666,0.16666666666666666,0.16666666666666674
"sneer.bricks.snapps.games.sliceWars.test.logic",0,1,1.0,0.0,0.0
"sneer.bricks.snapps.web.impl",2,11,0.8461538461538461,0.16666666666666666,0.012820512820512775
"sneer.bricks.software.bricks.interception.impl",0,3,1.0,0.0,0.0
"sneer.bricks.software.code.compilers",14,1,0.06666666666666667,0.8333333333333334,0.09999999999999998
"sneer.bricks.softwaresharing.demolisher.impl",0,15,1.0,0.0,0.0
"sneer.main",3,12,0.8,0.16666666666666666,0.033333333333333326
"snype.whisper.audio",0,3,1.0,0.16666666666666666,0.16666666666666674
"basis.brickness.testsupport",6,7,0.5384615384615384,0.2,0.2615384615384615
"basis.testsupport",14,1,0.06666666666666667,0.6,0.33333333333333337
"dfcsantos.music.impl",0,22,1.0,0.2,0.19999999999999996
"sneer.bricks.expression.files.protocol",29,5,0.14705882352941177,0.2,0.6529411764705882
"sneer.bricks.hardware.cpu.threads.impl",0,10,1.0,0.0,0.0
"sneer.bricks.hardwaresharing.dataspace.buckets",4,4,0.5,0.4,0.09999999999999998
"sneer.bricks.network.computers.udp.connections.impl",0,26,1.0,0.0,0.0
"sneer.bricks.pulp.reactive",186,4,0.021052631578947368,1.0,0.021052631578947434
"sneer.bricks.skin.menu.impl",0,4,1.0,0.2,0.19999999999999996
"sneer.bricks.software.code.metaclass.asm.impl",0,1,1.0,0.0,0.0
"sneer.bricks.software.code.metaclass.impl",0,4,1.0,0.2,0.19999999999999996
"sneer.bricks.software.timing",4,0,0.0,1.0,0.0
"snype.whisper.gui",2,3,0.6,0.4,0.0
"basis.lang.exceptions",51,0,0.0,0.0,1.0
"dfcsantos.tracks.execution.player.impl",0,8,1.0,0.0,0.0
"dfcsantos.tracks.execution.playlist.impl",0,3,1.0,0.25,0.25
"dfcsantos.tracks.tastematching.impl",0,4,1.0,0.0,0.0
"sneer.bricks.expression.files.client.downloads.impl",0,22,1.0,0.25,0.25
"sneer.bricks.expression.files.client.downloads.old.impl",0,22,1.0,0.25,0.25
"sneer.bricks.expression.files.map.impl",0,7,1.0,0.0,0.0
"sneer.bricks.hardware.cpu.crypto",81,2,0.024096385542168676,0.75,0.22590361445783136
"sneer.bricks.hardware.cpu.crypto.impl",0,4,1.0,0.0,0.0
"sneer.bricks.hardware.cpu.lang.contracts",155,0,0.0,1.0,0.0
"sneer.bricks.network.social.navigation",3,3,0.5,0.25,0.25
"sneer.bricks.pulp.blinkinglights",59,4,0.06349206349206349,0.75,0.1865079365079365
"sneer.bricks.pulp.probe.tests",0,14,1.0,0.25,0.25
"sneer.bricks.skin.imgselector.impl",0,3,1.0,0.0,0.0
"sneer.bricks.skin.main.dashboard.impl",0,20,1.0,0.0,0.0
"sneer.bricks.snapps.games.go.impl.network",3,3,0.5,0.0,0.5
"sneer.bricks.software.bricks.repl",6,0,0.0,0.75,0.25
"sneer.bricks.software.timing.impl",0,2,1.0,0.0,0.0
"sneer.bricks.softwaresharing",21,6,0.2222222222222222,1.0,0.22222222222222232
"sneer.snapps.games.drones.units",7,0,0.0,0.75,0.25
"sneer.tests.adapters",2,12,0.8571428571428571,0.75,0.6071428571428572
"snype.whisper.speex.impl",0,2,1.0,0.0,0.0
"basis.brickness.testsupport.tests",0,3,1.0,0.0,0.0
"basis.lang.arrays",35,0,0.0,0.0,1.0
"sneer.bricks.expression.files.client.downloads",22,5,0.18518518518518517,0.6666666666666666,0.14814814814814814
"sneer.bricks.expression.files.client.downloads.gui.impl",0,8,1.0,0.0,0.0
"sneer.bricks.expression.files.tests",0,21,1.0,0.3333333333333333,0.33333333333333326
"sneer.bricks.hardware.cpu.threads.tests",2,8,0.8,0.3333333333333333,0.1333333333333333
"sneer.bricks.hardware.cpu.timebox.impl",0,5,1.0,0.0,0.0
"sneer.bricks.hardware.gui.trayicon",5,3,0.375,0.6666666666666666,0.04166666666666652
"sneer.bricks.hardware.io.log.tests",2,4,0.6666666666666666,0.3333333333333333,0.0
"sneer.bricks.hardware.ram.reflection.visitation",3,0,0.0,1.0,0.0
"sneer.bricks.hardwaresharing.dataspace.buckets.impl",0,8,1.0,0.0,0.0
"sneer.bricks.network.computers.addresses.keeper.impl",0,6,1.0,0.3333333333333333,0.33333333333333326
"sneer.bricks.network.computers.channels.guaranteed.splitter.impl",0,2,1.0,0.0,0.0
"sneer.bricks.network.computers.channels.impl",0,7,1.0,0.0,0.0
"sneer.bricks.network.computers.connections",20,5,0.2,1.0,0.19999999999999996
"sneer.bricks.network.computers.tcp",25,0,0.0,1.0,0.0
"sneer.bricks.network.computers.tcp.impl",0,3,1.0,0.0,0.0
"sneer.bricks.network.computers.udp.connections.tests",0,27,1.0,0.0,0.0
"sneer.bricks.network.computers.udp.holepuncher.protocol",5,0,0.0,0.3333333333333333,0.6666666666666667
"sneer.bricks.network.computers.udp.server.impl",0,13,1.0,0.0,0.0
"sneer.bricks.network.social.attributes",45,7,0.1346153846153846,0.6666666666666666,0.1987179487179488
"sneer.bricks.network.social.attributes.gui.impl",0,5,1.0,0.0,0.0
"sneer.bricks.network.social.attributes.tests.fixtures",1,1,0.5,1.0,0.5
"sneer.bricks.pulp.distribution.filtering.tests",0,4,1.0,0.0,0.0
"sneer.bricks.pulp.notifiers.impl",0,5,1.0,0.0,0.0
"sneer.bricks.pulp.notifiers",32,3,0.08571428571428572,1.0,0.08571428571428563
"sneer.bricks.pulp.notifiers.pulsers.impl",0,4,1.0,0.0,0.0
"sneer.bricks.pulp.notifiers.pulsers",13,2,0.13333333333333333,1.0,0.1333333333333333
"sneer.bricks.pulp.probe.impl",0,15,1.0,0.0,0.0
"sneer.bricks.pulp.reactive.collections.tests",0,6,1.0,0.0,0.0
"sneer.bricks.pulp.reactive.signalchooser",14,2,0.125,1.0,0.125
"sneer.bricks.pulp.retrier",3,2,0.4,1.0,0.3999999999999999
"sneer.bricks.pulp.serialization.impl",0,2,1.0,0.0,0.0
"sneer.bricks.pulp.streams.sequencer.impl",0,2,1.0,0.0,0.0
"sneer.bricks.snapps.contacts.gui",15,4,0.21052631578947367,1.0,0.21052631578947367
"sneer.bricks.snapps.games.go.impl",5,17,0.7727272727272727,0.6666666666666666,0.43939393939393945
"sneer.bricks.snapps.games.sliceWars.impl",4,12,0.75,0.3333333333333333,0.08333333333333326
"sneer.bricks.snapps.games.sliceWars.impl.sneer",1,3,0.75,0.0,0.25
"sneer.bricks.snapps.web.tests",0,4,1.0,0.0,0.0
"sneer.bricks.software.bricks.interception",8,1,0.1111111111111111,0.6666666666666666,0.22222222222222232
"sneer.bricks.software.bricks.interception.fixtures.combinedmethods.impl",0,1,1.0,0.0,0.0
"sneer.bricks.software.bricks.repl.impl",0,1,1.0,0.0,0.0
"sneer.bricks.software.code.compilers.java.impl",0,7,1.0,0.0,0.0
"sneer.bricks.software.code.compilers.java.tests",2,4,0.6666666666666666,0.0,0.33333333333333337
"sneer.tests.adapters.impl.utils.network",2,1,0.3333333333333333,0.0,0.6666666666666667
"sneer.tests",12,3,0.2,1.0,0.19999999999999996
"snype.whisper.skin.audio.loopback.impl",0,6,1.0,0.0,0.0
"snype.whisper.speex",6,0,0.0,1.0,0.0
"snype.whisper.speextuples",4,3,0.42857142857142855,0.6666666666666666,0.09523809523809512
"basis.brickness.impl.tests",0,7,1.0,0.0,0.0
"basis.brickness.impl.tests.fixtures",1,0,0.0,1.0,0.0
"basis.testsupport.tests",0,2,1.0,0.0,0.0
"basis.util.concurrent",29,1,0.03333333333333333,0.0,0.9666666666666667
"dfcsantos.music.ui.presenter.impl",0,14,1.0,0.0,0.0
"dfcsantos.music.ui.view",7,4,0.36363636363636365,1.0,0.36363636363636376
"dfcsantos.tracks.exchange.endorsements",4,3,0.42857142857142855,0.5,0.0714285714285714
"dfcsantos.tracks.execution.player",4,3,0.42857142857142855,1.0,0.4285714285714286
"dfcsantos.tracks.execution.playlist",6,1,0.14285714285714285,1.0,0.1428571428571428
"dfcsantos.tracks.impl",0,3,1.0,0.0,0.0
"dfcsantos.tracks",18,0,0.0,1.0,0.0
"sneer.bricks.expression.files.map.mapper",15,1,0.0625,0.5,0.4375
"sneer.bricks.expression.files.map.mapper.impl",0,12,1.0,0.0,0.0
"sneer.bricks.expression.files.map.mapper.tests",0,8,1.0,0.0,0.0
"sneer.bricks.expression.files.map.visitors",7,2,0.2222222222222222,1.0,0.22222222222222232
"sneer.bricks.expression.files.map.visitors.impl",0,5,1.0,0.0,0.0
"sneer.bricks.expression.files.writer.folder.impl",0,5,1.0,0.0,0.0
"sneer.bricks.expression.snoard",1,2,0.6666666666666666,0.5,0.16666666666666652
"sneer.bricks.expression.tuples.impl",0,10,1.0,0.0,0.0
"sneer.bricks.expression.tuples.keeper.impl",0,5,1.0,0.0,0.0
"sneer.bricks.expression.tuples.testsupport.pump.impl",0,6,1.0,0.0,0.0
"sneer.bricks.expression.tuples.testsupport.pump",4,2,0.3333333333333333,1.0,0.33333333333333326
"sneer.bricks.expression.tuples",111,4,0.034782608695652174,1.0,0.034782608695652195
"sneer.bricks.hardware.cpu.codec",11,0,0.0,0.5,0.5
"sneer.bricks.hardware.cpu.exceptions",7,0,0.0,0.5,0.5
"sneer.bricks.hardware.cpu.lang.contracts.impl",0,4,1.0,0.0,0.0
"sneer.bricks.hardware.cpu.profiler.impl",0,7,1.0,0.0,0.0
"sneer.bricks.hardware.cpu.threads.throttle.impl",0,3,1.0,0.0,0.0
"sneer.bricks.hardware.cpu.utils.consumers.parsers.integer.impl",0,3,1.0,0.0,0.0
"sneer.bricks.hardware.gui.actions",17,0,0.0,1.0,0.0
"sneer.bricks.hardware.gui.trayicon.impl",0,7,1.0,0.0,0.0
"sneer.bricks.hardware.io.impl",0,4,1.0,0.0,0.0
"sneer.bricks.hardware.io.log.filter",3,2,0.4,0.5,0.09999999999999998
"sneer.bricks.hardware.io.log.worker",3,0,0.0,1.0,0.0
"sneer.bricks.hardware.io.prevalence.map.impl",0,3,1.0,0.0,0.0
"sneer.bricks.hardware.io.prevalence.nature",14,1,0.06666666666666667,0.5,0.43333333333333335
"sneer.bricks.hardware.io.prevalence.nature.tests.fixtures",4,3,0.42857142857142855,1.0,0.4285714285714286
"sneer.bricks.hardware.ram.deepcopy.impl",0,2,1.0,0.0,0.0
"sneer.bricks.hardware.ram.graphs",3,0,0.0,1.0,0.0
"sneer.bricks.hardware.ram.graphs.impl",0,2,1.0,0.0,0.0
"sneer.bricks.hardware.ram.ref.immutable",8,0,0.0,1.0,0.0
"sneer.bricks.hardware.ram.ref.immutable.impl",0,1,1.0,0.0,0.0
"sneer.bricks.hardware.ram.reflection.visitation.impl",0,1,1.0,0.0,0.0
"sneer.bricks.identity.keys.own.tests",0,4,1.0,0.0,0.0
"sneer.bricks.identity.seals",110,3,0.02654867256637168,0.5,0.4734513274336283
"sneer.bricks.network.computers.addresses.contacts.impl",0,9,1.0,0.0,0.0
"sneer.bricks.network.computers.addresses.contacts.tcp.impl",0,12,1.0,0.0,0.0
"sneer.bricks.network.computers.addresses.keeper",12,4,0.25,1.0,0.25
"sneer.bricks.network.computers.channels",14,3,0.17647058823529413,1.0,0.17647058823529416
"sneer.bricks.network.computers.channels.guaranteed",3,1,0.25,1.0,0.25
"sneer.bricks.network.computers.channels.guaranteed.impl",0,4,1.0,0.0,0.0
"sneer.bricks.network.computers.channels.largepackets.impl",0,5,1.0,0.0,0.0
"sneer.bricks.network.computers.channels.largepackets",2,2,0.5,1.0,0.5
"sneer.bricks.network.computers.http.server",3,1,0.25,1.0,0.25
"sneer.bricks.network.computers.tcp.connections.originator.impl",0,13,1.0,0.0,0.0
"sneer.bricks.network.computers.tcp.connections",11,6,0.35294117647058826,0.5,0.1470588235294117
"sneer.bricks.network.computers.tcp.connections.tests",0,15,1.0,0.0,0.0
"sneer.bricks.network.computers.udp.connections",5,1,0.16666666666666666,0.5,0.33333333333333337
"sneer.bricks.network.computers.udp.holepuncher.protocol.impl",0,3,1.0,0.0,0.0
"sneer.bricks.network.computers.udp.holepuncher.server.impl",0,4,1.0,0.0,0.0
"sneer.bricks.network.computers.udp.holepuncher.server.listener.impl",0,8,1.0,0.5,0.5
"sneer.bricks.network.computers.udp.impl",0,1,1.0,0.0,0.0
"sneer.bricks.network.computers.udp.receiver.impl",0,7,1.0,0.0,0.0
"sneer.bricks.network.computers.udp.sightings",7,4,0.36363636363636365,0.5,0.13636363636363635
"sneer.bricks.network.social.attributes.gui",4,3,0.42857142857142855,1.0,0.4285714285714286
"sneer.bricks.network.social.attributes.impl",0,15,1.0,0.0,0.0
"sneer.bricks.network.social",91,5,0.052083333333333336,1.0,0.05208333333333326
"sneer.bricks.network.social.heartbeat",3,1,0.25,0.5,0.25
"sneer.bricks.network.social.impl",0,6,1.0,0.0,0.0
"sneer.bricks.pulp.blinkinglights.impl",0,11,1.0,0.0,0.0
"sneer.bricks.pulp.datastructures.cache",4,0,0.0,1.0,0.0
"sneer.bricks.pulp.datastructures.cache.impl",0,1,1.0,0.0,0.0
"sneer.bricks.pulp.datastructures.cache.tests",0,2,1.0,0.0,0.0
"sneer.bricks.pulp.dyndns.ownaccount",5,3,0.375,0.5,0.125
"sneer.bricks.pulp.inspector",0,0,0.0,1.0,0.0
"sneer.bricks.pulp.reactive.collections.listsorter.impl",0,7,1.0,0.0,0.0
"sneer.bricks.pulp.reactive.collections.setfilter.impl",0,6,1.0,0.0,0.0
"sneer.bricks.pulp.reactive.gates.buffers.assync.impl",0,6,1.0,0.0,0.0
"sneer.bricks.pulp.reactive.gates.logic.impl",0,6,1.0,0.0,0.0
"sneer.bricks.pulp.reactive.gates.logic.tests",0,4,1.0,0.0,0.0
"sneer.bricks.pulp.reactive.gates.numbers.impl",0,6,1.0,0.0,0.0
"sneer.bricks.pulp.reactive.gates.strings.impl",0,7,1.0,0.0,0.0
"sneer.bricks.pulp.reactive.signalchooser.impl",0,6,1.0,0.0,0.0
"sneer.bricks.pulp.reactive.tests",0,7,1.0,0.0,0.0
"sneer.bricks.pulp.retrier.impl",0,8,1.0,0.0,0.0
"sneer.bricks.pulp.streams.sequencer",5,1,0.16666666666666666,1.0,0.16666666666666674
"sneer.bricks.skin.image",10,1,0.09090909090909091,1.0,0.09090909090909083
"sneer.bricks.skin.main.dashboard",13,2,0.13333333333333333,1.0,0.1333333333333333
"sneer.bricks.skin.main.instrumentregistry",19,2,0.09523809523809523,1.0,0.09523809523809534
"sneer.bricks.skin.menu",10,3,0.23076923076923078,1.0,0.23076923076923084
"sneer.bricks.skin.widgets.autoscroll.impl",0,1,1.0,0.0,0.0
"sneer.bricks.snapps.chat",7,3,0.3,0.5,0.19999999999999996
"sneer.bricks.snapps.chat.gui.panels",9,3,0.25,1.0,0.25
"sneer.bricks.snapps.chat.impl",0,13,1.0,0.0,0.0
"sneer.bricks.snapps.contacts.actions",13,1,0.07142857142857142,1.0,0.0714285714285714
"sneer.bricks.snapps.contacts.gui.impl",0,19,1.0,0.0,0.0
"sneer.bricks.snapps.contacts.gui.info.impl",0,15,1.0,0.0,0.0
"sneer.bricks.snapps.diff.text.gui.impl",0,6,1.0,0.0,0.0
"sneer.bricks.snapps.diff.text.gui",2,0,0.0,1.0,0.0
"sneer.bricks.snapps.games.go.impl.sneerSpecifics",1,8,0.8888888888888888,0.0,0.11111111111111116
"sneer.bricks.snapps.games.go.tests.logic",0,5,1.0,0.0,0.0
"sneer.bricks.snapps.games.sliceWars.impl.gui",2,4,0.6666666666666666,0.0,0.33333333333333337
"sneer.bricks.snapps.gis.location.impl",0,4,1.0,0.0,0.0
"sneer.bricks.snapps.gis.location",5,1,0.16666666666666666,1.0,0.16666666666666674
"sneer.bricks.snapps.tasks.impl",1,1,0.5,0.0,0.5
"sneer.bricks.software.bricks.compiler",4,0,0.0,0.5,0.5
"sneer.bricks.software.bricks.compiler.impl",0,6,1.0,0.0,0.0
"sneer.bricks.software.bricks.finder.tests.fixtures.brick2",0,1,1.0,1.0,1.0
"sneer.bricks.software.bricks.interception.fixtures.combinedmethods",3,1,0.25,1.0,0.25
"sneer.bricks.software.bricks.repl.tests",0,2,1.0,0.0,0.0
"sneer.bricks.software.bricks.snapploader",3,1,0.25,0.5,0.25
"sneer.bricks.software.bricks.statestore.tests",0,2,1.0,0.0,0.0
"sneer.bricks.software.code.compilers.impl",0,2,1.0,0.0,0.0
"sneer.bricks.software.code.jar",4,0,0.0,1.0,0.0
"sneer.bricks.software.code.java.source.writer.impl",0,2,1.0,0.0,0.0
"sneer.bricks.software.code.java.source.writer",6,0,0.0,1.0,0.0
"sneer.bricks.software.code.metaclass",2,0,0.0,1.0,0.0
"sneer.bricks.softwaresharing.git.impl",0,1,1.0,0.0,0.0
"sneer.bricks.softwaresharing.publisher",2,2,0.5,0.5,0.0
"sneer.snapps.games.drones",1,2,0.6666666666666666,0.0,0.33333333333333337
"sneer.snapps.games.drones.units.impl",0,2,1.0,0.0,0.0
"sneer.tests.adapters.impl",1,47,0.9791666666666666,0.0,0.02083333333333337
"sneer.tests.adapters.impl.utils.network.udp.impl",1,3,0.75,0.0,0.25
"sneer.tests.freedom5",0,2,1.0,0.0,0.0
"sneer.tests.freedom7",0,5,1.0,0.0,0.0
"snype.whisper.gui.impl",0,21,1.0,0.0,0.0
"snype.whisper.skin.audio.mic.impl",0,10,1.0,0.0,0.0
"snype.whisper.skin.audio.speaker.impl",0,2,1.0,0.0,0.0
"snype.whisper.speextuples.impl",0,13,1.0,0.0,0.0
"snype.whisper.speextuples.tests",0,12,1.0,0.0,0.0
"basis.brickness.impl.tests.fixtures.a",3,1,0.25,1.0,0.25
"basis.brickness.impl.tests.fixtures.a.impl",0,2,1.0,0.0,0.0
"basis.brickness.impl.tests.fixtures.b",2,0,0.0,1.0,0.0
"basis.brickness.impl.tests.fixtures.b.impl",0,1,1.0,0.0,0.0
"basis.brickness.impl.tests.fixtures.nature.brick",1,1,0.5,1.0,0.5
"basis.brickness.impl.tests.fixtures.nature.brick.impl",0,1,1.0,0.0,0.0
"basis.brickness.impl.tests.fixtures.nature.provider",1,1,0.5,1.0,0.5
"basis.brickness.testsupport.tests.bar",5,0,0.0,1.0,0.0
"basis.brickness.testsupport.tests.bar.impl",0,1,1.0,0.0,0.0
"basis.brickness.testsupport.tests.foo",3,1,0.25,1.0,0.25
"basis.brickness.testsupport.tests.foo.impl",0,2,1.0,0.0,0.0
"basis.environments.tests",0,2,1.0,0.0,0.0
"basis.lang.arrays.tests",0,3,1.0,0.0,0.0
"basis.lang.tests",0,1,1.0,0.0,0.0
"basis.lang.types",5,0,0.0,0.0,1.0
"basis.languagesupport",2,0,0.0,0.0,1.0
"dfcsantos.music",6,4,0.4,1.0,0.3999999999999999
"dfcsantos.music.notification.playingtrack.impl",0,2,1.0,0.0,0.0
"dfcsantos.music.notification.playingtrack",4,1,0.2,1.0,0.19999999999999996
"dfcsantos.music.notification.playingtrack.server.impl",0,7,1.0,0.0,0.0
"dfcsantos.music.notification.playingtrack.server",2,0,0.0,1.0,0.0
"dfcsantos.music.notification.playingtrack.tests",0,7,1.0,0.0,0.0
"dfcsantos.music.store.impl",0,2,1.0,0.0,0.0
"dfcsantos.music.store",2,2,0.5,1.0,0.5
"dfcsantos.music.tests",0,13,1.0,0.0,0.0
"dfcsantos.music.ui.presenter.contactstatus",1,1,0.5,1.0,0.5
"dfcsantos.music.ui.presenter.contactstatus.impl",0,7,1.0,0.0,0.0
"dfcsantos.music.ui.presenter.menuitem.impl",0,4,1.0,0.0,0.0
"dfcsantos.music.ui.presenter.menuitem",1,1,0.5,1.0,0.5
"dfcsantos.music.ui.presenter",2,0,0.0,1.0,0.0
"dfcsantos.tracks.exchange.downloads.counter.impl",0,4,1.0,0.0,0.0
"dfcsantos.tracks.exchange.downloads.counter",4,1,0.2,1.0,0.19999999999999996
"dfcsantos.tracks.exchange.downloads.downloader.impl",0,23,1.0,0.0,0.0
"dfcsantos.tracks.exchange.downloads.downloader",3,3,0.5,1.0,0.5
"dfcsantos.tracks.exchange.endorsements.impl",0,15,1.0,0.0,0.0
"dfcsantos.tracks.exchange.endorsements.tests",0,11,1.0,0.0,0.0
"dfcsantos.tracks.exchange.impl",0,12,1.0,0.0,0.0
"dfcsantos.tracks.exchange",2,1,0.3333333333333333,1.0,0.33333333333333326
"dfcsantos.tracks.execution.playlist.tests",0,2,1.0,0.0,0.0
"dfcsantos.tracks.storage.folder.impl",0,4,1.0,0.0,0.0
"dfcsantos.tracks.storage.folder",10,2,0.16666666666666666,1.0,0.16666666666666674
"dfcsantos.tracks.storage.rejected.impl",0,2,1.0,0.0,0.0
"dfcsantos.tracks.storage.rejected",4,2,0.3333333333333333,1.0,0.33333333333333326
"dfcsantos.tracks.storage.rejected.tests",0,3,1.0,0.0,0.0
"dfcsantos.tracks.tastematching",3,2,0.4,1.0,0.3999999999999999
"dfcsantos.tracks.tastematching.tests",0,3,1.0,0.0,0.0
"sneer.bricks.expression.files.client.downloads.gui",2,2,0.5,1.0,0.5
"sneer.bricks.expression.files.client.downloads.old",2,1,0.3333333333333333,1.0,0.33333333333333326
"sneer.bricks.expression.files.client",8,3,0.2727272727272727,1.0,0.2727272727272727
"sneer.bricks.expression.files.client.impl",0,7,1.0,0.0,0.0
"sneer.bricks.expression.files.client.tests",0,12,1.0,0.0,0.0
"sneer.bricks.expression.files.hasher",5,2,0.2857142857142857,1.0,0.2857142857142856
"sneer.bricks.expression.files.hasher.impl",0,3,1.0,0.0,0.0
"sneer.bricks.expression.files.map",27,3,0.1,1.0,0.10000000000000009
"sneer.bricks.expression.files.map.tests",0,4,1.0,0.0,0.0
"sneer.bricks.expression.files.map.visitors.tests",0,4,1.0,0.0,0.0
"sneer.bricks.expression.files.server",5,0,0.0,1.0,0.0
"sneer.bricks.expression.files.server.impl",0,12,1.0,0.0,0.0
"sneer.bricks.expression.files.transfer.downloadfolder",4,1,0.2,1.0,0.19999999999999996
"sneer.bricks.expression.files.transfer.downloadfolder.impl",0,2,1.0,0.0,0.0
"sneer.bricks.expression.files.transfer.gui",1,0,0.0,1.0,0.0
"sneer.bricks.expression.files.transfer.gui.impl",0,13,1.0,0.0,0.0
"sneer.bricks.expression.files.transfer.impl",0,15,1.0,0.0,0.0
"sneer.bricks.expression.files.transfer.tests",0,13,1.0,0.0,0.0
"sneer.bricks.expression.files.writer.atomic",2,1,0.3333333333333333,1.0,0.33333333333333326
"sneer.bricks.expression.files.writer.atomic.impl",0,5,1.0,0.0,0.0
"sneer.bricks.expression.files.writer.folder",3,1,0.25,1.0,0.25
"sneer.bricks.expression.snoard.impl",0,11,1.0,0.0,0.0
"sneer.bricks.expression.tuples.dispatcher.impl",0,6,1.0,0.0,0.0
"sneer.bricks.expression.tuples.dispatcher",11,3,0.21428571428571427,1.0,0.2142857142857142
"sneer.bricks.expression.tuples.floodcache",4,1,0.2,1.0,0.19999999999999996
"sneer.bricks.expression.tuples.floodcache.impl",0,2,1.0,0.0,0.0
"sneer.bricks.expression.tuples.keeper.gctimer.impl",0,6,1.0,0.0,0.0
"sneer.bricks.expression.tuples.keeper.gctimer",1,0,0.0,1.0,0.0
"sneer.bricks.expression.tuples.keeper",4,2,0.3333333333333333,1.0,0.33333333333333326
"sneer.bricks.expression.tuples.kept.impl",0,2,1.0,0.0,0.0
"sneer.bricks.expression.tuples.kept",4,2,0.3333333333333333,1.0,0.33333333333333326
"sneer.bricks.expression.tuples.logger.impl",0,6,1.0,0.0,0.0
"sneer.bricks.expression.tuples.logger",2,0,0.0,1.0,0.0
"sneer.bricks.expression.tuples.remote.impl",0,5,1.0,0.0,0.0
"sneer.bricks.expression.tuples.remote",22,3,0.12,1.0,0.1200000000000001
"sneer.bricks.expression.tuples.remote.tests",0,7,1.0,0.0,0.0
"sneer.bricks.expression.tuples.testsupport",10,8,0.4444444444444444,1.0,0.4444444444444444
"sneer.bricks.hardware.clock",30,1,0.03225806451612903,1.0,0.032258064516129004
"sneer.bricks.hardware.clock.impl",0,3,1.0,0.0,0.0
"sneer.bricks.hardware.clock.ticker",4,0,0.0,1.0,0.0
"sneer.bricks.hardware.clock.ticker.custom",4,0,0.0,1.0,0.0
"sneer.bricks.hardware.clock.ticker.custom.impl",0,4,1.0,0.0,0.0
"sneer.bricks.hardware.clock.ticker.impl",0,2,1.0,0.0,0.0
"sneer.bricks.hardware.clock.ticker.tests",0,6,1.0,0.0,0.0
"sneer.bricks.hardware.clock.timer.impl",0,8,1.0,0.0,0.0
"sneer.bricks.hardware.clock.timer.tests",0,6,1.0,0.0,0.0
"sneer.bricks.hardware.clock.timer",35,1,0.027777777777777776,1.0,0.02777777777777768
"sneer.bricks.hardware.cpu.codec.impl",0,1,1.0,0.0,0.0
"sneer.bricks.hardware.cpu.crypto.ecb",4,1,0.2,1.0,0.19999999999999996
"sneer.bricks.hardware.cpu.crypto.ecb.impl",0,2,1.0,0.0,0.0
"sneer.bricks.hardware.cpu.crypto.ecb.tests",1,2,0.6666666666666666,0.0,0.33333333333333337
"sneer.bricks.hardware.cpu.crypto.ecdh",4,1,0.2,1.0,0.19999999999999996
"sneer.bricks.hardware.cpu.crypto.ecdh.impl",0,3,1.0,0.0,0.0
"sneer.bricks.hardware.cpu.crypto.ecdh.test",1,2,0.6666666666666666,0.0,0.33333333333333337
"sneer.bricks.hardware.cpu.crypto.tests",0,3,1.0,0.0,0.0
"sneer.bricks.hardware.cpu.lang.impl",0,1,1.0,0.0,0.0
"sneer.bricks.hardware.cpu.lang",21,0,0.0,1.0,0.0
"sneer.bricks.hardware.cpu.lang.tests",0,2,1.0,0.0,0.0
"sneer.bricks.hardware.cpu.profiler",1,0,0.0,1.0,0.0
"sneer.bricks.hardware.cpu.profiler.tests",0,1,1.0,0.0,0.0
"sneer.bricks.hardware.cpu.threads.mocks",1,6,0.8571428571428571,0.0,0.1428571428571429
"sneer.bricks.hardware.cpu.threads",53,3,0.05357142857142857,1.0,0.0535714285714286
"sneer.bricks.hardware.cpu.threads.throttle",7,1,0.125,1.0,0.125
"sneer.bricks.hardware.cpu.timebox",2,1,0.3333333333333333,1.0,0.33333333333333326
"sneer.bricks.hardware.cpu.utils.consumers.parsers.integer",2,1,0.3333333333333333,1.0,0.33333333333333326
"sneer.bricks.hardware.cpu.utils.consumers.validators.bounds.integer.impl",0,3,1.0,0.0,0.0
"sneer.bricks.hardware.cpu.utils.consumers.validators.bounds.integer",1,1,0.5,1.0,0.5
"sneer.bricks.hardware.gui.guithread",17,1,0.05555555555555555,1.0,0.05555555555555558
"sneer.bricks.hardware.gui.guithread.impl",0,3,1.0,0.0,0.0
"sneer.bricks.hardware.gui.images",8,0,0.0,1.0,0.0
"sneer.bricks.hardware.gui.images.impl",0,2,1.0,0.0,0.0
"sneer.bricks.hardware.gui.nature",19,3,0.13636363636363635,1.0,0.13636363636363624
"sneer.bricks.hardware.gui.nature.impl",0,5,1.0,0.0,0.0
"sneer.bricks.hardware.gui.nature.tests.fixtures.impl",0,2,1.0,0.0,0.0
"sneer.bricks.hardware.gui.nature.tests.fixtures",2,2,0.5,1.0,0.5
"sneer.bricks.hardware.gui.nature.tests",0,4,1.0,0.0,0.0
"sneer.bricks.hardware.gui.timebox.impl",0,5,1.0,0.0,0.0
"sneer.bricks.hardware.gui.timebox",4,0,0.0,1.0,0.0
"sneer.bricks.hardware.io.files.atomic.dotpart",7,0,0.0,1.0,0.0
"sneer.bricks.hardware.io.files.atomic.dotpart.impl",0,3,1.0,0.0,0.0
"sneer.bricks.hardware.io",41,1,0.023809523809523808,1.0,0.023809523809523725
"sneer.bricks.hardware.io.log.exceptions",12,0,0.0,1.0,0.0
"sneer.bricks.hardware.io.log.exceptions.impl",0,4,1.0,0.0,0.0
"sneer.bricks.hardware.io.log.exceptions.robust.impl",0,1,1.0,0.0,0.0
"sneer.bricks.hardware.io.log.exceptions.robust",3,0,0.0,1.0,0.0
"sneer.bricks.hardware.io.log.exceptions.uncaught.impl",0,4,1.0,0.0,0.0
"sneer.bricks.hardware.io.log.exceptions.uncaught",1,0,0.0,1.0,0.0
"sneer.bricks.hardware.io.log.filter.impl",0,2,1.0,0.0,0.0
"sneer.bricks.hardware.io.log.formatter.impl",0,2,1.0,0.0,0.0
"sneer.bricks.hardware.io.log.formatter",3,0,0.0,1.0,0.0
"sneer.bricks.hardware.io.log.formatter.tests",0,2,1.0,0.0,0.0
"sneer.bricks.hardware.io.log.impl",0,2,1.0,0.0,0.0
"sneer.bricks.hardware.io.log",63,0,0.0,1.0,0.0
"sneer.bricks.hardware.io.log.notifier.impl",0,5,1.0,0.0,0.0
"sneer.bricks.hardware.io.log.notifier",4,1,0.2,1.0,0.19999999999999996
"sneer.bricks.hardware.io.log.stacktrace.impl",0,2,1.0,0.0,0.0
"sneer.bricks.hardware.io.log.stacktrace",6,0,0.0,1.0,0.0
"sneer.bricks.hardware.io.log.stacktrace.tests",0,3,1.0,0.0,0.0
"sneer.bricks.hardware.io.log.worker.impl",0,1,1.0,0.0,0.0
"sneer.bricks.hardware.io.prevalence.flag.impl",0,1,1.0,0.0,0.0
"sneer.bricks.hardware.io.prevalence.flag",4,0,0.0,1.0,0.0
"sneer.bricks.hardware.io.prevalence.map",7,0,0.0,1.0,0.0
"sneer.bricks.hardware.io.prevalence.nature.tests.fixtures.brick2.impl",0,2,1.0,0.0,0.0
"sneer.bricks.hardware.io.prevalence.nature.tests.fixtures.brick2",4,1,0.2,1.0,0.19999999999999996
"sneer.bricks.hardware.io.prevalence.nature.tests.fixtures.impl",0,5,1.0,0.0,0.0
"sneer.bricks.hardware.io.prevalence.nature.tests",0,7,1.0,0.0,0.0
"sneer.bricks.hardware.io.tests",0,4,1.0,0.0,0.0
"sneer.bricks.hardware.ram.collections",12,1,0.07692307692307693,1.0,0.07692307692307687
"sneer.bricks.hardware.ram.collections.impl",0,2,1.0,0.0,0.0
"sneer.bricks.hardware.ram.deepcopy",1,0,0.0,1.0,0.0
"sneer.bricks.hardware.ram.graphs.tests",0,2,1.0,0.0,0.0
"sneer.bricks.hardware.ram.iterables.impl",0,2,1.0,0.0,0.0
"sneer.bricks.hardware.ram.iterables",2,1,0.3333333333333333,1.0,0.33333333333333326
"sneer.bricks.hardware.ram.meter.impl",0,5,1.0,0.0,0.0
"sneer.bricks.hardware.ram.meter",3,1,0.25,1.0,0.25
"sneer.bricks.hardware.ram.recycler.impl",0,5,1.0,0.0,0.0
"sneer.bricks.hardware.ram.recycler",1,0,0.0,1.0,0.0
"sneer.bricks.hardware.ram.ref.weak.keeper.impl",0,4,1.0,0.0,0.0
"sneer.bricks.hardware.ram.ref.weak.keeper",17,0,0.0,1.0,0.0
"sneer.bricks.hardware.ram.reflection.visitation.tests",0,2,1.0,0.0,0.0
"sneer.bricks.hardwaresharing.backup.impl",0,22,1.0,0.0,0.0
"sneer.bricks.hardwaresharing.backup.kernel.impl",0,5,1.0,0.0,0.0
"sneer.bricks.hardwaresharing.backup.kernel",2,5,0.7142857142857143,1.0,0.7142857142857144
"sneer.bricks.hardwaresharing.dataspace.buckets.tests",0,2,1.0,0.0,0.0
"sneer.bricks.identity.keys.gui.impl",1,2,0.6666666666666666,0.0,0.33333333333333337
"sneer.bricks.identity.keys.gui.impl.tests",0,1,1.0,0.0,0.0
"sneer.bricks.identity.keys.gui",2,0,0.0,1.0,0.0
"sneer.bricks.identity.keys.own.impl",0,3,1.0,0.0,0.0
"sneer.bricks.identity.keys.own",9,2,0.18181818181818182,1.0,0.18181818181818188
"sneer.bricks.identity.keys.signatures.impl",0,2,1.0,0.0,0.0
"sneer.bricks.identity.keys.signatures",1,0,0.0,1.0,0.0
"sneer.bricks.identity.name.impl",0,2,1.0,0.0,0.0
"sneer.bricks.identity.name",11,1,0.08333333333333333,1.0,0.08333333333333326
"sneer.bricks.identity.name.tests",0,3,1.0,0.0,0.0
"sneer.bricks.identity.seals.codec.impl",0,5,1.0,0.0,0.0
"sneer.bricks.identity.seals.codec",4,2,0.3333333333333333,1.0,0.33333333333333326
"sneer.bricks.identity.seals.contacts",40,5,0.1111111111111111,1.0,0.11111111111111116
"sneer.bricks.identity.seals.contacts.impl",0,12,1.0,0.0,0.0
"sneer.bricks.identity.seals.contacts.tests",0,5,1.0,0.0,0.0
"sneer.bricks.identity.seals.impl",0,6,1.0,0.0,0.0
"sneer.bricks.network.computers.addresses.contacts",3,2,0.4,1.0,0.3999999999999999
"sneer.bricks.network.computers.addresses.contacts.tcp",3,2,0.4,1.0,0.3999999999999999
"sneer.bricks.network.computers.addresses.contacts.tcp.tests",0,15,1.0,0.0,0.0
"sneer.bricks.network.computers.addresses.own.host.impl",0,2,1.0,0.0,0.0
"sneer.bricks.network.computers.addresses.own.host",2,1,0.3333333333333333,1.0,0.33333333333333326
"sneer.bricks.network.computers.addresses.own.ips.impl",0,5,1.0,0.0,0.0
"sneer.bricks.network.computers.addresses.own.ips",3,1,0.25,1.0,0.25
"sneer.bricks.network.computers.addresses.own.port.impl",0,2,1.0,0.0,0.0
"sneer.bricks.network.computers.addresses.own.port",12,1,0.07692307692307693,1.0,0.07692307692307687
"sneer.bricks.network.computers.addresses.own.port.tests",0,3,1.0,0.0,0.0
"sneer.bricks.network.computers.channels.guaranteed.splitter",3,1,0.25,1.0,0.25
"sneer.bricks.network.computers.channels.guaranteed.splitter.tests",0,5,1.0,0.0,0.0
"sneer.bricks.network.computers.connections.impl",0,11,1.0,0.0,0.0
"sneer.bricks.network.computers.http.gateway",3,1,0.25,1.0,0.25
"sneer.bricks.network.computers.http.gateway.impl",0,5,1.0,0.0,0.0
"sneer.bricks.network.computers.http.server.impl",0,5,1.0,0.0,0.0
"sneer.bricks.network.computers.http.server.tests",1,4,0.8,0.0,0.19999999999999996
"sneer.bricks.network.computers.tcp.accepter.impl",0,11,1.0,0.0,0.0
"sneer.bricks.network.computers.tcp.accepter",2,2,0.5,1.0,0.5
"sneer.bricks.network.computers.tcp.connections.originator",3,0,0.0,1.0,0.0
"sneer.bricks.network.computers.tcp.connections.originator.tests",0,12,1.0,0.0,0.0
"sneer.bricks.network.computers.tcp.connections.receiver.impl",0,6,1.0,0.0,0.0
"sneer.bricks.network.computers.tcp.connections.receiver",2,0,0.0,1.0,0.0
"sneer.bricks.network.computers.tcp.protocol",5,1,0.16666666666666666,1.0,0.16666666666666674
"sneer.bricks.network.computers.tcp.tests",1,4,0.8,0.0,0.19999999999999996
"sneer.bricks.network.computers.udp.holepuncher.client.impl",0,13,1.0,0.0,0.0
"sneer.bricks.network.computers.udp.holepuncher.client",5,1,0.16666666666666666,1.0,0.16666666666666674
"sneer.bricks.network.computers.udp.holepuncher.client.tests",0,15,1.0,0.0,0.0
"sneer.bricks.network.computers.udp.holepuncher.server.listener",4,0,0.0,1.0,0.0
"sneer.bricks.network.computers.udp.holepuncher.server",4,0,0.0,1.0,0.0
"sneer.bricks.network.computers.udp.holepuncher.server.tests",0,3,1.0,0.0,0.0
"sneer.bricks.network.computers.udp.receiver",4,2,0.3333333333333333,1.0,0.33333333333333326
"sneer.bricks.network.computers.udp.sender.impl",0,2,1.0,0.0,0.0
"sneer.bricks.network.computers.udp.sender",5,1,0.16666666666666666,1.0,0.16666666666666674
"sneer.bricks.network.computers.udp.server",3,0,0.0,1.0,0.0
"sneer.bricks.network.computers.udp.sightings.impl",0,9,1.0,0.0,0.0
"sneer.bricks.network.computers.udp.sightings.tests",0,8,1.0,0.0,0.0
"sneer.bricks.network.computers.udp.tests",1,5,0.8333333333333334,0.0,0.16666666666666663
"sneer.bricks.network.computers.udp",13,0,0.0,1.0,0.0
"sneer.bricks.network.computers.upnp.impl",0,9,1.0,0.0,0.0
"sneer.bricks.network.computers.upnp",1,0,0.0,1.0,0.0
"sneer.bricks.network.social.attributes.gui.window",1,1,0.5,1.0,0.5
"sneer.bricks.network.social.attributes.gui.window.impl",0,8,1.0,0.0,0.0
"sneer.bricks.network.social.attributes.tests",0,5,1.0,0.0,0.0
"sneer.bricks.network.social.heartbeat.impl",0,5,1.0,0.0,0.0
"sneer.bricks.network.social.heartbeat.stethoscope.impl",0,12,1.0,0.0,0.0
"sneer.bricks.network.social.heartbeat.stethoscope",2,2,0.5,1.0,0.5
"sneer.bricks.network.social.heartbeat.tests",0,5,1.0,0.0,0.0
"sneer.bricks.network.social.navigation.gui",1,1,0.5,1.0,0.5
"sneer.bricks.network.social.navigation.gui.impl",0,12,1.0,0.0,0.0
"sneer.bricks.network.social.navigation.impl",0,9,1.0,0.0,0.0
"sneer.bricks.network.social.navigation.impl.tests",0,6,1.0,0.0,0.0
"sneer.bricks.network.social.rendezvous.impl",0,12,1.0,0.0,0.0
"sneer.bricks.network.social.rendezvous",2,0,0.0,1.0,0.0
"sneer.bricks.network.social.ui.clipboardadder",1,0,0.0,1.0,0.0
"sneer.bricks.network.social.ui.clipboardadder.impl",0,10,1.0,0.0,0.0
"sneer.bricks.pulp.bandwidth",4,1,0.2,1.0,0.19999999999999996
"sneer.bricks.pulp.bandwidth.impl",0,6,1.0,0.0,0.0
"sneer.bricks.pulp.bandwidth.tests",0,4,1.0,0.0,0.0
"sneer.bricks.pulp.blinkinglights.tests",0,4,1.0,0.0,0.0
"sneer.bricks.pulp.datastore",2,0,0.0,1.0,0.0
"sneer.bricks.pulp.datastore.impl",0,2,1.0,0.0,0.0
"sneer.bricks.pulp.distribution.filtering.impl",0,3,1.0,0.0,0.0
"sneer.bricks.pulp.distribution.filtering",4,2,0.3333333333333333,1.0,0.33333333333333326
"sneer.bricks.pulp.dyndns.checkip",4,0,0.0,1.0,0.0
"sneer.bricks.pulp.dyndns.checkip.impl",0,3,1.0,0.0,0.0
"sneer.bricks.pulp.dyndns.checkip.tests",0,3,1.0,0.0,0.0
"sneer.bricks.pulp.dyndns.client",2,0,0.0,1.0,0.0
"sneer.bricks.pulp.dyndns.client.impl",0,12,1.0,1.0,1.0
"sneer.bricks.pulp.dyndns.client.tests",0,13,1.0,0.0,0.0
"sneer.bricks.pulp.dyndns.ownaccount.impl",0,4,1.0,0.0,0.0
"sneer.bricks.pulp.dyndns.ownaccount.tests",0,2,1.0,0.0,0.0
"sneer.bricks.pulp.dyndns.ownip.impl",0,10,1.0,0.0,0.0
"sneer.bricks.pulp.dyndns.ownip",4,1,0.2,1.0,0.19999999999999996
"sneer.bricks.pulp.dyndns.ownip.tests",0,8,1.0,0.0,0.0
"sneer.bricks.pulp.dyndns.updater.impl",0,5,1.0,0.0,0.0
"sneer.bricks.pulp.dyndns.updater.tests",0,5,1.0,0.0,0.0
"sneer.bricks.pulp.exceptionhandling",8,1,0.1111111111111111,1.0,0.11111111111111116
"sneer.bricks.pulp.exceptionhandling.impl",0,3,1.0,0.0,0.0
"sneer.bricks.pulp.httpclient",5,1,0.16666666666666666,1.0,0.16666666666666674
"sneer.bricks.pulp.httpclient.impl",0,3,1.0,0.0,0.0
"sneer.bricks.pulp.notifiers.pulsers.tests",0,4,1.0,0.0,0.0
"sneer.bricks.pulp.notifiers.receivers.impl",0,2,1.0,0.0,0.0
"sneer.bricks.pulp.notifiers.tests",0,6,1.0,0.0,0.0
"sneer.bricks.pulp.probe",3,0,0.0,1.0,0.0
"sneer.bricks.pulp.propertystore.impl",0,3,1.0,0.0,0.0
"sneer.bricks.pulp.propertystore.mocks",2,1,0.3333333333333333,0.0,0.6666666666666667
"sneer.bricks.pulp.propertystore",6,0,0.0,1.0,0.0
"sneer.bricks.pulp.propertystore.tests",0,5,1.0,0.0,0.0
"sneer.bricks.pulp.reactive.collections.listsorter",7,2,0.2222222222222222,1.0,0.22222222222222232
"sneer.bricks.pulp.reactive.collections.listsorter.tests",0,7,1.0,0.0,0.0
"sneer.bricks.pulp.reactive.collections.setfilter",3,3,0.5,1.0,0.5
"sneer.bricks.pulp.reactive.collections.setfilter.tests",0,5,1.0,0.0,0.0
"sneer.bricks.pulp.reactive.gates.buffers.assync",2,1,0.3333333333333333,1.0,0.33333333333333326
"sneer.bricks.pulp.reactive.gates.logic",4,1,0.2,1.0,0.19999999999999996
"sneer.bricks.pulp.reactive.gates.numbers",1,1,0.5,1.0,0.5
"sneer.bricks.pulp.reactive.gates.strings",3,1,0.25,1.0,0.25
"sneer.bricks.pulp.reactive.gates.strings.tests",0,3,1.0,0.0,0.0
"sneer.bricks.pulp.reactive.signalchooser.tests",0,5,1.0,0.0,0.0
"sneer.bricks.pulp.serialization.fixtures.brickwithlib",2,0,0.0,1.0,0.0
"sneer.bricks.pulp.serialization.fixtures.brickwithlib.impl",0,1,1.0,0.0,0.0
"sneer.bricks.pulp.serialization",10,0,0.0,1.0,0.0
"sneer.bricks.pulp.serialization.tests",0,3,1.0,0.0,0.0
"sneer.bricks.pulp.streams.sequencer.tests",0,3,1.0,0.0,0.0
"sneer.bricks.skin.filechooser",3,1,0.25,1.0,0.25
"sneer.bricks.skin.filechooser.impl",0,3,1.0,0.0,0.0
"sneer.bricks.skin.image.impl",0,3,1.0,0.0,0.0
"sneer.bricks.skin.imgselector",1,1,0.5,1.0,0.5
"sneer.bricks.skin.main.icons",8,1,0.1111111111111111,1.0,0.11111111111111116
"sneer.bricks.skin.main.icons.impl",0,2,1.0,0.0,0.0
"sneer.bricks.skin.main.instrumentregistry.impl",0,2,1.0,0.0,0.0
"sneer.bricks.skin.main.menu.exit",1,1,0.5,1.0,0.5
"sneer.bricks.skin.main.menu.exit.impl",0,3,1.0,0.0,0.0
"sneer.bricks.skin.main.menu.impl",0,2,1.0,0.0,0.0
"sneer.bricks.skin.main.menu",12,2,0.14285714285714285,1.0,0.1428571428571428
"sneer.bricks.skin.main.title.impl",0,5,1.0,0.0,0.0
"sneer.bricks.skin.main.title",4,1,0.2,1.0,0.19999999999999996
"sneer.bricks.skin.main.translucentsupport.impl",0,2,1.0,0.0,0.0
"sneer.bricks.skin.main.translucentsupport",2,0,0.0,1.0,0.0
"sneer.bricks.skin.popuptrigger.impl",0,2,1.0,0.0,0.0
"sneer.bricks.skin.popuptrigger",3,1,0.25,1.0,0.25
"sneer.bricks.skin.rooms",4,2,0.3333333333333333,1.0,0.33333333333333326
"sneer.bricks.skin.rooms.impl",0,3,1.0,0.0,0.0
"sneer.bricks.skin.widgets.autoscroll",3,1,0.25,1.0,0.25
"sneer.bricks.skin.widgets.clipboard",4,0,0.0,1.0,0.0
"sneer.bricks.skin.widgets.clipboard.impl",0,1,1.0,0.0,0.0
"sneer.bricks.skin.widgets.clipboard.tests",0,2,1.0,0.0,0.0
"sneer.bricks.skin.widgets.reactive.tests",0,5,1.0,0.0,0.0
"sneer.bricks.skin.windowboundssetter.impl",0,1,1.0,0.0,0.0
"sneer.bricks.skin.windowboundssetter",5,0,0.0,1.0,0.0
"sneer.bricks.snapps.contacts.actions.impl",0,1,1.0,0.0,0.0
"sneer.bricks.snapps.contacts.gui.comparator",3,1,0.25,1.0,0.25
"sneer.bricks.snapps.contacts.gui.comparator.impl",0,3,1.0,0.0,0.0
"sneer.bricks.snapps.contacts.gui.comparator.tests",0,9,1.0,0.0,0.0
"sneer.bricks.snapps.contacts.gui.delete",1,0,0.0,1.0,0.0
"sneer.bricks.snapps.contacts.gui.delete.impl",0,5,1.0,0.0,0.0
"sneer.bricks.snapps.contacts.gui.info",2,1,0.3333333333333333,1.0,0.33333333333333326
"sneer.bricks.snapps.games.go",1,0,0.0,1.0,0.0
"sneer.bricks.snapps.games.go.impl.gui.gameSetup",1,5,0.8333333333333334,0.0,0.16666666666666663
"sneer.bricks.snapps.games.go.impl.logging",5,0,0.0,0.0,1.0
"sneer.bricks.snapps.games.sliceWars",1,0,0.0,1.0,0.0
"sneer.bricks.snapps.games.sliceWars.test",0,3,1.0,0.0,0.0
"sneer.bricks.snapps.gis.map.gui.impl",0,9,1.0,0.0,0.0
"sneer.bricks.snapps.gis.map.gui",1,1,0.5,1.0,0.5
"sneer.bricks.snapps.gis.map.impl",0,4,1.0,0.0,0.0
"sneer.bricks.snapps.gis.map",2,2,0.5,1.0,0.5
"sneer.bricks.snapps.help",1,0,0.0,1.0,0.0
"sneer.bricks.snapps.help.impl",0,2,1.0,0.0,0.0
"sneer.bricks.snapps.owninfo.impl",0,15,1.0,0.0,0.0
"sneer.bricks.snapps.owninfo",1,1,0.5,1.0,0.5
"sneer.bricks.snapps.system.blinkinglights.gui",1,1,0.5,1.0,0.5
"sneer.bricks.snapps.system.blinkinglights.gui.impl",0,10,1.0,0.0,0.0
"sneer.bricks.snapps.system.log.file.impl",0,5,1.0,0.0,0.0
"sneer.bricks.snapps.system.log.file",2,0,0.0,1.0,0.0
"sneer.bricks.snapps.system.log.gui.impl",0,19,1.0,0.0,0.0
"sneer.bricks.snapps.system.log.gui",2,0,0.0,1.0,0.0
"sneer.bricks.snapps.system.log.sysout.impl",0,3,1.0,0.0,0.0
"sneer.bricks.snapps.system.log.sysout",3,0,0.0,1.0,0.0
"sneer.bricks.snapps.system.meter.bandwidth.gui",1,1,0.5,1.0,0.5
"sneer.bricks.snapps.system.meter.bandwidth.gui.impl",0,8,1.0,0.0,0.0
"sneer.bricks.snapps.system.meter.memory.gui.impl",0,9,1.0,0.0,0.0
"sneer.bricks.snapps.system.meter.memory.gui",1,1,0.5,1.0,0.5
"sneer.bricks.snapps.tasks.gui.impl",0,6,1.0,0.0,0.0
"sneer.bricks.snapps.tasks.gui",1,0,0.0,1.0,0.0
"sneer.bricks.snapps.web",2,0,0.0,1.0,0.0
"sneer.bricks.snapps.wind.gui.impl",0,8,1.0,0.0,0.0
"sneer.bricks.snapps.wind.gui",1,1,0.5,1.0,0.5
"sneer.bricks.snapps.wind.impl",0,9,1.0,0.0,0.0
"sneer.bricks.snapps.wind.tests",0,6,1.0,0.0,0.0
"sneer.bricks.snapps.wind",4,3,0.42857142857142855,1.0,0.4285714285714286
"sneer.bricks.software.bricks.compiler.tests",0,10,1.0,0.0,0.0
"sneer.bricks.software.bricks.compiler.tests.fixtures",1,0,0.0,0.0,1.0
"sneer.bricks.software.bricks.finder",3,0,0.0,1.0,0.0
"sneer.bricks.software.bricks.finder.impl",0,4,1.0,0.0,0.0
"sneer.bricks.software.bricks.finder.tests",0,5,1.0,0.0,0.0
"sneer.bricks.software.bricks.finder.tests.fixtures.brick1",0,0,0.0,1.0,0.0
"sneer.bricks.software.bricks.finder.tests.fixtures.nature",1,1,0.5,1.0,0.5
"sneer.bricks.software.bricks.finder.tests.fixtures.nonbrick",0,0,0.0,1.0,0.0
"sneer.bricks.software.bricks.interception.fixtures.brickwithlib",2,1,0.3333333333333333,1.0,0.33333333333333326
"sneer.bricks.software.bricks.interception.fixtures.brickwithlib.impl",0,1,1.0,0.0,0.0
"sneer.bricks.software.bricks.interception.fixtures.nature",8,2,0.2,1.0,0.19999999999999996
"sneer.bricks.software.bricks.interception.fixtures.primitivemethods.noargs.impl",0,1,1.0,0.0,0.0
"sneer.bricks.software.bricks.interception.fixtures.primitivemethods.noargs",2,1,0.3333333333333333,1.0,0.33333333333333326
"sneer.bricks.software.bricks.interception.fixtures.refmethods.noargs.impl",0,1,1.0,0.0,0.0
"sneer.bricks.software.bricks.interception.fixtures.refmethods.noargs",2,1,0.3333333333333333,1.0,0.33333333333333326
"sneer.bricks.software.bricks.interception.fixtures.staticinitializer.impl",0,1,1.0,0.0,0.0
"sneer.bricks.software.bricks.interception.fixtures.staticinitializer",2,1,0.3333333333333333,1.0,0.33333333333333326
"sneer.bricks.software.bricks.interception.fixtures.voidmethods.noargs.impl",0,1,1.0,0.0,0.0
"sneer.bricks.software.bricks.interception.fixtures.voidmethods.noargs",2,1,0.3333333333333333,1.0,0.33333333333333326
"sneer.bricks.software.bricks.interception.fixtures.voidmethods.onearg.impl",0,1,1.0,0.0,0.0
"sneer.bricks.software.bricks.interception.fixtures.voidmethods.onearg",2,1,0.3333333333333333,1.0,0.33333333333333326
"sneer.bricks.software.bricks.interception.tests",0,13,1.0,0.0,0.0
"sneer.bricks.software.bricks.repl.gui.impl",0,4,1.0,0.0,0.0
"sneer.bricks.software.bricks.repl.gui",1,1,0.5,1.0,0.5
"sneer.bricks.software.bricks.repl.gui.tests",0,1,1.0,0.0,0.0
"sneer.bricks.software.bricks.snapploader.impl",0,6,1.0,0.0,0.0
"sneer.bricks.software.bricks.statestore",5,0,0.0,1.0,0.0
"sneer.bricks.software.bricks.statestore.impl",0,4,1.0,0.0,0.0
"sneer.bricks.software.code.classutils",10,0,0.0,1.0,0.0
"sneer.bricks.software.code.classutils.impl",0,2,1.0,0.0,0.0
"sneer.bricks.software.code.compilers.java",6,1,0.14285714285714285,1.0,0.1428571428571428
"sneer.bricks.software.code.compilers.scala",1,1,0.5,1.0,0.5
"sneer.bricks.software.code.compilers.scala.tests",0,3,1.0,0.0,0.0
"sneer.bricks.software.code.compilers.tests",2,4,0.6666666666666666,1.0,0.6666666666666665
"sneer.bricks.software.code.jar.impl",0,2,1.0,0.0,0.0
"sneer.bricks.software.diff.impl",0,2,1.0,0.0,0.0
"sneer.bricks.software.diff.tests",0,2,1.0,0.0,0.0
"sneer.bricks.software.diff",3,0,0.0,1.0,0.0
"sneer.bricks.software.folderconfig",23,1,0.041666666666666664,1.0,0.04166666666666674
"sneer.bricks.software.folderconfig.impl",0,2,1.0,0.0,0.0
"sneer.bricks.software.folderconfig.testsupport",93,5,0.05102040816326531,1.0,0.05102040816326525
"sneer.bricks.softwaresharing.demolisher",3,4,0.5714285714285714,1.0,0.5714285714285714
"sneer.bricks.softwaresharing.demolisher.filestatus",3,1,0.25,1.0,0.25
"sneer.bricks.softwaresharing.demolisher.filestatus.impl",0,1,1.0,0.0,0.0
"sneer.bricks.softwaresharing.demolisher.filestatus.tests",0,3,1.0,0.0,0.0
"sneer.bricks.softwaresharing.demolisher.tests",0,9,1.0,0.0,0.0
"sneer.bricks.softwaresharing.demolisher.tests.fixtures.buildinga.brick1",1,0,0.0,1.0,0.0
"sneer.bricks.softwaresharing.demolisher.tests.fixtures.buildinga.brick1.impl",0,1,1.0,0.0,0.0
"sneer.bricks.softwaresharing.demolisher.tests.fixtures.buildingb.brick1",0,0,0.0,1.0,0.0
"sneer.bricks.softwaresharing.git",2,0,0.0,1.0,0.0
"sneer.bricks.softwaresharing.git.tests",1,4,0.8,0.0,0.19999999999999996
"sneer.bricks.softwaresharing.gui",1,0,0.0,1.0,0.0
"sneer.bricks.softwaresharing.impl",0,17,1.0,0.0,0.0
"sneer.bricks.softwaresharing.mapper.impl",0,6,1.0,0.0,0.0
"sneer.bricks.softwaresharing.mapper",2,0,0.0,1.0,0.0
"sneer.bricks.softwaresharing.publisher.impl",0,5,1.0,0.0,0.0
"sneer.bricks.softwaresharing.stager",4,0,0.0,1.0,0.0
"sneer.bricks.softwaresharing.stager.impl",0,11,1.0,0.0,0.0
"sneer.bricks.softwaresharing.stager.tests",1,16,0.9411764705882353,0.0,0.05882352941176472
"sneer.bricks.softwaresharing.tests",0,11,1.0,0.0,0.0
"sneer.main.stun",0,2,1.0,0.0,0.0
"sneer.main.tests",0,2,1.0,0.0,0.0
"sneer.snapps.games.drones.matches.impl",0,2,1.0,0.0,0.0
"sneer.snapps.games.drones.matches",3,1,0.25,1.0,0.25
"sneer.snapps.games.drones.matches.tests",0,3,1.0,0.0,0.0
"sneer.snapps.games.drones.ui",1,0,0.0,1.0,0.0
"sneer.snapps.games.drones.ui.impl",0,14,1.0,0.0,0.0
"sneer.snapps.games.drones.units.tests",0,2,1.0,0.0,0.0
"sneer.tests.adapters.impl.utils.network.tests",0,3,1.0,0.0,0.0
"sneer.tests.adapters.impl.utils.network.udp",2,1,0.3333333333333333,1.0,0.33333333333333326
"sneer.tests.adapters.impl.utils.network.udp.tests",0,3,1.0,0.0,0.0
"sneer.tests.freedom1",0,1,1.0,0.0,0.0
"sneer.tests.freedom2",0,1,1.0,0.0,0.0
"sneer.tests.freedom6",0,2,1.0,0.0,0.0
"sneer.tests.prevalence.fixtures.assertion.impl",0,2,1.0,0.0,0.0
"sneer.tests.prevalence.fixtures.assertion",2,0,0.0,1.0,0.0
"sneer.tests.prevalence.fixtures.setup.impl",0,3,1.0,0.0,0.0
"sneer.tests.prevalence.fixtures.setup",2,0,0.0,1.0,0.0
"sneer.tests.prevalence",0,3,1.0,0.0,0.0
"snype.whisper",0,0,0.0,0.0,1.0
"snype.whisper.skin.audio.impl",0,1,1.0,0.0,0.0
"snype.whisper.skin.audio.kernel",9,0,0.0,1.0,0.0
"snype.whisper.skin.audio.kernel.impl",0,2,1.0,0.0,0.0
"snype.whisper.skin.audio.loopback",2,0,0.0,1.0,0.0
"snype.whisper.skin.audio.mic",6,3,0.3333333333333333,1.0,0.33333333333333326
"snype.whisper.skin.audio.mic.tests",0,4,1.0,0.0,0.0
"snype.whisper.skin.audio.player.impl",0,8,1.0,0.0,0.0
"snype.whisper.skin.audio.player",1,0,0.0,1.0,0.0
"snype.whisper.skin.audio",1,0,0.0,1.0,0.0
"snype.whisper.skin.audio.speaker",3,1,0.25,1.0,0.25
"snype.whisper.skin.screenshotter.impl",0,4,1.0,0.0,0.0
"snype.whisper.skin.screenshotter",1,2,0.6666666666666666,1.0,0.6666666666666665
