"type","dep","i-dep","fan-in","fan-out"
"sneer.tests.adapters.impl.SneerPartyControllerImpl",55,47,0,56
"sneer.bricks.snapps.games.go.impl.gui.game.GoBoardPanel",31,13,2,20
"sneer.bricks.skin.main.dashboard.impl.DashboardPanel",48,10,1,23
"sneer.bricks.network.computers.udp.connections.tests.UdpConnectionManagerTest",52,29,0,33
"sneer.bricks.snapps.games.go.tests.logic.GoTest",5,3,0,5
"sneer.bricks.software.bricks.interception.impl.ClassEnhancer",13,3,1,11
"basis.testsupport.CleanTestBase",11,0,3,11
"sneer.bricks.snapps.games.go.impl.logic.GoBoard",5,0,5,1
"sneer.bricks.expression.files.client.downloads.impl.AbstractDownload",24,18,2,23
"sneer.bricks.expression.files.client.downloads.old.impl.AbstractDownloadOld",24,18,2,23
"sneer.bricks.skin.widgets.reactive.impl.RAbstractField",29,11,2,20
"sneer.bricks.software.bricks.interception.tests.InterceptionTest",27,18,0,20
"sneer.bricks.softwaresharing.gui.impl.BricksGuiImpl",40,15,0,23
"dfcsantos.music.tests.MusicFunctionalTest",27,17,0,21
"sneer.bricks.snapps.system.log.gui.impl.LogConsoleImpl",52,22,0,35
"sneer.bricks.expression.files.map.mapper.impl.MapperWorker",28,13,1,20
"sneer.bricks.hardware.io.impl.IOImpl",21,5,0,12
"dfcsantos.music.ui.presenter.impl.MusicPresenterImpl",23,20,0,24
"sneer.bricks.softwaresharing.stager.tests.BrickStagerTest",29,20,1,25
"sneer.bricks.snapps.owninfo.impl.OwnInfoImpl",43,20,0,30
"sneer.bricks.snapps.system.blinkinglights.gui.impl.BlinkingLightsGuiImpl",43,14,0,29
"sneer.bricks.expression.files.client.downloads.impl.FileDownload",29,16,1,19
"sneer.bricks.expression.files.client.downloads.old.impl.FileDownloadOld",29,16,2,19
"sneer.bricks.pulp.dyndns.client.impl.DynDnsClientImpl",21,18,0,25
"snype.whisper.audio.AudioCommon",14,3,0,9
"sneer.bricks.snapps.chat.gui.panels.impl.ChatPanelImpl",38,11,1,20
"sneer.bricks.hardwaresharing.backup.impl.SnackupImpl",39,33,0,38
"sneer.bricks.software.bricks.compiler.impl.Build",19,8,1,13
"sneer.bricks.pulp.reactive.collections.listsorter.tests.ListSorterTest",17,11,0,13
"sneer.bricks.skin.image.impl.ImageFactoryImpl",25,3,0,14
"sneer.bricks.expression.files.transfer.impl.FileTransferImpl",35,26,0,29
"sneer.bricks.software.bricks.compiler.tests.BuilderTest",23,17,0,20
"dfcsantos.music.impl.MusicImpl",17,15,0,17
"dfcsantos.tracks.exchange.downloads.downloader.impl.TrackDownloaderImpl",33,27,0,29
"basis.brickness.testsupport.BrickTestRunner",22,11,2,22
"sneer.bricks.snapps.games.sliceWars.impl.logic.BoardImpl",7,0,2,3
"sneer.bricks.snapps.games.go.impl.gui.game.painters.PiecePainter",10,0,1,2
"sneer.bricks.snapps.diff.text.gui.impl.TextDiffPanelsImpl",27,6,0,18
"sneer.main.SneerVersionUpdater",13,0,2,3
"sneer.bricks.hardware.io.prevalence.nature.tests.PrevalentNatureTest",11,8,0,11
"dfcsantos.music.ui.view.impl.FolderSelectionPanel",21,5,1,14
"sneer.bricks.hardware.clock.timer.impl.TimerImpl",14,11,0,18
"sneer.bricks.network.computers.udp.connections.impl.Guardian",23,12,1,14
"sneer.bricks.softwaresharing.gui.impl.FakeModel",17,12,0,16
"sneer.tests.adapters.SneerCommunity",24,15,1,22
"sneer.tests.freedom7.Freedom7Test",12,6,0,11
"sneer.bricks.expression.snoard.impl.SnoardImpl",25,14,0,18
"sneer.bricks.snapps.chat.gui.panels.impl.MessageListCellRenderer",21,3,0,7
"sneer.bricks.pulp.reactive.collections.impl.ListRegisterImpl",12,8,1,14
"sneer.bricks.skin.main.dashboard.impl.DashboardImpl",30,16,0,24
"snype.whisper.speextuples.tests.SpeexTuplesTest",24,19,0,22
"sneer.snapps.games.drones.ui.impl.DronesUIImpl",29,17,0,23
"sneer.bricks.network.computers.upnp.impl.UpnpImpl",18,10,0,15
"sneer.bricks.pulp.reactive.collections.impl.SetRegisterImpl",19,12,2,17
"sneer.bricks.softwaresharing.demolisher.tests.DemolisherTest",21,14,0,18
"sneer.bricks.pulp.dyndns.client.tests.DynDnsClientTest",25,20,0,22
"sneer.bricks.snapps.games.sliceWars.test.logic.BoardTest",9,4,0,4
"sneer.bricks.software.diff.tests.TextComparatorTest",12,2,0,5
"sneer.bricks.network.computers.udp.holepuncher.client.tests.StunClientTest",33,23,0,25
"sneer.bricks.softwaresharing.demolisher.impl.BrickVersionImpl",22,16,1,22
"sneer.bricks.softwaresharing.stager.impl.BrickStagerImpl",20,14,0,17
"sneer.bricks.pulp.blinkinglights.impl.BlinkingLightsImpl",20,12,0,14
"sneer.bricks.snapps.games.go.impl.GoMainImpl",30,26,0,28
"sneer.bricks.snapps.contacts.gui.impl.ContactsGuiImpl",30,21,0,25
"sneer.bricks.snapps.contacts.gui.info.impl.ContactInfoWindowImpl",29,16,0,20
"sneer.bricks.softwaresharing.impl.BrickSpaceImpl",32,25,0,30
"sneer.bricks.network.social.navigation.gui.impl.ContactNavigationWindowImpl",29,19,0,24
"sneer.bricks.snapps.gis.map.gui.impl.MapGuiImpl",24,11,0,17
"sneer.bricks.pulp.reactive.collections.impl.MapRegisterImpl",21,14,1,22
"sneer.bricks.snapps.games.sliceWars.test.logic.gameStates.AttackPhaseTest",8,3,0,3
"sneer.bricks.hardware.cpu.crypto.impl.CryptoImpl",27,7,0,9
"sneer.bricks.network.computers.udp.holepuncher.client.impl.StunClientImpl",28,18,0,23
"sneer.bricks.snapps.games.go.impl.gui.game.GameMenu",9,0,1,4
"dfcsantos.music.ui.view.impl.PlayerControlsPanel",16,3,1,8
"sneer.bricks.softwaresharing.demolisher.impl.BrickHistoryImpl",19,13,1,16
"snype.whisper.speextuples.impl.SpeexTuples2Impl",26,19,0,21
"sneer.bricks.network.computers.tcp.accepter.impl.SocketAccepterImpl",21,18,0,21
"sneer.bricks.snapps.games.go.impl.gui.game.GuiPlayer",16,7,2,12
"sneer.bricks.expression.files.server.impl.FileServerImpl",23,17,0,21
"sneer.bricks.hardware.cpu.lang.impl.LangImpl",14,1,0,6
"sneer.bricks.expression.files.map.impl.NormalizedFileMap",11,6,1,9
"sneer.bricks.pulp.reactive.signalchooser.tests.ListOfSignalsReceiverTest",15,12,0,18
"snype.whisper.gui.impl.SnypeGUIImpl",22,19,0,21
"sneer.bricks.skin.imgselector.impl.Keyhole",16,1,1,5
"sneer.bricks.hardware.io.log.tests.BrickTestWithLogger",15,3,1,13
"dfcsantos.music.impl.TrackSourceStrategy",18,13,2,14
"dfcsantos.music.ui.view.impl.MusicViewDemo",26,18,0,23
"sneer.bricks.snapps.games.go.impl.gui.game.painters.StonePainter",3,0,1,2
"sneer.bricks.expression.files.map.impl.FileMapData",5,1,1,5
"basis.lang.Immutable",7,1,5,9
"sneer.bricks.hardware.cpu.crypto.tests.CryptoTest",17,6,0,10
"sneer.bricks.snapps.games.sliceWars.impl.gui.GamePanel",22,13,1,17
"sneer.bricks.skin.widgets.reactive.impl.RListImpl",19,9,1,15
"sneer.bricks.hardware.io.impl.FolderCopierToWorkaroundCommonsIoBug",9,0,0,2
"sneer.bricks.hardware.gui.trayicon.impl.TrayIconImpl",22,9,1,14
"snype.whisper.speextuples.impl.SpeexTuplesImpl",25,21,0,23
"sneer.bricks.skin.imgselector.impl.ImageDialog",16,2,1,7
"sneer.bricks.snapps.games.sliceWars.impl.logic.gameStates.Attack",6,5,7,7
"sneer.bricks.software.code.compilers.tests.LanguageCompilerTestBase",15,8,2,13
"sneer.bricks.hardware.cpu.timebox.impl.TimeboxRunner",7,4,1,9
"sneer.bricks.hardware.clock.timer.tests.TimerTest",12,7,0,12
"sneer.bricks.expression.files.tests.FileCopyTestBase",16,11,2,16
"snype.whisper.skin.audio.mic.impl.MicImpl",16,15,0,18
"sneer.bricks.expression.files.map.tests.FileMapTest",8,6,0,8
"sneer.bricks.snapps.diff.text.gui.impl.TextBlockPainter",11,1,1,5
"sneer.bricks.hardware.io.prevalence.nature.tests.fixtures.impl.SomePrevalentBrickImpl",13,8,0,12
"sneer.bricks.network.computers.addresses.own.ips.impl.OwnIpsImpl",23,10,0,18
"sneer.bricks.snapps.games.sliceWars.impl.logic.HexagonBoardFactory",2,0,1,1
"snype.whisper.skin.audio.player.impl.SoundPlayerImpl",20,8,0,13
"sneer.bricks.snapps.games.sliceWars.impl.logic.gameStates.GameStateContextImpl",7,4,2,6
"sneer.bricks.expression.files.client.downloads.impl.FolderDownload",21,14,1,17
"sneer.bricks.expression.files.client.downloads.old.impl.FolderDownloadOld",21,14,2,17
"sneer.bricks.expression.files.map.mapper.tests.FileMapperTest",16,11,0,14
"sneer.bricks.expression.tuples.impl.TupleSpaceImpl",17,13,0,15
"sneer.bricks.skin.widgets.reactive.impl.ReactiveWidgetFactoryImpl",24,14,0,17
"sneer.bricks.network.computers.udp.holepuncher.server.tests.StunServerTest",15,5,0,9
"sneer.bricks.hardware.cpu.threads.mocks.ThreadsMock",13,7,1,14
"sneer.bricks.pulp.dyndns.updater.tests.UpdaterTest",16,11,0,13
"sneer.bricks.skin.widgets.reactive.impl.RImageImpl",15,7,1,11
"sneer.bricks.network.computers.tcp.connections.impl.ByteConnectionImpl",12,9,1,12
"sneer.bricks.software.bricks.repl.gui.impl.ReplWindowImpl",17,6,0,16
"sneer.bricks.network.computers.udp.connections.impl.ConnectionMonitor",23,14,1,16
"sneer.bricks.network.computers.udp.connections.impl.UdpConnectionManagerImpl",20,12,0,16
"sneer.bricks.pulp.reactive.collections.setfilter.tests.SetFilterTest",12,10,0,12
"sneer.bricks.network.social.heartbeat.stethoscope.impl.StethoscopeImpl",18,16,0,20
"sneer.bricks.hardware.io.prevalence.map.impl.PrevalenceMapImpl",7,3,0,10
"sneer.bricks.softwaresharing.demolisher.impl.Demolition",17,11,1,16
"sneer.bricks.snapps.games.sliceWars.test.logic.CellAttackTest",8,5,0,6
"sneer.bricks.pulp.reactive.tests.SignalsTest",9,7,0,11
"dfcsantos.tracks.exchange.impl.TrackExchangeImpl",20,16,0,18
"snype.whisper.gui.impl.WhisperGuiImpl",19,11,0,15
"sneer.bricks.identity.seals.contacts.impl.ContactSealsImpl",19,18,0,21
"sneer.bricks.network.social.attributes.impl.AttributeSubscriber",19,16,2,21
"sneer.bricks.expression.files.transfer.tests.FileTransferTest",27,18,0,20
"sneer.bricks.snapps.tasks.gui.impl.TaskWindowImpl",19,8,0,14
"dfcsantos.tracks.exchange.endorsements.impl.TrackEndorserImpl",21,18,0,21
"sneer.bricks.pulp.dyndns.ownip.impl.OwnIpDiscovererImpl",16,13,0,16
"sneer.bricks.hardware.ram.reflection.visitation.impl.ReflectionGuideImpl",9,2,0,7
"basis.brickness.impl.ClassLoaderForBricks",10,2,2,7
"sneer.bricks.skin.main.translucentsupport.impl.TranslucentSupportImpl",9,3,0,7
"sneer.bricks.skin.widgets.reactive.impl.REditableLabelImpl",15,3,1,6
"sneer.bricks.hardware.cpu.threads.impl.ThreadsImpl",8,7,0,14
"sneer.bricks.skin.widgets.reactive.tests.ListSignalModelTest",14,8,0,11
"sneer.bricks.snapps.chat.gui.panels.impl.ChatPanelDemo",20,13,0,19
"sneer.bricks.hardware.ram.graphs.tests.GraphsTest",9,3,0,5
"sneer.bricks.hardware.io.prevalence.nature.impl.PrevaylerHolder",12,7,0,8
"sneer.bricks.network.computers.udp.holepuncher.server.impl.StunServerImpl",15,6,0,13
"sneer.bricks.skin.menu.impl.AbstractMenuGroup",14,4,3,10
"sneer.bricks.expression.tuples.impl.Subscription",10,7,1,9
"basis.lang.CacheMap",3,0,27,6
"sneer.bricks.network.computers.udp.holepuncher.protocol.impl.StunProtocolImpl",13,5,0,12
"sneer.bricks.snapps.chat.gui.panels.impl.MessagePainter",13,3,1,7
"sneer.bricks.snapps.chat.impl.ChatImpl",17,16,0,18
"sneer.tests.adapters.impl.utils.network.udp.impl.InProcessUdpSocket",10,2,1,7
"sneer.bricks.skin.windowboundssetter.impl.WindowBoundsSetterImpl",11,1,0,6
"sneer.bricks.pulp.notifiers.impl.NotifierImpl",13,8,1,12
"sneer.snapps.games.drones.units.impl.UnitImpl",7,2,1,4
"sneer.bricks.skin.widgets.reactive.impl.RCheckBoxImpl",13,6,2,12
"sneer.main.SneerSessionBase",24,11,2,15
"sneer.bricks.softwaresharing.gui.impl.BrickHistoryTreeNode",10,3,1,6
"sneer.bricks.softwaresharing.tests.LocalBrickDiscoveryTest",23,16,0,19
"sneer.bricks.expression.files.transfer.gui.impl.FileTransferGuiImpl",21,16,0,18
"basis.brickness.impl.BricknessImpl",10,8,3,15
"sneer.bricks.hardware.io.prevalence.nature.impl.Bubble",15,8,1,12
"sneer.bricks.software.diff.impl.TextComparatorImpl",9,2,0,7
"sneer.bricks.snapps.games.go.impl.logic.Intersection",2,0,2,2
"sneer.bricks.network.computers.udp.connections.impl.UdpByteConnection",20,10,1,13
"sneer.bricks.pulp.probe.impl.ProbeManagerImpl",20,15,0,18
"sneer.bricks.pulp.streams.sequencer.tests.SequencerTest",10,4,0,7
"sneer.bricks.expression.files.tests.RemoteCopyTest",19,15,0,17
"sneer.bricks.pulp.probe.tests.ProbeManagerTest",24,17,0,20
"sneer.bricks.skin.imgselector.impl.ImageSelectorImpl",11,2,0,7
"sneer.bricks.expression.tuples.testsupport.BrickTestWithTuples",16,14,10,16
"sneer.bricks.hardware.ram.graphs.impl.DirectedGraphImpl",8,3,1,9
"sneer.bricks.softwaresharing.gui.impl.BrickVersionTreeNode",13,3,1,8
"sneer.bricks.snapps.system.meter.memory.gui.impl.MemoryMeterGuiImpl",21,12,0,18
"sneer.bricks.snapps.games.go.impl.gui.gameSetup.GoSetupInvitation",17,5,1,12
"sneer.bricks.network.computers.udp.connections.tests.LoggingSender",19,10,1,14
"sneer.bricks.network.computers.addresses.contacts.tcp.tests.ContactInternetAddressesTest",24,19,0,21
"sneer.bricks.pulp.serialization.impl.SerializerImpl",9,1,0,7
"dfcsantos.music.impl.DJ",12,11,1,14
"sneer.bricks.expression.files.client.impl.FileClientImpl",14,9,0,11
"sneer.bricks.snapps.chat.impl.ChatFrame",16,13,1,20
"sneer.bricks.expression.tuples.keeper.impl.TupleKeeperImpl",12,9,0,11
"sneer.bricks.software.code.compilers.java.impl.JavaCompilerImpl",19,9,0,14
"sneer.bricks.network.social.impl.ContactsImpl",9,8,0,11
"sneer.bricks.snapps.games.sliceWars.test.logic.gameStates.DistributeDiePhaseTest",6,3,0,3
"sneer.bricks.network.computers.tcp.connections.originator.impl.OutgoingAttempt",16,13,1,15
"sneer.bricks.network.computers.tcp.connections.tests.IncomingSocketOriginDetectionTest",24,19,0,22
"sneer.bricks.pulp.propertystore.impl.PropertyStoreImpl",12,3,0,5
"sneer.bricks.snapps.contacts.gui.comparator.tests.ContactComparatorTest",17,13,0,16
"sneer.bricks.software.folderconfig.impl.FolderConfigImpl",6,3,0,6
"sneer.bricks.network.social.attributes.impl.AttributesImpl",20,19,0,22
"sneer.bricks.network.computers.addresses.keeper.impl.InternetAddressKeeperImpl",9,8,0,10
"sneer.bricks.pulp.reactive.collections.listsorter.impl.ReactiveSorter",15,11,1,14
"sneer.bricks.pulp.streams.sequencer.impl.SequencerImpl",6,2,1,5
"sneer.bricks.pulp.probe.impl.ProbeImpl",10,9,1,11
"sneer.bricks.hardware.cpu.profiler.impl.Sampler",11,4,1,10
"sneer.bricks.hardware.io.IO",9,1,41,1
"basis.brickness.impl.BrickImplLoader",11,6,1,10
"sneer.tests.adapters.impl.utils.network.InProcessByteArraySocket",4,1,2,6
"sneer.bricks.skin.widgets.reactive.impl.RLabelImpl",11,5,2,9
"dfcsantos.tracks.execution.player.impl.TrackContractImpl",13,8,1,11
"sneer.bricks.snapps.games.go.tests.logic.RunGoWithoutSneer",9,5,1,10
"sneer.bricks.network.computers.tcp.connections.tests.IncomingSocketTieBreakTest",19,14,0,17
"basis.lang.arrays.ImmutableArray",4,0,10,4
"sneer.bricks.hardwaresharing.backup.kernel.impl.SnackupKernelImpl",6,6,0,7
"dfcsantos.music.ui.view.impl.SmileyPanel",12,4,1,9
"sneer.bricks.hardwaresharing.dataspace.buckets.impl.BucketImpl",10,4,1,6
"sneer.bricks.pulp.datastructures.cache.tests.CacheTest",5,3,0,5
"sneer.bricks.software.bricks.statestore.impl.BrickStateStoreImpl",14,5,0,8
"sneer.bricks.snapps.games.sliceWars.impl.logic.gameStates.DiceDistribution",5,4,5,5
"sneer.bricks.network.computers.tcp.connections.impl.IncomingHandShaker",16,13,0,14
"sneer.bricks.expression.tuples.tests.TupleKeepingTest",13,10,0,12
"sneer.bricks.software.bricks.finder.impl.BrickFinderImpl",17,7,0,14
"sneer.bricks.hardware.cpu.profiler.impl.ProfilerImpl",15,6,0,11
"sneer.bricks.snapps.contacts.gui.delete.impl.DeleteContactWindowImpl",15,7,0,13
"basis.lang.Pair",1,0,9,1
"sneer.bricks.network.computers.udp.tests.UdpNetworkTest",13,5,1,10
"snype.whisper.skin.audio.kernel.impl.AudioImpl",10,3,0,7
"basis.brickness.impl.ClassLoaderForBrickLibs",8,1,1,6
"sneer.bricks.pulp.reactive.signalchooser.impl.SignalChooserReceiver",12,9,1,12
"sneer.bricks.software.bricks.snapploader.impl.SnappLoaderImpl",12,6,0,12
"sneer.bricks.network.computers.http.server.impl.HttpServerImpl",18,9,0,12
"sneer.bricks.software.code.jar.impl.JarsImpl",13,3,0,9
"sneer.bricks.pulp.reactive.collections.tests.SetRegisterTest",14,8,0,11
"dfcsantos.tracks.execution.player.impl.PausableInputStream",7,3,1,6
"sneer.bricks.network.computers.channels.guaranteed.splitter.tests.PacketSplitterTest",12,7,0,11
"sneer.bricks.snapps.system.meter.bandwidth.gui.impl.BandwidthMeterGuiImpl",14,10,0,14
"sneer.tests.freedom2.Freedom2Test",4,2,0,3
"sneer.bricks.expression.files.map.impl.FileMapImpl",8,5,0,8
"snype.whisper.skin.audio.mic.impl.MicLine",7,3,0,5
"sneer.bricks.expression.tuples.testsupport.pump.impl.TuplePumpImpl",15,10,1,12
"sneer.bricks.network.social.rendezvous.impl.RendezvousImpl",16,14,0,16
"sneer.bricks.expression.files.map.visitors.impl.GuidedTour",9,6,1,8
"sneer.bricks.network.social.attributes.gui.window.impl.AttributesWindowImpl",17,14,0,20
"sneer.bricks.network.social.attributes.tests.AttributesTest",10,8,0,11
"sneer.bricks.pulp.dyndns.updater.impl.UpdaterImpl",13,11,0,14
"sneer.bricks.snapps.games.sliceWars.test.logic.gameStates.BoardCellMock",6,5,11,7
"basis.lang.arrays.ImmutableByteArray",1,0,24,5
"sneer.bricks.hardware.cpu.threads.impl.Counter",8,3,0,7
"sneer.bricks.snapps.games.sliceWars.impl.SliceWarsMainImpl",18,16,0,18
"sneer.bricks.snapps.games.sliceWars.impl.logic.gameStates.FirstDiceDistribution",4,3,2,4
"sneer.bricks.expression.tuples.tests.TupleSpaceTest",11,8,0,10
"sneer.bricks.softwaresharing.git.tests.GitTest",9,4,1,7
"sneer.bricks.identity.keys.gui.impl.PublicKeyInitDialogImpl",6,2,1,6
"snype.whisper.audio.SpeexMicrophone",7,1,1,7
"sneer.bricks.software.bricks.repl.tests.ReplConsoleTest",7,4,0,7
"sneer.bricks.snapps.games.sliceWars.test.logic.gameStates.GameStateContextMock",10,8,8,9
"sneer.bricks.network.computers.tcp.connections.impl.TieBreaker",9,6,0,7
"sneer.bricks.expression.tuples.dispatcher.impl.TupleDispatcherImpl",11,8,0,13
"sneer.bricks.expression.files.map.impl.FolderContentsGetter",12,5,1,8
"sneer.bricks.skin.widgets.reactive.impl.RTextPaneImpl",9,2,1,7
"sneer.bricks.hardware.io.files.atomic.dotpart.impl.DotPartsImpl",9,3,0,5
"sneer.bricks.pulp.reactive.collections.setfilter.impl.Filter",12,9,2,10
"sneer.bricks.pulp.probe.impl.PacketProducer",10,5,1,8
"sneer.bricks.network.computers.tcp.connections.originator.tests.SocketOriginatorTest",21,15,0,17
"sneer.snapps.games.drones.matches.tests.MatchTest",8,3,0,4
"sneer.bricks.pulp.dyndns.ownip.tests.OwnIpDiscovererTest",16,8,0,10
"sneer.bricks.skin.widgets.reactive.impl.ListSignalModel",9,7,2,10
"basis.environments.tests.EnvironmentsTest",7,4,0,9
"dfcsantos.music.impl.PeerTracks",14,10,1,12
"dfcsantos.tracks.execution.playlist.impl.AbstractPlaylist",9,3,2,8
"sneer.bricks.network.computers.tcp.impl.ByteArraySocketImpl",9,3,2,6
"sneer.bricks.network.computers.channels.impl.PriorityQueue",4,1,0,5
"sneer.bricks.network.computers.udp.receiver.impl.ReceiverThread",13,8,1,10
"sneer.bricks.software.code.compilers.java.tests.JarUtils",9,2,2,5
"sneer.bricks.snapps.games.sliceWars.impl.gui.drawers.CellDrawer",9,3,1,7
"sneer.bricks.pulp.reactive.gates.strings.tests.StringGatesTest",7,5,0,6
"sneer.tests.adapters.impl.SneerPartyApiClassLoaderImpl",9,8,1,13
"basis.testsupport.AssertUtils",6,1,9,5
"sneer.bricks.hardware.io.tests.IOTest",11,4,0,7
"basis.brickness.impl.BrickSerializationMapperImpl",3,2,1,7
"sneer.bricks.snapps.web.impl.WebImpl",13,10,0,16
"sneer.bricks.snapps.games.sliceWars.impl.logic.BoardCellImpl",1,0,3,2
"sneer.bricks.hardware.gui.nature.tests.GUINatureTest",10,5,0,9
"sneer.bricks.snapps.games.go.impl.gui.game.painters.HoverStonePainter",4,1,1,2
"sneer.bricks.expression.files.map.visitors.tests.FileMapGuideTest",11,6,0,9
"sneer.bricks.expression.tuples.tests.TuplePersistenceTest",13,10,0,12
"sneer.bricks.hardwaresharing.dataspace.buckets.tests.BucketTest",7,4,0,6
"sneer.bricks.network.computers.addresses.contacts.tcp.impl.InternetAddressImpl",7,6,1,9
"sneer.bricks.network.computers.tcp.connections.impl.SocketHolder",8,6,1,8
"sneer.bricks.pulp.reactive.impl.SignalUtilsImpl",8,8,0,12
"dfcsantos.tracks.execution.player.impl.GainJavaSoundAudioDevice",7,1,1,8
"sneer.bricks.snapps.games.go.impl.sneerSpecifics.RemotePlayerOnSneer",10,7,1,9
"sneer.bricks.snapps.games.sliceWars.test.logic.gameStates.FillAllCellPhaseTest",11,5,0,5
"sneer.bricks.expression.files.writer.folder.impl.FileWritingVisitor",8,3,1,7
"sneer.bricks.network.computers.udp.sightings.impl.SightingKeeperImpl",16,14,0,16
"basis.languagesupport.JarFinder",7,0,2,6
"sneer.bricks.pulp.notifiers.tests.EventNotifiersTest",11,9,0,12
"sneer.bricks.pulp.retrier.impl.RetrierImpl",12,10,1,12
"sneer.bricks.snapps.games.go.impl.logic.IntersectionUtils",2,0,0,3
"sneer.bricks.snapps.wind.tests.WindTest",8,6,0,8
"sneer.bricks.hardware.gui.guithread.impl.GuiThreadImpl",8,4,0,8
"sneer.bricks.hardware.gui.timebox.impl.TimeboxedEventQueueImpl",13,7,1,10
"sneer.bricks.pulp.reactive.impl.RegisterImpl",4,3,3,8
"sneer.bricks.pulp.blinkinglights.tests.BlinkingLightsTest",9,6,0,8
"dfcsantos.tracks.exchange.endorsements.tests.TrackEndorserTest",20,14,0,16
"dfcsantos.tracks.execution.playlist.tests.PlaylistTest",10,3,0,5
"sneer.main.tests.StagedCodeInstallationTest",5,2,0,4
"sneer.bricks.snapps.contacts.actions.impl.ContactActionManagerImpl",6,2,0,3
"sneer.bricks.network.computers.tcp.connections.impl.null",12,10,0,12
"sneer.bricks.network.computers.channels.impl.ChannelImpl",7,6,1,9
"sneer.bricks.network.computers.udp.server.impl.UdpServerImpl",10,8,0,10
"sneer.bricks.snapps.games.sliceWars.impl.logic.gameStates.FillAllCell",5,4,2,5
"sneer.tests.adapters.impl.utils.network.InProcessByteArrayServerSocket",3,2,1,5
"sneer.tests.adapters.impl.utils.network.InProcessNetwork",6,3,2,6
"sneer.bricks.pulp.blinkinglights.impl.LightImpl",11,9,1,10
"basis.brickness.impl.tests.BricknessTest",10,8,0,10
"sneer.bricks.snapps.wind.impl.WindImpl",13,11,0,14
"sneer.bricks.hardware.cpu.crypto.impl.ECBCipherImpl",6,1,1,3
"sneer.bricks.snapps.games.sliceWars.impl.gui.drawers.PassButtonDrawer",5,0,1,3
"snype.whisper.skin.audio.loopback.impl.Player",8,4,0,6
"sneer.bricks.software.timing.impl.AnimatorAdapter",3,2,3,4
"dfcsantos.tracks.storage.folder.impl.TracksFolderKeeperImpl",9,6,0,8
"sneer.bricks.hardware.io.log.tests.LoggerMocks",5,2,2,6
"sneer.bricks.hardware.gui.nature.tests.fixtures.impl.SomeGuiBrickImpl",8,2,0,7
"sneer.bricks.hardware.io.log.tests.LoggerMock",2,2,1,7
"sneer.bricks.snapps.games.sliceWars.test.logic.gameStates.GameStateContextTest",10,7,0,7
"sneer.bricks.software.code.compilers.java.impl.CompilationResult",6,3,1,7
"basis.environments.ProxyInEnvironment",8,3,4,6
"sneer.bricks.expression.files.map.mapper.impl.FileMapperImpl",12,7,0,9
"sneer.bricks.network.computers.udp.server.impl.UdpPortSession",10,6,1,7
"sneer.bricks.network.social.navigation.impl.ContactNavigatorImpl",13,12,0,14
"sneer.bricks.snapps.games.sliceWars.test.logic.gameStates.FirstDiceBatchDistributionTest",6,3,0,4
"dfcsantos.tracks.tastematching.tests.TasteMatcherTest",6,4,0,6
"sneer.bricks.softwaresharing.gui.impl.RootTreeNode",9,2,1,4
"dfcsantos.music.ui.view.impl.MusicViewImpl",7,4,0,6
"sneer.tests.SovereignFunctionalTestBase",3,2,9,4
"sneer.bricks.hardware.cpu.threads.tests.ThreadsTest",8,6,0,9
"sneer.bricks.snapps.games.sliceWars.impl.logic.gameStates.FirstAttacks",4,3,2,4
"sneer.bricks.identity.seals.impl.OwnSealImpl",13,9,0,15
"sneer.bricks.pulp.reactive.gates.strings.impl.Concatenator",11,8,2,12
"sneer.bricks.snapps.gis.location.impl.LocationImpl",7,4,1,7
"sneer.bricks.snapps.gis.map.impl.MapRendererImpl",12,4,0,7
"sneer.bricks.network.computers.connections.impl.ConnectionManagerImpl",15,13,0,14
"sneer.bricks.snapps.games.go.impl.logic.Move",1,0,7,0
"sneer.bricks.hardware.ram.meter.impl.MemoryMeterImpl",8,7,0,10
"sneer.bricks.pulp.reactive.impl.SignalsImpl",8,8,0,9
"sneer.bricks.snapps.contacts.gui.impl.ContactLabelProvider",16,10,1,13
"sneer.bricks.softwaresharing.demolisher.impl.FileVersionImpl",4,3,2,5
"sneer.snapps.games.drones.matches.impl.MatchImpl",4,3,0,5
"dfcsantos.music.impl.OwnTracks",11,8,1,9
"sneer.bricks.software.folderconfig.testsupport.BrickTestBase",11,6,93,8
"sneer.bricks.hardware.io.prevalence.nature.impl.Invocation",5,2,2,6
"sneer.bricks.snapps.games.go.impl.gui.game.painters.StonesInPlayPainter",4,1,1,3
"sneer.bricks.snapps.games.sliceWars.impl.gui.drawers.AttackOutcomeDrawer",7,4,1,8
"sneer.bricks.snapps.games.sliceWars.test.logic.DiceThrowerTest",6,3,0,3
"sneer.bricks.snapps.games.sliceWars.test.logic.gameStates.BoardMockAdapter",5,3,0,4
"sneer.bricks.snapps.contacts.gui.info.impl.ContactInternetAddressList",14,12,0,13
"sneer.bricks.software.code.metaclass.impl.MetaClassSupport",5,2,2,4
"sneer.bricks.skin.main.dashboard.impl.TrayIconSupport",10,7,1,9
"sneer.bricks.network.computers.addresses.contacts.impl.ContactAddress",12,10,1,11
"sneer.bricks.expression.files.client.downloads.gui.impl.DownloadListPanel",11,4,1,6
"sneer.bricks.network.social.attributes.gui.impl.AttributeListPanel",11,4,1,6
"sneer.tests.freedom6.Freedom6Test",7,2,0,4
"snype.whisper.skin.audio.loopback.impl.Recorder",8,4,0,6
"sneer.bricks.hardware.ram.deepcopy.impl.DeepCopierImpl",8,2,0,4
"sneer.bricks.pulp.reactive.collections.impl.AbstractListSignal",11,9,1,11
"sneer.bricks.snapps.games.sliceWars.impl.gui.GuiPlayer",11,3,2,6
"basis.environments.ResolvingCache",3,1,0,4
"sneer.bricks.hardware.cpu.threads.impl.Daemon",8,7,1,9
"sneer.bricks.snapps.system.log.file.impl.LogToFileImpl",10,5,0,9
"sneer.bricks.software.bricks.interception.impl.BrickMetadataEmitter",7,3,1,4
"sneer.bricks.pulp.bandwidth.impl.BandwidthCounterImpl",9,8,0,10
"sneer.bricks.software.code.metaclass.impl.ASMMetaClass",5,3,0,6
"sneer.bricks.hardware.cpu.threads.tests.CpuThrottleDemo",10,6,0,10
"sneer.bricks.hardwaresharing.dataspace.buckets.impl.RemoteBucket",9,8,0,9
"sneer.bricks.pulp.reactive.gates.buffers.assync.impl.AssynchronousBufferImpl",11,8,1,11
"sneer.bricks.skin.widgets.reactive.impl.RListCellRenderer",10,3,1,5
"dfcsantos.music.ui.presenter.impl.FolderChoicesPoll",10,2,1,4
"sneer.bricks.hardware.ram.iterables.impl.IterablesImpl",6,2,0,11
"sneer.bricks.network.computers.udp.holepuncher.server.listener.impl.Listener",11,6,0,9
"sneer.bricks.softwaresharing.gui.impl.FileVersionWrapper",4,2,1,3
"sneer.bricks.hardware.io.log.filter.impl.LogFilterImpl",5,3,0,5
"sneer.bricks.network.social.ui.clipboardadder.impl.ClipboardAdderImpl",13,12,0,14
"sneer.bricks.hardware.cpu.lang.Lang",4,0,21,0
"sneer.bricks.softwaresharing.gui.impl.AbstractTreeNodeWrapper",6,1,4,5
"sneer.bricks.pulp.dyndns.ownaccount.impl.DynDnsAccountKeeperImpl",8,7,0,9
"sneer.bricks.hardware.io.log.formatter.tests.LogFormatterTest",4,2,0,5
"sneer.bricks.hardware.gui.images.impl.ImagesImpl",8,2,0,4
"sneer.bricks.network.computers.udp.server.impl.UdpSocketHolder",13,7,1,9
"sneer.bricks.expression.files.client.tests.FileClientTest",17,13,0,16
"sneer.bricks.snapps.games.sliceWars.test.RunSliceWarsWithoutSneer",8,4,1,5
"sneer.bricks.expression.files.tests.LocalCopyTest",9,6,0,9
"sneer.bricks.skin.filechooser.impl.FileChoosersImpl",7,4,0,6
"sneer.bricks.hardware.io.prevalence.nature.impl.PrevalenceEnvironment",9,6,1,10
"sneer.bricks.network.computers.channels.guaranteed.splitter.impl.Splitter",4,1,1,4
"sneer.bricks.pulp.distribution.filtering.tests.TupleFilterManagerTest",7,5,0,6
"snype.whisper.skin.screenshotter.impl.ScreenshotterImpl",13,4,0,6
"dfcsantos.music.notification.playingtrack.tests.PlayingTrackTest",14,9,0,11
"sneer.bricks.softwaresharing.mapper.impl.RepositoryMapperImpl",16,6,0,10
"sneer.bricks.snapps.games.sliceWars.impl.logic.Player",0,0,34,0
"dfcsantos.music.ui.view.impl.PlayingTrackPanel",10,3,1,6
"sneer.bricks.hardware.io.prevalence.nature.impl.TransactionInvocation",7,3,1,7
"sneer.bricks.pulp.datastructures.cache.impl.CacheImpl",5,1,1,4
"sneer.bricks.pulp.reactive.tests.SignalUtilsTest",10,8,0,10
"sneer.bricks.skin.widgets.autoscroll.impl.AutoScrollWorker",4,0,1,2
"sneer.bricks.snapps.games.go.impl.gui.game.painters.BoardPainter",4,0,1,2
"basis.lang.arrays.tests.ImmutableArrayTest",8,3,0,5
"sneer.bricks.network.computers.addresses.contacts.tcp.impl.ContactInternetAddressesImpl",14,13,0,15
"sneer.bricks.network.computers.channels.largepackets.impl.LargePacketChannelImpl",8,6,1,8
"dfcsantos.tracks.impl.TrackImpl",4,2,1,4
"sneer.bricks.hardware.io.log.stacktrace.impl.StackTraceLoggerImpl",5,2,0,6
"sneer.bricks.snapps.wind.gui.impl.WindGuiImpl",15,11,0,13
"basis.brickness.testsupport.BrickTestWithMockRunner",6,0,0,5
"sneer.bricks.hardware.cpu.threads.throttle.impl.Throttle",2,1,1,3
"sneer.bricks.softwaresharing.demolisher.impl.BrickFilter",8,5,0,6
"sneer.bricks.network.computers.udp.connections.impl.UdpByteConnectionUtils",10,3,0,5
"sneer.bricks.expression.files.writer.atomic.impl.AtomicFileWriterImpl",8,5,0,7
"sneer.bricks.network.computers.addresses.keeper.impl.InternetAddressImpl",6,5,1,7
"snype.whisper.speex.impl.DecoderImpl",5,2,1,4
"basis.brickness.testsupport.tests.BrickTestRunnerTest",9,3,0,3
"basis.lang.types.Classes",3,0,5,4
"sneer.bricks.pulp.dyndns.checkip.impl.CheckIpImpl",7,3,0,5
"basis.brickness.ClassDefinition",1,0,9,2
"sneer.bricks.pulp.reactive.gates.logic.tests.AndTest",10,6,0,9
"sneer.bricks.snapps.games.sliceWars.test.logic.gameStates.FirstAttackPhaseTest",8,4,0,4
"snype.whisper.skin.audio.mic.tests.MicTest",11,4,0,6
"sneer.bricks.hardware.cpu.lang.tests.LangTest",4,2,0,3
"sneer.tests.SovereignParty",4,1,7,1
"sneer.bricks.hardware.ram.reflection.visitation.impl.TourImpl",1,1,2,4
"sneer.bricks.pulp.reactive.collections.impl.ListAdapter",7,5,1,5
"sneer.bricks.snapps.games.go.impl.logic.ToroidalGoBoard",0,0,2,2
"sneer.bricks.hardware.gui.nature.impl.GUIImpl",9,7,0,8
"sneer.bricks.software.code.classutils.impl.ClassUtilsImpl",5,2,0,7
"sneer.bricks.hardware.ram.deepcopy.impl.Deserializer",4,1,1,3
"sneer.bricks.expression.files.map.mapper.tests.FileMappingStopTest",13,6,0,9
"sneer.bricks.skin.widgets.reactive.ReactiveWidgetFactory",15,6,18,6
"sneer.bricks.snapps.games.go.impl.gui.game.MutableOffset",0,0,1,2
"sneer.bricks.snapps.games.sliceWars.impl.logic.gameStates.GameEnded",3,2,1,3
"dfcsantos.music.ui.presenter.contactstatus.impl.ContactMusicStatusImpl",10,9,0,13
"dfcsantos.music.ui.view.impl.DownloadsView",8,5,1,9
"sneer.bricks.hardware.io.log.formatter.impl.LogFormatterImpl",4,2,0,7
"sneer.bricks.softwaresharing.git.impl.GitImpl",7,1,0,3
"sneer.bricks.snapps.games.go.impl.gui.game.painters.HUDPainter",6,2,1,3
"snype.whisper.audio.SpeexSpeaker",5,0,1,2
"sneer.bricks.network.social.heartbeat.tests.HeartTest",12,6,0,7
"dfcsantos.music.Music",7,5,6,5
"sneer.bricks.pulp.reactive.collections.impl.CollectionChangeImpl",4,1,10,4
"sneer.bricks.network.social.navigation.impl.tests.ContactNavigatorTest",11,9,0,11
"sneer.main.Sneer",6,0,1,5
"sneer.bricks.network.computers.udp.sightings.tests.SightingKeeperTest",13,9,0,10
"sneer.bricks.hardware.clock.ticker.custom.impl.CustomClockTickerImpl",5,4,0,7
"sneer.bricks.snapps.games.sliceWars.test.logic.gameStates.GameStateMockAdapter",5,4,0,5
"basis.brickness.impl.ClassLoaderForPackage",5,1,1,7
"basis.testsupport.CleanTestRunner",6,0,1,2
"sneer.bricks.network.computers.http.gateway.impl.HttpGatewayImpl",10,6,0,8
"sneer.bricks.network.computers.udp.connections.tests.PacketProducerMock",5,2,6,5
"sneer.bricks.pulp.propertystore.tests.PropertyStoreTest",8,6,0,8
"sneer.bricks.pulp.bandwidth.tests.BandwidthConsolidationTest",6,4,0,6
"snype.whisper.audio.LoopbackDemo",0,0,1,3
"snype.whisper.audio.AudioDevice",2,0,2,2
"sneer.bricks.hardware.cpu.crypto.impl.RandomWrapper",1,0,1,1
"sneer.bricks.pulp.reactive.collections.impl.CollectionSignalsImpl",8,8,0,9
"sneer.bricks.pulp.reactive.impl.AbstractSignal",8,7,2,9
"sneer.bricks.expression.tuples.floodcache.impl.FloodedTupleCacheImpl",4,2,0,4
"sneer.bricks.hardware.cpu.lang.contracts.impl.WeakContractImpl",7,6,1,8
"sneer.bricks.pulp.distribution.filtering.impl.TupleFilterManagerImpl",5,3,0,6
"sneer.bricks.expression.files.hasher.impl.FolderContentsHasherImpl",8,6,0,9
"sneer.bricks.expression.tuples.remote.tests.RemoteTuplesTest",10,7,0,8
"sneer.bricks.network.computers.channels.guaranteed.splitter.impl.Joiner",3,1,1,4
"sneer.bricks.network.computers.http.server.tests.HttpServerTest",9,5,1,8
"sneer.bricks.skin.widgets.clipboard.impl.ClipboardImpl",6,1,0,4
"sneer.bricks.expression.files.transfer.FileTransferUploads",8,4,1,5
"sneer.bricks.network.computers.tcp.tests.Network2010Test",9,6,1,9
"sneer.bricks.snapps.games.go.impl.gui.game.FixedCentralizedOffset",0,0,0,1
"basis.environments.EnvironmentUtils",5,4,9,5
"sneer.bricks.hardware.cpu.crypto.impl.DigesterImpl",4,3,1,5
"sneer.bricks.hardware.cpu.threads.impl.Daemons",4,0,0,3
"sneer.bricks.network.computers.tcp.connections.originator.impl.SocketOriginatorImpl",8,5,0,7
"sneer.bricks.pulp.reactive.gates.logic.tests.NotTest",7,5,0,7
"sneer.tests.freedom5.Freedom5TestShouts",3,2,0,3
"sneer.bricks.snapps.games.sliceWars.impl.logic.PlayOutcome",0,0,9,0
"sneer.bricks.network.computers.channels.guaranteed.impl.GuaranteedChannelImpl",6,5,1,6
"sneer.bricks.pulp.datastore.impl.DataStoreImpl",3,2,0,5
"basis.brickness.testsupport.TestMethodWithEnvironment",8,3,1,5
"dfcsantos.tracks.exchange.downloads.counter.impl.TrackDownloadCounterImpl",8,6,0,8
"sneer.bricks.network.social.impl.ContactImpl",5,4,1,6
"sneer.bricks.pulp.reactive.gates.numbers.impl.Adder",8,7,1,8
"sneer.bricks.identity.keys.own.impl.OwnKeysImpl",9,5,0,6
"sneer.bricks.pulp.httpclient.impl.HttpClientImpl",8,3,0,5
"sneer.bricks.software.bricks.repl.impl.ReplConsoleImpl",4,2,1,6
"sneer.bricks.software.code.compilers.scala.tests.ScalaCompilerTest",10,6,0,8
"dfcsantos.tracks.storage.rejected.impl.RejectedTracksKeeperImpl",5,2,0,3
"sneer.bricks.hardware.io.prevalence.nature.impl.SerializerAdapter",8,1,1,4
"sneer.bricks.pulp.reactive.gates.logic.impl.And",8,7,1,8
"dfcsantos.tracks.impl.TracksImpl",8,3,0,5
"sneer.bricks.hardware.clock.ticker.tests.ClockTickerTest",8,6,0,8
"sneer.bricks.hardware.io.log.notifier.impl.LogNotifierImpl",9,8,0,10
"sneer.bricks.pulp.reactive.collections.impl.CollectionAdapter",10,9,1,9
"sneer.bricks.snapps.games.go.impl.gui.game.painters.DarkBorderPainter",3,0,1,1
"sneer.bricks.snapps.games.sliceWars.impl.gui.drawers.DiceLeftDrawer",4,1,1,4
"sneer.bricks.software.bricks.repl.tests.GroovyEvaluatorTest",6,3,0,5
"sneer.bricks.software.code.metaclass.asm.impl.VisitorAdapter",4,3,1,4
"sneer.main.SneerCodeFolders",1,0,0,4
"sneer.bricks.hardware.io.log.stacktrace.tests.StackTraceLoggerTest",9,3,0,6
"sneer.bricks.softwaresharing.gui.impl.BrickTreeCellRenderer",6,0,1,2
"sneer.bricks.softwaresharing.publisher.impl.BuildingPublisherImpl",10,7,0,9
"basis.testsupport.tests.PrettyPrinterTest",4,3,0,5
"sneer.bricks.skin.widgets.reactive.impl.RProgressBarImpl",7,5,1,9
"sneer.bricks.hardware.cpu.threads.throttle.impl.CpuThrottleImpl",2,2,0,3
"sneer.bricks.hardware.cpu.utils.consumers.validators.bounds.integer.impl.IntegerBoundsImpl",3,3,0,5
"sneer.bricks.hardware.gui.trayicon.impl.TrayIconsImpl",6,5,0,6
"sneer.bricks.pulp.datastructures.cache.tests.CachePerformanceTest",5,3,0,5
"sneer.bricks.pulp.serialization.impl.ClassMapper",4,1,1,2
"sneer.bricks.expression.tuples.tests.TupleGcTest",6,4,0,7
"sneer.bricks.pulp.exceptionhandling.impl.ExceptionHandlerImpl",4,3,0,5
"sneer.bricks.snapps.games.sliceWars.impl.gui.drawers.BackgroundDrawer",6,0,1,3
"sneer.bricks.software.code.compilers.java.tests.JavaCompilerTest",9,6,0,8
"sneer.bricks.software.code.metaclass.asm.impl.ClassReaderImpl",5,0,1,1
"sneer.bricks.software.bricks.statestore.tests.BrickStateStoreTest",7,2,0,5
"dfcsantos.music.ui.view.MusicViewListener",3,3,7,3
"sneer.bricks.hardwaresharing.backup.kernel.SnackupKernel",7,6,2,6
"sneer.bricks.hardware.ram.collections.impl.CollectionUtilsImpl",5,3,0,5
"sneer.bricks.software.timing.impl.WindowOpacitySetterImpl",5,2,1,5
"basis.environments.Environments",1,1,38,3
"dfcsantos.tracks.tastematching.impl.FolderMatchCounter",2,2,1,4
"dfcsantos.tracks.tastematching.impl.Rating",1,0,1,2
"sneer.bricks.expression.tuples.kept.impl.KeptTuplesImpl",5,2,0,3
"sneer.bricks.software.code.compilers.java.impl.CompilationErrorImpl",3,2,1,3
"sneer.bricks.software.code.compilers.impl.LanguageRegistryImpl",7,6,0,8
"sneer.tests.adapters.impl.utils.network.udp.impl.InProcessUdpNetworkImpl",6,2,1,4
"snype.whisper.audio.AudioUtil",1,0,0,0
"sneer.bricks.hardware.io.log.exceptions.uncaught.impl.UncaughtExceptionLoggerImpl",7,5,0,9
"sneer.bricks.pulp.notifiers.pulsers.tests.PulsersTest",7,5,0,6
"sneer.bricks.pulp.reactive.collections.tests.ListRegisterTest",7,4,0,6
"sneer.bricks.snapps.games.sliceWars.impl.logic.CellAttack",0,0,2,0
"sneer.bricks.software.bricks.finder.tests.BrickFinderTest",10,5,0,8
"sneer.bricks.hardware.cpu.codec.impl.CodecImpl",4,2,0,5
"basis.brickness.testsupport.BrickTestWithMocks",6,2,5,3
"sneer.bricks.pulp.reactive.collections.impl.AbstractListValueChange",4,2,4,6
"sneer.bricks.pulp.reactive.impl.SignalAdapter",7,6,1,6
"sneer.bricks.software.code.java.source.writer.impl.JavaSourceWriterImpl",5,2,1,5
"sneer.bricks.hardware.ram.recycler.impl.MemoryRecyclerImpl",7,5,0,8
"sneer.bricks.hardware.ram.ref.weak.keeper.impl.WeakReferenceKeeperImpl",7,4,0,7
"sneer.bricks.identity.keys.own.tests.OwnKeysPrevalenceTest",6,4,0,7
"sneer.bricks.skin.main.menu.impl.MainMenuImpl",6,3,0,5
"sneer.bricks.network.computers.addresses.keeper.impl.Store",7,3,0,4
"sneer.snapps.games.drones.units.tests.DroneUnitsTest",7,3,0,4
"sneer.bricks.identity.seals.contacts.tests.ContactSealsTest",8,6,0,7
"sneer.bricks.network.social.attributes.gui.impl.AttributePanel",8,3,1,5
"sneer.bricks.pulp.dyndns.checkip.tests.CheckIpTest",8,3,0,4
"sneer.bricks.software.bricks.interception.fixtures.combinedmethods.impl.BrickOfSomeInterceptingNatureImpl",2,2,0,4
"sneer.bricks.softwaresharing.gui.impl.StringTreeNode",7,2,1,4
"basis.environments.CachingEnvironment",2,2,2,3
"sneer.bricks.pulp.notifiers.impl.WeakRefWithAlias",0,0,0,5
"basis.testsupport.tests.CleanTestBaseTest",3,1,0,3
"sneer.bricks.network.computers.udp.impl.UdpSocketImpl",5,0,1,1
"basis.brickness.impl.tests.fixtures.a.impl.BrickAImpl",3,2,0,8
"basis.util.concurrent.RefLatch",2,1,2,3
"sneer.bricks.expression.files.writer.folder.impl.FolderContentsWriterImpl",6,3,0,5
"sneer.bricks.hardware.io.log.exceptions.impl.ExceptionLoggerImpl",5,4,0,7
"sneer.bricks.identity.seals.codec.impl.SealCodecImpl",7,6,0,8
"sneer.bricks.pulp.serialization.impl.XStreamPool",4,0,0,1
"sneer.bricks.snapps.web.tests.SealForUrlTest",4,3,0,5
"sneer.bricks.expression.files.protocol.FileOrFolder",2,2,14,3
"sneer.bricks.pulp.reactive.collections.tests.CollectionSignalsTest",7,4,0,6
"sneer.bricks.snapps.games.sliceWars.impl.gui.drawers.PhaseDescriptionDrawer",4,1,1,3
"sneer.bricks.expression.files.client.downloads.gui.impl.DownloadPanel",10,5,1,6
"sneer.bricks.expression.tuples.logger.impl.TupleLoggerImpl",9,8,0,10
"sneer.bricks.identity.keys.signatures.impl.SignaturesImpl",5,2,0,3
"sneer.bricks.skin.image.ImageFactory",7,1,10,2
"basis.lang.arrays.ImmutableByteArray2D",1,0,4,1
"basis.lang.exceptions.FriendlyException",0,0,11,2
"basis.testsupport.TestWithMocks",4,0,1,1
"sneer.bricks.hardware.ram.ref.immutable.impl.ImmutableReferenceImpl",1,1,2,3
"sneer.bricks.software.timing.impl.TimingFrameworkImpl",4,4,0,6
"basis.brickness.impl.EagerClassLoader",2,0,3,2
"basis.util.concurrent.Latch",2,1,28,3
"sneer.bricks.pulp.propertystore.mocks.TransientPropertyStore",3,1,2,4
"sneer.bricks.skin.widgets.reactive.impl.RPanel",4,1,5,2
"sneer.bricks.expression.tuples.Tuple",5,4,76,6
"sneer.bricks.hardware.cpu.threads.impl.Stepper",4,3,1,5
"sneer.bricks.pulp.notifiers.pulsers.impl.UmbrellaContract",5,3,1,5
"sneer.bricks.snapps.contacts.gui.comparator.impl.ContactComparatorImpl",4,3,0,5
"sneer.bricks.snapps.games.sliceWars.impl.logic.DiceThrowOutcome",0,0,6,1
"snype.whisper.speex.impl.EncoderImpl",5,2,1,3
"sneer.bricks.snapps.chat.gui.panels.impl.JTextPaneWithoutAutoScrollOnEdit",6,1,1,3
"sneer.bricks.snapps.games.sliceWars.test.logic.DiceThrowerMock",2,2,3,3
"sneer.bricks.expression.tuples.keeper.gctimer.impl.TupleGarbageCollectionTimerImpl",8,6,0,7
"sneer.bricks.expression.files.map.FileMap",7,4,27,4
"sneer.bricks.hardware.cpu.crypto.Crypto",8,0,18,0
"sneer.bricks.softwaresharing.BrickVersion",5,4,11,4
"basis.environments.Bindings",3,0,2,3
"sneer.bricks.hardware.cpu.threads.tests.BrickTestWithThreads",7,5,3,7
"sneer.bricks.pulp.reactive.collections.impl.ListElementReplaced",2,0,1,1
"dfcsantos.music.store.impl.MusicStoreImpl",4,3,0,4
"sneer.bricks.hardware.io.prevalence.nature.impl.PrevalentBuilding",4,3,1,5
"sneer.bricks.network.computers.tcp.connections.impl.SocketCloser",5,3,0,5
"sneer.bricks.network.computers.tcp.connections.receiver.impl.SocketReceiverImpl",8,7,0,8
"sneer.bricks.network.computers.tcp.impl.ByteArrayServerSocketImpl",4,2,1,3
"sneer.bricks.skin.popuptrigger.impl.PopupTriggerImpl",5,2,0,5
"sneer.bricks.snapps.games.sliceWars.impl.logic.DiceThrowerImpl",0,0,2,2
"sneer.bricks.snapps.web.tests.ContactProviderMock",3,2,1,3
"sneer.main.SneerSession",5,2,0,5
"sneer.bricks.pulp.blinkinglights.BlinkingLights",3,2,58,2
"sneer.bricks.hardware.io.prevalence.nature.tests.fixtures.SomePrevalentBrick",6,4,4,4
"sneer.bricks.skin.imgselector.impl.Picture",2,0,1,2
"basis.brickness.testsupport.tests.BrickTestWithMockRunnerTest",4,1,0,2
"dfcsantos.tracks.tastematching.impl.TasteMatcherImpl",6,5,0,7
"sneer.bricks.identity.name.tests.OwnNameTest",5,3,0,5
"sneer.bricks.pulp.reactive.collections.setfilter.impl.SetFilterImpl",7,6,0,7
"dfcsantos.music.notification.playingtrack.server.impl.PlayingTrackPublisherImpl",8,7,0,9
"sneer.bricks.expression.tuples.keeper.impl.NewestTupleByGroup",4,4,1,5
"sneer.bricks.snapps.games.sliceWars.test.logic.PlayerTest",3,1,0,1
"snype.whisper.skin.audio.loopback.impl.LoopbackTesterImpl",4,2,0,4
"sneer.bricks.skin.widgets.reactive.impl.RFrameImpl",4,3,1,7
"sneer.bricks.hardware.io.prevalence.nature.tests.fixtures.brick2.impl.PrevalentBrick2Impl",3,2,0,4
"sneer.bricks.network.computers.channels.impl.ChannelsImpl",5,4,0,5
"sneer.bricks.network.computers.udp.holepuncher.server.listener.impl.StunServerListenersImpl",5,3,0,4
"sneer.bricks.pulp.reactive.collections.listsorter.impl.ListSorterImpl",6,5,0,7
"sneer.bricks.skin.menu.impl.MenuFactoryImpl",5,2,0,3
"sneer.tests.freedom1.Freedom1Test",3,2,0,4
"snype.whisper.skin.audio.speaker.impl.LineImpl",5,1,1,3
"sneer.bricks.expression.tuples.tests.TupleSpaceResponsivenessTest",7,5,0,6
"sneer.bricks.network.computers.udp.holepuncher.protocol.impl.DataUtils",3,0,0,1
"sneer.bricks.network.social.heartbeat.impl.HeartImpl",7,6,0,8
"sneer.bricks.pulp.dyndns.ownaccount.tests.DynDnsAccountKeeperTest",5,3,0,5
"sneer.bricks.snapps.games.sliceWars.impl.gui.drawers.CellsDrawer",4,2,1,3
"snype.whisper.speextuples.SpeexPacket",3,3,3,4
"sneer.bricks.network.computers.addresses.own.port.impl.OwnPortImpl",4,2,0,4
"sneer.bricks.snapps.games.sliceWars.impl.logic.gameStates.GameStateContext",4,2,7,2
"sneer.bricks.network.social.Contacts",6,4,26,4
"sneer.bricks.software.diff.TextComparator",2,0,3,0
"sneer.bricks.network.computers.tcp.connections.TcpConnectionManager",7,6,7,7
"sneer.bricks.snapps.games.sliceWars.impl.logic.Cell",0,0,6,1
"sneer.bricks.softwaresharing.gui.impl.FileVersionListModel",3,2,1,4
"sneer.bricks.network.computers.addresses.own.port.tests.OwnPortTest",5,3,0,5
"sneer.bricks.network.computers.tcp.connections.impl.CallImpl",2,2,1,3
"sneer.bricks.network.computers.tcp.impl.TcpNetworkImpl",4,3,0,4
"sneer.bricks.pulp.reactive.impl.Adapter",6,5,1,5
"sneer.bricks.software.code.compilers.impl.LanguageImpl",2,2,1,3
"dfcsantos.tracks.storage.rejected.tests.RejectedTracksKeeperTest",5,3,0,5
"sneer.bricks.hardware.cpu.utils.consumers.parsers.integer.impl.IntegerParserImpl",2,2,1,4
"sneer.bricks.software.code.metaclass.impl.SimpleMetaClass",1,0,1,2
"sneer.bricks.softwaresharing.demolisher.filestatus.tests.FileStatusCalculatorTest",6,3,0,5
"sneer.bricks.softwaresharing.demolisher.impl.DemolisherImpl",6,5,0,7
"sneer.bricks.softwaresharing.git.impl.AutoCloseableRepository",4,0,1,1
"sneer.bricks.snapps.chat.gui.panels.impl.Resizer",6,1,0,3
"sneer.bricks.snapps.games.go.impl.gui.game.painters.ToroidalBoardImagePainter",3,0,1,1
"sneer.bricks.snapps.web.tests.WebTest",3,1,0,2
"sneer.bricks.software.bricks.compiler.impl.BuilderImpl",8,5,0,6
"sneer.bricks.software.bricks.interception.impl.InterceptionEnhancerImpl",7,3,0,4
"sneer.bricks.software.folderconfig.FolderConfig",4,1,23,1
"sneer.bricks.expression.files.client.downloads.Download",7,5,21,6
"sneer.bricks.softwaresharing.BrickHistory",2,1,14,1
"sneer.bricks.network.computers.tcp.connections.impl.ConnectionsByContact",3,3,0,3
"sneer.bricks.pulp.reactive.gates.logic.impl.LogicGatesImpl",5,4,0,5
"sneer.bricks.software.code.metaclass.asm.impl.ASMImpl",3,2,0,4
"basis.brickness.impl.tests.BricknessEnvironmentTest",8,5,0,6
"basis.testsupport.PrettyPrinter",3,1,3,3
"sneer.bricks.expression.tuples.remote.impl.RemoteTuplesImpl",8,7,0,8
"sneer.bricks.hardware.cpu.profiler.tests.ProfilerTest",3,1,0,4
"sneer.bricks.skin.main.instrumentregistry.impl.InstrumentRegistryImpl",6,5,0,6
"sneer.bricks.skin.main.title.impl.ProcessTitleImpl",7,6,0,7
"sneer.bricks.skin.rooms.impl.ActiveRoomKeeperImpl",6,5,0,6
"sneer.bricks.expression.files.protocol.FileContents",4,4,3,5
"sneer.bricks.snapps.help.impl.HelpImpl",4,2,0,3
"sneer.bricks.hardware.cpu.threads.Threads",4,3,53,3
"sneer.bricks.pulp.reactive.Signals",6,5,79,5
"sneer.bricks.hardware.clock.impl.ClockImpl",6,5,0,9
"sneer.bricks.snapps.chat.ChatMessage",2,2,7,3
"basis.brickness.impl.tests.fixtures.b.impl.BrickBImpl",1,1,0,7
"dfcsantos.tracks.execution.playlist.impl.RandomPlaylist",6,1,1,2
"sneer.bricks.expression.files.client.downloads.impl.DownloadsImpl",6,5,0,6
"sneer.bricks.hardware.io.prevalence.nature.impl.PrevalentImpl",5,3,0,4
"sneer.bricks.network.computers.udp.sender.impl.UdpSenderImpl",3,2,0,3
"sneer.bricks.pulp.notifiers.pulsers.impl.PulserSenderImpl",5,4,1,5
"sneer.bricks.snapps.games.sliceWars.impl.sneer.SneerPlayer",5,4,1,5
"sneer.bricks.network.computers.tcp.connections.impl.OutgoingHandShaker",8,6,0,6
"sneer.bricks.snapps.web.impl.ContactProviderImpl",6,5,1,7
"sneer.bricks.skin.main.translucentsupport.TranslucentSupport",4,0,2,0
"sneer.bricks.expression.tuples.TupleSpace",5,4,49,4
"sneer.bricks.network.social.attributes.Attributes",6,5,34,5
"basis.lang.exceptions.NotImplementedYet",0,0,60,1
"sneer.bricks.pulp.reactive.collections.impl.ListElementAdded",2,0,2,1
"sneer.bricks.pulp.reactive.collections.impl.ListElementRemoved",2,0,1,1
"sneer.bricks.expression.files.client.downloads.old.impl.DownloadsOldImpl",5,4,0,5
"sneer.bricks.expression.files.transfer.FileTransferStatus",2,2,2,3
"sneer.bricks.hardware.io.prevalence.nature.impl.BrickProvision",2,1,1,2
"sneer.bricks.pulp.notifiers.pulsers.impl.PulseSendersImpl",5,5,0,6
"sneer.bricks.snapps.system.log.sysout.impl.LogToSysoutImpl",4,3,0,6
"sneer.bricks.software.code.metaclass.impl.MetaClassesImpl",5,3,0,5
"basis.brickness.testsupport.tests.BrickTestTest",6,3,0,4
"sneer.bricks.expression.files.protocol.FileRequest",4,4,6,5
"sneer.bricks.expression.files.transfer.FileTransferSugestion",2,2,3,3
"sneer.bricks.hardware.cpu.crypto.ecdh.impl.ECDHKeyAgreementImpl",7,4,0,5
"sneer.bricks.hardware.io.log.impl.LoggerImpl",4,3,0,4
"sneer.bricks.pulp.serialization.tests.SerializerTest",5,3,0,4
"sneer.bricks.skin.widgets.clipboard.tests.ClipboardTest",5,2,0,3
"sneer.bricks.snapps.games.go.impl.gui.game.painters.RegularGoBoardImagePainter",4,0,0,1
"sneer.main.SneerFolders",3,0,0,3
"sneer.tests.adapters.SneerParty",3,1,0,2
"sneer.bricks.expression.tuples.keeper.TupleKeeper",4,3,4,3
"sneer.bricks.hardware.cpu.codec.Codec",1,0,9,0
"sneer.bricks.network.computers.connections.ConnectionManager",3,2,11,2
"sneer.bricks.identity.seals.contacts.ContactSeals",6,5,40,5
"sneer.bricks.hardware.cpu.codec.DecodeException",0,0,5,1
"sneer.bricks.network.computers.udp.UdpNetwork",4,0,13,0
"sneer.bricks.hardware.cpu.timebox.impl.TimeboxImpl",2,2,0,4
"sneer.bricks.snapps.games.sliceWars.impl.RemotePlay",0,0,4,0
"sneer.bricks.hardware.cpu.crypto.ecdh.test.NullECDHKeyAgreemnent",3,2,1,4
"sneer.bricks.hardware.io.log.worker.impl.LogWorkerHolderImpl",2,2,0,3
"sneer.bricks.hardware.io.prevalence.nature.impl.MapLookup",3,2,1,3
"sneer.bricks.network.computers.channels.guaranteed.splitter.impl.PacketSplittersImpl",4,3,0,4
"sneer.bricks.network.computers.tcp.connections.TcpSighting",2,2,5,3
"sneer.bricks.network.computers.udp.holepuncher.protocol.StunRequest",0,0,4,2
"sneer.bricks.skin.main.dashboard.impl.IconUtil",6,3,0,4
"sneer.bricks.snapps.web.impl.WebRequest",4,3,1,4
"sneer.bricks.software.bricks.interception.impl.Types",2,0,0,0
"sneer.bricks.software.bricks.repl.impl.ReplImpl",4,3,0,4
"basis.lang.tests.PairTest",4,1,0,1
"dfcsantos.tracks.exchange.endorsements.TrackEndorsement",2,2,3,3
"sneer.bricks.hardwaresharing.backup.FileEvent",2,2,3,3
"sneer.bricks.skin.main.icons.impl.IconsImpl",6,2,0,4
"sneer.tests.prevalence.PrevalenceTest",5,4,0,6
"sneer.bricks.snapps.games.sliceWars.impl.logic.BoardCell",1,0,19,0
"sneer.bricks.pulp.reactive.collections.ListRegister",1,1,24,2
"sneer.bricks.snapps.contacts.actions.ContactActionManager",3,0,13,0
"dfcsantos.tracks.storage.folder.TracksFolderKeeper",4,2,10,2
"sneer.bricks.hardware.gui.nature.tests.fixtures.SomeGuiBrick",4,2,2,2
"sneer.bricks.skin.windowboundssetter.WindowBoundsSetter",4,0,5,0
"sneer.bricks.softwaresharing.FileVersion",0,0,11,0
"basis.lang.ByRef",0,0,19,1
"sneer.bricks.snapps.contacts.gui.ContactsGui",6,4,14,5
"sneer.bricks.snapps.tasks.impl.TaskMessage",1,1,1,3
"dfcsantos.tracks.execution.playlist.impl.PlaylistsImpl",3,2,0,3
"sneer.bricks.pulp.notifiers.impl.NotifiersImpl",3,3,0,5
"sneer.bricks.pulp.reactive.collections.impl.CurrentListElements",2,1,1,3
"sneer.bricks.pulp.reactive.collections.impl.VisitingListReceiver",3,2,1,3
"sneer.bricks.software.bricks.repl.impl.GroovyEvaluator",2,1,1,2
"snype.whisper.speex.impl.SpeexImpl",3,3,0,4
"sneer.bricks.identity.keys.own.tests.OwnKeysTest",4,2,0,4
"sneer.bricks.network.computers.udp.holepuncher.protocol.StunReply",1,0,4,0
"sneer.bricks.softwaresharing.demolisher.filestatus.impl.FileStatusCalculatorImpl",3,1,0,2
"sneer.bricks.softwaresharing.gui.impl.BrickListCellRenderer",4,0,1,0
"sneer.snapps.games.drones.ChallengeAcceptance",2,2,1,3
"sneer.tests.freedom7.Freedom7TestGit",3,1,0,2
"sneer.bricks.snapps.games.sliceWars.impl.logic.Board",1,0,9,0
"sneer.bricks.pulp.blinkinglights.Light",3,3,29,3
"sneer.bricks.network.computers.udp.holepuncher.protocol.StunProtocol",3,0,5,0
"sneer.bricks.hardware.io.files.atomic.dotpart.DotParts",4,0,7,0
"sneer.bricks.expression.files.client.FileClient",5,3,8,3
"sneer.bricks.expression.files.transfer.FileTransfer",5,3,3,3
"sneer.bricks.hardwaresharing.backup.Snackup",5,4,2,4
"snype.whisper.skin.audio.kernel.Audio",5,0,9,0
"sneer.bricks.identity.keys.own.OwnKeys",5,2,9,2
"sneer.bricks.expression.tuples.tests.GcTestTuple",0,0,1,1
"sneer.bricks.hardware.io.log.exceptions.robust.impl.RobustExceptionLoggingImpl",1,1,0,2
"sneer.bricks.hardware.ram.ref.immutable.impl.ImmutableReferencesImpl",2,2,0,3
"sneer.bricks.pulp.notifiers.receivers.impl.Solder",2,2,0,2
"sneer.bricks.pulp.reactive.gates.strings.impl.StringGatesImpl",2,2,0,3
"sneer.bricks.pulp.streams.sequencer.impl.Packet",0,0,1,0
"sneer.bricks.skin.menu.impl.MenuGroupImpl",1,0,1,2
"dfcsantos.music.ui.presenter.menuitem.impl.MusicMenuItemImpl",5,4,0,5
"dfcsantos.tracks.tastematching.impl.MatchCounter",0,0,1,0
"sneer.bricks.network.computers.udp.sightings.UdpSighting",2,2,1,3
"sneer.bricks.network.social.attributes.AttributeValue",3,3,2,4
"sneer.bricks.pulp.dyndns.updater.InvalidHostException",0,0,3,1
"sneer.bricks.snapps.games.go.impl.network.GoInvitation",1,1,2,2
"sneer.main.stun.StunServerSession",3,2,1,3
"sneer.bricks.software.bricks.interception.impl.BrickMetadataDefinition",2,1,0,1
"sneer.snapps.games.drones.units.Unit",0,0,7,1
"sneer.bricks.hardware.io.prevalence.map.PrevalenceMap",1,0,7,0
"sneer.bricks.pulp.reactive.collections.SetRegister",1,0,17,1
"sneer.bricks.snapps.games.sliceWars.impl.logic.gameStates.GameState",3,2,9,2
"sneer.bricks.pulp.reactive.collections.ListSignal",3,2,42,3
"sneer.bricks.skin.menu.MenuGroup",4,2,10,2
"sneer.bricks.software.timing.impl.TimingTargetAdapter",1,1,1,2
"sneer.bricks.expression.tuples.dispatcher.TupleDispatcher",4,3,11,3
"sneer.bricks.hardware.gui.images.Images",4,0,8,0
"sneer.bricks.hardware.ram.iterables.Iterables",4,1,2,1
"sneer.bricks.network.computers.addresses.keeper.InternetAddressKeeper",4,3,7,3
"sneer.bricks.pulp.serialization.Serializer",4,0,10,0
"snype.whisper.skin.audio.mic.Mic",4,3,6,3
"basis.brickness.impl.BrickLoadingException",0,0,4,1
"sneer.bricks.expression.files.map.mapper.FileMapper",5,1,14,1
"sneer.bricks.hardware.cpu.crypto.ecb.tests.NullECBCiphers",2,2,1,3
"sneer.bricks.skin.menu.MenuFactory",5,1,5,1
"snype.whisper.speextuples.SpeexTuples2",3,1,2,1
"sneer.bricks.hardware.cpu.crypto.Hash",2,2,74,3
"sneer.bricks.identity.seals.Seal",2,2,105,3
"sneer.bricks.pulp.reactive.collections.impl.ListElementMoved",0,0,1,1
"sneer.bricks.skin.menu.impl.MenuBarImpl",1,0,1,1
"sneer.bricks.skin.menu.impl.MenuPopupImpl",1,0,1,1
"sneer.bricks.snapps.games.sliceWars.impl.logic.DiceImpl",1,0,2,1
"sneer.bricks.snapps.games.sliceWars.test.logic.LoadedDice",1,1,8,2
"sneer.bricks.snapps.web.impl.SealForUrl",1,1,2,2
"sneer.bricks.softwaresharing.demolisher.Demolisher",6,4,3,4
"sneer.bricks.network.computers.udp.holepuncher.server.impl.IpAddresses",1,0,1,0
"sneer.bricks.network.computers.udp.receiver.impl.ReceiverThreadsImpl",5,3,0,4
"sneer.bricks.network.social.navigation.ContactOfContact",2,2,3,3
"sneer.bricks.pulp.dyndns.ownaccount.DynDnsAccount",1,1,5,2
"sneer.bricks.skin.main.menu.exit.impl.ExitMenuItemImpl",4,3,0,5
"sneer.bricks.skin.widgets.reactive.impl.RUtil",1,0,0,0
"sneer.bricks.snapps.chat.gui.panels.impl.ChatPanelsImpl",5,4,0,5
"sneer.bricks.snapps.games.go.impl.network.AcknowledgeReceive",3,2,2,3
"sneer.bricks.hardware.clock.timer.Timer",2,1,35,1
"sneer.bricks.hardware.gui.guithread.GuiThread",2,1,17,1
"sneer.bricks.pulp.reactive.collections.CollectionSignals",2,1,38,1
"sneer.snapps.games.drones.matches.Match",2,1,3,1
"dfcsantos.tracks.storage.rejected.RejectedTracksKeeper",3,2,4,2
"sneer.bricks.expression.tuples.kept.KeptTuples",3,2,4,2
"sneer.bricks.network.computers.channels.Channel",4,3,10,3
"sneer.bricks.hardware.gui.trayicon.TrayIcons",4,2,4,2
"sneer.bricks.network.computers.channels.Channels",2,1,6,1
"sneer.bricks.software.code.metaclass.asm.ASM",2,0,3,0
"basis.brickness.BrickConventions",0,0,1,1
"sneer.bricks.hardware.cpu.timebox.impl.TimeIsUp",0,0,2,2
"sneer.bricks.hardware.io.prevalence.map.impl.OID",0,0,1,0
"sneer.bricks.network.computers.channels.guaranteed.splitter.PacketSplitters",4,2,3,2
"sneer.bricks.network.computers.udp.holepuncher.client.StunClient",4,1,5,1
"sneer.bricks.pulp.dyndns.updater.UpdaterException",1,1,9,2
"sneer.bricks.pulp.reactive.collections.listsorter.ListSorter",5,3,7,3
"sneer.bricks.pulp.reactive.impl.null",0,0,0,1
"sneer.bricks.skin.main.menu.MainMenu",5,2,12,2
"sneer.bricks.snapps.tasks.impl.Task",0,0,1,0
"sneer.bricks.software.bricks.interception.fixtures.brickwithlib.impl.BrickWithLibImpl",1,1,0,3
"sneer.bricks.software.code.compilers.CompilerException",0,0,5,1
"basis.brickness.testsupport.tests.foo.impl.FooBrickImpl",3,2,0,3
"dfcsantos.tracks.execution.player.impl.TrackPlayerImpl",4,4,0,5
"sneer.bricks.expression.files.client.downloads.gui.impl.DownloadListPanelsImpl",4,3,0,4
"sneer.bricks.expression.files.map.visitors.impl.FileMapGuideImpl",4,3,0,4
"sneer.bricks.expression.files.transfer.FileTransferDetails",2,2,1,3
"sneer.bricks.expression.tuples.testsupport.pump.impl.TuplePumpsImpl",4,3,0,4
"sneer.bricks.hardware.cpu.crypto.ecb.impl.ECBCiphersImpl",4,3,0,4
"sneer.bricks.hardware.ram.reflection.visitation.tests.ReflectionGuideTest",4,2,0,3
"sneer.bricks.network.computers.addresses.contacts.impl.ContactAddressesImpl",4,3,0,4
"sneer.bricks.network.social.attributes.gui.impl.AttributeListPanelsImpl",4,3,0,4
"sneer.bricks.skin.widgets.reactive.impl.RTextFieldImpl",4,2,2,3
"sneer.bricks.snapps.games.go.impl.sneerSpecifics.SneerTimerFactory",4,3,1,4
"sneer.bricks.snapps.games.sliceWars.impl.logic.AttackOutcome",0,0,7,0
"sneer.bricks.snapps.games.sliceWars.impl.sneer.SliceWarsPlay",3,3,2,4
"sneer.bricks.software.bricks.repl.gui.tests.ReplWindowTest",3,1,0,2
"sneer.bricks.softwaresharing.gui.impl.Util",2,2,0,2
"sneer.bricks.snapps.games.go.impl.gui.game.Offset",0,0,2,0
"sneer.bricks.software.timing.Animator",0,0,2,0
"sneer.bricks.hardware.io.log.stacktrace.StackTraceLogger",1,0,6,0
"sneer.bricks.pulp.datastore.DataStore",1,0,2,0
"sneer.bricks.pulp.reactive.collections.ListChange",0,0,8,0
"sneer.bricks.software.code.metaclass.MetaClass",2,0,2,0
"sneer.bricks.hardware.clock.Clock",2,1,30,1
"sneer.bricks.hardware.ram.meter.MemoryMeter",2,1,3,1
"sneer.bricks.pulp.bandwidth.BandwidthCounter",2,1,4,1
"sneer.bricks.software.code.classutils.ClassUtils",2,0,10,0
"dfcsantos.music.store.MusicStore",3,2,2,2
"dfcsantos.tracks.Tracks",3,0,4,0
"sneer.bricks.identity.seals.codec.SealCodec",3,2,4,2
"sneer.bricks.pulp.distribution.filtering.TupleFilterManager",3,2,4,2
"sneer.bricks.pulp.reactive.SignalUtils",3,2,10,2
"dfcsantos.tracks.exchange.downloads.downloader.TrackDownloader",4,3,3,3
"sneer.bricks.expression.files.client.downloads.Downloads",4,2,3,2
"sneer.bricks.expression.files.writer.atomic.AtomicFileWriter",4,1,2,1
"sneer.bricks.expression.files.writer.folder.FolderContentsWriter",4,1,3,1
"sneer.bricks.hardware.ram.collections.CollectionUtils",4,2,12,2
"sneer.bricks.network.computers.udp.sightings.SightingKeeper",4,2,7,2
"sneer.bricks.pulp.reactive.collections.setfilter.SetFilter",4,3,3,3
"sneer.bricks.snapps.gis.map.MapRenderer",4,2,2,2
"sneer.bricks.snapps.wind.Wind",4,3,4,3
"sneer.bricks.software.bricks.interception.fixtures.staticinitializer.impl.StaticInitializerImpl",1,1,0,4
"sneer.bricks.software.bricks.statestore.tests.BrickStateStoreMock",1,1,0,2
"sneer.bricks.software.code.metaclass.asm.impl.ASMException",0,0,1,1
"sneer.bricks.software.code.metaclass.impl.MetaClassException",0,0,1,1
"sneer.bricks.softwaresharing.BrickSpace",4,2,6,2
"dfcsantos.tracks.tastematching.TasteMatcher",4,2,3,2
"sneer.bricks.expression.snoard.SnoardTuple",2,2,1,3
"sneer.bricks.hardware.cpu.lang.contracts.impl.ContractsImpl",3,3,0,4
"sneer.bricks.hardwaresharing.dataspace.buckets.BlockRead",2,2,1,3
"sneer.bricks.identity.keys.gui.impl.tests.PassphraseTest",3,1,0,2
"sneer.bricks.network.computers.channels.guaranteed.impl.GuaranteedChannelsImpl",3,3,0,4
"sneer.bricks.network.computers.channels.largepackets.impl.LargePacketChannelsImpl",3,3,0,4
"sneer.bricks.network.computers.udp.connections.UdpConnectionManager",3,1,5,2
"sneer.bricks.network.computers.udp.receiver.ReceiverThreads",5,2,4,2
"sneer.bricks.network.social.navigation.ContactNavigator",4,2,3,2
"sneer.bricks.pulp.reactive.signalchooser.impl.SignalChoosersImpl",3,3,0,4
"sneer.bricks.pulp.retrier.impl.RetrierManagerImpl",3,3,0,4
"sneer.bricks.pulp.streams.sequencer.impl.SequencersImpl",3,3,0,4
"sneer.bricks.snapps.chat.gui.panels.ChatPanels",5,3,4,3
"sneer.bricks.snapps.games.go.impl.network.GoMove",2,2,1,3
"sneer.bricks.snapps.games.sliceWars.impl.sneer.SliceWarsInvitation",2,2,1,3
"sneer.bricks.snapps.gis.location.impl.LocationsImpl",3,3,0,4
"sneer.bricks.snapps.web.impl.WebResponse",2,2,1,3
"sneer.bricks.software.code.java.source.writer.impl.JavaSourceWritersImpl",3,2,0,3
"sneer.snapps.games.drones.units.impl.UnitsImpl",3,2,0,3
"sneer.tests.freedom5.Freedom5TestChannels",3,2,0,3
"snype.whisper.skin.audio.speaker.Speaker",4,1,3,2
"sneer.bricks.network.computers.addresses.own.port.OwnPort",3,1,12,2
"sneer.bricks.network.computers.tcp.protocol.ProtocolTokens",3,1,5,1
"sneer.bricks.hardware.gui.trayicon.TrayIcon",1,1,3,1
"sneer.bricks.hardware.ram.graphs.DirectedGraph",1,0,3,0
"sneer.bricks.snapps.chat.gui.panels.Message",1,0,9,0
"sneer.bricks.pulp.reactive.collections.MapValueChange",0,0,0,0
"basis.brickness.impl.tests.fixtures.a.BrickA",2,1,3,1
"sneer.bricks.expression.tuples.floodcache.FloodedTupleCache",2,1,4,1
"sneer.bricks.hardware.cpu.threads.throttle.CpuThrottle",2,1,7,1
"sneer.bricks.hardware.io.prevalence.nature.tests.fixtures.brick2.PrevalentBrick2",2,1,4,1
"sneer.bricks.network.computers.tcp.TcpNetwork",2,0,12,0
"sneer.bricks.skin.widgets.reactive.TextWidget",3,2,11,3
"sneer.bricks.software.bricks.interception.fixtures.combinedmethods.BrickOfSomeInterceptingNature",2,1,2,1
"sneer.bricks.software.code.compilers.LanguageRegistry",2,1,5,1
"basis.brickness.impl.BrickClassLoader",0,0,1,0
"sneer.bricks.network.computers.connections.ByteConnection",4,3,9,3
"sneer.bricks.network.computers.http.gateway.HttpGateway",3,1,3,1
"sneer.bricks.network.computers.udp.sender.UdpSender",3,1,5,1
"sneer.bricks.pulp.dyndns.ownaccount.DynDnsAccountKeeper",3,2,5,2
"sneer.bricks.pulp.notifiers.pulsers.PulseSenders",3,2,8,2
"sneer.bricks.skin.filechooser.FileChoosers",3,1,3,1
"sneer.bricks.skin.rooms.ActiveRoomKeeper",3,2,4,2
"sneer.bricks.skin.widgets.reactive.ImageWidget",4,2,2,3
"sneer.bricks.software.bricks.compiler.BrickCompilerException",0,0,4,1
"sneer.bricks.software.code.jar.Jars",3,0,4,0
"sneer.bricks.softwaresharing.git.Git",3,0,2,0
"sneer.bricks.expression.files.client.downloads.gui.DownloadListPanels",4,2,2,2
"sneer.bricks.expression.files.protocol.FolderContents",2,2,24,3
"sneer.bricks.expression.tuples.remote.RemoteTuples",4,3,22,3
"sneer.bricks.hardware.clock.ticker.impl.ClockTickerImpl",3,2,0,3
"sneer.bricks.hardware.cpu.utils.consumers.parsers.integer.impl.IntegerParsersImpl",2,2,0,3
"sneer.bricks.hardware.ram.graphs.impl.GraphsImpl",2,2,0,3
"sneer.bricks.hardwaresharing.dataspace.buckets.impl.BucketsImpl",2,2,0,3
"sneer.bricks.network.computers.addresses.contacts.ContactAddresses",4,2,3,2
"sneer.bricks.network.computers.udp.impl.UdpNetworkImpl",2,1,0,2
"sneer.bricks.pulp.datastructures.cache.impl.CacheFactoryImpl",2,2,0,3
"sneer.bricks.pulp.dyndns.updater.RedundantUpdateException",0,0,4,1
"sneer.bricks.pulp.dyndns.updater.ServerErrorException",0,0,2,1
"sneer.bricks.pulp.dyndns.updater.UnexpectedResponseException",0,0,2,1
"sneer.bricks.pulp.reactive.gates.buffers.assync.impl.AssynchronousBuffersImpl",2,2,0,3
"sneer.bricks.pulp.reactive.gates.numbers.impl.NumberGatesImpl",2,2,0,3
"sneer.bricks.pulp.serialization.fixtures.brickwithlib.impl.BrickToBeSerializedImpl",2,1,0,3
"sneer.bricks.skin.popuptrigger.PopupTrigger",4,1,3,1
"sneer.bricks.skin.widgets.autoscroll.impl.AutoScrollImpl",2,1,0,2
"sneer.bricks.snapps.chat.Chat",3,1,2,1
"sneer.bricks.snapps.contacts.gui.comparator.ContactComparator",3,1,3,2
"sneer.bricks.snapps.contacts.gui.info.ContactInfoWindow",3,1,2,1
"sneer.bricks.snapps.games.go.impl.logging.GoLogger",0,0,5,1
"sneer.bricks.snapps.web.Web",2,0,2,0
"sneer.bricks.software.bricks.repl.gui.ReplWindow",3,1,1,1
"sneer.bricks.software.code.metaclass.asm.impl.AnnotationInfoImpl",1,1,1,2
"sneer.bricks.softwaresharing.publisher.BuildingHash",2,2,2,3
"snype.whisper.AudioPacket",1,0,0,0
"snype.whisper.skin.audio.speaker.impl.SpeakerImpl",2,1,0,2
"snype.whisper.skin.screenshotter.Screenshotter",4,2,1,2
"snype.whisper.speextuples.tests.PcmSoundPacket",2,2,1,3
"dfcsantos.music.notification.playingtrack.impl.PlayingTrackImpl",3,2,0,3
"sneer.bricks.expression.files.transfer.downloadfolder.impl.DownloadFolderImpl",3,2,0,3
"sneer.bricks.identity.name.impl.OwnNameImpl",3,2,0,3
"sneer.bricks.identity.name.OwnName",3,1,11,2
"sneer.bricks.network.computers.addresses.own.host.impl.OwnHostImpl",3,2,0,3
"sneer.tests.adapters.impl.utils.network.udp.tests.InProcessUdpNetworkTest",5,3,0,4
"sneer.tests.prevalence.fixtures.setup.impl.PrevalenceTestSetupImpl",4,3,0,4
"sneer.tests.SovereignCommunity",0,0,1,0
"sneer.bricks.expression.files.map.visitors.FolderStructureVisitor",1,1,6,1
"sneer.bricks.hardwaresharing.dataspace.buckets.Bucket",1,0,4,0
"sneer.bricks.network.computers.addresses.keeper.InternetAddress",2,2,10,2
"sneer.bricks.network.computers.tcp.ByteArraySocket",1,0,23,0
"sneer.bricks.network.social.attributes.gui.AttributePanelElement",2,2,4,2
"sneer.bricks.pulp.propertystore.PropertyStore",1,0,6,0
"sneer.bricks.skin.main.instrumentregistry.Instrument",1,1,11,1
"sneer.bricks.skin.widgets.reactive.ListWidget",2,1,6,2
"sneer.bricks.snapps.diff.text.gui.TextDiffPanel",2,0,2,0
"basis.lang.Functor",0,0,55,1
"dfcsantos.tracks.exchange.downloads.counter.TrackDownloadCounter",2,1,4,1
"dfcsantos.tracks.execution.playlist.Playlists",2,0,4,0
"sneer.bricks.expression.files.client.downloads.TimeoutException",0,0,6,1
"sneer.bricks.hardware.cpu.timebox.Timebox",2,1,2,1
"sneer.bricks.hardware.io.log.filter.LogFilter",2,1,3,1
"sneer.bricks.hardware.ram.deepcopy.DeepCopier",2,0,1,0
"sneer.bricks.network.computers.udp.holepuncher.server.StunServer",2,0,4,0
"sneer.bricks.pulp.exceptionhandling.ExceptionHandler",2,1,8,1
"sneer.bricks.pulp.notifiers.Notifiers",2,1,15,1
"sneer.bricks.pulp.reactive.collections.CollectionSignal",3,2,16,4
"sneer.bricks.pulp.reactive.gates.logic.LogicGates",2,1,4,1
"sneer.bricks.pulp.reactive.gates.strings.StringGates",2,1,3,1
"sneer.bricks.skin.main.dashboard.InstrumentPanel",3,1,11,1
"sneer.bricks.skin.main.instrumentregistry.InstrumentRegistry",2,1,10,1
"sneer.bricks.skin.widgets.reactive.ToggleButtonWidget",3,2,2,3
"sneer.bricks.snapps.contacts.gui.ContactTextProvider",2,2,3,2
"sneer.bricks.software.bricks.snapploader.SnappLoader",2,1,3,1
"sneer.bricks.software.code.metaclass.MetaClasses",2,0,1,0
"basis.brickness.Brickness",2,2,9,2
"basis.lang.Objects",0,0,0,1
"dfcsantos.music.ui.view.MusicView",3,2,3,3
"dfcsantos.tracks.execution.player.TrackPlayer",3,2,3,2
"sneer.bricks.expression.files.hasher.FolderContentsHasher",3,2,5,2
"sneer.bricks.expression.files.map.visitors.FileMapGuide",3,1,5,1
"sneer.bricks.expression.files.transfer.FileTransferAccept",1,1,1,2
"sneer.bricks.expression.tuples.tests.KeptTuple",1,1,5,2
"sneer.bricks.expression.tuples.tests.TestTuple",1,1,10,2
"sneer.bricks.hardware.cpu.crypto.ecdh.ECDHKeyAgreement",2,1,4,1
"sneer.bricks.hardware.io.log.filter.LogWhiteListEntry",1,1,0,2
"sneer.bricks.hardware.io.prevalence.flag.impl.PrevalenceFlagImpl",1,1,0,2
"sneer.bricks.hardwaresharing.backup.InSync",2,2,1,3
"sneer.bricks.network.computers.addresses.contacts.tcp.ContactInternetAddresses",3,2,3,2
"sneer.bricks.network.computers.addresses.own.ips.OwnIps",3,1,3,1
"sneer.bricks.network.computers.http.server.HttpServer",3,1,3,1
"sneer.bricks.network.computers.tcp.accepter.SocketAccepter",3,2,2,2
"sneer.bricks.network.social.attributes.gui.AttributeListPanels",3,1,2,1
"sneer.bricks.network.social.heartbeat.stethoscope.Stethoscope",3,2,2,2
"sneer.bricks.network.social.navigation.ContactsRequest",2,2,1,3
"sneer.bricks.pulp.httpclient.HttpClient",3,1,5,1
"sneer.bricks.pulp.probe.tests.TupleWithId",1,1,2,2
"sneer.bricks.skin.image.DefaultIcons",1,0,2,0
"sneer.bricks.skin.imgselector.ImageSelector",3,1,1,1
"sneer.bricks.skin.main.icons.Icons",3,1,8,1
"sneer.bricks.skin.widgets.autoscroll.AutoScroll",3,1,3,1
"sneer.bricks.snapps.games.go.impl.network.GoMessage",2,2,3,3
"sneer.bricks.software.bricks.compiler.Builder",3,0,4,0
"sneer.bricks.software.bricks.finder.BrickFinder",3,0,3,0
"sneer.bricks.software.bricks.interception.fixtures.combinedmethods.impl.GreeterBase",1,1,1,2
"sneer.bricks.software.bricks.interception.fixtures.primitivemethods.noargs.impl.PrimitiveMethodNoArgsImpl",1,1,0,2
"sneer.bricks.software.bricks.interception.fixtures.refmethods.noargs.impl.RefMethodsNoArgsImpl",1,1,0,2
"sneer.bricks.software.bricks.interception.InterceptionEnhancer",3,1,3,1
"sneer.snapps.games.drones.Challenge",2,2,1,3
"snype.whisper.gui.SnypeAcceptTuple",2,2,1,3
"snype.whisper.gui.SnypeCall",2,2,1,3
"snype.whisper.gui.SnypeStopTuple",2,2,1,3
"sneer.bricks.expression.files.transfer.downloadfolder.DownloadFolder",3,1,4,2
"sneer.bricks.software.code.compilers.java.JavaCompiler",3,1,6,2
"sneer.tests.adapters.impl.utils.network.tests.InProcessNetworkTest",4,3,0,4
"sneer.tests.prevalence.fixtures.assertion.impl.PrevalenceTestAssertionImpl",3,2,0,3
"snype.whisper.speextuples.SpeexTuples",2,0,2,0
"sneer.bricks.hardware.cpu.crypto.Digester",0,0,3,0
"sneer.bricks.pulp.datastructures.cache.Cache",0,0,4,0
"sneer.bricks.software.bricks.interception.Boxing",0,0,1,2
"sneer.bricks.software.timing.TimingTarget",0,0,2,0
"sneer.bricks.pulp.reactive.ReactivePredicate",1,0,5,0
"sneer.bricks.snapps.contacts.actions.ContactAction",1,1,13,2
"sneer.bricks.software.code.compilers.Result",1,0,6,0
"basis.brickness.impl.tests.fixtures.b.BrickB",1,0,2,0
"basis.brickness.Nature",2,1,12,1
"sneer.bricks.hardware.clock.ticker.custom.CustomClockTicker",1,0,4,0
"sneer.bricks.hardware.gui.timebox.TimeboxedEventQueue",1,0,4,0
"sneer.bricks.hardware.io.log.exceptions.ExceptionLogger",1,0,12,0
"sneer.bricks.hardware.io.log.exceptions.robust.RobustExceptionLogging",1,0,3,0
"sneer.bricks.hardware.io.log.worker.LogWorkerHolder",1,0,3,0
"sneer.bricks.hardware.ram.ref.immutable.ImmutableReferences",1,0,4,0
"sneer.bricks.skin.widgets.clipboard.Clipboard",1,0,4,0
"sneer.bricks.skin.widgets.reactive.LabelProvider",2,1,6,1
"sneer.bricks.software.bricks.interception.Interceptor",0,0,7,0
"sneer.bricks.software.bricks.repl.Repl",1,0,4,0
"sneer.bricks.software.bricks.statestore.BrickStateStore",1,0,5,0
"sneer.bricks.software.timing.TimingFramework",1,0,1,0
"snype.whisper.skin.audio.loopback.LoopbackTester",1,0,2,0
"snype.whisper.speex.Speex",1,0,4,0
"basis.brickness.testsupport.tests.foo.FooBrick",2,1,3,1
"basis.lang.exceptions.Crashed",1,0,3,0
"basis.lang.exceptions.Refusal",0,0,27,1
"dfcsantos.tracks.exchange.endorsements.TrackEndorser",2,1,3,1
"dfcsantos.tracks.exchange.TrackExchange",2,1,2,1
"dfcsantos.tracks.execution.playlist.impl.SequentialPlaylist",1,0,1,1
"sneer.bricks.expression.tuples.testsupport.pump.TuplePumps",2,1,2,1
"sneer.bricks.hardware.cpu.crypto.ecb.ECBCiphers",2,1,4,1
"sneer.bricks.hardware.cpu.exceptions.ExceptionCapsule",0,0,0,1
"sneer.bricks.hardware.cpu.utils.consumers.parsers.integer.IntegerParsers",2,1,2,1
"sneer.bricks.hardware.cpu.utils.consumers.validators.bounds.integer.IntegerBounds",2,1,1,1
"sneer.bricks.hardware.io.log.notifier.LogNotifier",2,1,4,1
"sneer.bricks.hardwaresharing.backup.FileToRestore",1,1,1,2
"sneer.bricks.hardwaresharing.backup.FileToSync",1,1,1,2
"sneer.bricks.identity.keys.signatures.Signatures",2,0,1,0
"sneer.bricks.identity.seals.OwnSeal",2,1,31,1
"sneer.bricks.pulp.dyndns.checkip.CheckIp",2,0,4,0
"sneer.bricks.pulp.dyndns.ownip.OwnIpDiscoverer",2,1,4,1
"sneer.bricks.pulp.dyndns.updater.BadAuthException",0,0,4,1
"sneer.bricks.pulp.dyndns.updater.Updater",2,0,4,0
"sneer.bricks.pulp.notifiers.pulsers.Pulser",3,3,7,4
"sneer.bricks.pulp.notifiers.Source",3,3,24,4
"sneer.bricks.pulp.reactive.gates.buffers.assync.AssynchronousBuffers",2,1,2,1
"sneer.bricks.pulp.reactive.gates.numbers.NumberGates",2,1,1,1
"sneer.bricks.pulp.reactive.signalchooser.SignalChoosers",2,1,4,1
"sneer.bricks.pulp.streams.sequencer.Sequencers",2,1,4,1
"sneer.bricks.skin.main.title.ProcessTitle",2,1,4,1
"sneer.bricks.snapps.contacts.gui.ContactImageProvider",3,2,0,2
"sneer.bricks.snapps.games.go.impl.gui.game.painters.BoardImagePainter",3,0,3,0
"sneer.bricks.snapps.gis.location.Locations",2,1,2,1
"sneer.bricks.snapps.system.log.file.LogToFile",2,0,2,0
"sneer.bricks.software.bricks.interception.fixtures.brickwithlib.BrickWithLib",2,1,2,1
"sneer.bricks.software.bricks.interception.fixtures.combinedmethods.impl.Greeter2",0,0,1,1
"sneer.bricks.software.bricks.interception.fixtures.primitivemethods.noargs.PrimitiveMethodNoArgs",2,1,2,1
"sneer.bricks.software.bricks.interception.fixtures.refmethods.noargs.RefMethodsNoArgs",2,1,2,1
"sneer.bricks.software.bricks.interception.fixtures.staticinitializer.StaticInitializer",2,1,2,1
"sneer.bricks.software.bricks.interception.fixtures.voidmethods.noargs.impl.VoidMethodsNoArgsImpl",1,1,0,2
"sneer.bricks.software.bricks.interception.fixtures.voidmethods.noargs.VoidMethodsNoArgs",2,1,2,1
"sneer.bricks.software.bricks.interception.fixtures.voidmethods.onearg.impl.VoidMethodsRefArgImpl",1,1,0,2
"sneer.bricks.software.bricks.interception.fixtures.voidmethods.onearg.VoidMethodsRefArg",2,1,2,1
"sneer.bricks.software.bricks.interception.impl.UniqueNameProvider",0,0,0,0
"sneer.bricks.software.code.compilers.LanguageCompiler",3,0,5,0
"sneer.bricks.software.code.java.source.writer.JavaSourceWriters",2,0,5,0
"sneer.bricks.softwaresharing.demolisher.filestatus.FileStatusCalculator",2,1,3,1
"sneer.bricks.softwaresharing.publisher.BuildingPublisher",2,0,2,0
"sneer.snapps.games.drones.units.Units",2,0,3,0
"snype.whisper.skin.audio.player.SoundPlayer",2,0,1,0
"dfcsantos.music.notification.playingtrack.PlayingTrack",3,1,4,2
"dfcsantos.music.ui.presenter.contactstatus.ContactMusicStatus",3,1,1,1
"dfcsantos.music.ui.presenter.menuitem.MusicMenuItem",3,1,1,1
"sneer.bricks.expression.files.transfer.gui.FileTransferGui",2,0,1,0
"sneer.bricks.expression.snoard.Snoard",2,0,1,0
"sneer.bricks.hardware.cpu.profiler.Profiler",2,0,1,0
"sneer.bricks.hardware.gui.nature.GUI",4,3,19,5
"sneer.bricks.hardwaresharing.dataspace.buckets.BlockReadResponse",2,2,1,3
"sneer.bricks.network.computers.addresses.own.host.OwnHost",3,1,2,2
"sneer.bricks.network.social.attributes.gui.window.AttributesWindow",3,1,1,1
"sneer.bricks.network.social.navigation.gui.ContactNavigationWindow",3,1,1,1
"sneer.bricks.network.social.rendezvous.Rendezvous",2,0,2,0
"sneer.bricks.network.social.ui.clipboardadder.ClipboardAdder",2,0,1,0
"sneer.bricks.skin.main.dashboard.Dashboard",3,1,2,1
"sneer.bricks.skin.main.menu.exit.ExitMenuItem",3,1,1,1
"sneer.bricks.snapps.gis.map.gui.MapGui",3,1,1,2
"sneer.bricks.snapps.owninfo.OwnInfo",3,1,1,1
"sneer.bricks.snapps.system.blinkinglights.gui.BlinkingLightsGui",3,1,1,2
"sneer.bricks.snapps.system.meter.bandwidth.gui.BandwidthMeterGui",3,1,1,2
"sneer.bricks.snapps.system.meter.memory.gui.MemoryMeterGui",3,1,1,2
"sneer.bricks.snapps.tasks.gui.TaskWindow",2,0,1,0
"sneer.bricks.snapps.wind.gui.WindGui",3,1,1,2
"sneer.bricks.software.bricks.interception.fixtures.nature.SomeInterceptingNature",3,2,8,4
"sneer.snapps.games.drones.ui.DronesUI",2,0,1,0
"snype.whisper.gui.SnypeGUI",2,0,1,0
"snype.whisper.gui.WhisperGui",3,1,1,2
"basis.lang.Predicate",0,0,19,0
"sneer.bricks.hardware.ram.ref.immutable.ImmutableReference",0,0,8,0
"sneer.bricks.hardware.ram.reflection.visitation.Tour",0,0,1,0
"sneer.bricks.pulp.reactive.collections.MapRegister",0,0,3,0
"sneer.bricks.software.code.compilers.CompilationError",0,0,4,0
"dfcsantos.tracks.execution.player.TrackContract",1,1,3,2
"dfcsantos.tracks.execution.playlist.Playlist",1,1,6,1
"dfcsantos.tracks.Track",1,0,17,0
"sneer.bricks.network.computers.connections.Call",1,1,8,1
"sneer.bricks.network.computers.tcp.ByteArrayServerSocket",1,0,7,0
"sneer.bricks.pulp.reactive.collections.CollectionChange",1,0,22,0
"sneer.bricks.pulp.reactive.collections.MapSignal",1,0,1,1
"sneer.bricks.pulp.reactive.Register",1,1,62,1
"sneer.bricks.snapps.games.go.impl.logic.BoardListener",1,0,2,0
"sneer.bricks.snapps.games.go.impl.Player",1,1,3,1
"sneer.bricks.software.timing.WindowOpacitySetter",1,0,2,0
"basis.lang.PickyConsumer",1,1,28,2
"sneer.bricks.hardware.cpu.lang.contracts.Contracts",1,0,4,0
"sneer.bricks.hardware.gui.trayicon.SystemTrayNotSupported",0,0,3,1
"sneer.bricks.hardware.io.log.formatter.LogFormatter",1,0,3,0
"sneer.bricks.hardware.io.log.Logger",1,0,63,0
"sneer.bricks.hardware.io.prevalence.flag.PrevalenceFlag",1,0,4,0
"sneer.bricks.hardware.ram.graphs.Graphs",1,0,2,0
"sneer.bricks.hardware.ram.ref.weak.keeper.WeakReferenceKeeper",1,0,17,0
"sneer.bricks.hardware.ram.reflection.visitation.ReflectionGuide",1,0,2,0
"sneer.bricks.hardwaresharing.dataspace.buckets.BlockNumberOutOfRange",0,0,2,1
"sneer.bricks.network.computers.udp.server.UdpServer",1,0,3,0
"sneer.bricks.network.social.Contact",2,2,90,3
"sneer.bricks.pulp.datastructures.cache.CacheFactory",1,0,3,0
"sneer.bricks.pulp.dyndns.client.DynDnsClient",1,0,2,0
"sneer.bricks.pulp.probe.tests.TupleTypeA",0,0,3,1
"sneer.bricks.pulp.probe.tests.TupleTypeB",0,0,2,1
"sneer.bricks.pulp.retrier.RetrierManager",1,0,2,0
"sneer.bricks.pulp.retrier.Task",2,2,3,2
"sneer.bricks.pulp.serialization.fixtures.brickwithlib.BrickToBeSerialized",1,0,2,0
"sneer.bricks.snapps.diff.text.gui.TextDiffPanels",1,0,2,0
"sneer.bricks.software.code.jar.JarBuilder",2,0,3,1
"sneer.bricks.software.code.java.source.writer.JavaSourceWriter",2,0,6,0
"sneer.bricks.softwaresharing.stager.BrickStager",1,0,4,0
"basis.brickness.impl.tests.fixtures.nature.brick.BrickOfSomeNature",2,1,1,1
"basis.brickness.impl.tests.fixtures.nature.provider.SomeNature",2,1,1,2
"dfcsantos.music.notification.playingtrack.server.PlayingTrackPublisher",2,0,2,0
"sneer.bricks.expression.files.client.downloads.old.DownloadsOld",2,1,2,2
"sneer.bricks.expression.files.protocol.Protocol",1,0,4,0
"sneer.bricks.expression.files.server.FileServer",2,0,5,0
"sneer.bricks.expression.tuples.keeper.gctimer.TupleGarbageCollectionTimer",2,0,1,0
"sneer.bricks.expression.tuples.logger.TupleLogger",2,0,2,0
"sneer.bricks.hardware.io.log.exceptions.uncaught.UncaughtExceptionLogger",2,0,1,0
"sneer.bricks.hardware.ram.recycler.MemoryRecycler",2,0,1,0
"sneer.bricks.network.computers.upnp.Upnp",2,0,1,0
"sneer.bricks.pulp.probe.ProbeManager",2,0,3,0
"sneer.bricks.snapps.contacts.gui.delete.DeleteContactWindow",2,0,1,0
"sneer.bricks.snapps.games.go.GoMain",2,0,1,0
"sneer.bricks.snapps.games.sliceWars.SliceWarsMain",2,0,1,0
"sneer.bricks.snapps.help.Help",2,0,1,0
"sneer.bricks.snapps.system.log.gui.LogConsole",2,0,2,0
"sneer.bricks.software.code.compilers.scala.ScalaCompiler",2,1,1,2
"sneer.bricks.softwaresharing.gui.BricksGui",2,0,1,0
"sneer.bricks.softwaresharing.mapper.RepositoryMapper",2,0,2,0
"basis.brickness.BrickSerializationMapper",0,0,2,0
"sneer.bricks.hardware.cpu.crypto.ECBCipher",0,0,7,0
"sneer.bricks.hardware.gui.actions.Action",0,0,17,0
"sneer.bricks.hardware.io.prevalence.nature.tests.fixtures.Item",0,0,2,0
"sneer.bricks.pulp.blinkinglights.ConfirmationLight",0,0,0,1
"sneer.bricks.pulp.inspector.BrickInfo",0,0,0,0
"sneer.bricks.pulp.notifiers.Notifier",0,0,16,0
"sneer.bricks.pulp.notifiers.pulsers.PulseSender",0,0,4,0
"sneer.bricks.pulp.reactive.signalchooser.ListOfSignalsReceiver",0,0,5,0
"sneer.bricks.snapps.gis.location.Location",0,0,5,0
"sneer.bricks.software.bricks.repl.Evaluator",0,0,6,0
"sneer.bricks.software.code.compilers.Language",0,0,7,0
"sneer.bricks.software.timing.PropertySetter",0,0,1,0
"sneer.snapps.games.drones.units.Attributable",0,0,2,0
"snype.whisper.speex.Encoder",0,0,5,0
"basis.lang.Closure",0,0,134,2
"basis.lang.Consumer",0,0,199,1
"basis.lang.Producer",0,0,57,1
"sneer.bricks.expression.tuples.testsupport.pump.TuplePump",1,1,4,2
"sneer.bricks.hardware.cpu.lang.contracts.Contract",0,0,17,1
"sneer.bricks.hardware.cpu.lang.contracts.WeakContract",0,0,139,1
"sneer.bricks.network.computers.channels.guaranteed.GuaranteedChannels",1,1,1,1
"sneer.bricks.network.computers.channels.largepackets.LargePacketChannels",1,1,1,1
"sneer.bricks.pulp.inspector.BrickInspector",1,0,0,0
"sneer.bricks.pulp.reactive.Signal",1,1,165,2
"sneer.bricks.pulp.reactive.signalchooser.SignalChooser",1,1,13,1
"sneer.bricks.skin.widgets.reactive.ComponentWidget",1,0,5,1
"sneer.bricks.skin.widgets.reactive.Widget",1,0,6,0
"sneer.bricks.snapps.games.go.impl.TimerFactory",1,1,4,1
"sneer.bricks.snapps.games.sliceWars.impl.gui.drawers.Drawer",1,0,7,0
"sneer.bricks.snapps.games.sliceWars.impl.logic.gameStates.AttackCallback",1,1,3,1
"sneer.bricks.snapps.games.sliceWars.impl.logic.gameStates.SelectedCallback",1,1,2,1
"sneer.bricks.snapps.web.impl.ContactProvider",1,1,2,1
"sneer.bricks.software.bricks.compiler.tests.fixtures.Foo",0,0,1,0
"sneer.bricks.software.bricks.repl.ReplConsole",0,0,4,0
"basis.brickness.testsupport.tests.bar.BarBrick",1,0,5,0
"sneer.bricks.hardware.io.prevalence.nature.Prevalent",2,1,14,2
"sneer.bricks.hardwaresharing.dataspace.buckets.Buckets",2,1,2,2
"sneer.bricks.network.social.attributes.tests.fixtures.AttributeWithDefaultValue",1,1,1,2
"sneer.bricks.software.bricks.finder.tests.fixtures.brick2.BrickWithNature",2,1,0,1
"sneer.bricks.software.bricks.finder.tests.fixtures.nature.SomeNature",2,1,1,2
"sneer.bricks.softwaresharing.demolisher.tests.fixtures.buildinga.brick1.Brick1",1,0,1,0
"sneer.bricks.softwaresharing.demolisher.tests.fixtures.buildingb.brick1.Brick1",1,0,0,0
"sneer.tests.adapters.impl.utils.network.udp.InProcessUdpNetwork",2,1,2,2
"sneer.tests.prevalence.fixtures.assertion.PrevalenceTestAssertion",1,0,2,0
"sneer.tests.prevalence.fixtures.setup.PrevalenceTestSetup",1,0,2,0
"snype.whisper.skin.audio.SoundTuples",1,0,1,0
"snype.whisper.speex.impl.SpeexConstants",0,0,0,0
"basis.environments.Environment",0,0,43,0
"basis.environments.NonBlockingEnvironment",0,0,3,1
"basis.lang.ClosureX",0,0,19,0
"basis.lang.ConsumerX",0,0,2,0
"basis.lang.FunctorX",0,0,3,0
"basis.lang.ProducerX",0,0,8,0
"sneer.bricks.hardware.cpu.lang.contracts.Disposable",0,0,7,0
"sneer.bricks.hardware.io.log.worker.LogWorker",0,0,3,0
"sneer.bricks.hardware.ram.reflection.visitation.ReflectionVisitor",0,0,1,0
"sneer.bricks.network.computers.http.server.HttpHandler",0,0,3,0
"sneer.bricks.pulp.reactive.collections.CollectionRegister",0,0,2,0
"sneer.bricks.pulp.reactive.collections.SetSignal",0,0,36,1
"sneer.bricks.pulp.retrier.Retrier",0,0,3,0
"sneer.bricks.pulp.streams.sequencer.Sequencer",0,0,5,0
"sneer.bricks.snapps.games.sliceWars.impl.logic.Dice",0,0,3,0
"sneer.bricks.snapps.games.sliceWars.impl.logic.DiceThrower",0,0,2,0
"sneer.bricks.snapps.games.sliceWars.impl.logic.gameStates.DiceLeftCallback",0,0,2,0
"sneer.bricks.snapps.games.sliceWars.impl.logic.gameStates.PlayListener",0,0,3,0
"sneer.bricks.snapps.games.sliceWars.impl.RemotePlayListener",0,0,3,0
"sneer.bricks.software.bricks.interception.fixtures.combinedmethods.Greeter",0,0,2,0
"sneer.bricks.software.code.metaclass.asm.AnnotationVisitor",0,0,2,1
"sneer.bricks.software.code.metaclass.asm.ClassReader",0,0,3,0
"sneer.bricks.software.code.metaclass.asm.ClassVisitor",0,0,3,1
"sneer.tests.adapters.SneerPartyApiClassLoader",0,0,1,0
"snype.whisper.speex.Decoder",0,0,5,0
"basis.brickness.impl.tests.fixtures.InterfaceWithoutImplementation",1,0,1,0
"basis.brickness.impl.tests.fixtures.nature.brick.impl.BrickOfSomeNatureImpl",1,1,0,2
"basis.brickness.testsupport.tests.bar.impl.BarBrickImpl",1,1,0,2
"dfcsantos.music.ui.presenter.MusicPresenter",1,0,2,0
"sneer.bricks.hardware.clock.ticker.ClockTicker",1,0,4,0
"sneer.bricks.hardware.gui.actions.ActionPlaceHolder",1,0,0,0
"sneer.bricks.hardwaresharing.backup.RestoreRequest",1,1,1,2
"sneer.bricks.identity.keys.gui.PublicKeyInitDialog",1,0,2,0
"sneer.bricks.network.computers.channels.guaranteed.GuaranteedChannel",1,1,3,2
"sneer.bricks.network.computers.channels.largepackets.LargePacketChannel",1,1,2,2
"sneer.bricks.network.computers.tcp.connections.originator.SocketOriginator",1,0,3,0
"sneer.bricks.network.computers.tcp.connections.receiver.SocketReceiver",1,0,2,0
"sneer.bricks.network.computers.udp.holepuncher.server.listener.StunServerListeners",1,0,4,0
"sneer.bricks.network.social.attributes.Attribute",0,0,15,0
"sneer.bricks.network.social.heartbeat.Heart",1,0,2,0
"sneer.bricks.network.social.navigation.ContactNavigatorReply",1,1,0,2
"sneer.bricks.pulp.distribution.filtering.tests.TupleA",1,1,7,2
"sneer.bricks.pulp.distribution.filtering.tests.TupleB",1,1,3,2
"sneer.bricks.snapps.system.log.sysout.LogToSysout",1,0,3,0
"sneer.bricks.software.bricks.finder.tests.fixtures.brick1.BrickWithoutNature",1,0,0,0
"sneer.bricks.softwaresharing.demolisher.tests.fixtures.buildinga.brick1.impl.Brick1Impl",1,1,0,2
"sneer.tests.adapters.SneerPartyController",1,0,1,0
"snype.whisper.skin.audio.impl.SoundTuplesImpl",1,1,0,2
"basis.brickness.impl.tests.fixtures.InterfaceWithoutBrickAnnotation",0,0,1,0
"sneer.bricks.hardware.cpu.exceptions.Hiccup",0,0,7,1
"sneer.bricks.hardwaresharing.backup.HardDriveMegabytesLent",1,1,0,2
"sneer.bricks.hardwaresharing.backup.ImportantFolder",1,1,1,2
"sneer.bricks.network.social.attributes.tests.fixtures.AnotherAttribute",1,1,1,2
"sneer.bricks.network.social.attributes.tests.fixtures.SomeAttribute",1,1,1,2
"sneer.bricks.network.social.heartbeat.Heartbeat",1,1,3,2
"sneer.bricks.software.bricks.finder.tests.fixtures.brick2.NonBrick",0,0,0,0
"sneer.bricks.software.bricks.finder.tests.fixtures.nonbrick.NonBrick",0,0,0,0
"sneer.bricks.software.code.compilers.java.tests.TestLib",0,0,1,0
"sneer.bricks.software.code.metaclass.asm.AnnotationInfo",0,0,2,0
"sneer.bricks.software.code.metaclass.asm.ASMTodo",0,0,0,0
"sneer.bricks.software.code.metaclass.asm.Visitor",0,0,3,0
"basis.lang.Factory",0,0,0,1
"basis.lang.ReadOnly",0,0,4,0
"sneer.bricks.expression.files.map.mapper.MappingStopped",0,0,10,1
"sneer.bricks.snapps.games.go.impl.logic.IllegalMove",0,0,3,1
