"type","sloc","nom","npm","wmc","dep","i-dep","fan-in","fan-out","noa"
"sneer.tests.adapters.impl.SneerPartyControllerImpl",475,76,43,92,55,47,0,56,5
"sneer.bricks.snapps.games.go.impl.gui.game.GoBoardPanel",391,43,25,64,31,13,2,20,28
"sneer.bricks.skin.main.dashboard.impl.DashboardPanel",343,53,23,46,48,10,1,23,22
"sneer.bricks.network.computers.udp.connections.tests.UdpConnectionManagerTest",339,44,24,40,52,29,0,33,8
"sneer.bricks.snapps.games.go.tests.logic.GoTest",332,19,17,19,5,3,0,5,1
"sneer.bricks.software.bricks.interception.impl.ClassEnhancer",267,32,8,55,13,3,1,11,15
"basis.testsupport.CleanTestBase",252,37,10,68,11,0,3,11,10
"sneer.bricks.snapps.games.go.impl.logic.GoBoard",245,33,18,76,5,0,5,1,12
"sneer.bricks.expression.files.client.downloads.impl.AbstractDownload",216,38,16,63,24,18,2,23,19
"sneer.bricks.expression.files.client.downloads.old.impl.AbstractDownloadOld",216,38,16,63,24,18,2,23,19
"sneer.bricks.skin.widgets.reactive.impl.RAbstractField",213,34,20,34,29,11,2,20,12
"sneer.bricks.software.bricks.interception.tests.InterceptionTest",209,38,32,18,27,18,0,20,2
"sneer.bricks.softwaresharing.gui.impl.BricksGuiImpl",209,24,10,21,40,15,0,23,13
"dfcsantos.music.tests.MusicFunctionalTest",200,13,6,14,27,17,0,21,4
"sneer.bricks.snapps.system.log.gui.impl.LogConsoleImpl",198,31,15,16,52,22,0,35,14
"sneer.bricks.expression.files.map.mapper.impl.MapperWorker",196,24,4,54,28,13,1,20,6
"sneer.bricks.hardware.io.impl.IOImpl",195,57,49,9,21,5,0,12,4
"dfcsantos.music.ui.presenter.impl.MusicPresenterImpl",195,36,25,39,23,20,0,24,9
"sneer.bricks.softwaresharing.stager.tests.BrickStagerTest",195,35,9,39,29,20,1,25,1
"sneer.bricks.snapps.owninfo.impl.OwnInfoImpl",195,26,6,26,43,20,0,30,9
"sneer.bricks.snapps.system.blinkinglights.gui.impl.BlinkingLightsGuiImpl",191,24,9,23,43,14,0,29,11
"sneer.bricks.expression.files.client.downloads.impl.FileDownload",189,23,2,40,29,16,1,19,7
"sneer.bricks.expression.files.client.downloads.old.impl.FileDownloadOld",189,23,2,40,29,16,2,19,7
"sneer.bricks.pulp.dyndns.client.impl.DynDnsClientImpl",187,32,18,36,21,18,0,25,16
"snype.whisper.audio.AudioCommon",186,9,3,49,14,3,0,9,2
"sneer.bricks.snapps.chat.gui.panels.impl.ChatPanelImpl",185,22,8,31,38,11,1,20,9
"sneer.bricks.hardwaresharing.backup.impl.SnackupImpl",176,29,11,25,39,33,0,38,8
"sneer.bricks.software.bricks.compiler.impl.Build",175,28,1,37,19,8,1,13,3
"sneer.bricks.pulp.reactive.collections.listsorter.tests.ListSorterTest",168,10,7,8,17,11,0,13,12
"sneer.bricks.skin.image.impl.ImageFactoryImpl",166,17,13,23,25,3,0,14,3
"sneer.bricks.expression.files.transfer.impl.FileTransferImpl",163,25,12,24,35,26,0,29,6
"sneer.bricks.software.bricks.compiler.tests.BuilderTest",161,19,5,21,23,17,0,20,1
"dfcsantos.music.impl.MusicImpl",154,28,25,31,17,15,0,17,8
"dfcsantos.tracks.exchange.downloads.downloader.impl.TrackDownloaderImpl",154,24,5,37,33,27,0,29,5
"basis.brickness.testsupport.BrickTestRunner",154,21,6,31,22,11,2,22,2
"sneer.bricks.snapps.games.sliceWars.impl.logic.BoardImpl",151,19,14,42,7,0,2,3,1
"sneer.bricks.snapps.games.go.impl.gui.game.painters.PiecePainter",149,15,0,18,10,0,1,2,6
"sneer.bricks.snapps.diff.text.gui.impl.TextDiffPanelsImpl",147,15,10,14,27,6,0,18,11
"sneer.main.SneerVersionUpdater",142,19,3,42,13,0,2,3,3
"sneer.bricks.hardware.io.prevalence.nature.tests.PrevalentNatureTest",141,26,25,14,11,8,0,11,0
"dfcsantos.music.ui.view.impl.FolderSelectionPanel",138,18,6,15,21,5,1,14,7
"sneer.bricks.hardware.clock.timer.impl.TimerImpl",136,20,15,25,14,11,0,18,12
"sneer.bricks.network.computers.udp.connections.impl.Guardian",133,19,8,27,23,12,1,14,8
"sneer.bricks.softwaresharing.gui.impl.FakeModel",131,27,19,7,17,12,0,16,5
"sneer.tests.adapters.SneerCommunity",130,15,7,19,24,15,1,22,5
"sneer.tests.freedom7.Freedom7Test",130,13,3,17,12,6,0,11,0
"sneer.bricks.expression.snoard.impl.SnoardImpl",129,16,14,10,25,14,0,18,2
"sneer.bricks.snapps.chat.gui.panels.impl.MessageListCellRenderer",129,13,2,15,21,3,0,7,6
"sneer.bricks.pulp.reactive.collections.impl.ListRegisterImpl",128,18,16,37,12,8,1,14,3
"sneer.bricks.skin.main.dashboard.impl.DashboardImpl",127,17,8,17,30,16,0,24,12
"snype.whisper.speextuples.tests.SpeexTuplesTest",126,13,4,14,24,19,0,22,5
"sneer.snapps.games.drones.ui.impl.DronesUIImpl",125,21,9,13,29,17,0,23,4
"sneer.bricks.network.computers.upnp.impl.UpnpImpl",125,20,3,26,18,10,0,15,6
"sneer.bricks.pulp.reactive.collections.impl.SetRegisterImpl",124,19,14,37,19,12,2,17,4
"sneer.bricks.softwaresharing.demolisher.tests.DemolisherTest",124,12,4,12,21,14,0,18,1
"sneer.bricks.pulp.dyndns.client.tests.DynDnsClientTest",124,7,4,8,25,20,0,22,8
"sneer.bricks.snapps.games.sliceWars.test.logic.BoardTest",124,6,6,6,9,4,0,4,0
"sneer.bricks.software.diff.tests.TextComparatorTest",124,5,1,6,12,2,0,5,2
"sneer.bricks.network.computers.udp.holepuncher.client.tests.StunClientTest",123,12,5,11,33,23,0,25,4
"sneer.bricks.softwaresharing.demolisher.impl.BrickVersionImpl",121,22,16,30,22,16,1,22,9
"sneer.bricks.softwaresharing.stager.impl.BrickStagerImpl",121,21,1,30,20,14,0,17,2
"sneer.bricks.pulp.blinkinglights.impl.BlinkingLightsImpl",121,18,15,25,20,12,0,14,3
"sneer.bricks.snapps.games.go.impl.GoMainImpl",121,14,8,9,30,26,0,28,7
"sneer.bricks.snapps.contacts.gui.impl.ContactsGuiImpl",120,20,14,17,30,21,0,25,3
"sneer.bricks.snapps.contacts.gui.info.impl.ContactInfoWindowImpl",120,20,12,11,29,16,0,20,6
"sneer.bricks.softwaresharing.impl.BrickSpaceImpl",120,15,7,14,32,25,0,30,4
"sneer.bricks.network.social.navigation.gui.impl.ContactNavigationWindowImpl",119,21,9,14,29,19,0,24,4
"sneer.bricks.snapps.gis.map.gui.impl.MapGuiImpl",117,20,15,13,24,11,0,17,7
"sneer.bricks.pulp.reactive.collections.impl.MapRegisterImpl",117,19,15,34,21,14,1,22,7
"sneer.bricks.snapps.games.sliceWars.test.logic.gameStates.AttackPhaseTest",117,16,16,4,8,3,0,3,0
"sneer.bricks.hardware.cpu.crypto.impl.CryptoImpl",117,14,12,16,27,7,0,9,1
"sneer.bricks.network.computers.udp.holepuncher.client.impl.StunClientImpl",117,13,4,19,28,18,0,23,5
"sneer.bricks.snapps.games.go.impl.gui.game.GameMenu",116,7,6,7,9,0,1,4,6
"dfcsantos.music.ui.view.impl.PlayerControlsPanel",112,20,9,13,16,3,1,8,8
"sneer.bricks.softwaresharing.demolisher.impl.BrickHistoryImpl",111,17,12,34,19,13,1,16,5
"snype.whisper.speextuples.impl.SpeexTuples2Impl",111,17,8,19,26,19,0,21,11
"sneer.bricks.network.computers.tcp.accepter.impl.SocketAccepterImpl",111,14,6,17,21,18,0,21,13
"sneer.bricks.snapps.games.go.impl.gui.game.GuiPlayer",108,12,10,16,16,7,2,12,6
"sneer.bricks.expression.files.server.impl.FileServerImpl",108,11,1,20,23,17,0,21,1
"sneer.bricks.hardware.cpu.lang.impl.LangImpl",105,26,24,4,14,1,0,6,4
"sneer.bricks.expression.files.map.impl.NormalizedFileMap",105,17,10,28,11,6,1,9,2
"sneer.bricks.pulp.reactive.signalchooser.tests.ListOfSignalsReceiverTest",105,16,9,15,15,12,0,18,6
"snype.whisper.gui.impl.SnypeGUIImpl",104,18,14,6,22,19,0,21,4
"sneer.bricks.skin.imgselector.impl.Keyhole",104,13,8,13,16,1,1,5,6
"sneer.bricks.hardware.io.log.tests.BrickTestWithLogger",104,12,0,18,15,3,1,13,2
"dfcsantos.music.impl.TrackSourceStrategy",103,20,11,26,18,13,2,14,4
"dfcsantos.music.ui.view.impl.MusicViewDemo",102,26,25,5,26,18,0,23,11
"sneer.bricks.snapps.games.go.impl.gui.game.painters.StonePainter",101,4,3,22,3,0,1,2,11
"sneer.bricks.expression.files.map.impl.FileMapData",100,13,1,26,5,1,1,5,7
"basis.lang.Immutable",99,14,5,37,7,1,5,9,0
"sneer.bricks.hardware.cpu.crypto.tests.CryptoTest",98,10,6,10,17,6,0,10,3
"sneer.bricks.snapps.games.sliceWars.impl.gui.GamePanel",98,9,6,8,22,13,1,17,4
"sneer.bricks.skin.widgets.reactive.impl.RListImpl",97,18,14,9,19,9,1,15,4
"sneer.bricks.hardware.io.impl.FolderCopierToWorkaroundCommonsIoBug",97,3,0,28,9,0,0,2,0
"sneer.bricks.hardware.gui.trayicon.impl.TrayIconImpl",96,14,12,14,22,9,1,14,3
"snype.whisper.speextuples.impl.SpeexTuplesImpl",96,14,5,15,25,21,0,23,11
"sneer.bricks.skin.imgselector.impl.ImageDialog",96,9,3,9,16,2,1,7,9
"sneer.bricks.snapps.games.sliceWars.impl.logic.gameStates.Attack",96,8,7,20,6,5,7,7,3
"sneer.bricks.software.code.compilers.tests.LanguageCompilerTestBase",95,17,5,17,15,8,2,13,1
"sneer.bricks.hardware.cpu.timebox.impl.TimeboxRunner",94,11,2,16,7,4,1,9,9
"sneer.bricks.hardware.clock.timer.tests.TimerTest",94,10,9,7,12,7,0,12,11
"sneer.bricks.expression.files.tests.FileCopyTestBase",93,17,5,19,16,11,2,16,1
"snype.whisper.skin.audio.mic.impl.MicImpl",93,13,6,18,16,15,0,18,6
"sneer.bricks.expression.files.map.tests.FileMapTest",93,8,6,8,8,6,0,8,1
"sneer.bricks.snapps.diff.text.gui.impl.TextBlockPainter",93,5,3,12,11,1,1,5,10
"sneer.bricks.hardware.io.prevalence.nature.tests.fixtures.impl.SomePrevalentBrickImpl",92,16,15,16,13,8,0,12,5
"sneer.bricks.network.computers.addresses.own.ips.impl.OwnIpsImpl",92,8,4,17,23,10,0,18,5
"sneer.bricks.snapps.games.sliceWars.impl.logic.HexagonBoardFactory",92,6,4,24,2,0,1,1,8
"snype.whisper.skin.audio.player.impl.SoundPlayerImpl",91,7,2,11,20,8,0,13,3
"sneer.bricks.snapps.games.sliceWars.impl.logic.gameStates.GameStateContextImpl",90,16,14,21,7,4,2,6,7
"sneer.bricks.expression.files.client.downloads.impl.FolderDownload",90,13,2,20,21,14,1,17,2
"sneer.bricks.expression.files.client.downloads.old.impl.FolderDownloadOld",90,13,2,20,21,14,2,17,2
"sneer.bricks.expression.files.map.mapper.tests.FileMapperTest",90,13,4,12,16,11,0,14,1
"sneer.bricks.expression.tuples.impl.TupleSpaceImpl",90,13,8,22,17,13,0,15,4
"sneer.bricks.skin.widgets.reactive.impl.ReactiveWidgetFactoryImpl",89,17,17,15,24,14,0,17,0
"sneer.bricks.network.computers.udp.holepuncher.server.tests.StunServerTest",89,11,1,12,15,5,0,9,2
"sneer.bricks.hardware.cpu.threads.mocks.ThreadsMock",88,12,12,17,13,7,1,14,5
"sneer.bricks.pulp.dyndns.updater.tests.UpdaterTest",87,14,12,14,16,11,0,13,1
"sneer.bricks.skin.widgets.reactive.impl.RImageImpl",87,13,11,15,15,7,1,11,4
"sneer.bricks.network.computers.tcp.connections.impl.ByteConnectionImpl",87,12,6,16,12,9,1,12,8
"sneer.bricks.software.bricks.repl.gui.impl.ReplWindowImpl",86,12,6,12,17,6,0,16,4
"sneer.bricks.network.computers.udp.connections.impl.ConnectionMonitor",86,11,6,14,23,14,1,16,9
"sneer.bricks.network.computers.udp.connections.impl.UdpConnectionManagerImpl",86,10,7,13,20,12,0,16,5
"sneer.bricks.pulp.reactive.collections.setfilter.tests.SetFilterTest",86,7,4,5,12,10,0,12,6
"sneer.bricks.network.social.heartbeat.stethoscope.impl.StethoscopeImpl",85,13,5,18,18,16,0,20,7
"sneer.bricks.hardware.io.prevalence.map.impl.PrevalenceMapImpl",85,10,7,26,7,3,0,10,3
"sneer.bricks.softwaresharing.demolisher.impl.Demolition",85,10,6,16,17,11,1,16,6
"sneer.bricks.snapps.games.sliceWars.test.logic.CellAttackTest",85,4,3,4,8,5,0,6,0
"sneer.bricks.pulp.reactive.tests.SignalsTest",84,10,10,6,9,7,0,11,1
"dfcsantos.tracks.exchange.impl.TrackExchangeImpl",83,13,3,15,20,16,0,18,6
"snype.whisper.gui.impl.WhisperGuiImpl",83,12,7,9,19,11,0,15,7
"sneer.bricks.identity.seals.contacts.impl.ContactSealsImpl",83,9,8,15,19,18,0,21,2
"sneer.bricks.network.social.attributes.impl.AttributeSubscriber",83,9,4,16,19,16,2,21,6
"sneer.bricks.expression.files.transfer.tests.FileTransferTest",83,8,6,5,27,18,0,20,4
"sneer.bricks.snapps.tasks.gui.impl.TaskWindowImpl",82,13,7,7,19,8,0,14,6
"dfcsantos.tracks.exchange.endorsements.impl.TrackEndorserImpl",82,11,3,14,21,18,0,21,6
"sneer.bricks.pulp.dyndns.ownip.impl.OwnIpDiscovererImpl",82,11,2,14,16,13,0,16,8
"sneer.bricks.hardware.ram.reflection.visitation.impl.ReflectionGuideImpl",82,9,1,32,9,2,0,7,2
"basis.brickness.impl.ClassLoaderForBricks",81,8,3,17,10,2,2,7,2
"sneer.bricks.skin.main.translucentsupport.impl.TranslucentSupportImpl",80,14,9,19,9,3,0,7,5
"sneer.bricks.skin.widgets.reactive.impl.REditableLabelImpl",80,12,8,9,15,3,1,6,4
"sneer.bricks.hardware.cpu.threads.impl.ThreadsImpl",80,11,9,12,8,7,0,14,3
"sneer.bricks.skin.widgets.reactive.tests.ListSignalModelTest",79,12,5,11,14,8,0,11,3
"sneer.bricks.snapps.chat.gui.panels.impl.ChatPanelDemo",79,10,9,5,20,13,0,19,1
"sneer.bricks.hardware.ram.graphs.tests.GraphsTest",79,7,6,8,9,3,0,5,1
"sneer.bricks.hardware.io.prevalence.nature.impl.PrevaylerHolder",78,11,2,11,12,7,0,8,5
"sneer.bricks.network.computers.udp.holepuncher.server.impl.StunServerImpl",78,7,2,10,15,6,0,13,2
"sneer.bricks.skin.menu.impl.AbstractMenuGroup",77,14,10,10,14,4,3,10,1
"sneer.bricks.expression.tuples.impl.Subscription",77,10,4,18,10,7,1,9,7
"basis.lang.CacheMap",76,12,7,17,3,0,27,6,1
"sneer.bricks.network.computers.udp.holepuncher.protocol.impl.StunProtocolImpl",76,7,6,11,13,5,0,12,2
"sneer.bricks.snapps.chat.gui.panels.impl.MessagePainter",76,6,3,8,13,3,1,7,6
"sneer.bricks.snapps.chat.impl.ChatImpl",75,16,9,9,17,16,0,18,3
"sneer.tests.adapters.impl.utils.network.udp.impl.InProcessUdpSocket",75,11,5,14,10,2,1,7,5
"sneer.bricks.skin.windowboundssetter.impl.WindowBoundsSetterImpl",75,9,6,17,11,1,0,6,2
"sneer.bricks.pulp.notifiers.impl.NotifierImpl",74,13,9,11,13,8,1,12,4
"sneer.snapps.games.drones.units.impl.UnitImpl",74,13,12,17,7,2,1,4,7
"sneer.bricks.skin.widgets.reactive.impl.RCheckBoxImpl",74,11,6,12,13,6,2,12,5
"sneer.main.SneerSessionBase",74,10,2,12,24,11,2,15,0
"sneer.bricks.softwaresharing.gui.impl.BrickHistoryTreeNode",74,9,5,15,10,3,1,6,9
"sneer.bricks.softwaresharing.tests.LocalBrickDiscoveryTest",74,8,3,10,23,16,0,19,0
"sneer.bricks.expression.files.transfer.gui.impl.FileTransferGuiImpl",73,15,9,8,21,16,0,18,1
"basis.brickness.impl.BricknessImpl",73,11,5,12,10,8,3,15,3
"sneer.bricks.hardware.io.prevalence.nature.impl.Bubble",73,11,3,20,15,8,1,12,3
"sneer.bricks.software.diff.impl.TextComparatorImpl",73,11,9,18,9,2,0,7,2
"sneer.bricks.snapps.games.go.impl.logic.Intersection",73,10,9,26,2,0,2,2,5
"sneer.bricks.network.computers.udp.connections.impl.UdpByteConnection",73,7,5,13,20,10,1,13,5
"sneer.bricks.pulp.probe.impl.ProbeManagerImpl",73,7,2,6,20,15,0,18,6
"sneer.bricks.pulp.streams.sequencer.tests.SequencerTest",73,7,4,7,10,4,0,7,5
"sneer.bricks.expression.files.tests.RemoteCopyTest",72,11,4,9,19,15,0,17,2
"sneer.bricks.pulp.probe.tests.ProbeManagerTest",72,5,2,5,24,17,0,20,6
"sneer.bricks.skin.imgselector.impl.ImageSelectorImpl",72,5,3,7,11,2,0,7,4
"sneer.bricks.expression.tuples.testsupport.BrickTestWithTuples",71,12,3,12,16,14,10,16,4
"sneer.bricks.hardware.ram.graphs.impl.DirectedGraphImpl",71,11,6,21,8,3,1,9,1
"sneer.bricks.softwaresharing.gui.impl.BrickVersionTreeNode",71,10,5,15,13,3,1,8,9
"sneer.bricks.snapps.system.meter.memory.gui.impl.MemoryMeterGuiImpl",71,9,7,6,21,12,0,18,7
"sneer.bricks.snapps.games.go.impl.gui.gameSetup.GoSetupInvitation",71,4,3,2,17,5,1,12,3
"sneer.bricks.network.computers.udp.connections.tests.LoggingSender",70,8,5,10,19,10,1,14,3
"sneer.bricks.network.computers.addresses.contacts.tcp.tests.ContactInternetAddressesTest",70,7,4,5,24,19,0,21,2
"sneer.bricks.pulp.serialization.impl.SerializerImpl",70,6,4,8,9,1,0,7,0
"dfcsantos.music.impl.DJ",69,11,7,12,12,11,1,14,8
"sneer.bricks.expression.files.client.impl.FileClientImpl",69,11,7,11,14,9,0,11,2
"sneer.bricks.snapps.chat.impl.ChatFrame",69,11,9,5,16,13,1,20,3
"sneer.bricks.expression.tuples.keeper.impl.TupleKeeperImpl",68,12,9,16,12,9,0,11,3
"sneer.bricks.software.code.compilers.java.impl.JavaCompilerImpl",68,5,2,6,19,9,0,14,0
"sneer.bricks.network.social.impl.ContactsImpl",67,10,8,13,9,8,0,11,1
"sneer.bricks.snapps.games.sliceWars.test.logic.gameStates.DistributeDiePhaseTest",67,10,10,2,6,3,0,3,0
"sneer.bricks.network.computers.tcp.connections.originator.impl.OutgoingAttempt",67,9,5,10,16,13,1,15,7
"sneer.bricks.network.computers.tcp.connections.tests.IncomingSocketOriginDetectionTest",67,4,2,3,24,19,0,22,7
"sneer.bricks.pulp.propertystore.impl.PropertyStoreImpl",66,8,3,9,12,3,0,5,2
"sneer.bricks.snapps.contacts.gui.comparator.tests.ContactComparatorTest",66,6,6,1,17,13,0,16,6
"sneer.bricks.software.folderconfig.impl.FolderConfigImpl",65,12,10,12,6,3,0,6,8
"sneer.bricks.network.social.attributes.impl.AttributesImpl",65,11,9,8,20,19,0,22,1
"sneer.bricks.network.computers.addresses.keeper.impl.InternetAddressKeeperImpl",65,9,5,18,9,8,0,10,2
"sneer.bricks.pulp.reactive.collections.listsorter.impl.ReactiveSorter",65,9,5,10,15,11,1,14,7
"sneer.bricks.pulp.streams.sequencer.impl.SequencerImpl",65,9,3,13,6,2,1,5,6
"sneer.bricks.pulp.probe.impl.ProbeImpl",65,8,3,15,10,9,1,11,9
"sneer.bricks.hardware.cpu.profiler.impl.Sampler",65,7,2,12,11,4,1,10,4
"sneer.bricks.hardware.io.IO",64,41,41,41,9,1,41,1,0
"basis.brickness.impl.BrickImplLoader",64,12,6,14,11,6,1,10,2
"sneer.tests.adapters.impl.utils.network.InProcessByteArraySocket",64,11,6,15,4,1,2,6,4
"sneer.bricks.skin.widgets.reactive.impl.RLabelImpl",64,10,8,11,11,5,2,9,4
"dfcsantos.tracks.execution.player.impl.TrackContractImpl",64,7,6,9,13,8,1,11,5
"sneer.bricks.snapps.games.go.tests.logic.RunGoWithoutSneer",64,6,6,7,9,5,1,10,2
"sneer.bricks.network.computers.tcp.connections.tests.IncomingSocketTieBreakTest",64,3,1,3,19,14,0,17,9
"basis.lang.arrays.ImmutableArray",63,17,17,23,4,0,10,4,1
"sneer.bricks.hardwaresharing.backup.kernel.impl.SnackupKernelImpl",63,13,13,13,6,6,0,7,0
"dfcsantos.music.ui.view.impl.SmileyPanel",63,10,5,6,12,4,1,9,3
"sneer.bricks.hardwaresharing.dataspace.buckets.impl.BucketImpl",63,7,4,13,10,4,1,6,4
"sneer.bricks.pulp.datastructures.cache.tests.CacheTest",63,4,3,4,5,3,0,5,1
"sneer.bricks.software.bricks.statestore.impl.BrickStateStoreImpl",63,4,2,8,14,5,0,8,3
"sneer.bricks.snapps.games.sliceWars.impl.logic.gameStates.DiceDistribution",62,9,9,15,5,4,5,5,4
"sneer.bricks.network.computers.tcp.connections.impl.IncomingHandShaker",62,8,0,12,16,13,0,14,2
"sneer.bricks.expression.tuples.tests.TupleKeepingTest",62,7,4,6,13,10,0,12,1
"sneer.bricks.software.bricks.finder.impl.BrickFinderImpl",62,7,4,10,17,7,0,14,3
"sneer.bricks.hardware.cpu.profiler.impl.ProfilerImpl",62,6,2,6,15,6,0,11,3
"sneer.bricks.snapps.contacts.gui.delete.impl.DeleteContactWindowImpl",61,12,8,5,15,7,0,13,1
"basis.lang.Pair",61,9,9,18,1,0,9,1,3
"sneer.bricks.network.computers.udp.tests.UdpNetworkTest",61,7,3,5,13,5,1,10,1
"snype.whisper.skin.audio.kernel.impl.AudioImpl",61,5,4,5,10,3,0,7,9
"basis.brickness.impl.ClassLoaderForBrickLibs",60,10,2,13,8,1,1,6,2
"sneer.bricks.pulp.reactive.signalchooser.impl.SignalChooserReceiver",60,9,4,13,12,9,1,12,5
"sneer.bricks.software.bricks.snapploader.impl.SnappLoaderImpl",60,8,3,9,12,6,0,12,4
"sneer.bricks.network.computers.http.server.impl.HttpServerImpl",60,7,4,4,18,9,0,12,0
"sneer.bricks.software.code.jar.impl.JarsImpl",60,7,5,4,13,3,0,9,2
"sneer.bricks.pulp.reactive.collections.tests.SetRegisterTest",60,6,5,3,14,8,0,11,1
"dfcsantos.tracks.execution.player.impl.PausableInputStream",59,8,6,9,7,3,1,6,4
"sneer.bricks.network.computers.channels.guaranteed.splitter.tests.PacketSplitterTest",59,7,6,3,12,7,0,11,1
"sneer.bricks.snapps.system.meter.bandwidth.gui.impl.BandwidthMeterGuiImpl",59,7,4,8,14,10,0,14,1
"sneer.tests.freedom2.Freedom2Test",59,5,5,5,4,2,0,3,0
"sneer.bricks.expression.files.map.impl.FileMapImpl",58,11,10,12,8,5,0,8,2
"snype.whisper.skin.audio.mic.impl.MicLine",58,10,0,12,7,3,0,5,2
"sneer.bricks.expression.tuples.testsupport.pump.impl.TuplePumpImpl",58,9,7,6,15,10,1,12,5
"sneer.bricks.network.social.rendezvous.impl.RendezvousImpl",58,9,5,8,16,14,0,16,1
"sneer.bricks.expression.files.map.visitors.impl.GuidedTour",58,8,1,14,9,6,1,8,1
"sneer.bricks.network.social.attributes.gui.window.impl.AttributesWindowImpl",58,8,6,3,17,14,0,20,2
"sneer.bricks.network.social.attributes.tests.AttributesTest",58,8,5,8,10,8,0,11,1
"sneer.bricks.pulp.dyndns.updater.impl.UpdaterImpl",58,6,1,15,13,11,0,14,1
"sneer.bricks.snapps.games.sliceWars.test.logic.gameStates.BoardCellMock",57,12,12,12,6,5,11,7,3
"basis.lang.arrays.ImmutableByteArray",57,11,9,16,1,0,24,5,2
"sneer.bricks.hardware.cpu.threads.impl.Counter",57,9,2,10,8,3,0,7,3
"sneer.bricks.snapps.games.sliceWars.impl.SliceWarsMainImpl",57,9,7,2,18,16,0,18,3
"sneer.bricks.snapps.games.sliceWars.impl.logic.gameStates.FirstDiceDistribution",57,8,8,10,4,3,2,4,5
"sneer.bricks.expression.tuples.tests.TupleSpaceTest",57,7,6,4,11,8,0,10,1
"sneer.bricks.softwaresharing.git.tests.GitTest",57,7,5,7,9,4,1,7,4
"sneer.bricks.identity.keys.gui.impl.PublicKeyInitDialogImpl",57,5,1,17,6,2,1,6,0
"snype.whisper.audio.SpeexMicrophone",57,5,4,9,7,1,1,7,5
"sneer.bricks.software.bricks.repl.tests.ReplConsoleTest",57,3,3,3,7,4,0,7,0
"sneer.bricks.snapps.games.sliceWars.test.logic.gameStates.GameStateContextMock",56,12,12,12,10,8,8,9,1
"sneer.bricks.network.computers.tcp.connections.impl.TieBreaker",56,8,0,15,9,6,0,7,1
"sneer.bricks.expression.tuples.dispatcher.impl.TupleDispatcherImpl",56,7,6,9,11,8,0,13,5
"sneer.bricks.expression.files.map.impl.FolderContentsGetter",56,6,4,12,12,5,1,8,3
"sneer.bricks.skin.widgets.reactive.impl.RTextPaneImpl",55,9,4,8,9,2,1,7,2
"sneer.bricks.hardware.io.files.atomic.dotpart.impl.DotPartsImpl",55,8,5,14,9,3,0,5,2
"sneer.bricks.pulp.reactive.collections.setfilter.impl.Filter",55,8,6,8,12,9,2,10,5
"sneer.bricks.pulp.probe.impl.PacketProducer",55,6,2,9,10,5,1,8,4
"sneer.bricks.network.computers.tcp.connections.originator.tests.SocketOriginatorTest",55,3,2,2,21,15,0,17,6
"sneer.snapps.games.drones.matches.tests.MatchTest",55,3,3,6,8,3,0,4,1
"sneer.bricks.pulp.dyndns.ownip.tests.OwnIpDiscovererTest",55,2,2,1,16,8,0,10,5
"sneer.bricks.skin.widgets.reactive.impl.ListSignalModel",54,12,9,14,9,7,2,10,6
"basis.environments.tests.EnvironmentsTest",54,9,8,5,7,4,0,9,2
"dfcsantos.music.impl.PeerTracks",54,8,3,9,14,10,1,12,1
"dfcsantos.tracks.execution.playlist.impl.AbstractPlaylist",54,8,5,10,9,3,2,8,3
"sneer.bricks.network.computers.tcp.impl.ByteArraySocketImpl",54,6,6,7,9,3,2,6,3
"sneer.bricks.network.computers.channels.impl.PriorityQueue",54,5,3,14,4,1,0,5,4
"sneer.bricks.network.computers.udp.receiver.impl.ReceiverThread",54,5,3,6,13,8,1,10,6
"sneer.bricks.software.code.compilers.java.tests.JarUtils",54,5,4,6,9,2,2,5,0
"sneer.bricks.snapps.games.sliceWars.impl.gui.drawers.CellDrawer",54,4,4,5,9,3,1,7,3
"sneer.bricks.pulp.reactive.gates.strings.tests.StringGatesTest",54,1,1,1,7,5,0,6,1
"sneer.tests.adapters.impl.SneerPartyApiClassLoaderImpl",53,8,3,19,9,8,1,13,1
"basis.testsupport.AssertUtils",53,7,7,13,6,1,9,5,0
"sneer.bricks.hardware.io.tests.IOTest",53,7,4,6,11,4,0,7,1
"basis.brickness.impl.BrickSerializationMapperImpl",53,6,3,13,3,2,1,7,2
"sneer.bricks.snapps.web.impl.WebImpl",53,5,4,2,13,10,0,16,1
"sneer.bricks.snapps.games.sliceWars.impl.logic.BoardCellImpl",52,11,11,11,1,0,3,2,3
"sneer.bricks.hardware.gui.nature.tests.GUINatureTest",52,9,8,13,10,5,0,9,0
"sneer.bricks.snapps.games.go.impl.gui.game.painters.HoverStonePainter",52,9,6,11,4,1,1,2,7
"sneer.bricks.expression.files.map.visitors.tests.FileMapGuideTest",52,8,5,4,11,6,0,9,2
"sneer.bricks.expression.tuples.tests.TuplePersistenceTest",52,7,4,5,13,10,0,12,0
"sneer.bricks.hardwaresharing.dataspace.buckets.tests.BucketTest",52,7,6,8,7,4,0,6,3
"sneer.bricks.network.computers.addresses.contacts.tcp.impl.InternetAddressImpl",52,7,7,12,7,6,1,9,2
"sneer.bricks.network.computers.tcp.connections.impl.SocketHolder",52,7,1,11,8,6,1,8,2
"sneer.bricks.pulp.reactive.impl.SignalUtilsImpl",52,7,6,5,8,8,0,12,0
"dfcsantos.tracks.execution.player.impl.GainJavaSoundAudioDevice",52,6,2,9,7,1,1,8,2
"sneer.bricks.snapps.games.go.impl.sneerSpecifics.RemotePlayerOnSneer",52,5,5,4,10,7,1,9,5
"sneer.bricks.snapps.games.sliceWars.test.logic.gameStates.FillAllCellPhaseTest",52,4,4,1,11,5,0,5,0
"sneer.bricks.expression.files.writer.folder.impl.FileWritingVisitor",51,8,5,11,8,3,1,7,2
"sneer.bricks.network.computers.udp.sightings.impl.SightingKeeperImpl",51,7,4,6,16,14,0,16,3
"basis.languagesupport.JarFinder",51,6,4,7,7,0,2,6,0
"sneer.bricks.pulp.notifiers.tests.EventNotifiersTest",51,6,5,4,11,9,0,12,0
"sneer.bricks.pulp.retrier.impl.RetrierImpl",51,6,3,7,12,10,1,12,5
"sneer.bricks.snapps.games.go.impl.logic.IntersectionUtils",51,4,4,18,2,0,0,3,2
"sneer.bricks.snapps.wind.tests.WindTest",51,3,2,7,8,6,0,8,2
"sneer.bricks.hardware.gui.guithread.impl.GuiThreadImpl",50,8,6,11,8,4,0,8,2
"sneer.bricks.hardware.gui.timebox.impl.TimeboxedEventQueueImpl",50,7,4,7,13,7,1,10,3
"sneer.bricks.pulp.reactive.impl.RegisterImpl",50,7,5,14,4,3,3,8,2
"sneer.bricks.pulp.blinkinglights.tests.BlinkingLightsTest",50,5,2,5,9,6,0,8,2
"dfcsantos.tracks.exchange.endorsements.tests.TrackEndorserTest",50,4,3,2,20,14,0,16,1
"dfcsantos.tracks.execution.playlist.tests.PlaylistTest",50,3,3,5,10,3,0,5,2
"sneer.main.tests.StagedCodeInstallationTest",50,2,1,2,5,2,0,4,0
"sneer.bricks.snapps.contacts.actions.impl.ContactActionManagerImpl",49,12,12,8,6,2,0,3,3
"sneer.bricks.network.computers.tcp.connections.impl.null",49,9,8,1,12,10,0,12,1
"sneer.bricks.network.computers.channels.impl.ChannelImpl",48,8,8,7,7,6,1,9,3
"sneer.bricks.network.computers.udp.server.impl.UdpServerImpl",48,8,4,8,10,8,0,10,2
"sneer.bricks.snapps.games.sliceWars.impl.logic.gameStates.FillAllCell",48,7,7,10,5,4,2,5,2
"sneer.tests.adapters.impl.utils.network.InProcessByteArrayServerSocket",48,7,4,10,3,2,1,5,3
"sneer.tests.adapters.impl.utils.network.InProcessNetwork",48,7,3,12,6,3,2,6,1
"sneer.bricks.pulp.blinkinglights.impl.LightImpl",47,11,11,12,11,9,1,10,7
"basis.brickness.impl.tests.BricknessTest",47,7,6,7,10,8,0,10,1
"sneer.bricks.snapps.wind.impl.WindImpl",47,7,6,7,13,11,0,14,4
"sneer.bricks.hardware.cpu.crypto.impl.ECBCipherImpl",47,6,3,7,6,1,1,3,2
"sneer.bricks.snapps.games.sliceWars.impl.gui.drawers.PassButtonDrawer",47,5,5,7,5,0,1,3,6
"snype.whisper.skin.audio.loopback.impl.Player",47,5,1,6,8,4,0,6,3
"sneer.bricks.software.timing.impl.AnimatorAdapter",46,13,11,13,3,2,3,4,3
"dfcsantos.tracks.storage.folder.impl.TracksFolderKeeperImpl",46,10,6,15,9,6,0,8,3
"sneer.bricks.hardware.io.log.tests.LoggerMocks",46,8,4,11,5,2,2,6,3
"sneer.bricks.hardware.gui.nature.tests.fixtures.impl.SomeGuiBrickImpl",46,7,7,6,8,2,0,7,1
"sneer.bricks.hardware.io.log.tests.LoggerMock",46,6,3,13,2,2,1,7,2
"sneer.bricks.snapps.games.sliceWars.test.logic.gameStates.GameStateContextTest",46,6,6,1,10,7,0,7,0
"sneer.bricks.software.code.compilers.java.impl.CompilationResult",46,6,5,10,6,3,1,7,3
"basis.environments.ProxyInEnvironment",46,5,4,6,8,3,4,6,2
"sneer.bricks.expression.files.map.mapper.impl.FileMapperImpl",46,5,4,7,12,7,0,9,1
"sneer.bricks.network.computers.udp.server.impl.UdpPortSession",46,5,4,7,10,6,1,7,6
"sneer.bricks.network.social.navigation.impl.ContactNavigatorImpl",46,5,3,2,13,12,0,14,2
"sneer.bricks.snapps.games.sliceWars.test.logic.gameStates.FirstDiceBatchDistributionTest",46,5,4,2,6,3,0,4,3
"dfcsantos.tracks.tastematching.tests.TasteMatcherTest",46,4,3,4,6,4,0,6,5
"sneer.bricks.softwaresharing.gui.impl.RootTreeNode",45,9,5,8,9,2,1,4,1
"dfcsantos.music.ui.view.impl.MusicViewImpl",45,8,7,6,7,4,0,6,1
"sneer.tests.SovereignFunctionalTestBase",45,8,1,11,3,2,9,4,3
"sneer.bricks.hardware.cpu.threads.tests.ThreadsTest",45,7,6,4,8,6,0,9,1
"sneer.bricks.snapps.games.sliceWars.impl.logic.gameStates.FirstAttacks",45,7,7,8,4,3,2,4,2
"sneer.bricks.identity.seals.impl.OwnSealImpl",45,6,2,6,13,9,0,15,1
"sneer.bricks.pulp.reactive.gates.strings.impl.Concatenator",45,6,4,8,11,8,2,12,4
"sneer.bricks.snapps.gis.location.impl.LocationImpl",45,6,4,5,7,4,1,7,3
"sneer.bricks.snapps.gis.map.impl.MapRendererImpl",45,5,3,4,12,4,0,7,2
"sneer.bricks.network.computers.connections.impl.ConnectionManagerImpl",45,4,4,3,15,13,0,14,2
"sneer.bricks.snapps.games.go.impl.logic.Move",45,3,3,11,1,0,7,0,8
"sneer.bricks.hardware.ram.meter.impl.MemoryMeterImpl",44,11,5,12,8,7,0,10,5
"sneer.bricks.pulp.reactive.impl.SignalsImpl",44,10,10,7,8,8,0,9,1
"sneer.bricks.snapps.contacts.gui.impl.ContactLabelProvider",44,7,6,4,16,10,1,13,3
"sneer.bricks.softwaresharing.demolisher.impl.FileVersionImpl",44,7,6,8,4,3,2,5,5
"sneer.snapps.games.drones.matches.impl.MatchImpl",44,7,5,14,4,3,0,5,2
"dfcsantos.music.impl.OwnTracks",44,6,5,7,11,8,1,9,4
"sneer.bricks.software.folderconfig.testsupport.BrickTestBase",44,6,2,7,11,6,93,8,1
"sneer.bricks.hardware.io.prevalence.nature.impl.Invocation",44,5,2,7,5,2,2,6,5
"sneer.bricks.snapps.games.go.impl.gui.game.painters.StonesInPlayPainter",44,5,3,11,4,1,1,3,2
"sneer.bricks.snapps.games.sliceWars.impl.gui.drawers.AttackOutcomeDrawer",44,4,4,6,7,4,1,8,4
"sneer.bricks.snapps.games.sliceWars.test.logic.DiceThrowerTest",44,4,4,4,6,3,0,3,0
"sneer.bricks.snapps.games.sliceWars.test.logic.gameStates.BoardMockAdapter",43,9,9,9,5,3,0,4,0
"sneer.bricks.snapps.contacts.gui.info.impl.ContactInternetAddressList",43,8,5,5,14,12,0,13,2
"sneer.bricks.software.code.metaclass.impl.MetaClassSupport",43,8,7,8,5,2,2,4,5
"sneer.bricks.skin.main.dashboard.impl.TrayIconSupport",43,7,5,3,10,7,1,9,1
"sneer.bricks.network.computers.addresses.contacts.impl.ContactAddress",43,6,3,6,12,10,1,11,3
"sneer.bricks.expression.files.client.downloads.gui.impl.DownloadListPanel",43,5,2,6,11,4,1,6,2
"sneer.bricks.network.social.attributes.gui.impl.AttributeListPanel",43,5,2,6,11,4,1,6,2
"sneer.tests.freedom6.Freedom6Test",43,5,2,7,7,2,0,4,0
"snype.whisper.skin.audio.loopback.impl.Recorder",43,5,1,7,8,4,0,6,3
"sneer.bricks.hardware.ram.deepcopy.impl.DeepCopierImpl",43,3,2,3,8,2,0,4,1
"sneer.bricks.pulp.reactive.collections.impl.AbstractListSignal",42,9,7,7,11,9,1,11,2
"sneer.bricks.snapps.games.sliceWars.impl.gui.GuiPlayer",42,5,5,3,11,3,2,6,2
"basis.environments.ResolvingCache",42,4,3,8,3,1,0,4,3
"sneer.bricks.hardware.cpu.threads.impl.Daemon",42,4,3,3,8,7,1,9,5
"sneer.bricks.snapps.system.log.file.impl.LogToFileImpl",42,4,2,5,10,5,0,9,2
"sneer.bricks.software.bricks.interception.impl.BrickMetadataEmitter",42,4,3,4,7,3,1,4,2
"sneer.bricks.pulp.bandwidth.impl.BandwidthCounterImpl",41,7,5,7,9,8,0,10,8
"sneer.bricks.software.code.metaclass.impl.ASMMetaClass",41,7,5,7,5,3,0,6,1
"sneer.bricks.hardware.cpu.threads.tests.CpuThrottleDemo",41,6,4,5,10,6,0,10,1
"sneer.bricks.hardwaresharing.dataspace.buckets.impl.RemoteBucket",41,6,6,5,9,8,0,9,1
"sneer.bricks.pulp.reactive.gates.buffers.assync.impl.AssynchronousBufferImpl",41,6,4,3,11,8,1,11,4
"sneer.bricks.skin.widgets.reactive.impl.RListCellRenderer",41,6,3,8,10,3,1,5,3
"dfcsantos.music.ui.presenter.impl.FolderChoicesPoll",41,5,2,7,10,2,1,4,2
"sneer.bricks.hardware.ram.iterables.impl.IterablesImpl",41,5,5,7,6,2,0,11,1
"sneer.bricks.network.computers.udp.holepuncher.server.listener.impl.Listener",41,5,2,6,11,6,0,9,1
"sneer.bricks.softwaresharing.gui.impl.FileVersionWrapper",41,5,4,8,4,2,1,3,6
"sneer.bricks.hardware.io.log.filter.impl.LogFilterImpl",41,2,2,4,5,3,0,5,1
"sneer.bricks.network.social.ui.clipboardadder.impl.ClipboardAdderImpl",41,1,1,1,13,12,0,14,4
"sneer.bricks.hardware.cpu.lang.Lang",40,24,24,24,4,0,21,0,0
"sneer.bricks.softwaresharing.gui.impl.AbstractTreeNodeWrapper",40,15,12,13,6,1,4,5,3
"sneer.bricks.pulp.dyndns.ownaccount.impl.DynDnsAccountKeeperImpl",40,7,4,8,8,7,0,9,3
"sneer.bricks.hardware.io.log.formatter.tests.LogFormatterTest",40,5,4,5,4,2,0,5,1
"sneer.bricks.hardware.gui.images.impl.ImagesImpl",40,4,4,6,8,2,0,4,0
"sneer.bricks.network.computers.udp.server.impl.UdpSocketHolder",40,4,3,4,13,7,1,9,3
"sneer.bricks.expression.files.client.tests.FileClientTest",40,3,2,3,17,13,0,16,2
"sneer.bricks.snapps.games.sliceWars.test.RunSliceWarsWithoutSneer",40,2,3,5,8,4,1,5,1
"sneer.bricks.expression.files.tests.LocalCopyTest",39,7,0,8,9,6,0,9,0
"sneer.bricks.skin.filechooser.impl.FileChoosersImpl",39,6,4,4,7,4,0,6,0
"sneer.bricks.hardware.io.prevalence.nature.impl.PrevalenceEnvironment",39,5,3,10,9,6,1,10,3
"sneer.bricks.network.computers.channels.guaranteed.splitter.impl.Splitter",39,4,2,7,4,1,1,4,5
"sneer.bricks.pulp.distribution.filtering.tests.TupleFilterManagerTest",39,4,4,3,7,5,0,6,1
"snype.whisper.skin.screenshotter.impl.ScreenshotterImpl",39,4,1,5,13,4,0,6,3
"dfcsantos.music.notification.playingtrack.tests.PlayingTrackTest",39,3,1,4,14,9,0,11,3
"sneer.bricks.softwaresharing.mapper.impl.RepositoryMapperImpl",39,2,1,1,16,6,0,10,1
"sneer.bricks.snapps.games.sliceWars.impl.logic.Player",38,7,6,9,0,0,34,0,8
"dfcsantos.music.ui.view.impl.PlayingTrackPanel",38,5,3,3,10,3,1,6,5
"sneer.bricks.hardware.io.prevalence.nature.impl.TransactionInvocation",38,5,3,8,7,3,1,7,0
"sneer.bricks.pulp.datastructures.cache.impl.CacheImpl",38,5,5,8,5,1,1,4,3
"sneer.bricks.pulp.reactive.tests.SignalUtilsTest",38,5,5,2,10,8,0,10,0
"sneer.bricks.skin.widgets.autoscroll.impl.AutoScrollWorker",38,5,2,5,4,0,1,2,2
"sneer.bricks.snapps.games.go.impl.gui.game.painters.BoardPainter",38,5,3,6,4,0,1,2,4
"basis.lang.arrays.tests.ImmutableArrayTest",38,4,4,4,8,3,0,5,0
"sneer.bricks.network.computers.addresses.contacts.tcp.impl.ContactInternetAddressesImpl",38,4,3,3,14,13,0,15,3
"sneer.bricks.network.computers.channels.largepackets.impl.LargePacketChannelImpl",37,7,5,7,8,6,1,8,1
"dfcsantos.tracks.impl.TrackImpl",37,6,6,9,4,2,1,4,2
"sneer.bricks.hardware.io.log.stacktrace.impl.StackTraceLoggerImpl",37,6,5,7,5,2,0,6,0
"sneer.bricks.snapps.wind.gui.impl.WindGuiImpl",37,6,5,5,15,11,0,13,3
"basis.brickness.testsupport.BrickTestWithMockRunner",37,5,2,2,6,0,0,5,0
"sneer.bricks.hardware.cpu.threads.throttle.impl.Throttle",37,5,2,9,2,1,1,3,5
"sneer.bricks.softwaresharing.demolisher.impl.BrickFilter",37,5,0,12,8,5,0,6,1
"sneer.bricks.network.computers.udp.connections.impl.UdpByteConnectionUtils",37,4,0,6,10,3,0,5,1
"sneer.bricks.expression.files.writer.atomic.impl.AtomicFileWriterImpl",36,5,2,7,8,5,0,7,0
"sneer.bricks.network.computers.addresses.keeper.impl.InternetAddressImpl",36,5,5,10,6,5,1,7,3
"snype.whisper.speex.impl.DecoderImpl",36,5,3,6,5,2,1,4,2
"basis.brickness.testsupport.tests.BrickTestRunnerTest",36,4,4,3,9,3,0,3,2
"basis.lang.types.Classes",36,4,4,9,3,0,5,4,2
"sneer.bricks.pulp.dyndns.checkip.impl.CheckIpImpl",36,4,1,6,7,3,0,5,2
"basis.brickness.ClassDefinition",36,3,3,11,1,0,9,2,2
"sneer.bricks.pulp.reactive.gates.logic.tests.AndTest",36,3,2,3,10,6,0,9,4
"sneer.bricks.snapps.games.sliceWars.test.logic.gameStates.FirstAttackPhaseTest",36,3,3,1,8,4,0,4,0
"snype.whisper.skin.audio.mic.tests.MicTest",36,2,1,2,11,4,0,6,4
"sneer.bricks.hardware.cpu.lang.tests.LangTest",36,1,1,1,4,2,0,3,1
"sneer.tests.SovereignParty",35,28,28,28,4,1,7,1,0
"sneer.bricks.hardware.ram.reflection.visitation.impl.TourImpl",35,7,6,8,1,1,2,4,3
"sneer.bricks.pulp.reactive.collections.impl.ListAdapter",35,6,6,2,7,5,1,5,2
"sneer.bricks.snapps.games.go.impl.logic.ToroidalGoBoard",35,6,2,8,0,0,2,2,0
"sneer.bricks.hardware.gui.nature.impl.GUIImpl",35,5,5,3,9,7,0,8,1
"sneer.bricks.software.code.classutils.impl.ClassUtilsImpl",35,5,4,6,5,2,0,7,0
"sneer.bricks.hardware.ram.deepcopy.impl.Deserializer",35,4,3,6,4,1,1,3,4
"sneer.bricks.expression.files.map.mapper.tests.FileMappingStopTest",35,3,2,2,13,6,0,9,2
"sneer.bricks.skin.widgets.reactive.ReactiveWidgetFactory",34,15,15,15,15,6,18,6,0
"sneer.bricks.snapps.games.go.impl.gui.game.MutableOffset",34,7,7,7,0,0,1,2,3
"sneer.bricks.snapps.games.sliceWars.impl.logic.gameStates.GameEnded",34,7,7,7,3,2,1,3,1
"dfcsantos.music.ui.presenter.contactstatus.impl.ContactMusicStatusImpl",34,5,3,6,10,9,0,13,1
"dfcsantos.music.ui.view.impl.DownloadsView",34,5,2,5,8,5,1,9,3
"sneer.bricks.hardware.io.log.formatter.impl.LogFormatterImpl",34,4,1,7,4,2,0,7,1
"sneer.bricks.softwaresharing.git.impl.GitImpl",34,4,2,4,7,1,0,3,0
"sneer.bricks.snapps.games.go.impl.gui.game.painters.HUDPainter",34,3,3,6,6,2,1,3,5
"snype.whisper.audio.SpeexSpeaker",34,3,3,4,5,0,1,2,4
"sneer.bricks.network.social.heartbeat.tests.HeartTest",34,2,2,1,12,6,0,7,2
"dfcsantos.music.Music",33,21,21,21,7,5,6,5,1
"sneer.bricks.pulp.reactive.collections.impl.CollectionChangeImpl",33,6,4,8,4,1,10,4,2
"sneer.bricks.network.social.navigation.impl.tests.ContactNavigatorTest",33,4,3,2,11,9,0,11,2
"sneer.main.Sneer",33,4,2,5,6,0,1,5,0
"sneer.bricks.network.computers.udp.sightings.tests.SightingKeeperTest",33,2,2,1,13,9,0,10,1
"sneer.bricks.hardware.clock.ticker.custom.impl.CustomClockTickerImpl",32,6,4,4,5,4,0,7,2
"sneer.bricks.snapps.games.sliceWars.test.logic.gameStates.GameStateMockAdapter",32,6,6,6,5,4,0,5,0
"basis.brickness.impl.ClassLoaderForPackage",32,5,3,5,5,1,1,7,1
"basis.testsupport.CleanTestRunner",32,5,2,5,6,0,1,2,1
"sneer.bricks.network.computers.http.gateway.impl.HttpGatewayImpl",32,5,4,3,10,6,0,8,0
"sneer.bricks.network.computers.udp.connections.tests.PacketProducerMock",32,5,4,6,5,2,6,5,3
"sneer.bricks.pulp.propertystore.tests.PropertyStoreTest",32,4,3,2,8,6,0,8,0
"sneer.bricks.pulp.bandwidth.tests.BandwidthConsolidationTest",32,3,1,3,6,4,0,6,1
"snype.whisper.audio.LoopbackDemo",32,2,3,2,0,0,1,3,0
"snype.whisper.audio.AudioDevice",31,7,7,7,2,0,2,2,2
"sneer.bricks.hardware.cpu.crypto.impl.RandomWrapper",31,6,6,8,1,0,1,1,1
"sneer.bricks.pulp.reactive.collections.impl.CollectionSignalsImpl",31,5,5,5,8,8,0,9,0
"sneer.bricks.pulp.reactive.impl.AbstractSignal",31,5,4,5,8,7,2,9,1
"sneer.bricks.expression.tuples.floodcache.impl.FloodedTupleCacheImpl",31,4,3,5,4,2,0,4,2
"sneer.bricks.hardware.cpu.lang.contracts.impl.WeakContractImpl",31,4,3,5,7,6,1,8,2
"sneer.bricks.pulp.distribution.filtering.impl.TupleFilterManagerImpl",31,4,3,8,5,3,0,6,1
"sneer.bricks.expression.files.hasher.impl.FolderContentsHasherImpl",31,3,1,4,8,6,0,9,0
"sneer.bricks.expression.tuples.remote.tests.RemoteTuplesTest",31,3,3,1,10,7,0,8,1
"sneer.bricks.network.computers.channels.guaranteed.splitter.impl.Joiner",31,3,2,5,3,1,1,4,3
"sneer.bricks.network.computers.http.server.tests.HttpServerTest",31,3,3,2,9,5,1,8,2
"sneer.bricks.skin.widgets.clipboard.impl.ClipboardImpl",31,3,2,4,6,1,0,4,1
"sneer.bricks.expression.files.transfer.FileTransferUploads",31,2,2,3,8,4,1,5,2
"sneer.bricks.network.computers.tcp.tests.Network2010Test",31,2,2,1,9,6,1,9,1
"sneer.bricks.snapps.games.go.impl.gui.game.FixedCentralizedOffset",30,7,7,7,0,0,0,1,2
"basis.environments.EnvironmentUtils",30,6,6,3,5,4,9,5,0
"sneer.bricks.hardware.cpu.crypto.impl.DigesterImpl",30,6,5,6,4,3,1,5,1
"sneer.bricks.hardware.cpu.threads.impl.Daemons",30,4,1,7,4,0,0,3,0
"sneer.bricks.network.computers.tcp.connections.originator.impl.SocketOriginatorImpl",30,4,2,3,8,5,0,7,2
"sneer.bricks.pulp.reactive.gates.logic.tests.NotTest",30,3,1,3,7,5,0,7,0
"sneer.tests.freedom5.Freedom5TestShouts",30,2,2,2,3,2,0,3,0
"sneer.bricks.snapps.games.sliceWars.impl.logic.PlayOutcome",29,8,8,8,0,0,9,0,3
"sneer.bricks.network.computers.channels.guaranteed.impl.GuaranteedChannelImpl",29,5,5,5,6,5,1,6,1
"sneer.bricks.pulp.datastore.impl.DataStoreImpl",29,5,5,6,3,2,0,5,1
"basis.brickness.testsupport.TestMethodWithEnvironment",29,4,3,3,8,3,1,5,1
"dfcsantos.tracks.exchange.downloads.counter.impl.TrackDownloadCounterImpl",29,4,2,4,8,6,0,8,1
"sneer.bricks.network.social.impl.ContactImpl",29,4,4,5,5,4,1,6,1
"sneer.bricks.pulp.reactive.gates.numbers.impl.Adder",29,4,3,3,8,7,1,8,4
"sneer.bricks.identity.keys.own.impl.OwnKeysImpl",29,3,3,4,9,5,0,6,2
"sneer.bricks.pulp.httpclient.impl.HttpClientImpl",29,3,1,4,8,3,0,5,0
"sneer.bricks.software.bricks.repl.impl.ReplConsoleImpl",29,3,2,4,4,2,1,6,1
"sneer.bricks.software.code.compilers.scala.tests.ScalaCompilerTest",29,2,1,2,10,6,0,8,0
"dfcsantos.tracks.storage.rejected.impl.RejectedTracksKeeperImpl",28,4,4,6,5,2,0,3,2
"sneer.bricks.hardware.io.prevalence.nature.impl.SerializerAdapter",28,4,3,3,8,1,1,4,1
"sneer.bricks.pulp.reactive.gates.logic.impl.And",28,4,3,3,8,7,1,8,4
"dfcsantos.tracks.impl.TracksImpl",28,3,3,5,8,3,0,5,0
"sneer.bricks.hardware.clock.ticker.tests.ClockTickerTest",28,3,2,2,8,6,0,8,1
"sneer.bricks.hardware.io.log.notifier.impl.LogNotifierImpl",28,3,2,3,9,8,0,10,3
"sneer.bricks.pulp.reactive.collections.impl.CollectionAdapter",28,3,3,2,10,9,1,9,2
"sneer.bricks.snapps.games.go.impl.gui.game.painters.DarkBorderPainter",28,3,2,3,3,0,1,1,2
"sneer.bricks.snapps.games.sliceWars.impl.gui.drawers.DiceLeftDrawer",28,3,3,4,4,1,1,4,4
"sneer.bricks.software.bricks.repl.tests.GroovyEvaluatorTest",28,3,2,3,6,3,0,5,1
"sneer.bricks.software.code.metaclass.asm.impl.VisitorAdapter",28,3,3,5,4,3,1,4,1
"sneer.main.SneerCodeFolders",28,3,0,5,1,0,0,4,5
"sneer.bricks.hardware.io.log.stacktrace.tests.StackTraceLoggerTest",28,2,2,1,9,3,0,6,2
"sneer.bricks.softwaresharing.gui.impl.BrickTreeCellRenderer",28,2,1,8,6,0,1,2,0
"sneer.bricks.softwaresharing.publisher.impl.BuildingPublisherImpl",28,2,1,2,10,7,0,9,0
"basis.testsupport.tests.PrettyPrinterTest",27,4,4,2,4,3,0,5,0
"sneer.bricks.skin.widgets.reactive.impl.RProgressBarImpl",27,4,3,3,7,5,1,9,3
"sneer.bricks.hardware.cpu.threads.throttle.impl.CpuThrottleImpl",27,3,3,5,2,2,0,3,1
"sneer.bricks.hardware.cpu.utils.consumers.validators.bounds.integer.impl.IntegerBoundsImpl",27,3,3,5,3,3,0,5,4
"sneer.bricks.hardware.gui.trayicon.impl.TrayIconsImpl",27,3,3,6,6,5,0,6,1
"sneer.bricks.pulp.datastructures.cache.tests.CachePerformanceTest",27,3,2,6,5,3,0,5,1
"sneer.bricks.pulp.serialization.impl.ClassMapper",27,3,3,4,4,1,1,2,1
"sneer.bricks.expression.tuples.tests.TupleGcTest",27,2,1,4,6,4,0,7,3
"sneer.bricks.pulp.exceptionhandling.impl.ExceptionHandlerImpl",27,2,2,2,4,3,0,5,0
"sneer.bricks.snapps.games.sliceWars.impl.gui.drawers.BackgroundDrawer",27,2,2,4,6,0,1,3,1
"sneer.bricks.software.code.compilers.java.tests.JavaCompilerTest",27,2,1,2,9,6,0,8,0
"sneer.bricks.software.code.metaclass.asm.impl.ClassReaderImpl",27,2,2,3,5,0,1,1,2
"sneer.bricks.software.bricks.statestore.tests.BrickStateStoreTest",27,1,1,1,7,2,0,5,1
"dfcsantos.music.ui.view.MusicViewListener",26,20,20,20,3,3,7,3,0
"sneer.bricks.hardwaresharing.backup.kernel.SnackupKernel",26,13,13,14,7,6,2,6,0
"sneer.bricks.hardware.ram.collections.impl.CollectionUtilsImpl",26,6,4,4,5,3,0,5,0
"sneer.bricks.software.timing.impl.WindowOpacitySetterImpl",26,6,5,2,5,2,1,5,2
"basis.environments.Environments",26,4,2,7,1,1,38,3,1
"dfcsantos.tracks.tastematching.impl.FolderMatchCounter",26,4,2,7,2,2,1,4,1
"dfcsantos.tracks.tastematching.impl.Rating",26,4,2,10,1,0,1,2,2
"sneer.bricks.expression.tuples.kept.impl.KeptTuplesImpl",26,4,4,4,5,2,0,3,2
"sneer.bricks.software.code.compilers.java.impl.CompilationErrorImpl",26,4,4,4,3,2,1,3,3
"sneer.bricks.software.code.compilers.impl.LanguageRegistryImpl",26,3,3,5,7,6,0,8,1
"sneer.tests.adapters.impl.utils.network.udp.impl.InProcessUdpNetworkImpl",26,3,2,4,6,2,1,4,2
"snype.whisper.audio.AudioUtil",26,3,0,3,1,0,0,0,11
"sneer.bricks.hardware.io.log.exceptions.uncaught.impl.UncaughtExceptionLoggerImpl",26,2,2,1,7,5,0,9,1
"sneer.bricks.pulp.notifiers.pulsers.tests.PulsersTest",26,2,2,1,7,5,0,6,2
"sneer.bricks.pulp.reactive.collections.tests.ListRegisterTest",26,2,2,1,7,4,0,6,0
"sneer.bricks.snapps.games.sliceWars.impl.logic.CellAttack",26,2,2,6,0,0,2,0,1
"sneer.bricks.software.bricks.finder.tests.BrickFinderTest",26,1,1,1,10,5,0,8,1
"sneer.bricks.hardware.cpu.codec.impl.CodecImpl",25,6,6,2,4,2,0,5,3
"basis.brickness.testsupport.BrickTestWithMocks",25,4,1,4,6,2,5,3,0
"sneer.bricks.pulp.reactive.collections.impl.AbstractListValueChange",25,4,4,4,4,2,4,6,2
"sneer.bricks.pulp.reactive.impl.SignalAdapter",25,4,4,2,7,6,1,6,3
"sneer.bricks.software.code.java.source.writer.impl.JavaSourceWriterImpl",25,4,3,4,5,2,1,5,1
"sneer.bricks.hardware.ram.recycler.impl.MemoryRecyclerImpl",25,3,1,3,7,5,0,8,2
"sneer.bricks.hardware.ram.ref.weak.keeper.impl.WeakReferenceKeeperImpl",25,3,2,2,7,4,0,7,2
"sneer.bricks.identity.keys.own.tests.OwnKeysPrevalenceTest",25,3,2,3,6,4,0,7,2
"sneer.bricks.skin.main.menu.impl.MainMenuImpl",25,3,2,4,6,3,0,5,2
"sneer.bricks.network.computers.addresses.keeper.impl.Store",25,2,0,4,7,3,0,4,0
"sneer.snapps.games.drones.units.tests.DroneUnitsTest",25,2,2,2,7,3,0,4,1
"sneer.bricks.identity.seals.contacts.tests.ContactSealsTest",25,1,1,1,8,6,0,7,1
"sneer.bricks.network.social.attributes.gui.impl.AttributePanel",25,1,1,1,8,3,1,5,2
"sneer.bricks.pulp.dyndns.checkip.tests.CheckIpTest",25,1,1,1,8,3,0,4,1
"sneer.bricks.software.bricks.interception.fixtures.combinedmethods.impl.BrickOfSomeInterceptingNatureImpl",24,6,4,6,2,2,0,4,0
"sneer.bricks.softwaresharing.gui.impl.StringTreeNode",24,6,3,6,7,2,1,4,3
"basis.environments.CachingEnvironment",24,5,5,4,2,2,2,3,3
"sneer.bricks.pulp.notifiers.impl.WeakRefWithAlias",24,5,4,5,0,0,0,5,1
"basis.testsupport.tests.CleanTestBaseTest",24,4,3,5,3,1,0,3,1
"sneer.bricks.network.computers.udp.impl.UdpSocketImpl",24,4,4,4,5,0,1,1,1
"basis.brickness.impl.tests.fixtures.a.impl.BrickAImpl",24,3,3,3,3,2,0,8,1
"basis.util.concurrent.RefLatch",24,3,2,4,2,1,2,3,2
"sneer.bricks.expression.files.writer.folder.impl.FolderContentsWriterImpl",24,3,2,7,6,3,0,5,0
"sneer.bricks.hardware.io.log.exceptions.impl.ExceptionLoggerImpl",24,3,2,6,5,4,0,7,0
"sneer.bricks.identity.seals.codec.impl.SealCodecImpl",24,3,3,3,7,6,0,8,0
"sneer.bricks.pulp.serialization.impl.XStreamPool",24,3,0,4,4,0,0,1,1
"sneer.bricks.snapps.web.tests.SealForUrlTest",24,3,2,3,4,3,0,5,0
"sneer.bricks.expression.files.protocol.FileOrFolder",24,2,2,2,2,2,14,3,5
"sneer.bricks.pulp.reactive.collections.tests.CollectionSignalsTest",24,2,2,1,7,4,0,6,1
"sneer.bricks.snapps.games.sliceWars.impl.gui.drawers.PhaseDescriptionDrawer",24,2,2,2,4,1,1,3,4
"sneer.bricks.expression.files.client.downloads.gui.impl.DownloadPanel",24,1,1,1,10,5,1,6,2
"sneer.bricks.expression.tuples.logger.impl.TupleLoggerImpl",24,1,1,2,9,8,0,10,1
"sneer.bricks.identity.keys.signatures.impl.SignaturesImpl",24,1,1,1,5,2,0,3,0
"sneer.bricks.skin.image.ImageFactory",23,12,12,12,7,1,10,2,0
"basis.lang.arrays.ImmutableByteArray2D",23,5,4,6,1,0,4,1,1
"basis.lang.exceptions.FriendlyException",23,5,5,5,0,0,11,2,1
"basis.testsupport.TestWithMocks",23,5,0,5,4,0,1,1,1
"sneer.bricks.hardware.ram.ref.immutable.impl.ImmutableReferenceImpl",23,5,5,7,1,1,2,3,2
"sneer.bricks.software.timing.impl.TimingFrameworkImpl",23,5,4,2,4,4,0,6,2
"basis.brickness.impl.EagerClassLoader",23,4,0,7,2,0,3,2,1
"basis.util.concurrent.Latch",23,4,4,4,2,1,28,3,1
"sneer.bricks.pulp.propertystore.mocks.TransientPropertyStore",23,4,4,4,3,1,2,4,1
"sneer.bricks.skin.widgets.reactive.impl.RPanel",23,4,4,4,4,1,5,2,0
"sneer.bricks.expression.tuples.Tuple",23,3,0,4,5,4,76,6,3
"sneer.bricks.hardware.cpu.threads.impl.Stepper",23,3,3,4,4,3,1,5,2
"sneer.bricks.pulp.notifiers.pulsers.impl.UmbrellaContract",23,3,2,5,5,3,1,5,1
"sneer.bricks.snapps.contacts.gui.comparator.impl.ContactComparatorImpl",23,3,1,5,4,3,0,5,0
"sneer.bricks.snapps.games.sliceWars.impl.logic.DiceThrowOutcome",23,3,2,4,0,0,6,1,4
"snype.whisper.speex.impl.EncoderImpl",23,3,3,3,5,2,1,3,2
"sneer.bricks.snapps.chat.gui.panels.impl.JTextPaneWithoutAutoScrollOnEdit",23,2,1,3,6,1,1,3,0
"sneer.bricks.snapps.games.sliceWars.test.logic.DiceThrowerMock",23,2,2,4,2,2,3,3,2
"sneer.bricks.expression.tuples.keeper.gctimer.impl.TupleGarbageCollectionTimerImpl",23,1,1,1,8,6,0,7,3
"sneer.bricks.expression.files.map.FileMap",22,10,10,10,7,4,27,4,0
"sneer.bricks.hardware.cpu.crypto.Crypto",22,10,10,10,8,0,18,0,0
"sneer.bricks.softwaresharing.BrickVersion",22,8,8,8,5,4,11,4,1
"basis.environments.Bindings",22,4,4,4,3,0,2,3,1
"sneer.bricks.hardware.cpu.threads.tests.BrickTestWithThreads",22,4,2,3,7,5,3,7,0
"sneer.bricks.pulp.reactive.collections.impl.ListElementReplaced",22,4,4,4,2,0,1,1,1
"dfcsantos.music.store.impl.MusicStoreImpl",22,3,3,3,4,3,0,4,3
"sneer.bricks.hardware.io.prevalence.nature.impl.PrevalentBuilding",22,3,1,4,4,3,1,5,1
"sneer.bricks.network.computers.tcp.connections.impl.SocketCloser",22,3,0,3,5,3,0,5,0
"sneer.bricks.network.computers.tcp.connections.receiver.impl.SocketReceiverImpl",22,3,3,1,8,7,0,8,3
"sneer.bricks.network.computers.tcp.impl.ByteArrayServerSocketImpl",22,3,3,3,4,2,1,3,1
"sneer.bricks.skin.popuptrigger.impl.PopupTriggerImpl",22,3,3,1,5,2,0,5,1
"sneer.bricks.snapps.games.sliceWars.impl.logic.DiceThrowerImpl",22,3,2,4,0,0,2,2,2
"sneer.bricks.snapps.web.tests.ContactProviderMock",22,3,3,3,3,2,1,3,3
"sneer.main.SneerSession",22,2,0,4,5,2,0,5,0
"sneer.bricks.pulp.blinkinglights.BlinkingLights",21,14,14,14,3,2,58,2,0
"sneer.bricks.hardware.io.prevalence.nature.tests.fixtures.SomePrevalentBrick",21,10,10,10,6,4,4,4,0
"sneer.bricks.skin.imgselector.impl.Picture",21,4,4,4,2,0,1,2,1
"basis.brickness.testsupport.tests.BrickTestWithMockRunnerTest",21,3,3,2,4,1,0,2,2
"dfcsantos.tracks.tastematching.impl.TasteMatcherImpl",21,3,2,2,6,5,0,7,1
"sneer.bricks.identity.name.tests.OwnNameTest",21,3,1,3,5,3,0,5,0
"sneer.bricks.pulp.reactive.collections.setfilter.impl.SetFilterImpl",21,3,3,2,7,6,0,7,0
"dfcsantos.music.notification.playingtrack.server.impl.PlayingTrackPublisherImpl",21,2,1,2,8,7,0,9,1
"sneer.bricks.expression.tuples.keeper.impl.NewestTupleByGroup",21,2,2,3,4,4,1,5,2
"sneer.bricks.snapps.games.sliceWars.test.logic.PlayerTest",21,2,2,2,3,1,0,1,0
"snype.whisper.skin.audio.loopback.impl.LoopbackTesterImpl",21,2,2,3,4,2,0,4,0
"sneer.bricks.skin.widgets.reactive.impl.RFrameImpl",20,4,3,4,4,3,1,7,1
"sneer.bricks.hardware.io.prevalence.nature.tests.fixtures.brick2.impl.PrevalentBrick2Impl",20,3,3,3,3,2,0,4,1
"sneer.bricks.network.computers.channels.impl.ChannelsImpl",20,3,3,3,5,4,0,5,0
"sneer.bricks.network.computers.udp.holepuncher.server.listener.impl.StunServerListenersImpl",20,3,3,1,5,3,0,4,0
"sneer.bricks.pulp.reactive.collections.listsorter.impl.ListSorterImpl",20,3,3,2,6,5,0,7,1
"sneer.bricks.skin.menu.impl.MenuFactoryImpl",20,3,3,3,5,2,0,3,0
"sneer.tests.freedom1.Freedom1Test",20,3,2,3,3,2,0,4,0
"snype.whisper.skin.audio.speaker.impl.LineImpl",20,3,3,3,5,1,1,3,1
"sneer.bricks.expression.tuples.tests.TupleSpaceResponsivenessTest",20,2,2,1,7,5,0,6,1
"sneer.bricks.network.computers.udp.holepuncher.protocol.impl.DataUtils",20,2,0,4,3,0,0,1,0
"sneer.bricks.network.social.heartbeat.impl.HeartImpl",20,2,1,1,7,6,0,8,1
"sneer.bricks.pulp.dyndns.ownaccount.tests.DynDnsAccountKeeperTest",20,2,1,2,5,3,0,5,1
"sneer.bricks.snapps.games.sliceWars.impl.gui.drawers.CellsDrawer",20,2,2,3,4,2,1,3,2
"snype.whisper.speextuples.SpeexPacket",20,2,2,2,3,3,3,4,3
"sneer.bricks.network.computers.addresses.own.port.impl.OwnPortImpl",20,1,0,1,4,2,0,4,0
"sneer.bricks.snapps.games.sliceWars.impl.logic.gameStates.GameStateContext",19,12,12,12,4,2,7,2,0
"sneer.bricks.network.social.Contacts",19,7,7,7,6,4,26,4,0
"sneer.bricks.software.diff.TextComparator",19,6,6,6,2,0,3,0,1
"sneer.bricks.network.computers.tcp.connections.TcpConnectionManager",19,5,5,5,7,6,7,7,0
"sneer.bricks.snapps.games.sliceWars.impl.logic.Cell",19,4,4,5,0,0,6,1,3
"sneer.bricks.softwaresharing.gui.impl.FileVersionListModel",19,4,3,4,3,2,1,4,1
"sneer.bricks.network.computers.addresses.own.port.tests.OwnPortTest",19,3,1,3,5,3,0,5,0
"sneer.bricks.network.computers.tcp.connections.impl.CallImpl",19,3,3,3,2,2,1,3,2
"sneer.bricks.network.computers.tcp.impl.TcpNetworkImpl",19,3,3,3,4,3,0,4,0
"sneer.bricks.pulp.reactive.impl.Adapter",19,3,3,2,6,5,1,5,2
"sneer.bricks.software.code.compilers.impl.LanguageImpl",19,3,3,3,2,2,1,3,2
"dfcsantos.tracks.storage.rejected.tests.RejectedTracksKeeperTest",19,2,1,2,5,3,0,5,1
"sneer.bricks.hardware.cpu.utils.consumers.parsers.integer.impl.IntegerParserImpl",19,2,2,2,2,2,1,4,1
"sneer.bricks.software.code.metaclass.impl.SimpleMetaClass",19,2,1,3,1,0,1,2,0
"sneer.bricks.softwaresharing.demolisher.filestatus.tests.FileStatusCalculatorTest",19,2,1,2,6,3,0,5,0
"sneer.bricks.softwaresharing.demolisher.impl.DemolisherImpl",19,2,2,2,6,5,0,7,0
"sneer.bricks.softwaresharing.git.impl.AutoCloseableRepository",19,2,2,2,4,0,1,1,1
"sneer.bricks.snapps.chat.gui.panels.impl.Resizer",19,1,0,1,6,1,0,3,1
"sneer.bricks.snapps.games.go.impl.gui.game.painters.ToroidalBoardImagePainter",19,1,1,3,3,0,1,1,0
"sneer.bricks.snapps.web.tests.WebTest",19,1,1,1,3,1,0,2,0
"sneer.bricks.software.bricks.compiler.impl.BuilderImpl",19,1,1,3,8,5,0,6,0
"sneer.bricks.software.bricks.interception.impl.InterceptionEnhancerImpl",19,1,1,1,7,3,0,4,0
"sneer.bricks.software.folderconfig.FolderConfig",18,10,10,10,4,1,23,1,0
"sneer.bricks.expression.files.client.downloads.Download",18,8,8,8,7,5,21,6,0
"sneer.bricks.softwaresharing.BrickHistory",18,6,6,6,2,1,14,1,1
"sneer.bricks.network.computers.tcp.connections.impl.ConnectionsByContact",18,4,1,3,3,3,0,3,1
"sneer.bricks.pulp.reactive.gates.logic.impl.LogicGatesImpl",18,3,3,2,5,4,0,5,0
"sneer.bricks.software.code.metaclass.asm.impl.ASMImpl",18,3,3,3,3,2,0,4,1
"basis.brickness.impl.tests.BricknessEnvironmentTest",18,2,2,1,8,5,0,6,1
"basis.testsupport.PrettyPrinter",18,2,2,4,3,1,3,3,1
"sneer.bricks.expression.tuples.remote.impl.RemoteTuplesImpl",18,2,2,1,8,7,0,8,1
"sneer.bricks.hardware.cpu.profiler.tests.ProfilerTest",18,2,1,2,3,1,0,4,0
"sneer.bricks.skin.main.instrumentregistry.impl.InstrumentRegistryImpl",18,2,2,2,6,5,0,6,1
"sneer.bricks.skin.main.title.impl.ProcessTitleImpl",18,2,2,1,7,6,0,7,0
"sneer.bricks.skin.rooms.impl.ActiveRoomKeeperImpl",18,2,2,2,6,5,0,6,1
"sneer.bricks.expression.files.protocol.FileContents",18,1,1,1,4,4,3,5,4
"sneer.bricks.snapps.help.impl.HelpImpl",18,1,1,1,4,2,0,3,0
"sneer.bricks.hardware.cpu.threads.Threads",17,9,9,9,4,3,53,3,0
"sneer.bricks.pulp.reactive.Signals",17,7,7,7,6,5,79,5,0
"sneer.bricks.hardware.clock.impl.ClockImpl",17,5,4,6,6,5,0,9,3
"sneer.bricks.snapps.chat.ChatMessage",17,3,3,3,2,2,7,3,1
"basis.brickness.impl.tests.fixtures.b.impl.BrickBImpl",17,2,2,2,1,1,0,7,0
"dfcsantos.tracks.execution.playlist.impl.RandomPlaylist",17,2,2,2,6,1,1,2,0
"sneer.bricks.expression.files.client.downloads.impl.DownloadsImpl",17,2,2,2,6,5,0,6,0
"sneer.bricks.hardware.io.prevalence.nature.impl.PrevalentImpl",17,2,2,2,5,3,0,4,0
"sneer.bricks.network.computers.udp.sender.impl.UdpSenderImpl",17,2,2,4,3,2,0,3,1
"sneer.bricks.pulp.notifiers.pulsers.impl.PulserSenderImpl",17,2,2,2,5,4,1,5,1
"sneer.bricks.snapps.games.sliceWars.impl.sneer.SneerPlayer",17,2,2,2,5,4,1,5,1
"sneer.bricks.network.computers.tcp.connections.impl.OutgoingHandShaker",17,1,0,1,8,6,0,6,1
"sneer.bricks.snapps.web.impl.ContactProviderImpl",17,1,1,3,6,5,1,7,0
"sneer.bricks.skin.main.translucentsupport.TranslucentSupport",16,8,8,8,4,0,2,0,0
"sneer.bricks.expression.tuples.TupleSpace",16,7,7,7,5,4,49,4,0
"sneer.bricks.network.social.attributes.Attributes",16,6,6,6,6,5,34,5,0
"basis.lang.exceptions.NotImplementedYet",16,4,4,4,0,0,60,1,1
"sneer.bricks.pulp.reactive.collections.impl.ListElementAdded",16,3,3,3,2,0,2,1,0
"sneer.bricks.pulp.reactive.collections.impl.ListElementRemoved",16,3,3,3,2,0,1,1,0
"sneer.bricks.expression.files.client.downloads.old.impl.DownloadsOldImpl",16,2,2,2,5,4,0,5,0
"sneer.bricks.expression.files.transfer.FileTransferStatus",16,2,2,2,2,2,2,3,2
"sneer.bricks.hardware.io.prevalence.nature.impl.BrickProvision",16,2,2,3,2,1,1,2,2
"sneer.bricks.pulp.notifiers.pulsers.impl.PulseSendersImpl",16,2,2,2,5,5,0,6,0
"sneer.bricks.snapps.system.log.sysout.impl.LogToSysoutImpl",16,2,1,1,4,3,0,6,1
"sneer.bricks.software.code.metaclass.impl.MetaClassesImpl",16,2,2,2,5,3,0,5,0
"basis.brickness.testsupport.tests.BrickTestTest",16,1,1,1,6,3,0,4,2
"sneer.bricks.expression.files.protocol.FileRequest",16,1,1,1,4,4,6,5,3
"sneer.bricks.expression.files.transfer.FileTransferSugestion",16,1,1,1,2,2,3,3,4
"sneer.bricks.hardware.cpu.crypto.ecdh.impl.ECDHKeyAgreementImpl",16,1,1,1,7,4,0,5,0
"sneer.bricks.hardware.io.log.impl.LoggerImpl",16,1,1,3,4,3,0,4,1
"sneer.bricks.pulp.serialization.tests.SerializerTest",16,1,1,1,5,3,0,4,1
"sneer.bricks.skin.widgets.clipboard.tests.ClipboardTest",16,1,1,2,5,2,0,3,0
"sneer.bricks.snapps.games.go.impl.gui.game.painters.RegularGoBoardImagePainter",16,1,1,1,4,0,0,1,0
"sneer.main.SneerFolders",16,1,0,2,3,0,0,3,5
"sneer.tests.adapters.SneerParty",15,9,9,9,3,1,0,2,0
"sneer.bricks.expression.tuples.keeper.TupleKeeper",15,7,7,7,4,3,4,3,0
"sneer.bricks.hardware.cpu.codec.Codec",15,6,6,6,1,0,9,0,0
"sneer.bricks.network.computers.connections.ConnectionManager",15,6,6,6,3,2,11,2,0
"sneer.bricks.identity.seals.contacts.ContactSeals",15,5,5,5,6,5,40,5,0
"sneer.bricks.hardware.cpu.codec.DecodeException",15,4,4,4,0,0,5,1,0
"sneer.bricks.network.computers.udp.UdpNetwork",15,4,4,4,4,0,13,0,1
"sneer.bricks.hardware.cpu.timebox.impl.TimeboxImpl",15,3,3,2,2,2,0,4,0
"sneer.bricks.snapps.games.sliceWars.impl.RemotePlay",15,3,3,3,0,0,4,0,2
"sneer.bricks.hardware.cpu.crypto.ecdh.test.NullECDHKeyAgreemnent",15,2,1,2,3,2,1,4,0
"sneer.bricks.hardware.io.log.worker.impl.LogWorkerHolderImpl",15,2,2,3,2,2,0,3,1
"sneer.bricks.hardware.io.prevalence.nature.impl.MapLookup",15,2,2,2,3,2,1,3,2
"sneer.bricks.network.computers.channels.guaranteed.splitter.impl.PacketSplittersImpl",15,2,2,2,4,3,0,4,0
"sneer.bricks.network.computers.tcp.connections.TcpSighting",15,2,2,2,2,2,5,3,2
"sneer.bricks.network.computers.udp.holepuncher.protocol.StunRequest",15,2,2,2,0,0,4,2,3
"sneer.bricks.skin.main.dashboard.impl.IconUtil",15,2,0,2,6,3,0,4,0
"sneer.bricks.snapps.web.impl.WebRequest",15,2,2,2,4,3,1,4,1
"sneer.bricks.software.bricks.interception.impl.Types",15,2,0,3,2,0,0,0,0
"sneer.bricks.software.bricks.repl.impl.ReplImpl",15,2,2,2,4,3,0,4,0
"basis.lang.tests.PairTest",15,1,1,1,4,1,0,1,0
"dfcsantos.tracks.exchange.endorsements.TrackEndorsement",15,1,1,1,2,2,3,3,4
"sneer.bricks.hardwaresharing.backup.FileEvent",15,1,1,1,2,2,3,3,4
"sneer.bricks.skin.main.icons.impl.IconsImpl",15,1,1,1,6,2,0,4,0
"sneer.tests.prevalence.PrevalenceTest",15,1,1,1,5,4,0,6,0
"sneer.bricks.snapps.games.sliceWars.impl.logic.BoardCell",14,10,10,10,1,0,19,0,0
"sneer.bricks.pulp.reactive.collections.ListRegister",14,9,9,9,1,1,24,2,0
"sneer.bricks.snapps.contacts.actions.ContactActionManager",14,7,7,7,3,0,13,0,0
"dfcsantos.tracks.storage.folder.TracksFolderKeeper",14,6,6,6,4,2,10,2,0
"sneer.bricks.hardware.gui.nature.tests.fixtures.SomeGuiBrick",14,6,6,6,4,2,2,2,0
"sneer.bricks.skin.windowboundssetter.WindowBoundsSetter",14,6,6,6,4,0,5,0,0
"sneer.bricks.softwaresharing.FileVersion",14,5,5,5,0,0,11,0,1
"basis.lang.ByRef",14,3,2,3,0,0,19,1,1
"sneer.bricks.snapps.contacts.gui.ContactsGui",14,3,3,3,6,4,14,5,0
"sneer.bricks.snapps.tasks.impl.TaskMessage",14,3,3,3,1,1,1,3,1
"dfcsantos.tracks.execution.playlist.impl.PlaylistsImpl",14,2,2,2,3,2,0,3,0
"sneer.bricks.pulp.notifiers.impl.NotifiersImpl",14,2,2,2,3,3,0,5,0
"sneer.bricks.pulp.reactive.collections.impl.CurrentListElements",14,2,2,1,2,1,1,3,1
"sneer.bricks.pulp.reactive.collections.impl.VisitingListReceiver",14,2,2,2,3,2,1,3,1
"sneer.bricks.software.bricks.repl.impl.GroovyEvaluator",14,2,2,2,2,1,1,2,1
"snype.whisper.speex.impl.SpeexImpl",14,2,2,2,3,3,0,4,0
"sneer.bricks.identity.keys.own.tests.OwnKeysTest",14,1,1,1,4,2,0,4,2
"sneer.bricks.network.computers.udp.holepuncher.protocol.StunReply",14,1,1,1,1,0,4,0,4
"sneer.bricks.softwaresharing.demolisher.filestatus.impl.FileStatusCalculatorImpl",14,1,1,4,3,1,0,2,0
"sneer.bricks.softwaresharing.gui.impl.BrickListCellRenderer",14,1,1,1,4,0,1,0,0
"sneer.snapps.games.drones.ChallengeAcceptance",14,1,1,1,2,2,1,3,3
"sneer.tests.freedom7.Freedom7TestGit",14,1,1,1,3,1,0,2,0
"sneer.bricks.snapps.games.sliceWars.impl.logic.Board",13,9,9,9,1,0,9,0,0
"sneer.bricks.pulp.blinkinglights.Light",13,7,7,7,3,3,29,3,0
"sneer.bricks.network.computers.udp.holepuncher.protocol.StunProtocol",13,6,6,6,3,0,5,0,0
"sneer.bricks.hardware.io.files.atomic.dotpart.DotParts",13,5,5,5,4,0,7,0,0
"sneer.bricks.expression.files.client.FileClient",13,4,4,4,5,3,8,3,0
"sneer.bricks.expression.files.transfer.FileTransfer",13,4,4,4,5,3,3,3,0
"sneer.bricks.hardwaresharing.backup.Snackup",13,4,4,4,5,4,2,4,0
"snype.whisper.skin.audio.kernel.Audio",13,4,4,4,5,0,9,0,0
"sneer.bricks.identity.keys.own.OwnKeys",13,3,3,3,5,2,9,2,1
"sneer.bricks.expression.tuples.tests.GcTestTuple",13,2,1,3,0,0,1,1,1
"sneer.bricks.hardware.io.log.exceptions.robust.impl.RobustExceptionLoggingImpl",13,2,2,2,1,1,0,2,1
"sneer.bricks.hardware.ram.ref.immutable.impl.ImmutableReferencesImpl",13,2,2,2,2,2,0,3,0
"sneer.bricks.pulp.notifiers.receivers.impl.Solder",13,2,2,1,2,2,0,2,2
"sneer.bricks.pulp.reactive.gates.strings.impl.StringGatesImpl",13,2,2,2,2,2,0,3,0
"sneer.bricks.pulp.streams.sequencer.impl.Packet",13,2,2,2,0,0,1,0,2
"sneer.bricks.skin.menu.impl.MenuGroupImpl",13,2,2,2,1,0,1,2,1
"dfcsantos.music.ui.presenter.menuitem.impl.MusicMenuItemImpl",13,1,1,1,5,4,0,5,0
"dfcsantos.tracks.tastematching.impl.MatchCounter",13,1,1,3,0,0,1,0,2
"sneer.bricks.network.computers.udp.sightings.UdpSighting",13,1,1,1,2,2,1,3,3
"sneer.bricks.network.social.attributes.AttributeValue",13,1,1,1,3,3,2,4,2
"sneer.bricks.pulp.dyndns.updater.InvalidHostException",13,1,1,1,0,0,3,1,1
"sneer.bricks.snapps.games.go.impl.network.GoInvitation",13,1,1,1,1,1,2,2,3
"sneer.main.stun.StunServerSession",13,1,1,2,3,2,1,3,0
"sneer.bricks.software.bricks.interception.impl.BrickMetadataDefinition",13,0,0,2,2,1,0,1,6
"sneer.snapps.games.drones.units.Unit",12,8,8,8,0,0,7,1,1
"sneer.bricks.hardware.io.prevalence.map.PrevalenceMap",12,7,7,7,1,0,7,0,0
"sneer.bricks.pulp.reactive.collections.SetRegister",12,7,7,7,1,0,17,1,0
"sneer.bricks.snapps.games.sliceWars.impl.logic.gameStates.GameState",12,6,6,6,3,2,9,2,0
"sneer.bricks.pulp.reactive.collections.ListSignal",12,5,5,4,3,2,42,3,0
"sneer.bricks.skin.menu.MenuGroup",12,5,5,5,4,2,10,2,0
"sneer.bricks.software.timing.impl.TimingTargetAdapter",12,5,5,5,1,1,1,2,1
"sneer.bricks.expression.tuples.dispatcher.TupleDispatcher",12,4,4,4,4,3,11,3,0
"sneer.bricks.hardware.gui.images.Images",12,4,4,4,4,0,8,0,0
"sneer.bricks.hardware.ram.iterables.Iterables",12,4,4,4,4,1,2,1,0
"sneer.bricks.network.computers.addresses.keeper.InternetAddressKeeper",12,4,4,4,4,3,7,3,0
"sneer.bricks.pulp.serialization.Serializer",12,4,4,4,4,0,10,0,0
"snype.whisper.skin.audio.mic.Mic",12,4,4,4,4,3,6,3,0
"basis.brickness.impl.BrickLoadingException",12,3,3,3,0,0,4,1,0
"sneer.bricks.expression.files.map.mapper.FileMapper",12,3,3,3,5,1,14,1,0
"sneer.bricks.hardware.cpu.crypto.ecb.tests.NullECBCiphers",12,3,3,1,2,2,1,3,0
"sneer.bricks.skin.menu.MenuFactory",12,3,3,3,5,1,5,1,0
"snype.whisper.speextuples.SpeexTuples2",12,3,3,3,3,1,2,1,1
"sneer.bricks.hardware.cpu.crypto.Hash",12,2,2,2,2,2,74,3,1
"sneer.bricks.identity.seals.Seal",12,2,2,2,2,2,105,3,1
"sneer.bricks.pulp.reactive.collections.impl.ListElementMoved",12,2,2,2,0,0,1,1,1
"sneer.bricks.skin.menu.impl.MenuBarImpl",12,2,1,2,1,0,1,1,1
"sneer.bricks.skin.menu.impl.MenuPopupImpl",12,2,1,2,1,0,1,1,1
"sneer.bricks.snapps.games.sliceWars.impl.logic.DiceImpl",12,2,2,2,1,0,2,1,1
"sneer.bricks.snapps.games.sliceWars.test.logic.LoadedDice",12,2,2,2,1,1,8,2,1
"sneer.bricks.snapps.web.impl.SealForUrl",12,2,2,2,1,1,2,2,1
"sneer.bricks.softwaresharing.demolisher.Demolisher",12,2,2,2,6,4,3,4,0
"sneer.bricks.network.computers.udp.holepuncher.server.impl.IpAddresses",12,1,1,1,1,0,1,0,3
"sneer.bricks.network.computers.udp.receiver.impl.ReceiverThreadsImpl",12,1,1,1,5,3,0,4,0
"sneer.bricks.network.social.navigation.ContactOfContact",12,1,1,1,2,2,3,3,2
"sneer.bricks.pulp.dyndns.ownaccount.DynDnsAccount",12,1,1,1,1,1,5,2,3
"sneer.bricks.skin.main.menu.exit.impl.ExitMenuItemImpl",12,1,1,1,4,3,0,5,0
"sneer.bricks.skin.widgets.reactive.impl.RUtil",12,1,0,3,1,0,0,0,1
"sneer.bricks.snapps.chat.gui.panels.impl.ChatPanelsImpl",12,1,1,1,5,4,0,5,0
"sneer.bricks.snapps.games.go.impl.network.AcknowledgeReceive",12,1,1,1,3,2,2,3,2
"sneer.bricks.hardware.clock.timer.Timer",11,5,5,5,2,1,35,1,0
"sneer.bricks.hardware.gui.guithread.GuiThread",11,5,5,5,2,1,17,1,0
"sneer.bricks.pulp.reactive.collections.CollectionSignals",11,5,5,5,2,1,38,1,0
"sneer.snapps.games.drones.matches.Match",11,5,5,5,2,1,3,1,0
"dfcsantos.tracks.storage.rejected.RejectedTracksKeeper",11,4,4,4,3,2,4,2,0
"sneer.bricks.expression.tuples.kept.KeptTuples",11,4,4,4,3,2,4,2,0
"sneer.bricks.network.computers.channels.Channel",11,4,4,4,4,3,10,3,0
"sneer.bricks.hardware.gui.trayicon.TrayIcons",11,3,3,3,4,2,4,2,0
"sneer.bricks.network.computers.channels.Channels",11,3,3,3,2,1,6,1,2
"sneer.bricks.software.code.metaclass.asm.ASM",11,3,3,3,2,0,3,0,0
"basis.brickness.BrickConventions",11,2,2,2,0,0,1,1,1
"sneer.bricks.hardware.cpu.timebox.impl.TimeIsUp",11,2,2,2,0,0,2,2,0
"sneer.bricks.hardware.io.prevalence.map.impl.OID",11,2,2,2,0,0,1,0,1
"sneer.bricks.network.computers.channels.guaranteed.splitter.PacketSplitters",11,2,2,2,4,2,3,2,1
"sneer.bricks.network.computers.udp.holepuncher.client.StunClient",11,2,2,2,4,1,5,1,1
"sneer.bricks.pulp.dyndns.updater.UpdaterException",11,2,2,2,1,1,9,2,1
"sneer.bricks.pulp.reactive.collections.listsorter.ListSorter",11,2,2,2,5,3,7,3,0
"sneer.bricks.pulp.reactive.impl.null",11,2,2,1,0,0,0,1,1
"sneer.bricks.skin.main.menu.MainMenu",11,2,2,2,5,2,12,2,0
"sneer.bricks.snapps.tasks.impl.Task",11,2,2,2,0,0,1,0,1
"sneer.bricks.software.bricks.interception.fixtures.brickwithlib.impl.BrickWithLibImpl",11,2,2,2,1,1,0,3,0
"sneer.bricks.software.code.compilers.CompilerException",11,2,2,2,0,0,5,1,1
"basis.brickness.testsupport.tests.foo.impl.FooBrickImpl",11,1,1,1,3,2,0,3,1
"dfcsantos.tracks.execution.player.impl.TrackPlayerImpl",11,1,1,1,4,4,0,5,0
"sneer.bricks.expression.files.client.downloads.gui.impl.DownloadListPanelsImpl",11,1,1,1,4,3,0,4,0
"sneer.bricks.expression.files.map.visitors.impl.FileMapGuideImpl",11,1,1,1,4,3,0,4,0
"sneer.bricks.expression.files.transfer.FileTransferDetails",11,1,1,1,2,2,1,3,2
"sneer.bricks.expression.tuples.testsupport.pump.impl.TuplePumpsImpl",11,1,1,1,4,3,0,4,0
"sneer.bricks.hardware.cpu.crypto.ecb.impl.ECBCiphersImpl",11,1,1,1,4,3,0,4,0
"sneer.bricks.hardware.ram.reflection.visitation.tests.ReflectionGuideTest",11,1,1,1,4,2,0,3,1
"sneer.bricks.network.computers.addresses.contacts.impl.ContactAddressesImpl",11,1,1,1,4,3,0,4,0
"sneer.bricks.network.social.attributes.gui.impl.AttributeListPanelsImpl",11,1,1,1,4,3,0,4,0
"sneer.bricks.skin.widgets.reactive.impl.RTextFieldImpl",11,1,1,1,4,2,2,3,1
"sneer.bricks.snapps.games.go.impl.sneerSpecifics.SneerTimerFactory",11,1,1,1,4,3,1,4,0
"sneer.bricks.snapps.games.sliceWars.impl.logic.AttackOutcome",11,1,1,1,0,0,7,0,3
"sneer.bricks.snapps.games.sliceWars.impl.sneer.SliceWarsPlay",11,1,1,1,3,3,2,4,1
"sneer.bricks.software.bricks.repl.gui.tests.ReplWindowTest",11,1,1,1,3,1,0,2,0
"sneer.bricks.softwaresharing.gui.impl.Util",11,1,0,3,2,2,0,2,0
"sneer.bricks.snapps.games.go.impl.gui.game.Offset",10,7,7,7,0,0,2,0,0
"sneer.bricks.software.timing.Animator",10,7,7,7,0,0,2,0,0
"sneer.bricks.hardware.io.log.stacktrace.StackTraceLogger",10,5,5,5,1,0,6,0,0
"sneer.bricks.pulp.datastore.DataStore",10,5,5,5,1,0,2,0,0
"sneer.bricks.pulp.reactive.collections.ListChange",10,5,5,8,0,0,8,0,0
"sneer.bricks.software.code.metaclass.MetaClass",10,5,5,5,2,0,2,0,0
"sneer.bricks.hardware.clock.Clock",10,4,4,4,2,1,30,1,0
"sneer.bricks.hardware.ram.meter.MemoryMeter",10,4,4,4,2,1,3,1,0
"sneer.bricks.pulp.bandwidth.BandwidthCounter",10,4,4,4,2,1,4,1,0
"sneer.bricks.software.code.classutils.ClassUtils",10,4,4,4,2,0,10,0,0
"dfcsantos.music.store.MusicStore",10,3,3,3,3,2,2,2,0
"dfcsantos.tracks.Tracks",10,3,3,3,3,0,4,0,0
"sneer.bricks.identity.seals.codec.SealCodec",10,3,3,3,3,2,4,2,0
"sneer.bricks.pulp.distribution.filtering.TupleFilterManager",10,3,3,3,3,2,4,2,0
"sneer.bricks.pulp.reactive.SignalUtils",10,3,3,3,3,2,10,2,0
"dfcsantos.tracks.exchange.downloads.downloader.TrackDownloader",10,2,2,2,4,3,3,3,0
"sneer.bricks.expression.files.client.downloads.Downloads",10,2,2,2,4,2,3,2,0
"sneer.bricks.expression.files.writer.atomic.AtomicFileWriter",10,2,2,2,4,1,2,1,0
"sneer.bricks.expression.files.writer.folder.FolderContentsWriter",10,2,2,2,4,1,3,1,0
"sneer.bricks.hardware.ram.collections.CollectionUtils",10,2,2,2,4,2,12,2,0
"sneer.bricks.network.computers.udp.sightings.SightingKeeper",10,2,2,2,4,2,7,2,0
"sneer.bricks.pulp.reactive.collections.setfilter.SetFilter",10,2,2,2,4,3,3,3,0
"sneer.bricks.snapps.gis.map.MapRenderer",10,2,2,2,4,2,2,2,0
"sneer.bricks.snapps.wind.Wind",10,2,2,2,4,3,4,3,0
"sneer.bricks.software.bricks.interception.fixtures.staticinitializer.impl.StaticInitializerImpl",10,2,1,2,1,1,0,4,0
"sneer.bricks.software.bricks.statestore.tests.BrickStateStoreMock",10,2,2,2,1,1,0,2,0
"sneer.bricks.software.code.metaclass.asm.impl.ASMException",10,2,2,2,0,0,1,1,1
"sneer.bricks.software.code.metaclass.impl.MetaClassException",10,2,2,2,0,0,1,1,1
"sneer.bricks.softwaresharing.BrickSpace",10,2,2,2,4,2,6,2,0
"dfcsantos.tracks.tastematching.TasteMatcher",10,1,1,1,4,2,3,2,0
"sneer.bricks.expression.snoard.SnoardTuple",10,1,1,1,2,2,1,3,1
"sneer.bricks.hardware.cpu.lang.contracts.impl.ContractsImpl",10,1,1,1,3,3,0,4,0
"sneer.bricks.hardwaresharing.dataspace.buckets.BlockRead",10,1,1,1,2,2,1,3,1
"sneer.bricks.identity.keys.gui.impl.tests.PassphraseTest",10,1,1,1,3,1,0,2,0
"sneer.bricks.network.computers.channels.guaranteed.impl.GuaranteedChannelsImpl",10,1,1,1,3,3,0,4,0
"sneer.bricks.network.computers.channels.largepackets.impl.LargePacketChannelsImpl",10,1,1,1,3,3,0,4,0
"sneer.bricks.network.computers.udp.connections.UdpConnectionManager",10,1,1,1,3,1,5,2,2
"sneer.bricks.network.computers.udp.receiver.ReceiverThreads",10,1,1,1,5,2,4,2,0
"sneer.bricks.network.social.navigation.ContactNavigator",10,1,1,1,4,2,3,2,0
"sneer.bricks.pulp.reactive.signalchooser.impl.SignalChoosersImpl",10,1,1,1,3,3,0,4,0
"sneer.bricks.pulp.retrier.impl.RetrierManagerImpl",10,1,1,1,3,3,0,4,0
"sneer.bricks.pulp.streams.sequencer.impl.SequencersImpl",10,1,1,1,3,3,0,4,0
"sneer.bricks.snapps.chat.gui.panels.ChatPanels",10,1,1,1,5,3,4,3,0
"sneer.bricks.snapps.games.go.impl.network.GoMove",10,1,1,1,2,2,1,3,1
"sneer.bricks.snapps.games.sliceWars.impl.sneer.SliceWarsInvitation",10,1,1,1,2,2,1,3,1
"sneer.bricks.snapps.gis.location.impl.LocationsImpl",10,1,1,1,3,3,0,4,0
"sneer.bricks.snapps.web.impl.WebResponse",10,1,1,1,2,2,1,3,1
"sneer.bricks.software.code.java.source.writer.impl.JavaSourceWritersImpl",10,1,1,1,3,2,0,3,0
"sneer.snapps.games.drones.units.impl.UnitsImpl",10,1,1,1,3,2,0,3,0
"sneer.tests.freedom5.Freedom5TestChannels",10,1,1,2,3,2,0,3,0
"snype.whisper.skin.audio.speaker.Speaker",10,1,1,2,4,1,3,2,0
"sneer.bricks.network.computers.addresses.own.port.OwnPort",10,0,0,1,3,1,12,2,2
"sneer.bricks.network.computers.tcp.protocol.ProtocolTokens",10,0,0,1,3,1,5,1,3
"sneer.bricks.hardware.gui.trayicon.TrayIcon",9,5,5,5,1,1,3,1,0
"sneer.bricks.hardware.ram.graphs.DirectedGraph",9,5,5,5,1,0,3,0,0
"sneer.bricks.snapps.chat.gui.panels.Message",9,5,5,5,1,0,9,0,0
"sneer.bricks.pulp.reactive.collections.MapValueChange",9,4,4,8,0,0,0,0,0
"basis.brickness.impl.tests.fixtures.a.BrickA",9,3,3,3,2,1,3,1,0
"sneer.bricks.expression.tuples.floodcache.FloodedTupleCache",9,3,3,3,2,1,4,1,0
"sneer.bricks.hardware.cpu.threads.throttle.CpuThrottle",9,3,3,3,2,1,7,1,0
"sneer.bricks.hardware.io.prevalence.nature.tests.fixtures.brick2.PrevalentBrick2",9,3,3,3,2,1,4,1,0
"sneer.bricks.network.computers.tcp.TcpNetwork",9,3,3,3,2,0,12,0,0
"sneer.bricks.skin.widgets.reactive.TextWidget",9,3,3,3,3,2,11,3,0
"sneer.bricks.software.bricks.interception.fixtures.combinedmethods.BrickOfSomeInterceptingNature",9,3,3,3,2,1,2,1,0
"sneer.bricks.software.code.compilers.LanguageRegistry",9,3,3,3,2,1,5,1,0
"basis.brickness.impl.BrickClassLoader",9,2,2,2,0,0,1,0,1
"sneer.bricks.network.computers.connections.ByteConnection",9,2,2,2,4,3,9,3,0
"sneer.bricks.network.computers.http.gateway.HttpGateway",9,2,2,2,3,1,3,1,0
"sneer.bricks.network.computers.udp.sender.UdpSender",9,2,2,2,3,1,5,1,0
"sneer.bricks.pulp.dyndns.ownaccount.DynDnsAccountKeeper",9,2,2,2,3,2,5,2,0
"sneer.bricks.pulp.notifiers.pulsers.PulseSenders",9,2,2,2,3,2,8,2,0
"sneer.bricks.skin.filechooser.FileChoosers",9,2,2,2,3,1,3,1,0
"sneer.bricks.skin.rooms.ActiveRoomKeeper",9,2,2,2,3,2,4,2,0
"sneer.bricks.skin.widgets.reactive.ImageWidget",9,2,2,2,4,2,2,3,0
"sneer.bricks.software.bricks.compiler.BrickCompilerException",9,2,2,2,0,0,4,1,0
"sneer.bricks.software.code.jar.Jars",9,2,2,2,3,0,4,0,0
"sneer.bricks.softwaresharing.git.Git",9,2,2,2,3,0,2,0,0
"sneer.bricks.expression.files.client.downloads.gui.DownloadListPanels",9,1,1,1,4,2,2,2,0
"sneer.bricks.expression.files.protocol.FolderContents",9,1,1,1,2,2,24,3,1
"sneer.bricks.expression.tuples.remote.RemoteTuples",9,1,1,1,4,3,22,3,0
"sneer.bricks.hardware.clock.ticker.impl.ClockTickerImpl",9,1,1,1,3,2,0,3,0
"sneer.bricks.hardware.cpu.utils.consumers.parsers.integer.impl.IntegerParsersImpl",9,1,1,1,2,2,0,3,0
"sneer.bricks.hardware.ram.graphs.impl.GraphsImpl",9,1,1,1,2,2,0,3,0
"sneer.bricks.hardwaresharing.dataspace.buckets.impl.BucketsImpl",9,1,1,1,2,2,0,3,0
"sneer.bricks.network.computers.addresses.contacts.ContactAddresses",9,1,1,1,4,2,3,2,0
"sneer.bricks.network.computers.udp.impl.UdpNetworkImpl",9,1,1,1,2,1,0,2,0
"sneer.bricks.pulp.datastructures.cache.impl.CacheFactoryImpl",9,1,1,1,2,2,0,3,0
"sneer.bricks.pulp.dyndns.updater.RedundantUpdateException",9,1,1,1,0,0,4,1,1
"sneer.bricks.pulp.dyndns.updater.ServerErrorException",9,1,1,1,0,0,2,1,1
"sneer.bricks.pulp.dyndns.updater.UnexpectedResponseException",9,1,1,1,0,0,2,1,1
"sneer.bricks.pulp.reactive.gates.buffers.assync.impl.AssynchronousBuffersImpl",9,1,1,1,2,2,0,3,0
"sneer.bricks.pulp.reactive.gates.numbers.impl.NumberGatesImpl",9,1,1,1,2,2,0,3,0
"sneer.bricks.pulp.serialization.fixtures.brickwithlib.impl.BrickToBeSerializedImpl",9,1,1,1,2,1,0,3,0
"sneer.bricks.skin.popuptrigger.PopupTrigger",9,1,1,1,4,1,3,1,0
"sneer.bricks.skin.widgets.autoscroll.impl.AutoScrollImpl",9,1,1,1,2,1,0,2,0
"sneer.bricks.snapps.chat.Chat",9,1,1,1,3,1,2,1,0
"sneer.bricks.snapps.contacts.gui.comparator.ContactComparator",9,1,1,1,3,1,3,2,0
"sneer.bricks.snapps.contacts.gui.info.ContactInfoWindow",9,1,1,1,3,1,2,1,0
"sneer.bricks.snapps.games.go.impl.logging.GoLogger",9,1,1,2,0,0,5,1,1
"sneer.bricks.snapps.web.Web",9,1,1,1,2,0,2,0,1
"sneer.bricks.software.bricks.repl.gui.ReplWindow",9,1,1,1,3,1,1,1,0
"sneer.bricks.software.code.metaclass.asm.impl.AnnotationInfoImpl",9,1,1,1,1,1,1,2,1
"sneer.bricks.softwaresharing.publisher.BuildingHash",9,1,1,1,2,2,2,3,1
"snype.whisper.AudioPacket",9,1,1,1,1,0,0,0,2
"snype.whisper.skin.audio.speaker.impl.SpeakerImpl",9,1,1,1,2,1,0,2,0
"snype.whisper.skin.screenshotter.Screenshotter",9,1,1,1,4,2,1,2,0
"snype.whisper.speextuples.tests.PcmSoundPacket",9,1,1,1,2,2,1,3,1
"dfcsantos.music.notification.playingtrack.impl.PlayingTrackImpl",9,0,0,1,3,2,0,3,0
"sneer.bricks.expression.files.transfer.downloadfolder.impl.DownloadFolderImpl",9,0,0,1,3,2,0,3,0
"sneer.bricks.identity.name.impl.OwnNameImpl",9,0,0,1,3,2,0,3,0
"sneer.bricks.identity.name.OwnName",9,0,0,1,3,1,11,2,1
"sneer.bricks.network.computers.addresses.own.host.impl.OwnHostImpl",9,0,0,1,3,2,0,3,0
"sneer.tests.adapters.impl.utils.network.udp.tests.InProcessUdpNetworkTest",9,0,0,1,5,3,0,4,1
"sneer.tests.prevalence.fixtures.setup.impl.PrevalenceTestSetupImpl",9,0,0,1,4,3,0,4,0
"sneer.tests.SovereignCommunity",8,5,5,5,0,0,1,0,0
"sneer.bricks.expression.files.map.visitors.FolderStructureVisitor",8,4,4,4,1,1,6,1,0
"sneer.bricks.hardwaresharing.dataspace.buckets.Bucket",8,4,4,4,1,0,4,0,0
"sneer.bricks.network.computers.addresses.keeper.InternetAddress",8,3,3,3,2,2,10,2,0
"sneer.bricks.network.computers.tcp.ByteArraySocket",8,3,3,3,1,0,23,0,1
"sneer.bricks.network.social.attributes.gui.AttributePanelElement",8,3,3,3,2,2,4,2,0
"sneer.bricks.pulp.propertystore.PropertyStore",8,3,3,3,1,0,6,0,0
"sneer.bricks.skin.main.instrumentregistry.Instrument",8,3,3,3,1,1,11,1,1
"sneer.bricks.skin.widgets.reactive.ListWidget",8,3,3,3,2,1,6,2,0
"sneer.bricks.snapps.diff.text.gui.TextDiffPanel",8,3,3,3,2,0,2,0,0
"basis.lang.Functor",8,2,2,1,0,0,55,1,1
"dfcsantos.tracks.exchange.downloads.counter.TrackDownloadCounter",8,2,2,2,2,1,4,1,0
"dfcsantos.tracks.execution.playlist.Playlists",8,2,2,2,2,0,4,0,0
"sneer.bricks.expression.files.client.downloads.TimeoutException",8,2,2,2,0,0,6,1,0
"sneer.bricks.hardware.cpu.timebox.Timebox",8,2,2,2,2,1,2,1,0
"sneer.bricks.hardware.io.log.filter.LogFilter",8,2,2,2,2,1,3,1,0
"sneer.bricks.hardware.ram.deepcopy.DeepCopier",8,2,2,2,2,0,1,0,0
"sneer.bricks.network.computers.udp.holepuncher.server.StunServer",8,2,2,2,2,0,4,0,0
"sneer.bricks.pulp.exceptionhandling.ExceptionHandler",8,2,2,2,2,1,8,1,0
"sneer.bricks.pulp.notifiers.Notifiers",8,2,2,2,2,1,15,1,0
"sneer.bricks.pulp.reactive.collections.CollectionSignal",8,2,2,2,3,2,16,4,0
"sneer.bricks.pulp.reactive.gates.logic.LogicGates",8,2,2,2,2,1,4,1,0
"sneer.bricks.pulp.reactive.gates.strings.StringGates",8,2,2,2,2,1,3,1,0
"sneer.bricks.skin.main.dashboard.InstrumentPanel",8,2,2,2,3,1,11,1,0
"sneer.bricks.skin.main.instrumentregistry.InstrumentRegistry",8,2,2,2,2,1,10,1,0
"sneer.bricks.skin.widgets.reactive.ToggleButtonWidget",8,2,2,2,3,2,2,3,0
"sneer.bricks.snapps.contacts.gui.ContactTextProvider",8,2,2,2,2,2,3,2,1
"sneer.bricks.software.bricks.snapploader.SnappLoader",8,2,2,2,2,1,3,1,0
"sneer.bricks.software.code.metaclass.MetaClasses",8,2,2,2,2,0,1,0,0
"basis.brickness.Brickness",8,1,1,1,2,2,9,2,0
"basis.lang.Objects",8,1,1,2,0,0,0,1,0
"dfcsantos.music.ui.view.MusicView",8,1,1,1,3,2,3,3,0
"dfcsantos.tracks.execution.player.TrackPlayer",8,1,1,1,3,2,3,2,0
"sneer.bricks.expression.files.hasher.FolderContentsHasher",8,1,1,1,3,2,5,2,0
"sneer.bricks.expression.files.map.visitors.FileMapGuide",8,1,1,1,3,1,5,1,0
"sneer.bricks.expression.files.transfer.FileTransferAccept",8,1,1,1,1,1,1,2,1
"sneer.bricks.expression.tuples.tests.KeptTuple",8,1,1,1,1,1,5,2,1
"sneer.bricks.expression.tuples.tests.TestTuple",8,1,1,1,1,1,10,2,1
"sneer.bricks.hardware.cpu.crypto.ecdh.ECDHKeyAgreement",8,1,1,1,2,1,4,1,1
"sneer.bricks.hardware.io.log.filter.LogWhiteListEntry",8,1,1,1,1,1,0,2,1
"sneer.bricks.hardware.io.prevalence.flag.impl.PrevalenceFlagImpl",8,1,1,1,1,1,0,2,0
"sneer.bricks.hardwaresharing.backup.InSync",8,1,1,1,2,2,1,3,0
"sneer.bricks.network.computers.addresses.contacts.tcp.ContactInternetAddresses",8,1,1,1,3,2,3,2,0
"sneer.bricks.network.computers.addresses.own.ips.OwnIps",8,1,1,1,3,1,3,1,0
"sneer.bricks.network.computers.http.server.HttpServer",8,1,1,1,3,1,3,1,0
"sneer.bricks.network.computers.tcp.accepter.SocketAccepter",8,1,1,1,3,2,2,2,0
"sneer.bricks.network.social.attributes.gui.AttributeListPanels",8,1,1,1,3,1,2,1,0
"sneer.bricks.network.social.heartbeat.stethoscope.Stethoscope",8,1,1,1,3,2,2,2,0
"sneer.bricks.network.social.navigation.ContactsRequest",8,1,1,1,2,2,1,3,0
"sneer.bricks.pulp.httpclient.HttpClient",8,1,1,1,3,1,5,1,0
"sneer.bricks.pulp.probe.tests.TupleWithId",8,1,1,1,1,1,2,2,1
"sneer.bricks.skin.image.DefaultIcons",8,1,1,1,1,0,2,0,3
"sneer.bricks.skin.imgselector.ImageSelector",8,1,1,1,3,1,1,1,0
"sneer.bricks.skin.main.icons.Icons",8,1,1,1,3,1,8,1,0
"sneer.bricks.skin.widgets.autoscroll.AutoScroll",8,1,1,1,3,1,3,1,0
"sneer.bricks.snapps.games.go.impl.network.GoMessage",8,1,1,1,2,2,3,3,0
"sneer.bricks.software.bricks.compiler.Builder",8,1,1,1,3,0,4,0,0
"sneer.bricks.software.bricks.finder.BrickFinder",8,1,1,1,3,0,3,0,0
"sneer.bricks.software.bricks.interception.fixtures.combinedmethods.impl.GreeterBase",8,1,1,1,1,1,1,2,0
"sneer.bricks.software.bricks.interception.fixtures.primitivemethods.noargs.impl.PrimitiveMethodNoArgsImpl",8,1,1,1,1,1,0,2,0
"sneer.bricks.software.bricks.interception.fixtures.refmethods.noargs.impl.RefMethodsNoArgsImpl",8,1,1,1,1,1,0,2,0
"sneer.bricks.software.bricks.interception.InterceptionEnhancer",8,1,1,1,3,1,3,1,0
"sneer.snapps.games.drones.Challenge",8,1,1,1,2,2,1,3,0
"snype.whisper.gui.SnypeAcceptTuple",8,1,1,1,2,2,1,3,0
"snype.whisper.gui.SnypeCall",8,1,1,1,2,2,1,3,0
"snype.whisper.gui.SnypeStopTuple",8,1,1,1,2,2,1,3,0
"sneer.bricks.expression.files.transfer.downloadfolder.DownloadFolder",8,0,0,1,3,1,4,2,0
"sneer.bricks.software.code.compilers.java.JavaCompiler",8,0,0,1,3,1,6,2,0
"sneer.tests.adapters.impl.utils.network.tests.InProcessNetworkTest",8,0,0,1,4,3,0,4,1
"sneer.tests.prevalence.fixtures.assertion.impl.PrevalenceTestAssertionImpl",8,0,0,1,3,2,0,3,0
"snype.whisper.speextuples.SpeexTuples",8,0,0,1,2,0,2,0,1
"sneer.bricks.hardware.cpu.crypto.Digester",7,4,4,4,0,0,3,0,0
"sneer.bricks.pulp.datastructures.cache.Cache",7,4,4,4,0,0,4,0,0
"sneer.bricks.software.bricks.interception.Boxing",7,4,4,4,0,0,1,2,0
"sneer.bricks.software.timing.TimingTarget",7,4,4,4,0,0,2,0,0
"sneer.bricks.pulp.reactive.ReactivePredicate",7,3,3,1,1,0,5,0,2
"sneer.bricks.snapps.contacts.actions.ContactAction",7,3,3,3,1,1,13,2,0
"sneer.bricks.software.code.compilers.Result",7,3,3,3,1,0,6,0,0
"basis.brickness.impl.tests.fixtures.b.BrickB",7,2,2,2,1,0,2,0,0
"basis.brickness.Nature",7,2,2,2,2,1,12,1,0
"sneer.bricks.hardware.clock.ticker.custom.CustomClockTicker",7,2,2,2,1,0,4,0,0
"sneer.bricks.hardware.gui.timebox.TimeboxedEventQueue",7,2,2,2,1,0,4,0,0
"sneer.bricks.hardware.io.log.exceptions.ExceptionLogger",7,2,2,2,1,0,12,0,0
"sneer.bricks.hardware.io.log.exceptions.robust.RobustExceptionLogging",7,2,2,2,1,0,3,0,0
"sneer.bricks.hardware.io.log.worker.LogWorkerHolder",7,2,2,2,1,0,3,0,0
"sneer.bricks.hardware.ram.ref.immutable.ImmutableReferences",7,2,2,2,1,0,4,0,0
"sneer.bricks.skin.widgets.clipboard.Clipboard",7,2,2,2,1,0,4,0,0
"sneer.bricks.skin.widgets.reactive.LabelProvider",7,2,2,2,2,1,6,1,0
"sneer.bricks.software.bricks.interception.Interceptor",7,2,2,2,0,0,7,0,0
"sneer.bricks.software.bricks.repl.Repl",7,2,2,2,1,0,4,0,0
"sneer.bricks.software.bricks.statestore.BrickStateStore",7,2,2,2,1,0,5,0,0
"sneer.bricks.software.timing.TimingFramework",7,2,2,2,1,0,1,0,0
"snype.whisper.skin.audio.loopback.LoopbackTester",7,2,2,2,1,0,2,0,0
"snype.whisper.speex.Speex",7,2,2,2,1,0,4,0,0
"basis.brickness.testsupport.tests.foo.FooBrick",7,1,1,1,2,1,3,1,0
"basis.lang.exceptions.Crashed",7,1,1,1,1,0,3,0,0
"basis.lang.exceptions.Refusal",7,1,1,1,0,0,27,1,1
"dfcsantos.tracks.exchange.endorsements.TrackEndorser",7,1,1,1,2,1,3,1,0
"dfcsantos.tracks.exchange.TrackExchange",7,1,1,1,2,1,2,1,0
"dfcsantos.tracks.execution.playlist.impl.SequentialPlaylist",7,1,1,1,1,0,1,1,0
"sneer.bricks.expression.tuples.testsupport.pump.TuplePumps",7,1,1,1,2,1,2,1,0
"sneer.bricks.hardware.cpu.crypto.ecb.ECBCiphers",7,1,1,1,2,1,4,1,0
"sneer.bricks.hardware.cpu.exceptions.ExceptionCapsule",7,1,1,2,0,0,0,1,0
"sneer.bricks.hardware.cpu.utils.consumers.parsers.integer.IntegerParsers",7,1,1,1,2,1,2,1,0
"sneer.bricks.hardware.cpu.utils.consumers.validators.bounds.integer.IntegerBounds",7,1,1,1,2,1,1,1,0
"sneer.bricks.hardware.io.log.notifier.LogNotifier",7,1,1,1,2,1,4,1,0
"sneer.bricks.hardwaresharing.backup.FileToRestore",7,1,1,1,1,1,1,2,0
"sneer.bricks.hardwaresharing.backup.FileToSync",7,1,1,1,1,1,1,2,0
"sneer.bricks.identity.keys.signatures.Signatures",7,1,1,1,2,0,1,0,0
"sneer.bricks.identity.seals.OwnSeal",7,1,1,1,2,1,31,1,0
"sneer.bricks.pulp.dyndns.checkip.CheckIp",7,1,1,1,2,0,4,0,0
"sneer.bricks.pulp.dyndns.ownip.OwnIpDiscoverer",7,1,1,1,2,1,4,1,0
"sneer.bricks.pulp.dyndns.updater.BadAuthException",7,1,1,1,0,0,4,1,1
"sneer.bricks.pulp.dyndns.updater.Updater",7,1,1,1,2,0,4,0,0
"sneer.bricks.pulp.notifiers.pulsers.Pulser",7,1,1,1,3,3,7,4,0
"sneer.bricks.pulp.notifiers.Source",7,1,1,1,3,3,24,4,0
"sneer.bricks.pulp.reactive.gates.buffers.assync.AssynchronousBuffers",7,1,1,1,2,1,2,1,0
"sneer.bricks.pulp.reactive.gates.numbers.NumberGates",7,1,1,1,2,1,1,1,0
"sneer.bricks.pulp.reactive.signalchooser.SignalChoosers",7,1,1,1,2,1,4,1,0
"sneer.bricks.pulp.streams.sequencer.Sequencers",7,1,1,1,2,1,4,1,0
"sneer.bricks.skin.main.title.ProcessTitle",7,1,1,1,2,1,4,1,0
"sneer.bricks.snapps.contacts.gui.ContactImageProvider",7,1,1,1,3,2,0,2,0
"sneer.bricks.snapps.games.go.impl.gui.game.painters.BoardImagePainter",7,1,1,1,3,0,3,0,0
"sneer.bricks.snapps.gis.location.Locations",7,1,1,1,2,1,2,1,0
"sneer.bricks.snapps.system.log.file.LogToFile",7,1,1,1,2,0,2,0,0
"sneer.bricks.software.bricks.interception.fixtures.brickwithlib.BrickWithLib",7,1,1,1,2,1,2,1,0
"sneer.bricks.software.bricks.interception.fixtures.combinedmethods.impl.Greeter2",7,1,1,1,0,0,1,1,0
"sneer.bricks.software.bricks.interception.fixtures.primitivemethods.noargs.PrimitiveMethodNoArgs",7,1,1,1,2,1,2,1,0
"sneer.bricks.software.bricks.interception.fixtures.refmethods.noargs.RefMethodsNoArgs",7,1,1,1,2,1,2,1,0
"sneer.bricks.software.bricks.interception.fixtures.staticinitializer.StaticInitializer",7,1,1,1,2,1,2,1,0
"sneer.bricks.software.bricks.interception.fixtures.voidmethods.noargs.impl.VoidMethodsNoArgsImpl",7,1,1,1,1,1,0,2,0
"sneer.bricks.software.bricks.interception.fixtures.voidmethods.noargs.VoidMethodsNoArgs",7,1,1,1,2,1,2,1,0
"sneer.bricks.software.bricks.interception.fixtures.voidmethods.onearg.impl.VoidMethodsRefArgImpl",7,1,1,1,1,1,0,2,0
"sneer.bricks.software.bricks.interception.fixtures.voidmethods.onearg.VoidMethodsRefArg",7,1,1,1,2,1,2,1,0
"sneer.bricks.software.bricks.interception.impl.UniqueNameProvider",7,1,1,1,0,0,0,0,1
"sneer.bricks.software.code.compilers.LanguageCompiler",7,1,1,1,3,0,5,0,0
"sneer.bricks.software.code.java.source.writer.JavaSourceWriters",7,1,1,1,2,0,5,0,0
"sneer.bricks.softwaresharing.demolisher.filestatus.FileStatusCalculator",7,1,1,1,2,1,3,1,0
"sneer.bricks.softwaresharing.publisher.BuildingPublisher",7,1,1,1,2,0,2,0,0
"sneer.snapps.games.drones.units.Units",7,1,1,1,2,0,3,0,0
"snype.whisper.skin.audio.player.SoundPlayer",7,1,1,1,2,0,1,0,0
"dfcsantos.music.notification.playingtrack.PlayingTrack",7,0,0,1,3,1,4,2,0
"dfcsantos.music.ui.presenter.contactstatus.ContactMusicStatus",7,0,0,1,3,1,1,1,0
"dfcsantos.music.ui.presenter.menuitem.MusicMenuItem",7,0,0,1,3,1,1,1,0
"sneer.bricks.expression.files.transfer.gui.FileTransferGui",7,0,0,1,2,0,1,0,0
"sneer.bricks.expression.snoard.Snoard",7,0,0,1,2,0,1,0,0
"sneer.bricks.hardware.cpu.profiler.Profiler",7,0,0,1,2,0,1,0,0
"sneer.bricks.hardware.gui.nature.GUI",7,0,0,1,4,3,19,5,0
"sneer.bricks.hardwaresharing.dataspace.buckets.BlockReadResponse",7,0,0,1,2,2,1,3,2
"sneer.bricks.network.computers.addresses.own.host.OwnHost",7,0,0,1,3,1,2,2,0
"sneer.bricks.network.social.attributes.gui.window.AttributesWindow",7,0,0,1,3,1,1,1,0
"sneer.bricks.network.social.navigation.gui.ContactNavigationWindow",7,0,0,1,3,1,1,1,0
"sneer.bricks.network.social.rendezvous.Rendezvous",7,0,0,1,2,0,2,0,0
"sneer.bricks.network.social.ui.clipboardadder.ClipboardAdder",7,0,0,1,2,0,1,0,0
"sneer.bricks.skin.main.dashboard.Dashboard",7,0,0,1,3,1,2,1,0
"sneer.bricks.skin.main.menu.exit.ExitMenuItem",7,0,0,1,3,1,1,1,0
"sneer.bricks.snapps.gis.map.gui.MapGui",7,0,0,1,3,1,1,2,0
"sneer.bricks.snapps.owninfo.OwnInfo",7,0,0,1,3,1,1,1,0
"sneer.bricks.snapps.system.blinkinglights.gui.BlinkingLightsGui",7,0,0,1,3,1,1,2,0
"sneer.bricks.snapps.system.meter.bandwidth.gui.BandwidthMeterGui",7,0,0,1,3,1,1,2,0
"sneer.bricks.snapps.system.meter.memory.gui.MemoryMeterGui",7,0,0,1,3,1,1,2,0
"sneer.bricks.snapps.tasks.gui.TaskWindow",7,0,0,1,2,0,1,0,0
"sneer.bricks.snapps.wind.gui.WindGui",7,0,0,1,3,1,1,2,0
"sneer.bricks.software.bricks.interception.fixtures.nature.SomeInterceptingNature",7,0,0,1,3,2,8,4,0
"sneer.snapps.games.drones.ui.DronesUI",7,0,0,1,2,0,1,0,0
"snype.whisper.gui.SnypeGUI",7,0,0,1,2,0,1,0,0
"snype.whisper.gui.WhisperGui",7,0,0,1,3,1,1,2,0
"basis.lang.Predicate",6,3,3,1,0,0,19,0,2
"sneer.bricks.hardware.ram.ref.immutable.ImmutableReference",6,3,3,3,0,0,8,0,0
"sneer.bricks.hardware.ram.reflection.visitation.Tour",6,3,3,3,0,0,1,0,0
"sneer.bricks.pulp.reactive.collections.MapRegister",6,3,3,3,0,0,3,0,0
"sneer.bricks.software.code.compilers.CompilationError",6,3,3,3,0,0,4,0,0
"dfcsantos.tracks.execution.player.TrackContract",6,2,2,2,1,1,3,2,0
"dfcsantos.tracks.execution.playlist.Playlist",6,2,2,2,1,1,6,1,0
"dfcsantos.tracks.Track",6,2,2,2,1,0,17,0,0
"sneer.bricks.network.computers.connections.Call",6,2,2,2,1,1,8,1,0
"sneer.bricks.network.computers.tcp.ByteArrayServerSocket",6,2,2,2,1,0,7,0,0
"sneer.bricks.pulp.reactive.collections.CollectionChange",6,2,2,2,1,0,22,0,0
"sneer.bricks.pulp.reactive.collections.MapSignal",6,2,2,2,1,0,1,1,0
"sneer.bricks.pulp.reactive.Register",6,2,2,2,1,1,62,1,0
"sneer.bricks.snapps.games.go.impl.logic.BoardListener",6,2,2,2,1,0,2,0,0
"sneer.bricks.snapps.games.go.impl.Player",6,2,2,2,1,1,3,1,0
"sneer.bricks.software.timing.WindowOpacitySetter",6,2,2,2,1,0,2,0,0
"basis.lang.PickyConsumer",6,1,1,1,1,1,28,2,0
"sneer.bricks.hardware.cpu.lang.contracts.Contracts",6,1,1,1,1,0,4,0,0
"sneer.bricks.hardware.gui.trayicon.SystemTrayNotSupported",6,1,1,1,0,0,3,1,0
"sneer.bricks.hardware.io.log.formatter.LogFormatter",6,1,1,1,1,0,3,0,0
"sneer.bricks.hardware.io.log.Logger",6,1,1,1,1,0,63,0,0
"sneer.bricks.hardware.io.prevalence.flag.PrevalenceFlag",6,1,1,1,1,0,4,0,0
"sneer.bricks.hardware.ram.graphs.Graphs",6,1,1,1,1,0,2,0,0
"sneer.bricks.hardware.ram.ref.weak.keeper.WeakReferenceKeeper",6,1,1,1,1,0,17,0,0
"sneer.bricks.hardware.ram.reflection.visitation.ReflectionGuide",6,1,1,1,1,0,2,0,0
"sneer.bricks.hardwaresharing.dataspace.buckets.BlockNumberOutOfRange",6,1,1,1,0,0,2,1,0
"sneer.bricks.network.computers.udp.server.UdpServer",6,1,1,1,1,0,3,0,0
"sneer.bricks.network.social.Contact",6,1,1,1,2,2,90,3,0
"sneer.bricks.pulp.datastructures.cache.CacheFactory",6,1,1,1,1,0,3,0,0
"sneer.bricks.pulp.dyndns.client.DynDnsClient",6,1,1,1,1,0,2,0,0
"sneer.bricks.pulp.probe.tests.TupleTypeA",6,1,1,1,0,0,3,1,0
"sneer.bricks.pulp.probe.tests.TupleTypeB",6,1,1,1,0,0,2,1,0
"sneer.bricks.pulp.retrier.RetrierManager",6,1,1,1,1,0,2,0,0
"sneer.bricks.pulp.retrier.Task",6,1,1,1,2,2,3,2,0
"sneer.bricks.pulp.serialization.fixtures.brickwithlib.BrickToBeSerialized",6,1,1,1,1,0,2,0,0
"sneer.bricks.snapps.diff.text.gui.TextDiffPanels",6,1,1,1,1,0,2,0,0
"sneer.bricks.software.code.jar.JarBuilder",6,1,1,1,2,0,3,1,0
"sneer.bricks.software.code.java.source.writer.JavaSourceWriter",6,1,1,1,2,0,6,0,0
"sneer.bricks.softwaresharing.stager.BrickStager",6,1,1,1,1,0,4,0,0
"basis.brickness.impl.tests.fixtures.nature.brick.BrickOfSomeNature",6,0,0,1,2,1,1,1,0
"basis.brickness.impl.tests.fixtures.nature.provider.SomeNature",6,0,0,1,2,1,1,2,0
"dfcsantos.music.notification.playingtrack.server.PlayingTrackPublisher",6,0,0,1,2,0,2,0,0
"sneer.bricks.expression.files.client.downloads.old.DownloadsOld",6,0,0,1,2,1,2,2,0
"sneer.bricks.expression.files.protocol.Protocol",6,0,0,1,1,0,4,0,1
"sneer.bricks.expression.files.server.FileServer",6,0,0,1,2,0,5,0,0
"sneer.bricks.expression.tuples.keeper.gctimer.TupleGarbageCollectionTimer",6,0,0,1,2,0,1,0,0
"sneer.bricks.expression.tuples.logger.TupleLogger",6,0,0,1,2,0,2,0,0
"sneer.bricks.hardware.io.log.exceptions.uncaught.UncaughtExceptionLogger",6,0,0,1,2,0,1,0,0
"sneer.bricks.hardware.ram.recycler.MemoryRecycler",6,0,0,1,2,0,1,0,0
"sneer.bricks.network.computers.upnp.Upnp",6,0,0,1,2,0,1,0,0
"sneer.bricks.pulp.probe.ProbeManager",6,0,0,1,2,0,3,0,0
"sneer.bricks.snapps.contacts.gui.delete.DeleteContactWindow",6,0,0,1,2,0,1,0,0
"sneer.bricks.snapps.games.go.GoMain",6,0,0,1,2,0,1,0,0
"sneer.bricks.snapps.games.sliceWars.SliceWarsMain",6,0,0,1,2,0,1,0,0
"sneer.bricks.snapps.help.Help",6,0,0,1,2,0,1,0,0
"sneer.bricks.snapps.system.log.gui.LogConsole",6,0,0,1,2,0,2,0,0
"sneer.bricks.software.code.compilers.scala.ScalaCompiler",6,0,0,1,2,1,1,2,0
"sneer.bricks.softwaresharing.gui.BricksGui",6,0,0,1,2,0,1,0,0
"sneer.bricks.softwaresharing.mapper.RepositoryMapper",6,0,0,1,2,0,2,0,0
"basis.brickness.BrickSerializationMapper",5,2,2,2,0,0,2,0,0
"sneer.bricks.hardware.cpu.crypto.ECBCipher",5,2,2,2,0,0,7,0,0
"sneer.bricks.hardware.gui.actions.Action",5,2,2,2,0,0,17,0,0
"sneer.bricks.hardware.io.prevalence.nature.tests.fixtures.Item",5,2,2,2,0,0,2,0,0
"sneer.bricks.pulp.blinkinglights.ConfirmationLight",5,2,2,2,0,0,0,1,0
"sneer.bricks.pulp.inspector.BrickInfo",5,2,2,2,0,0,0,0,0
"sneer.bricks.pulp.notifiers.Notifier",5,2,2,2,0,0,16,0,0
"sneer.bricks.pulp.notifiers.pulsers.PulseSender",5,2,2,2,0,0,4,0,0
"sneer.bricks.pulp.reactive.signalchooser.ListOfSignalsReceiver",5,2,2,2,0,0,5,0,0
"sneer.bricks.snapps.gis.location.Location",5,2,2,2,0,0,5,0,0
"sneer.bricks.software.bricks.repl.Evaluator",5,2,2,2,0,0,6,0,0
"sneer.bricks.software.code.compilers.Language",5,2,2,2,0,0,7,0,0
"sneer.bricks.software.timing.PropertySetter",5,2,2,2,0,0,1,0,0
"sneer.snapps.games.drones.units.Attributable",5,2,2,2,0,0,2,0,0
"snype.whisper.speex.Encoder",5,2,2,2,0,0,5,0,0
"basis.lang.Closure",5,1,1,1,0,0,134,2,0
"basis.lang.Consumer",5,1,1,1,0,0,199,1,0
"basis.lang.Producer",5,1,1,1,0,0,57,1,0
"sneer.bricks.expression.tuples.testsupport.pump.TuplePump",5,1,1,1,1,1,4,2,0
"sneer.bricks.hardware.cpu.lang.contracts.Contract",5,1,1,1,0,0,17,1,0
"sneer.bricks.hardware.cpu.lang.contracts.WeakContract",5,1,1,1,0,0,139,1,0
"sneer.bricks.network.computers.channels.guaranteed.GuaranteedChannels",5,1,1,1,1,1,1,1,0
"sneer.bricks.network.computers.channels.largepackets.LargePacketChannels",5,1,1,1,1,1,1,1,0
"sneer.bricks.pulp.inspector.BrickInspector",5,1,1,1,1,0,0,0,0
"sneer.bricks.pulp.reactive.Signal",5,1,1,1,1,1,165,2,0
"sneer.bricks.pulp.reactive.signalchooser.SignalChooser",5,1,1,1,1,1,13,1,0
"sneer.bricks.skin.widgets.reactive.ComponentWidget",5,1,1,1,1,0,5,1,0
"sneer.bricks.skin.widgets.reactive.Widget",5,1,1,1,1,0,6,0,0
"sneer.bricks.snapps.games.go.impl.TimerFactory",5,1,1,1,1,1,4,1,0
"sneer.bricks.snapps.games.sliceWars.impl.gui.drawers.Drawer",5,1,1,1,1,0,7,0,0
"sneer.bricks.snapps.games.sliceWars.impl.logic.gameStates.AttackCallback",5,1,1,1,1,1,3,1,0
"sneer.bricks.snapps.games.sliceWars.impl.logic.gameStates.SelectedCallback",5,1,1,1,1,1,2,1,0
"sneer.bricks.snapps.web.impl.ContactProvider",5,1,1,1,1,1,2,1,0
"sneer.bricks.software.bricks.compiler.tests.fixtures.Foo",5,1,1,1,0,0,1,0,0
"sneer.bricks.software.bricks.repl.ReplConsole",5,1,1,1,0,0,4,0,1
"basis.brickness.testsupport.tests.bar.BarBrick",5,0,0,1,1,0,5,0,0
"sneer.bricks.hardware.io.prevalence.nature.Prevalent",5,0,0,1,2,1,14,2,0
"sneer.bricks.hardwaresharing.dataspace.buckets.Buckets",5,0,0,1,2,1,2,2,0
"sneer.bricks.network.social.attributes.tests.fixtures.AttributeWithDefaultValue",5,0,0,1,1,1,1,2,1
"sneer.bricks.software.bricks.finder.tests.fixtures.brick2.BrickWithNature",5,0,0,1,2,1,0,1,0
"sneer.bricks.software.bricks.finder.tests.fixtures.nature.SomeNature",5,0,0,1,2,1,1,2,0
"sneer.bricks.softwaresharing.demolisher.tests.fixtures.buildinga.brick1.Brick1",5,0,0,1,1,0,1,0,0
"sneer.bricks.softwaresharing.demolisher.tests.fixtures.buildingb.brick1.Brick1",5,0,0,1,1,0,0,0,0
"sneer.tests.adapters.impl.utils.network.udp.InProcessUdpNetwork",5,0,0,1,2,1,2,2,0
"sneer.tests.prevalence.fixtures.assertion.PrevalenceTestAssertion",5,0,0,1,1,0,2,0,0
"sneer.tests.prevalence.fixtures.setup.PrevalenceTestSetup",5,0,0,1,1,0,2,0,0
"snype.whisper.skin.audio.SoundTuples",5,0,0,1,1,0,1,0,0
"snype.whisper.speex.impl.SpeexConstants",5,0,0,1,0,0,0,0,2
"basis.environments.Environment",4,1,1,1,0,0,43,0,0
"basis.environments.NonBlockingEnvironment",4,1,1,1,0,0,3,1,0
"basis.lang.ClosureX",4,1,1,1,0,0,19,0,0
"basis.lang.ConsumerX",4,1,1,1,0,0,2,0,0
"basis.lang.FunctorX",4,1,1,1,0,0,3,0,0
"basis.lang.ProducerX",4,1,1,1,0,0,8,0,0
"sneer.bricks.hardware.cpu.lang.contracts.Disposable",4,1,1,1,0,0,7,0,0
"sneer.bricks.hardware.io.log.worker.LogWorker",4,1,1,1,0,0,3,0,0
"sneer.bricks.hardware.ram.reflection.visitation.ReflectionVisitor",4,1,1,1,0,0,1,0,0
"sneer.bricks.network.computers.http.server.HttpHandler",4,1,1,1,0,0,3,0,0
"sneer.bricks.pulp.reactive.collections.CollectionRegister",4,1,1,1,0,0,2,0,0
"sneer.bricks.pulp.reactive.collections.SetSignal",4,1,1,1,0,0,36,1,0
"sneer.bricks.pulp.retrier.Retrier",4,1,1,1,0,0,3,0,0
"sneer.bricks.pulp.streams.sequencer.Sequencer",4,1,1,1,0,0,5,0,0
"sneer.bricks.snapps.games.sliceWars.impl.logic.Dice",4,1,1,1,0,0,3,0,0
"sneer.bricks.snapps.games.sliceWars.impl.logic.DiceThrower",4,1,1,1,0,0,2,0,0
"sneer.bricks.snapps.games.sliceWars.impl.logic.gameStates.DiceLeftCallback",4,1,1,1,0,0,2,0,0
"sneer.bricks.snapps.games.sliceWars.impl.logic.gameStates.PlayListener",4,1,1,1,0,0,3,0,0
"sneer.bricks.snapps.games.sliceWars.impl.RemotePlayListener",4,1,1,1,0,0,3,0,0
"sneer.bricks.software.bricks.interception.fixtures.combinedmethods.Greeter",4,1,1,1,0,0,2,0,0
"sneer.bricks.software.code.metaclass.asm.AnnotationVisitor",4,1,1,1,0,0,2,1,0
"sneer.bricks.software.code.metaclass.asm.ClassReader",4,1,1,1,0,0,3,0,0
"sneer.bricks.software.code.metaclass.asm.ClassVisitor",4,1,1,1,0,0,3,1,0
"sneer.tests.adapters.SneerPartyApiClassLoader",4,1,1,1,0,0,1,0,0
"snype.whisper.speex.Decoder",4,1,1,1,0,0,5,0,0
"basis.brickness.impl.tests.fixtures.InterfaceWithoutImplementation",4,0,0,1,1,0,1,0,0
"basis.brickness.impl.tests.fixtures.nature.brick.impl.BrickOfSomeNatureImpl",4,0,0,1,1,1,0,2,0
"basis.brickness.testsupport.tests.bar.impl.BarBrickImpl",4,0,0,1,1,1,0,2,0
"dfcsantos.music.ui.presenter.MusicPresenter",4,0,0,1,1,0,2,0,0
"sneer.bricks.hardware.clock.ticker.ClockTicker",4,0,0,1,1,0,4,0,0
"sneer.bricks.hardware.gui.actions.ActionPlaceHolder",4,0,0,1,1,0,0,0,0
"sneer.bricks.hardwaresharing.backup.RestoreRequest",4,0,0,1,1,1,1,2,0
"sneer.bricks.identity.keys.gui.PublicKeyInitDialog",4,0,0,1,1,0,2,0,0
"sneer.bricks.network.computers.channels.guaranteed.GuaranteedChannel",4,0,0,1,1,1,3,2,0
"sneer.bricks.network.computers.channels.largepackets.LargePacketChannel",4,0,0,1,1,1,2,2,0
"sneer.bricks.network.computers.tcp.connections.originator.SocketOriginator",4,0,0,1,1,0,3,0,0
"sneer.bricks.network.computers.tcp.connections.receiver.SocketReceiver",4,0,0,1,1,0,2,0,0
"sneer.bricks.network.computers.udp.holepuncher.server.listener.StunServerListeners",4,0,0,1,1,0,4,0,0
"sneer.bricks.network.social.attributes.Attribute",4,0,0,1,0,0,15,0,1
"sneer.bricks.network.social.heartbeat.Heart",4,0,0,1,1,0,2,0,0
"sneer.bricks.network.social.navigation.ContactNavigatorReply",4,0,0,1,1,1,0,2,0
"sneer.bricks.pulp.distribution.filtering.tests.TupleA",4,0,0,1,1,1,7,2,0
"sneer.bricks.pulp.distribution.filtering.tests.TupleB",4,0,0,1,1,1,3,2,0
"sneer.bricks.snapps.system.log.sysout.LogToSysout",4,0,0,1,1,0,3,0,0
"sneer.bricks.software.bricks.finder.tests.fixtures.brick1.BrickWithoutNature",4,0,0,1,1,0,0,0,0
"sneer.bricks.softwaresharing.demolisher.tests.fixtures.buildinga.brick1.impl.Brick1Impl",4,0,0,1,1,1,0,2,0
"sneer.tests.adapters.SneerPartyController",4,0,0,1,1,0,1,0,0
"snype.whisper.skin.audio.impl.SoundTuplesImpl",4,0,0,1,1,1,0,2,0
"basis.brickness.impl.tests.fixtures.InterfaceWithoutBrickAnnotation",3,0,0,1,0,0,1,0,0
"sneer.bricks.hardware.cpu.exceptions.Hiccup",3,0,0,1,0,0,7,1,0
"sneer.bricks.hardwaresharing.backup.HardDriveMegabytesLent",3,0,0,1,1,1,0,2,0
"sneer.bricks.hardwaresharing.backup.ImportantFolder",3,0,0,1,1,1,1,2,0
"sneer.bricks.network.social.attributes.tests.fixtures.AnotherAttribute",3,0,0,1,1,1,1,2,0
"sneer.bricks.network.social.attributes.tests.fixtures.SomeAttribute",3,0,0,1,1,1,1,2,0
"sneer.bricks.network.social.heartbeat.Heartbeat",3,0,0,1,1,1,3,2,0
"sneer.bricks.software.bricks.finder.tests.fixtures.brick2.NonBrick",3,0,0,1,0,0,0,0,0
"sneer.bricks.software.bricks.finder.tests.fixtures.nonbrick.NonBrick",3,0,0,1,0,0,0,0,0
"sneer.bricks.software.code.compilers.java.tests.TestLib",3,0,0,1,0,0,1,0,0
"sneer.bricks.software.code.metaclass.asm.AnnotationInfo",3,0,0,1,0,0,2,0,0
"sneer.bricks.software.code.metaclass.asm.ASMTodo",3,0,0,1,0,0,0,0,0
"sneer.bricks.software.code.metaclass.asm.Visitor",3,0,0,1,0,0,3,0,0
"basis.lang.Factory",2,0,0,1,0,0,0,1,0
"basis.lang.ReadOnly",2,0,0,1,0,0,4,0,0
"sneer.bricks.expression.files.map.mapper.MappingStopped",2,0,0,1,0,0,10,1,0
"sneer.bricks.snapps.games.go.impl.logic.IllegalMove",2,0,0,1,0,0,3,1,1
