"namespace","noc","nac"
"basis.lang",17,13
"sneer.bricks.pulp.reactive.collections.impl",15,2
"sneer.bricks.skin.widgets.reactive.impl",15,3
"sneer.bricks.snapps.games.sliceWars.impl.logic",15,4
"sneer.bricks.snapps.games.sliceWars.impl.logic.gameStates",13,6
"sneer.bricks.pulp.reactive.collections",12,12
"sneer.bricks.softwaresharing.gui.impl",12,2
"sneer.bricks.hardware.io.prevalence.nature.impl",10,0
"sneer.bricks.snapps.games.go.impl.gui.game.painters",10,1
"sneer.bricks.snapps.games.sliceWars.test.logic.gameStates",10,0
"basis.brickness.impl",9,3
"sneer.bricks.network.computers.tcp.connections.impl",9,0
"sneer.bricks.skin.widgets.reactive",9,8
"basis.environments",8,2
"sneer.bricks.expression.tuples.tests",8,0
"sneer.bricks.hardwaresharing.backup",8,4
"sneer.bricks.snapps.games.sliceWars.impl.gui.drawers",8,1
"dfcsantos.music.ui.view.impl",7,0
"sneer.bricks.pulp.dyndns.updater",7,2
"sneer.bricks.pulp.reactive.impl",7,1
"sneer.bricks.snapps.chat.gui.panels.impl",7,0
"sneer.bricks.snapps.games.go.impl.logic",7,1
"sneer.bricks.software.code.metaclass.asm",7,7
"basis.brickness",6,2
"sneer.bricks.expression.files.transfer",6,1
"sneer.bricks.snapps.games.go.impl.gui.game",6,1
"sneer.bricks.snapps.games.sliceWars.test.logic",6,0
"sneer.bricks.snapps.web.impl",6,1
"sneer.bricks.software.bricks.interception.impl",6,0
"sneer.bricks.software.code.compilers",6,5
"sneer.bricks.softwaresharing.demolisher.impl",6,0
"sneer.main",6,1
"snype.whisper.audio",6,1
"basis.brickness.testsupport",5,1
"basis.testsupport",5,3
"dfcsantos.music.impl",5,1
"sneer.bricks.expression.files.protocol",5,1
"sneer.bricks.hardware.cpu.threads.impl",5,0
"sneer.bricks.hardwaresharing.dataspace.buckets",5,2
"sneer.bricks.network.computers.udp.connections.impl",5,0
"sneer.bricks.pulp.reactive",5,5
"sneer.bricks.skin.menu.impl",5,1
"sneer.bricks.software.code.metaclass.asm.impl",5,0
"sneer.bricks.software.code.metaclass.impl",5,1
"sneer.bricks.software.timing",5,5
"snype.whisper.gui",5,2
"basis.lang.exceptions",4,0
"dfcsantos.tracks.execution.player.impl",4,0
"dfcsantos.tracks.execution.playlist.impl",4,1
"dfcsantos.tracks.tastematching.impl",4,0
"sneer.bricks.expression.files.client.downloads.impl",4,1
"sneer.bricks.expression.files.client.downloads.old.impl",4,1
"sneer.bricks.expression.files.map.impl",4,0
"sneer.bricks.hardware.cpu.crypto",4,3
"sneer.bricks.hardware.cpu.crypto.impl",4,0
"sneer.bricks.hardware.cpu.lang.contracts",4,4
"sneer.bricks.network.social.navigation",4,1
"sneer.bricks.pulp.blinkinglights",4,3
"sneer.bricks.pulp.probe.tests",4,1
"sneer.bricks.skin.imgselector.impl",4,0
"sneer.bricks.skin.main.dashboard.impl",4,0
"sneer.bricks.snapps.games.go.impl.network",4,0
"sneer.bricks.software.bricks.repl",4,3
"sneer.bricks.software.timing.impl",4,0
"sneer.bricks.softwaresharing",4,4
"sneer.snapps.games.drones.units",4,3
"sneer.tests.adapters",4,3
"snype.whisper.speex.impl",4,0
"basis.brickness.testsupport.tests",3,0
"basis.lang.arrays",3,0
"sneer.bricks.expression.files.client.downloads",3,2
"sneer.bricks.expression.files.client.downloads.gui.impl",3,0
"sneer.bricks.expression.files.tests",3,1
"sneer.bricks.hardware.cpu.threads.tests",3,1
"sneer.bricks.hardware.cpu.timebox.impl",3,0
"sneer.bricks.hardware.gui.trayicon",3,2
"sneer.bricks.hardware.io.log.tests",3,1
"sneer.bricks.hardware.ram.reflection.visitation",3,3
"sneer.bricks.hardwaresharing.dataspace.buckets.impl",3,0
"sneer.bricks.network.computers.addresses.keeper.impl",3,1
"sneer.bricks.network.computers.channels.guaranteed.splitter.impl",3,0
"sneer.bricks.network.computers.channels.impl",3,0
"sneer.bricks.network.computers.connections",3,3
"sneer.bricks.network.computers.tcp",3,3
"sneer.bricks.network.computers.tcp.impl",3,0
"sneer.bricks.network.computers.udp.connections.tests",3,0
"sneer.bricks.network.computers.udp.holepuncher.protocol",3,1
"sneer.bricks.network.computers.udp.server.impl",3,0
"sneer.bricks.network.social.attributes",3,2
"sneer.bricks.network.social.attributes.gui.impl",3,0
"sneer.bricks.network.social.attributes.tests.fixtures",3,3
"sneer.bricks.pulp.distribution.filtering.tests",3,0
"sneer.bricks.pulp.notifiers.impl",3,0
"sneer.bricks.pulp.notifiers",3,3
"sneer.bricks.pulp.notifiers.pulsers.impl",3,0
"sneer.bricks.pulp.notifiers.pulsers",3,3
"sneer.bricks.pulp.probe.impl",3,0
"sneer.bricks.pulp.reactive.collections.tests",3,0
"sneer.bricks.pulp.reactive.signalchooser",3,3
"sneer.bricks.pulp.retrier",3,3
"sneer.bricks.pulp.serialization.impl",3,0
"sneer.bricks.pulp.streams.sequencer.impl",3,0
"sneer.bricks.snapps.contacts.gui",3,3
"sneer.bricks.snapps.games.go.impl",3,2
"sneer.bricks.snapps.games.sliceWars.impl",3,1
"sneer.bricks.snapps.games.sliceWars.impl.sneer",3,0
"sneer.bricks.snapps.web.tests",3,0
"sneer.bricks.software.bricks.interception",3,2
"sneer.bricks.software.bricks.interception.fixtures.combinedmethods.impl",3,0
"sneer.bricks.software.bricks.repl.impl",3,0
"sneer.bricks.software.code.compilers.java.impl",3,0
"sneer.bricks.software.code.compilers.java.tests",3,0
"sneer.tests.adapters.impl.utils.network",3,0
"sneer.tests",3,3
"snype.whisper.skin.audio.loopback.impl",3,0
"snype.whisper.speex",3,3
"snype.whisper.speextuples",3,2
"basis.brickness.impl.tests",2,0
"basis.brickness.impl.tests.fixtures",2,2
"basis.testsupport.tests",2,0
"basis.util.concurrent",2,0
"dfcsantos.music.ui.presenter.impl",2,0
"dfcsantos.music.ui.view",2,2
"dfcsantos.tracks.exchange.endorsements",2,1
"dfcsantos.tracks.execution.player",2,2
"dfcsantos.tracks.execution.playlist",2,2
"dfcsantos.tracks.impl",2,0
"dfcsantos.tracks",2,2
"sneer.bricks.expression.files.map.mapper",2,1
"sneer.bricks.expression.files.map.mapper.impl",2,0
"sneer.bricks.expression.files.map.mapper.tests",2,0
"sneer.bricks.expression.files.map.visitors",2,2
"sneer.bricks.expression.files.map.visitors.impl",2,0
"sneer.bricks.expression.files.writer.folder.impl",2,0
"sneer.bricks.expression.snoard",2,1
"sneer.bricks.expression.tuples.impl",2,0
"sneer.bricks.expression.tuples.keeper.impl",2,0
"sneer.bricks.expression.tuples.testsupport.pump.impl",2,0
"sneer.bricks.expression.tuples.testsupport.pump",2,2
"sneer.bricks.expression.tuples",2,2
"sneer.bricks.hardware.cpu.codec",2,1
"sneer.bricks.hardware.cpu.exceptions",2,1
"sneer.bricks.hardware.cpu.lang.contracts.impl",2,0
"sneer.bricks.hardware.cpu.profiler.impl",2,0
"sneer.bricks.hardware.cpu.threads.throttle.impl",2,0
"sneer.bricks.hardware.cpu.utils.consumers.parsers.integer.impl",2,0
"sneer.bricks.hardware.gui.actions",2,2
"sneer.bricks.hardware.gui.trayicon.impl",2,0
"sneer.bricks.hardware.io.impl",2,0
"sneer.bricks.hardware.io.log.filter",2,1
"sneer.bricks.hardware.io.log.worker",2,2
"sneer.bricks.hardware.io.prevalence.map.impl",2,0
"sneer.bricks.hardware.io.prevalence.nature",2,1
"sneer.bricks.hardware.io.prevalence.nature.tests.fixtures",2,2
"sneer.bricks.hardware.ram.deepcopy.impl",2,0
"sneer.bricks.hardware.ram.graphs",2,2
"sneer.bricks.hardware.ram.graphs.impl",2,0
"sneer.bricks.hardware.ram.ref.immutable",2,2
"sneer.bricks.hardware.ram.ref.immutable.impl",2,0
"sneer.bricks.hardware.ram.reflection.visitation.impl",2,0
"sneer.bricks.identity.keys.own.tests",2,0
"sneer.bricks.identity.seals",2,1
"sneer.bricks.network.computers.addresses.contacts.impl",2,0
"sneer.bricks.network.computers.addresses.contacts.tcp.impl",2,0
"sneer.bricks.network.computers.addresses.keeper",2,2
"sneer.bricks.network.computers.channels",2,2
"sneer.bricks.network.computers.channels.guaranteed",2,2
"sneer.bricks.network.computers.channels.guaranteed.impl",2,0
"sneer.bricks.network.computers.channels.largepackets.impl",2,0
"sneer.bricks.network.computers.channels.largepackets",2,2
"sneer.bricks.network.computers.http.server",2,2
"sneer.bricks.network.computers.tcp.connections.originator.impl",2,0
"sneer.bricks.network.computers.tcp.connections",2,1
"sneer.bricks.network.computers.tcp.connections.tests",2,0
"sneer.bricks.network.computers.udp.connections",2,1
"sneer.bricks.network.computers.udp.holepuncher.protocol.impl",2,0
"sneer.bricks.network.computers.udp.holepuncher.server.impl",2,0
"sneer.bricks.network.computers.udp.holepuncher.server.listener.impl",2,1
"sneer.bricks.network.computers.udp.impl",2,0
"sneer.bricks.network.computers.udp.receiver.impl",2,0
"sneer.bricks.network.computers.udp.sightings",2,1
"sneer.bricks.network.social.attributes.gui",2,2
"sneer.bricks.network.social.attributes.impl",2,0
"sneer.bricks.network.social",2,2
"sneer.bricks.network.social.heartbeat",2,1
"sneer.bricks.network.social.impl",2,0
"sneer.bricks.pulp.blinkinglights.impl",2,0
"sneer.bricks.pulp.datastructures.cache",2,2
"sneer.bricks.pulp.datastructures.cache.impl",2,0
"sneer.bricks.pulp.datastructures.cache.tests",2,0
"sneer.bricks.pulp.dyndns.ownaccount",2,1
"sneer.bricks.pulp.inspector",2,2
"sneer.bricks.pulp.reactive.collections.listsorter.impl",2,0
"sneer.bricks.pulp.reactive.collections.setfilter.impl",2,0
"sneer.bricks.pulp.reactive.gates.buffers.assync.impl",2,0
"sneer.bricks.pulp.reactive.gates.logic.impl",2,0
"sneer.bricks.pulp.reactive.gates.logic.tests",2,0
"sneer.bricks.pulp.reactive.gates.numbers.impl",2,0
"sneer.bricks.pulp.reactive.gates.strings.impl",2,0
"sneer.bricks.pulp.reactive.signalchooser.impl",2,0
"sneer.bricks.pulp.reactive.tests",2,0
"sneer.bricks.pulp.retrier.impl",2,0
"sneer.bricks.pulp.streams.sequencer",2,2
"sneer.bricks.skin.image",2,2
"sneer.bricks.skin.main.dashboard",2,2
"sneer.bricks.skin.main.instrumentregistry",2,2
"sneer.bricks.skin.menu",2,2
"sneer.bricks.skin.widgets.autoscroll.impl",2,0
"sneer.bricks.snapps.chat",2,1
"sneer.bricks.snapps.chat.gui.panels",2,2
"sneer.bricks.snapps.chat.impl",2,0
"sneer.bricks.snapps.contacts.actions",2,2
"sneer.bricks.snapps.contacts.gui.impl",2,0
"sneer.bricks.snapps.contacts.gui.info.impl",2,0
"sneer.bricks.snapps.diff.text.gui.impl",2,0
"sneer.bricks.snapps.diff.text.gui",2,2
"sneer.bricks.snapps.games.go.impl.sneerSpecifics",2,0
"sneer.bricks.snapps.games.go.tests.logic",2,0
"sneer.bricks.snapps.games.sliceWars.impl.gui",2,0
"sneer.bricks.snapps.gis.location.impl",2,0
"sneer.bricks.snapps.gis.location",2,2
"sneer.bricks.snapps.tasks.impl",2,0
"sneer.bricks.software.bricks.compiler",2,1
"sneer.bricks.software.bricks.compiler.impl",2,0
"sneer.bricks.software.bricks.finder.tests.fixtures.brick2",2,2
"sneer.bricks.software.bricks.interception.fixtures.combinedmethods",2,2
"sneer.bricks.software.bricks.repl.tests",2,0
"sneer.bricks.software.bricks.snapploader",2,1
"sneer.bricks.software.bricks.statestore.tests",2,0
"sneer.bricks.software.code.compilers.impl",2,0
"sneer.bricks.software.code.jar",2,2
"sneer.bricks.software.code.java.source.writer.impl",2,0
"sneer.bricks.software.code.java.source.writer",2,2
"sneer.bricks.software.code.metaclass",2,2
"sneer.bricks.softwaresharing.git.impl",2,0
"sneer.bricks.softwaresharing.publisher",2,1
"sneer.snapps.games.drones",2,0
"sneer.snapps.games.drones.units.impl",2,0
"sneer.tests.adapters.impl",2,0
"sneer.tests.adapters.impl.utils.network.udp.impl",2,0
"sneer.tests.freedom5",2,0
"sneer.tests.freedom7",2,0
"snype.whisper.gui.impl",2,0
"snype.whisper.skin.audio.mic.impl",2,0
"snype.whisper.skin.audio.speaker.impl",2,0
"snype.whisper.speextuples.impl",2,0
"snype.whisper.speextuples.tests",2,0
"basis.brickness.impl.tests.fixtures.a",1,1
"basis.brickness.impl.tests.fixtures.a.impl",1,0
"basis.brickness.impl.tests.fixtures.b",1,1
"basis.brickness.impl.tests.fixtures.b.impl",1,0
"basis.brickness.impl.tests.fixtures.nature.brick",1,1
"basis.brickness.impl.tests.fixtures.nature.brick.impl",1,0
"basis.brickness.impl.tests.fixtures.nature.provider",1,1
"basis.brickness.testsupport.tests.bar",1,1
"basis.brickness.testsupport.tests.bar.impl",1,0
"basis.brickness.testsupport.tests.foo",1,1
"basis.brickness.testsupport.tests.foo.impl",1,0
"basis.environments.tests",1,0
"basis.lang.arrays.tests",1,0
"basis.lang.tests",1,0
"basis.lang.types",1,0
"basis.languagesupport",1,0
"dfcsantos.music",1,1
"dfcsantos.music.notification.playingtrack.impl",1,0
"dfcsantos.music.notification.playingtrack",1,1
"dfcsantos.music.notification.playingtrack.server.impl",1,0
"dfcsantos.music.notification.playingtrack.server",1,1
"dfcsantos.music.notification.playingtrack.tests",1,0
"dfcsantos.music.store.impl",1,0
"dfcsantos.music.store",1,1
"dfcsantos.music.tests",1,0
"dfcsantos.music.ui.presenter.contactstatus",1,1
"dfcsantos.music.ui.presenter.contactstatus.impl",1,0
"dfcsantos.music.ui.presenter.menuitem.impl",1,0
"dfcsantos.music.ui.presenter.menuitem",1,1
"dfcsantos.music.ui.presenter",1,1
"dfcsantos.tracks.exchange.downloads.counter.impl",1,0
"dfcsantos.tracks.exchange.downloads.counter",1,1
"dfcsantos.tracks.exchange.downloads.downloader.impl",1,0
"dfcsantos.tracks.exchange.downloads.downloader",1,1
"dfcsantos.tracks.exchange.endorsements.impl",1,0
"dfcsantos.tracks.exchange.endorsements.tests",1,0
"dfcsantos.tracks.exchange.impl",1,0
"dfcsantos.tracks.exchange",1,1
"dfcsantos.tracks.execution.playlist.tests",1,0
"dfcsantos.tracks.storage.folder.impl",1,0
"dfcsantos.tracks.storage.folder",1,1
"dfcsantos.tracks.storage.rejected.impl",1,0
"dfcsantos.tracks.storage.rejected",1,1
"dfcsantos.tracks.storage.rejected.tests",1,0
"dfcsantos.tracks.tastematching",1,1
"dfcsantos.tracks.tastematching.tests",1,0
"sneer.bricks.expression.files.client.downloads.gui",1,1
"sneer.bricks.expression.files.client.downloads.old",1,1
"sneer.bricks.expression.files.client",1,1
"sneer.bricks.expression.files.client.impl",1,0
"sneer.bricks.expression.files.client.tests",1,0
"sneer.bricks.expression.files.hasher",1,1
"sneer.bricks.expression.files.hasher.impl",1,0
"sneer.bricks.expression.files.map",1,1
"sneer.bricks.expression.files.map.tests",1,0
"sneer.bricks.expression.files.map.visitors.tests",1,0
"sneer.bricks.expression.files.server",1,1
"sneer.bricks.expression.files.server.impl",1,0
"sneer.bricks.expression.files.transfer.downloadfolder",1,1
"sneer.bricks.expression.files.transfer.downloadfolder.impl",1,0
"sneer.bricks.expression.files.transfer.gui",1,1
"sneer.bricks.expression.files.transfer.gui.impl",1,0
"sneer.bricks.expression.files.transfer.impl",1,0
"sneer.bricks.expression.files.transfer.tests",1,0
"sneer.bricks.expression.files.writer.atomic",1,1
"sneer.bricks.expression.files.writer.atomic.impl",1,0
"sneer.bricks.expression.files.writer.folder",1,1
"sneer.bricks.expression.snoard.impl",1,0
"sneer.bricks.expression.tuples.dispatcher.impl",1,0
"sneer.bricks.expression.tuples.dispatcher",1,1
"sneer.bricks.expression.tuples.floodcache",1,1
"sneer.bricks.expression.tuples.floodcache.impl",1,0
"sneer.bricks.expression.tuples.keeper.gctimer.impl",1,0
"sneer.bricks.expression.tuples.keeper.gctimer",1,1
"sneer.bricks.expression.tuples.keeper",1,1
"sneer.bricks.expression.tuples.kept.impl",1,0
"sneer.bricks.expression.tuples.kept",1,1
"sneer.bricks.expression.tuples.logger.impl",1,0
"sneer.bricks.expression.tuples.logger",1,1
"sneer.bricks.expression.tuples.remote.impl",1,0
"sneer.bricks.expression.tuples.remote",1,1
"sneer.bricks.expression.tuples.remote.tests",1,0
"sneer.bricks.expression.tuples.testsupport",1,1
"sneer.bricks.hardware.clock",1,1
"sneer.bricks.hardware.clock.impl",1,0
"sneer.bricks.hardware.clock.ticker",1,1
"sneer.bricks.hardware.clock.ticker.custom",1,1
"sneer.bricks.hardware.clock.ticker.custom.impl",1,0
"sneer.bricks.hardware.clock.ticker.impl",1,0
"sneer.bricks.hardware.clock.ticker.tests",1,0
"sneer.bricks.hardware.clock.timer.impl",1,0
"sneer.bricks.hardware.clock.timer.tests",1,0
"sneer.bricks.hardware.clock.timer",1,1
"sneer.bricks.hardware.cpu.codec.impl",1,0
"sneer.bricks.hardware.cpu.crypto.ecb",1,1
"sneer.bricks.hardware.cpu.crypto.ecb.impl",1,0
"sneer.bricks.hardware.cpu.crypto.ecb.tests",1,0
"sneer.bricks.hardware.cpu.crypto.ecdh",1,1
"sneer.bricks.hardware.cpu.crypto.ecdh.impl",1,0
"sneer.bricks.hardware.cpu.crypto.ecdh.test",1,0
"sneer.bricks.hardware.cpu.crypto.tests",1,0
"sneer.bricks.hardware.cpu.lang.impl",1,0
"sneer.bricks.hardware.cpu.lang",1,1
"sneer.bricks.hardware.cpu.lang.tests",1,0
"sneer.bricks.hardware.cpu.profiler",1,1
"sneer.bricks.hardware.cpu.profiler.tests",1,0
"sneer.bricks.hardware.cpu.threads.mocks",1,0
"sneer.bricks.hardware.cpu.threads",1,1
"sneer.bricks.hardware.cpu.threads.throttle",1,1
"sneer.bricks.hardware.cpu.timebox",1,1
"sneer.bricks.hardware.cpu.utils.consumers.parsers.integer",1,1
"sneer.bricks.hardware.cpu.utils.consumers.validators.bounds.integer.impl",1,0
"sneer.bricks.hardware.cpu.utils.consumers.validators.bounds.integer",1,1
"sneer.bricks.hardware.gui.guithread",1,1
"sneer.bricks.hardware.gui.guithread.impl",1,0
"sneer.bricks.hardware.gui.images",1,1
"sneer.bricks.hardware.gui.images.impl",1,0
"sneer.bricks.hardware.gui.nature",1,1
"sneer.bricks.hardware.gui.nature.impl",1,0
"sneer.bricks.hardware.gui.nature.tests.fixtures.impl",1,0
"sneer.bricks.hardware.gui.nature.tests.fixtures",1,1
"sneer.bricks.hardware.gui.nature.tests",1,0
"sneer.bricks.hardware.gui.timebox.impl",1,0
"sneer.bricks.hardware.gui.timebox",1,1
"sneer.bricks.hardware.io.files.atomic.dotpart",1,1
"sneer.bricks.hardware.io.files.atomic.dotpart.impl",1,0
"sneer.bricks.hardware.io",1,1
"sneer.bricks.hardware.io.log.exceptions",1,1
"sneer.bricks.hardware.io.log.exceptions.impl",1,0
"sneer.bricks.hardware.io.log.exceptions.robust.impl",1,0
"sneer.bricks.hardware.io.log.exceptions.robust",1,1
"sneer.bricks.hardware.io.log.exceptions.uncaught.impl",1,0
"sneer.bricks.hardware.io.log.exceptions.uncaught",1,1
"sneer.bricks.hardware.io.log.filter.impl",1,0
"sneer.bricks.hardware.io.log.formatter.impl",1,0
"sneer.bricks.hardware.io.log.formatter",1,1
"sneer.bricks.hardware.io.log.formatter.tests",1,0
"sneer.bricks.hardware.io.log.impl",1,0
"sneer.bricks.hardware.io.log",1,1
"sneer.bricks.hardware.io.log.notifier.impl",1,0
"sneer.bricks.hardware.io.log.notifier",1,1
"sneer.bricks.hardware.io.log.stacktrace.impl",1,0
"sneer.bricks.hardware.io.log.stacktrace",1,1
"sneer.bricks.hardware.io.log.stacktrace.tests",1,0
"sneer.bricks.hardware.io.log.worker.impl",1,0
"sneer.bricks.hardware.io.prevalence.flag.impl",1,0
"sneer.bricks.hardware.io.prevalence.flag",1,1
"sneer.bricks.hardware.io.prevalence.map",1,1
"sneer.bricks.hardware.io.prevalence.nature.tests.fixtures.brick2.impl",1,0
"sneer.bricks.hardware.io.prevalence.nature.tests.fixtures.brick2",1,1
"sneer.bricks.hardware.io.prevalence.nature.tests.fixtures.impl",1,0
"sneer.bricks.hardware.io.prevalence.nature.tests",1,0
"sneer.bricks.hardware.io.tests",1,0
"sneer.bricks.hardware.ram.collections",1,1
"sneer.bricks.hardware.ram.collections.impl",1,0
"sneer.bricks.hardware.ram.deepcopy",1,1
"sneer.bricks.hardware.ram.graphs.tests",1,0
"sneer.bricks.hardware.ram.iterables.impl",1,0
"sneer.bricks.hardware.ram.iterables",1,1
"sneer.bricks.hardware.ram.meter.impl",1,0
"sneer.bricks.hardware.ram.meter",1,1
"sneer.bricks.hardware.ram.recycler.impl",1,0
"sneer.bricks.hardware.ram.recycler",1,1
"sneer.bricks.hardware.ram.ref.weak.keeper.impl",1,0
"sneer.bricks.hardware.ram.ref.weak.keeper",1,1
"sneer.bricks.hardware.ram.reflection.visitation.tests",1,0
"sneer.bricks.hardwaresharing.backup.impl",1,0
"sneer.bricks.hardwaresharing.backup.kernel.impl",1,0
"sneer.bricks.hardwaresharing.backup.kernel",1,1
"sneer.bricks.hardwaresharing.dataspace.buckets.tests",1,0
"sneer.bricks.identity.keys.gui.impl",1,0
"sneer.bricks.identity.keys.gui.impl.tests",1,0
"sneer.bricks.identity.keys.gui",1,1
"sneer.bricks.identity.keys.own.impl",1,0
"sneer.bricks.identity.keys.own",1,1
"sneer.bricks.identity.keys.signatures.impl",1,0
"sneer.bricks.identity.keys.signatures",1,1
"sneer.bricks.identity.name.impl",1,0
"sneer.bricks.identity.name",1,1
"sneer.bricks.identity.name.tests",1,0
"sneer.bricks.identity.seals.codec.impl",1,0
"sneer.bricks.identity.seals.codec",1,1
"sneer.bricks.identity.seals.contacts",1,1
"sneer.bricks.identity.seals.contacts.impl",1,0
"sneer.bricks.identity.seals.contacts.tests",1,0
"sneer.bricks.identity.seals.impl",1,0
"sneer.bricks.network.computers.addresses.contacts",1,1
"sneer.bricks.network.computers.addresses.contacts.tcp",1,1
"sneer.bricks.network.computers.addresses.contacts.tcp.tests",1,0
"sneer.bricks.network.computers.addresses.own.host.impl",1,0
"sneer.bricks.network.computers.addresses.own.host",1,1
"sneer.bricks.network.computers.addresses.own.ips.impl",1,0
"sneer.bricks.network.computers.addresses.own.ips",1,1
"sneer.bricks.network.computers.addresses.own.port.impl",1,0
"sneer.bricks.network.computers.addresses.own.port",1,1
"sneer.bricks.network.computers.addresses.own.port.tests",1,0
"sneer.bricks.network.computers.channels.guaranteed.splitter",1,1
"sneer.bricks.network.computers.channels.guaranteed.splitter.tests",1,0
"sneer.bricks.network.computers.connections.impl",1,0
"sneer.bricks.network.computers.http.gateway",1,1
"sneer.bricks.network.computers.http.gateway.impl",1,0
"sneer.bricks.network.computers.http.server.impl",1,0
"sneer.bricks.network.computers.http.server.tests",1,0
"sneer.bricks.network.computers.tcp.accepter.impl",1,0
"sneer.bricks.network.computers.tcp.accepter",1,1
"sneer.bricks.network.computers.tcp.connections.originator",1,1
"sneer.bricks.network.computers.tcp.connections.originator.tests",1,0
"sneer.bricks.network.computers.tcp.connections.receiver.impl",1,0
"sneer.bricks.network.computers.tcp.connections.receiver",1,1
"sneer.bricks.network.computers.tcp.protocol",1,1
"sneer.bricks.network.computers.tcp.tests",1,0
"sneer.bricks.network.computers.udp.holepuncher.client.impl",1,0
"sneer.bricks.network.computers.udp.holepuncher.client",1,1
"sneer.bricks.network.computers.udp.holepuncher.client.tests",1,0
"sneer.bricks.network.computers.udp.holepuncher.server.listener",1,1
"sneer.bricks.network.computers.udp.holepuncher.server",1,1
"sneer.bricks.network.computers.udp.holepuncher.server.tests",1,0
"sneer.bricks.network.computers.udp.receiver",1,1
"sneer.bricks.network.computers.udp.sender.impl",1,0
"sneer.bricks.network.computers.udp.sender",1,1
"sneer.bricks.network.computers.udp.server",1,1
"sneer.bricks.network.computers.udp.sightings.impl",1,0
"sneer.bricks.network.computers.udp.sightings.tests",1,0
"sneer.bricks.network.computers.udp.tests",1,0
"sneer.bricks.network.computers.udp",1,1
"sneer.bricks.network.computers.upnp.impl",1,0
"sneer.bricks.network.computers.upnp",1,1
"sneer.bricks.network.social.attributes.gui.window",1,1
"sneer.bricks.network.social.attributes.gui.window.impl",1,0
"sneer.bricks.network.social.attributes.tests",1,0
"sneer.bricks.network.social.heartbeat.impl",1,0
"sneer.bricks.network.social.heartbeat.stethoscope.impl",1,0
"sneer.bricks.network.social.heartbeat.stethoscope",1,1
"sneer.bricks.network.social.heartbeat.tests",1,0
"sneer.bricks.network.social.navigation.gui",1,1
"sneer.bricks.network.social.navigation.gui.impl",1,0
"sneer.bricks.network.social.navigation.impl",1,0
"sneer.bricks.network.social.navigation.impl.tests",1,0
"sneer.bricks.network.social.rendezvous.impl",1,0
"sneer.bricks.network.social.rendezvous",1,1
"sneer.bricks.network.social.ui.clipboardadder",1,1
"sneer.bricks.network.social.ui.clipboardadder.impl",1,0
"sneer.bricks.pulp.bandwidth",1,1
"sneer.bricks.pulp.bandwidth.impl",1,0
"sneer.bricks.pulp.bandwidth.tests",1,0
"sneer.bricks.pulp.blinkinglights.tests",1,0
"sneer.bricks.pulp.datastore",1,1
"sneer.bricks.pulp.datastore.impl",1,0
"sneer.bricks.pulp.distribution.filtering.impl",1,0
"sneer.bricks.pulp.distribution.filtering",1,1
"sneer.bricks.pulp.dyndns.checkip",1,1
"sneer.bricks.pulp.dyndns.checkip.impl",1,0
"sneer.bricks.pulp.dyndns.checkip.tests",1,0
"sneer.bricks.pulp.dyndns.client",1,1
"sneer.bricks.pulp.dyndns.client.impl",1,1
"sneer.bricks.pulp.dyndns.client.tests",1,0
"sneer.bricks.pulp.dyndns.ownaccount.impl",1,0
"sneer.bricks.pulp.dyndns.ownaccount.tests",1,0
"sneer.bricks.pulp.dyndns.ownip.impl",1,0
"sneer.bricks.pulp.dyndns.ownip",1,1
"sneer.bricks.pulp.dyndns.ownip.tests",1,0
"sneer.bricks.pulp.dyndns.updater.impl",1,0
"sneer.bricks.pulp.dyndns.updater.tests",1,0
"sneer.bricks.pulp.exceptionhandling",1,1
"sneer.bricks.pulp.exceptionhandling.impl",1,0
"sneer.bricks.pulp.httpclient",1,1
"sneer.bricks.pulp.httpclient.impl",1,0
"sneer.bricks.pulp.notifiers.pulsers.tests",1,0
"sneer.bricks.pulp.notifiers.receivers.impl",1,0
"sneer.bricks.pulp.notifiers.tests",1,0
"sneer.bricks.pulp.probe",1,1
"sneer.bricks.pulp.propertystore.impl",1,0
"sneer.bricks.pulp.propertystore.mocks",1,0
"sneer.bricks.pulp.propertystore",1,1
"sneer.bricks.pulp.propertystore.tests",1,0
"sneer.bricks.pulp.reactive.collections.listsorter",1,1
"sneer.bricks.pulp.reactive.collections.listsorter.tests",1,0
"sneer.bricks.pulp.reactive.collections.setfilter",1,1
"sneer.bricks.pulp.reactive.collections.setfilter.tests",1,0
"sneer.bricks.pulp.reactive.gates.buffers.assync",1,1
"sneer.bricks.pulp.reactive.gates.logic",1,1
"sneer.bricks.pulp.reactive.gates.numbers",1,1
"sneer.bricks.pulp.reactive.gates.strings",1,1
"sneer.bricks.pulp.reactive.gates.strings.tests",1,0
"sneer.bricks.pulp.reactive.signalchooser.tests",1,0
"sneer.bricks.pulp.serialization.fixtures.brickwithlib",1,1
"sneer.bricks.pulp.serialization.fixtures.brickwithlib.impl",1,0
"sneer.bricks.pulp.serialization",1,1
"sneer.bricks.pulp.serialization.tests",1,0
"sneer.bricks.pulp.streams.sequencer.tests",1,0
"sneer.bricks.skin.filechooser",1,1
"sneer.bricks.skin.filechooser.impl",1,0
"sneer.bricks.skin.image.impl",1,0
"sneer.bricks.skin.imgselector",1,1
"sneer.bricks.skin.main.icons",1,1
"sneer.bricks.skin.main.icons.impl",1,0
"sneer.bricks.skin.main.instrumentregistry.impl",1,0
"sneer.bricks.skin.main.menu.exit",1,1
"sneer.bricks.skin.main.menu.exit.impl",1,0
"sneer.bricks.skin.main.menu.impl",1,0
"sneer.bricks.skin.main.menu",1,1
"sneer.bricks.skin.main.title.impl",1,0
"sneer.bricks.skin.main.title",1,1
"sneer.bricks.skin.main.translucentsupport.impl",1,0
"sneer.bricks.skin.main.translucentsupport",1,1
"sneer.bricks.skin.popuptrigger.impl",1,0
"sneer.bricks.skin.popuptrigger",1,1
"sneer.bricks.skin.rooms",1,1
"sneer.bricks.skin.rooms.impl",1,0
"sneer.bricks.skin.widgets.autoscroll",1,1
"sneer.bricks.skin.widgets.clipboard",1,1
"sneer.bricks.skin.widgets.clipboard.impl",1,0
"sneer.bricks.skin.widgets.clipboard.tests",1,0
"sneer.bricks.skin.widgets.reactive.tests",1,0
"sneer.bricks.skin.windowboundssetter.impl",1,0
"sneer.bricks.skin.windowboundssetter",1,1
"sneer.bricks.snapps.contacts.actions.impl",1,0
"sneer.bricks.snapps.contacts.gui.comparator",1,1
"sneer.bricks.snapps.contacts.gui.comparator.impl",1,0
"sneer.bricks.snapps.contacts.gui.comparator.tests",1,0
"sneer.bricks.snapps.contacts.gui.delete",1,1
"sneer.bricks.snapps.contacts.gui.delete.impl",1,0
"sneer.bricks.snapps.contacts.gui.info",1,1
"sneer.bricks.snapps.games.go",1,1
"sneer.bricks.snapps.games.go.impl.gui.gameSetup",1,0
"sneer.bricks.snapps.games.go.impl.logging",1,0
"sneer.bricks.snapps.games.sliceWars",1,1
"sneer.bricks.snapps.games.sliceWars.test",1,0
"sneer.bricks.snapps.gis.map.gui.impl",1,0
"sneer.bricks.snapps.gis.map.gui",1,1
"sneer.bricks.snapps.gis.map.impl",1,0
"sneer.bricks.snapps.gis.map",1,1
"sneer.bricks.snapps.help",1,1
"sneer.bricks.snapps.help.impl",1,0
"sneer.bricks.snapps.owninfo.impl",1,0
"sneer.bricks.snapps.owninfo",1,1
"sneer.bricks.snapps.system.blinkinglights.gui",1,1
"sneer.bricks.snapps.system.blinkinglights.gui.impl",1,0
"sneer.bricks.snapps.system.log.file.impl",1,0
"sneer.bricks.snapps.system.log.file",1,1
"sneer.bricks.snapps.system.log.gui.impl",1,0
"sneer.bricks.snapps.system.log.gui",1,1
"sneer.bricks.snapps.system.log.sysout.impl",1,0
"sneer.bricks.snapps.system.log.sysout",1,1
"sneer.bricks.snapps.system.meter.bandwidth.gui",1,1
"sneer.bricks.snapps.system.meter.bandwidth.gui.impl",1,0
"sneer.bricks.snapps.system.meter.memory.gui.impl",1,0
"sneer.bricks.snapps.system.meter.memory.gui",1,1
"sneer.bricks.snapps.tasks.gui.impl",1,0
"sneer.bricks.snapps.tasks.gui",1,1
"sneer.bricks.snapps.web",1,1
"sneer.bricks.snapps.wind.gui.impl",1,0
"sneer.bricks.snapps.wind.gui",1,1
"sneer.bricks.snapps.wind.impl",1,0
"sneer.bricks.snapps.wind.tests",1,0
"sneer.bricks.snapps.wind",1,1
"sneer.bricks.software.bricks.compiler.tests",1,0
"sneer.bricks.software.bricks.compiler.tests.fixtures",1,0
"sneer.bricks.software.bricks.finder",1,1
"sneer.bricks.software.bricks.finder.impl",1,0
"sneer.bricks.software.bricks.finder.tests",1,0
"sneer.bricks.software.bricks.finder.tests.fixtures.brick1",1,1
"sneer.bricks.software.bricks.finder.tests.fixtures.nature",1,1
"sneer.bricks.software.bricks.finder.tests.fixtures.nonbrick",1,1
"sneer.bricks.software.bricks.interception.fixtures.brickwithlib",1,1
"sneer.bricks.software.bricks.interception.fixtures.brickwithlib.impl",1,0
"sneer.bricks.software.bricks.interception.fixtures.nature",1,1
"sneer.bricks.software.bricks.interception.fixtures.primitivemethods.noargs.impl",1,0
"sneer.bricks.software.bricks.interception.fixtures.primitivemethods.noargs",1,1
"sneer.bricks.software.bricks.interception.fixtures.refmethods.noargs.impl",1,0
"sneer.bricks.software.bricks.interception.fixtures.refmethods.noargs",1,1
"sneer.bricks.software.bricks.interception.fixtures.staticinitializer.impl",1,0
"sneer.bricks.software.bricks.interception.fixtures.staticinitializer",1,1
"sneer.bricks.software.bricks.interception.fixtures.voidmethods.noargs.impl",1,0
"sneer.bricks.software.bricks.interception.fixtures.voidmethods.noargs",1,1
"sneer.bricks.software.bricks.interception.fixtures.voidmethods.onearg.impl",1,0
"sneer.bricks.software.bricks.interception.fixtures.voidmethods.onearg",1,1
"sneer.bricks.software.bricks.interception.tests",1,0
"sneer.bricks.software.bricks.repl.gui.impl",1,0
"sneer.bricks.software.bricks.repl.gui",1,1
"sneer.bricks.software.bricks.repl.gui.tests",1,0
"sneer.bricks.software.bricks.snapploader.impl",1,0
"sneer.bricks.software.bricks.statestore",1,1
"sneer.bricks.software.bricks.statestore.impl",1,0
"sneer.bricks.software.code.classutils",1,1
"sneer.bricks.software.code.classutils.impl",1,0
"sneer.bricks.software.code.compilers.java",1,1
"sneer.bricks.software.code.compilers.scala",1,1
"sneer.bricks.software.code.compilers.scala.tests",1,0
"sneer.bricks.software.code.compilers.tests",1,1
"sneer.bricks.software.code.jar.impl",1,0
"sneer.bricks.software.diff.impl",1,0
"sneer.bricks.software.diff.tests",1,0
"sneer.bricks.software.diff",1,1
"sneer.bricks.software.folderconfig",1,1
"sneer.bricks.software.folderconfig.impl",1,0
"sneer.bricks.software.folderconfig.testsupport",1,1
"sneer.bricks.softwaresharing.demolisher",1,1
"sneer.bricks.softwaresharing.demolisher.filestatus",1,1
"sneer.bricks.softwaresharing.demolisher.filestatus.impl",1,0
"sneer.bricks.softwaresharing.demolisher.filestatus.tests",1,0
"sneer.bricks.softwaresharing.demolisher.tests",1,0
"sneer.bricks.softwaresharing.demolisher.tests.fixtures.buildinga.brick1",1,1
"sneer.bricks.softwaresharing.demolisher.tests.fixtures.buildinga.brick1.impl",1,0
"sneer.bricks.softwaresharing.demolisher.tests.fixtures.buildingb.brick1",1,1
"sneer.bricks.softwaresharing.git",1,1
"sneer.bricks.softwaresharing.git.tests",1,0
"sneer.bricks.softwaresharing.gui",1,1
"sneer.bricks.softwaresharing.impl",1,0
"sneer.bricks.softwaresharing.mapper.impl",1,0
"sneer.bricks.softwaresharing.mapper",1,1
"sneer.bricks.softwaresharing.publisher.impl",1,0
"sneer.bricks.softwaresharing.stager",1,1
"sneer.bricks.softwaresharing.stager.impl",1,0
"sneer.bricks.softwaresharing.stager.tests",1,0
"sneer.bricks.softwaresharing.tests",1,0
"sneer.main.stun",1,0
"sneer.main.tests",1,0
"sneer.snapps.games.drones.matches.impl",1,0
"sneer.snapps.games.drones.matches",1,1
"sneer.snapps.games.drones.matches.tests",1,0
"sneer.snapps.games.drones.ui",1,1
"sneer.snapps.games.drones.ui.impl",1,0
"sneer.snapps.games.drones.units.tests",1,0
"sneer.tests.adapters.impl.utils.network.tests",1,0
"sneer.tests.adapters.impl.utils.network.udp",1,1
"sneer.tests.adapters.impl.utils.network.udp.tests",1,0
"sneer.tests.freedom1",1,0
"sneer.tests.freedom2",1,0
"sneer.tests.freedom6",1,0
"sneer.tests.prevalence.fixtures.assertion.impl",1,0
"sneer.tests.prevalence.fixtures.assertion",1,1
"sneer.tests.prevalence.fixtures.setup.impl",1,0
"sneer.tests.prevalence.fixtures.setup",1,1
"sneer.tests.prevalence",1,0
"snype.whisper",1,0
"snype.whisper.skin.audio.impl",1,0
"snype.whisper.skin.audio.kernel",1,1
"snype.whisper.skin.audio.kernel.impl",1,0
"snype.whisper.skin.audio.loopback",1,1
"snype.whisper.skin.audio.mic",1,1
"snype.whisper.skin.audio.mic.tests",1,0
"snype.whisper.skin.audio.player.impl",1,0
"snype.whisper.skin.audio.player",1,1
"snype.whisper.skin.audio",1,1
"snype.whisper.skin.audio.speaker",1,1
"snype.whisper.skin.screenshotter.impl",1,0
"snype.whisper.skin.screenshotter",1,1
