{"nodes":[{"name":"me.umov.jaiminho.domain.model","label":"me.umov.jaiminho.domain.model","id":"me.umov.jaiminho.domain.model","size":27},{"name":"me.umov.jaiminho.infrastructure.dao","label":"me.umov.jaiminho.infrastructure.dao","id":"me.umov.jaiminho.infrastructure.dao","size":19},{"name":"me.umov.jaiminho.fixture","label":"me.umov.jaiminho.fixture","id":"me.umov.jaiminho.fixture","size":18},{"name":"me.umov.jaiminho.anticorruption.xstreamadapter.core.mapping","label":"me.umov.jaiminho.anticorruption.xstreamadapter.core.mapping","id":"me.umov.jaiminho.anticorruption.xstreamadapter.core.mapping","size":16},{"name":"me.umov.jaiminho.anticorruption.xstreamadapter.core.replace","label":"me.umov.jaiminho.anticorruption.xstreamadapter.core.replace","id":"me.umov.jaiminho.anticorruption.xstreamadapter.core.replace","size":16},{"name":"me.umov.jaiminho.infrastructure.dao.entity","label":"me.umov.jaiminho.infrastructure.dao.entity","id":"me.umov.jaiminho.infrastructure.dao.entity","size":15},{"name":"me.umov.jaiminho.domain.ports","label":"me.umov.jaiminho.domain.ports","id":"me.umov.jaiminho.domain.ports","size":12},{"name":"me.umov.jaiminho.domain","label":"me.umov.jaiminho.domain","id":"me.umov.jaiminho.domain","size":11},{"name":"me.umov.jaiminho.anticorruption.xstreamadapter.core.model","label":"me.umov.jaiminho.anticorruption.xstreamadapter.core.model","id":"me.umov.jaiminho.anticorruption.xstreamadapter.core.model","size":10},{"name":"me.umov.jaiminho.domain.event.trigger","label":"me.umov.jaiminho.domain.event.trigger","id":"me.umov.jaiminho.domain.event.trigger","size":10},{"name":"me.umov.jaiminho.domain.validators.rules","label":"me.umov.jaiminho.domain.validators.rules","id":"me.umov.jaiminho.domain.validators.rules","size":10},{"name":"me.umov.jaiminho.infrastructure.dao.document","label":"me.umov.jaiminho.infrastructure.dao.document","id":"me.umov.jaiminho.infrastructure.dao.document","size":10},{"name":"me.umov.jaiminho.infrastructure.email","label":"me.umov.jaiminho.infrastructure.email","id":"me.umov.jaiminho.infrastructure.email","size":9},{"name":"me.umov.jaiminho.application.observer","label":"me.umov.jaiminho.application.observer","id":"me.umov.jaiminho.application.observer","size":9},{"name":"me.umov.jaiminho.infrastructure.producer.aws","label":"me.umov.jaiminho.infrastructure.producer.aws","id":"me.umov.jaiminho.infrastructure.producer.aws","size":8},{"name":"me.umov.jaiminho.infrastructure.configuration","label":"me.umov.jaiminho.infrastructure.configuration","id":"me.umov.jaiminho.infrastructure.configuration","size":7},{"name":"me.umov.jaiminho.domain.validators","label":"me.umov.jaiminho.domain.validators","id":"me.umov.jaiminho.domain.validators","size":7},{"name":"me.umov.jaiminho.application.dto","label":"me.umov.jaiminho.application.dto","id":"me.umov.jaiminho.application.dto","size":7},{"name":"me.umov.jaiminho.architecture","label":"me.umov.jaiminho.architecture","id":"me.umov.jaiminho.architecture","size":6},{"name":"me.umov.jaiminho.anticorruption.aws","label":"me.umov.jaiminho.anticorruption.aws","id":"me.umov.jaiminho.anticorruption.aws","size":6},{"name":"me.umov.jaiminho.application.sqs.service","label":"me.umov.jaiminho.application.sqs.service","id":"me.umov.jaiminho.application.sqs.service","size":6},{"name":"me.umov.jaiminho.infrastructure.business","label":"me.umov.jaiminho.infrastructure.business","id":"me.umov.jaiminho.infrastructure.business","size":5},{"name":"me.umov.jaiminho.application.sqs","label":"me.umov.jaiminho.application.sqs","id":"me.umov.jaiminho.application.sqs","size":5},{"name":"me.umov.jaiminho.anticorruption.xstreamadapter.core.converters","label":"me.umov.jaiminho.anticorruption.xstreamadapter.core.converters","id":"me.umov.jaiminho.anticorruption.xstreamadapter.core.converters","size":5},{"name":"me.umov.jaiminho.anticorruption.xstreamadapter.core","label":"me.umov.jaiminho.anticorruption.xstreamadapter.core","id":"me.umov.jaiminho.anticorruption.xstreamadapter.core","size":4},{"name":"me.umov.jaiminho.anticorruption.xstreamadapter.facade","label":"me.umov.jaiminho.anticorruption.xstreamadapter.facade","id":"me.umov.jaiminho.anticorruption.xstreamadapter.facade","size":4},{"name":"me.umov.jaiminho.application.event","label":"me.umov.jaiminho.application.event","id":"me.umov.jaiminho.application.event","size":4},{"name":"me.umov.jaiminho.infrastructure.configuration.mongo","label":"me.umov.jaiminho.infrastructure.configuration.mongo","id":"me.umov.jaiminho.infrastructure.configuration.mongo","size":4},{"name":"me.umov.jaiminho.domain.exception","label":"me.umov.jaiminho.domain.exception","id":"me.umov.jaiminho.domain.exception","size":4},{"name":"me.umov.jaiminho.application.controller","label":"me.umov.jaiminho.application.controller","id":"me.umov.jaiminho.application.controller","size":4},{"name":"me.umov.jaiminho.anticorruption.xstreamadapter.core.service","label":"me.umov.jaiminho.anticorruption.xstreamadapter.core.service","id":"me.umov.jaiminho.anticorruption.xstreamadapter.core.service","size":3},{"name":"me.umov.jaiminho.infrastructure.http","label":"me.umov.jaiminho.infrastructure.http","id":"me.umov.jaiminho.infrastructure.http","size":2},{"name":"me.umov.jaiminho.infrastructure.sms","label":"me.umov.jaiminho.infrastructure.sms","id":"me.umov.jaiminho.infrastructure.sms","size":2},{"name":"me.umov.jaiminho.domain.event","label":"me.umov.jaiminho.domain.event","id":"me.umov.jaiminho.domain.event","size":2},{"name":"me.umov.jaiminho.infrastructure.http.authentication.factor","label":"me.umov.jaiminho.infrastructure.http.authentication.factor","id":"me.umov.jaiminho.infrastructure.http.authentication.factor","size":2},{"name":"me.umov.jaiminho.infrastructure.http.authentication","label":"me.umov.jaiminho.infrastructure.http.authentication","id":"me.umov.jaiminho.infrastructure.http.authentication","size":2},{"name":"me.umov.jaiminho.infrastructure.producer","label":"me.umov.jaiminho.infrastructure.producer","id":"me.umov.jaiminho.infrastructure.producer","size":2},{"name":"me.umov.jaiminho.infrastructure.gson","label":"me.umov.jaiminho.infrastructure.gson","id":"me.umov.jaiminho.infrastructure.gson","size":1},{"name":"me.umov.jaiminho.infrastructure.util","label":"me.umov.jaiminho.infrastructure.util","id":"me.umov.jaiminho.infrastructure.util","size":1},{"name":"me.umov.jaiminho.infrastructure.http.authentication.exception","label":"me.umov.jaiminho.infrastructure.http.authentication.exception","id":"me.umov.jaiminho.infrastructure.http.authentication.exception","size":1},{"name":"me.umov.jaiminho.infrastructure.dao.sentinel","label":"me.umov.jaiminho.infrastructure.dao.sentinel","id":"me.umov.jaiminho.infrastructure.dao.sentinel","size":1},{"name":"me.umov.jaiminho.infrastructure.dao.notification","label":"me.umov.jaiminho.infrastructure.dao.notification","id":"me.umov.jaiminho.infrastructure.dao.notification","size":1},{"name":"me.umov.jaiminho.infrastructure.dao.dto","label":"me.umov.jaiminho.infrastructure.dao.dto","id":"me.umov.jaiminho.infrastructure.dao.dto","size":1},{"name":"me.umov.jaiminho","label":"me.umov.jaiminho","id":"me.umov.jaiminho","size":1}],"links":[{"source":"me.umov.jaiminho.domain.model","target":"me.umov.jaiminho.domain.ports"},{"source":"me.umov.jaiminho.infrastructure.dao","target":"me.umov.jaiminho.domain.event.trigger"},{"source":"me.umov.jaiminho.infrastructure.dao","target":"me.umov.jaiminho.domain.model"},{"source":"me.umov.jaiminho.infrastructure.dao","target":"me.umov.jaiminho.domain.ports"},{"source":"me.umov.jaiminho.infrastructure.dao","target":"me.umov.jaiminho.fixture"},{"source":"me.umov.jaiminho.infrastructure.dao","target":"me.umov.jaiminho.infrastructure.dao.document"},{"source":"me.umov.jaiminho.infrastructure.dao","target":"me.umov.jaiminho.infrastructure.dao.entity"},{"source":"me.umov.jaiminho.infrastructure.dao","target":"me.umov.jaiminho.infrastructure.dao.notification"},{"source":"me.umov.jaiminho.infrastructure.dao","target":"me.umov.jaiminho.infrastructure.dao.sentinel"},{"source":"me.umov.jaiminho.fixture","target":"me.umov.jaiminho.anticorruption.xstreamadapter.core.mapping"},{"source":"me.umov.jaiminho.fixture","target":"me.umov.jaiminho.anticorruption.xstreamadapter.core.model"},{"source":"me.umov.jaiminho.fixture","target":"me.umov.jaiminho.domain.model"},{"source":"me.umov.jaiminho.fixture","target":"me.umov.jaiminho.infrastructure.dao.dto"},{"source":"me.umov.jaiminho.fixture","target":"me.umov.jaiminho.infrastructure.dao.entity"},{"source":"me.umov.jaiminho.anticorruption.xstreamadapter.core.mapping","target":"me.umov.jaiminho.anticorruption.xstreamadapter.core.model"},{"source":"me.umov.jaiminho.anticorruption.xstreamadapter.core.mapping","target":"me.umov.jaiminho.anticorruption.xstreamadapter.facade"},{"source":"me.umov.jaiminho.anticorruption.xstreamadapter.core.mapping","target":"me.umov.jaiminho.fixture"},{"source":"me.umov.jaiminho.anticorruption.xstreamadapter.core.mapping","target":"me.umov.jaiminho.infrastructure.dao"},{"source":"me.umov.jaiminho.anticorruption.xstreamadapter.core.mapping","target":"me.umov.jaiminho.infrastructure.dao.entity"},{"source":"me.umov.jaiminho.anticorruption.xstreamadapter.core.replace","target":"me.umov.jaiminho.anticorruption.xstreamadapter.core.model"},{"source":"me.umov.jaiminho.anticorruption.xstreamadapter.core.replace","target":"me.umov.jaiminho.anticorruption.xstreamadapter.core.service"},{"source":"me.umov.jaiminho.anticorruption.xstreamadapter.core.replace","target":"me.umov.jaiminho.fixture"},{"source":"me.umov.jaiminho.anticorruption.xstreamadapter.core.replace","target":"me.umov.jaiminho.infrastructure.dao"},{"source":"me.umov.jaiminho.anticorruption.xstreamadapter.core.replace","target":"me.umov.jaiminho.infrastructure.dao.entity"},{"source":"me.umov.jaiminho.infrastructure.dao.entity","target":"me.umov.jaiminho.infrastructure.dao"},{"source":"me.umov.jaiminho.domain.ports","target":"me.umov.jaiminho.domain.model"},{"source":"me.umov.jaiminho.domain","target":"me.umov.jaiminho.domain.event"},{"source":"me.umov.jaiminho.domain","target":"me.umov.jaiminho.domain.event.trigger"},{"source":"me.umov.jaiminho.domain","target":"me.umov.jaiminho.domain.model"},{"source":"me.umov.jaiminho.domain","target":"me.umov.jaiminho.domain.ports"},{"source":"me.umov.jaiminho.domain","target":"me.umov.jaiminho.domain.validators"},{"source":"me.umov.jaiminho.domain","target":"me.umov.jaiminho.infrastructure.http.authentication"},{"source":"me.umov.jaiminho.anticorruption.xstreamadapter.core.model","target":"me.umov.jaiminho.domain.model"},{"source":"me.umov.jaiminho.anticorruption.xstreamadapter.core.model","target":"me.umov.jaiminho.domain.ports"},{"source":"me.umov.jaiminho.anticorruption.xstreamadapter.core.model","target":"me.umov.jaiminho.infrastructure.dao.entity"},{"source":"me.umov.jaiminho.domain.event.trigger","target":"me.umov.jaiminho.domain.model"},{"source":"me.umov.jaiminho.domain.event.trigger","target":"me.umov.jaiminho.domain.ports"},{"source":"me.umov.jaiminho.domain.validators.rules","target":"me.umov.jaiminho.domain.exception"},{"source":"me.umov.jaiminho.domain.validators.rules","target":"me.umov.jaiminho.domain.model"},{"source":"me.umov.jaiminho.domain.validators.rules","target":"me.umov.jaiminho.domain.validators"},{"source":"me.umov.jaiminho.infrastructure.email","target":"me.umov.jaiminho.domain.exception"},{"source":"me.umov.jaiminho.infrastructure.email","target":"me.umov.jaiminho.domain.model"},{"source":"me.umov.jaiminho.infrastructure.email","target":"me.umov.jaiminho.domain.ports"},{"source":"me.umov.jaiminho.infrastructure.email","target":"me.umov.jaiminho.fixture"},{"source":"me.umov.jaiminho.application.observer","target":"me.umov.jaiminho.application.event"},{"source":"me.umov.jaiminho.application.observer","target":"me.umov.jaiminho.domain.event.trigger"},{"source":"me.umov.jaiminho.application.observer","target":"me.umov.jaiminho.domain.ports"},{"source":"me.umov.jaiminho.application.observer","target":"me.umov.jaiminho.infrastructure.dao"},{"source":"me.umov.jaiminho.application.observer","target":"me.umov.jaiminho.infrastructure.dao.entity"},{"source":"me.umov.jaiminho.application.observer","target":"me.umov.jaiminho.infrastructure.dao.notification"},{"source":"me.umov.jaiminho.application.observer","target":"me.umov.jaiminho.infrastructure.producer"},{"source":"me.umov.jaiminho.application.observer","target":"me.umov.jaiminho.infrastructure.producer.aws"},{"source":"me.umov.jaiminho.infrastructure.producer.aws","target":"me.umov.jaiminho.application.event"},{"source":"me.umov.jaiminho.infrastructure.producer.aws","target":"me.umov.jaiminho.domain.ports"},{"source":"me.umov.jaiminho.infrastructure.producer.aws","target":"me.umov.jaiminho.infrastructure.producer"},{"source":"me.umov.jaiminho.domain.validators","target":"me.umov.jaiminho.domain.exception"},{"source":"me.umov.jaiminho.domain.validators","target":"me.umov.jaiminho.domain.model"},{"source":"me.umov.jaiminho.domain.validators","target":"me.umov.jaiminho.domain.validators.rules"},{"source":"me.umov.jaiminho.application.dto","target":"me.umov.jaiminho.domain.ports"},{"source":"me.umov.jaiminho.application.dto","target":"me.umov.jaiminho.infrastructure.dao.document"},{"source":"me.umov.jaiminho.architecture","target":"me.umov.jaiminho.application.sqs"},{"source":"me.umov.jaiminho.architecture","target":"me.umov.jaiminho.domain.event.trigger"},{"source":"me.umov.jaiminho.architecture","target":"me.umov.jaiminho.domain.ports"},{"source":"me.umov.jaiminho.architecture","target":"me.umov.jaiminho.domain.validators"},{"source":"me.umov.jaiminho.anticorruption.aws","target":"me.umov.jaiminho.anticorruption.xstreamadapter.core.model"},{"source":"me.umov.jaiminho.anticorruption.aws","target":"me.umov.jaiminho.anticorruption.xstreamadapter.facade"},{"source":"me.umov.jaiminho.anticorruption.aws","target":"me.umov.jaiminho.application.dto"},{"source":"me.umov.jaiminho.anticorruption.aws","target":"me.umov.jaiminho.application.sqs"},{"source":"me.umov.jaiminho.anticorruption.aws","target":"me.umov.jaiminho.domain.exception"},{"source":"me.umov.jaiminho.anticorruption.aws","target":"me.umov.jaiminho.domain.model"},{"source":"me.umov.jaiminho.anticorruption.aws","target":"me.umov.jaiminho.domain.ports"},{"source":"me.umov.jaiminho.anticorruption.aws","target":"me.umov.jaiminho.infrastructure.business"},{"source":"me.umov.jaiminho.anticorruption.aws","target":"me.umov.jaiminho.infrastructure.dao"},{"source":"me.umov.jaiminho.anticorruption.aws","target":"me.umov.jaiminho.infrastructure.dao.document"},{"source":"me.umov.jaiminho.anticorruption.aws","target":"me.umov.jaiminho.infrastructure.dao.dto"},{"source":"me.umov.jaiminho.anticorruption.aws","target":"me.umov.jaiminho.infrastructure.dao.entity"},{"source":"me.umov.jaiminho.application.sqs.service","target":"me.umov.jaiminho.application.dto"},{"source":"me.umov.jaiminho.application.sqs.service","target":"me.umov.jaiminho.application.event"},{"source":"me.umov.jaiminho.application.sqs.service","target":"me.umov.jaiminho.application.sqs"},{"source":"me.umov.jaiminho.application.sqs.service","target":"me.umov.jaiminho.domain"},{"source":"me.umov.jaiminho.application.sqs.service","target":"me.umov.jaiminho.domain.exception"},{"source":"me.umov.jaiminho.application.sqs.service","target":"me.umov.jaiminho.domain.model"},{"source":"me.umov.jaiminho.application.sqs.service","target":"me.umov.jaiminho.domain.ports"},{"source":"me.umov.jaiminho.application.sqs.service","target":"me.umov.jaiminho.infrastructure.dao"},{"source":"me.umov.jaiminho.application.sqs.service","target":"me.umov.jaiminho.infrastructure.dao.document"},{"source":"me.umov.jaiminho.application.sqs.service","target":"me.umov.jaiminho.infrastructure.dao.notification"},{"source":"me.umov.jaiminho.infrastructure.business","target":"me.umov.jaiminho.domain.exception"},{"source":"me.umov.jaiminho.infrastructure.business","target":"me.umov.jaiminho.infrastructure.dao"},{"source":"me.umov.jaiminho.application.sqs","target":"me.umov.jaiminho.application.dto"},{"source":"me.umov.jaiminho.application.sqs","target":"me.umov.jaiminho.application.sqs.service"},{"source":"me.umov.jaiminho.application.sqs","target":"me.umov.jaiminho.domain.model"},{"source":"me.umov.jaiminho.anticorruption.xstreamadapter.core.converters","target":"me.umov.jaiminho.anticorruption.xstreamadapter.core.model"},{"source":"me.umov.jaiminho.anticorruption.xstreamadapter.core","target":"me.umov.jaiminho.anticorruption.xstreamadapter.core.converters"},{"source":"me.umov.jaiminho.anticorruption.xstreamadapter.core","target":"me.umov.jaiminho.anticorruption.xstreamadapter.core.mapping"},{"source":"me.umov.jaiminho.anticorruption.xstreamadapter.core","target":"me.umov.jaiminho.anticorruption.xstreamadapter.core.model"},{"source":"me.umov.jaiminho.anticorruption.xstreamadapter.core","target":"me.umov.jaiminho.anticorruption.xstreamadapter.core.replace"},{"source":"me.umov.jaiminho.anticorruption.xstreamadapter.core","target":"me.umov.jaiminho.anticorruption.xstreamadapter.core.service"},{"source":"me.umov.jaiminho.anticorruption.xstreamadapter.core","target":"me.umov.jaiminho.anticorruption.xstreamadapter.facade"},{"source":"me.umov.jaiminho.anticorruption.xstreamadapter.core","target":"me.umov.jaiminho.fixture"},{"source":"me.umov.jaiminho.anticorruption.xstreamadapter.core","target":"me.umov.jaiminho.infrastructure.dao.dto"},{"source":"me.umov.jaiminho.anticorruption.xstreamadapter.core","target":"me.umov.jaiminho.infrastructure.dao.entity"},{"source":"me.umov.jaiminho.anticorruption.xstreamadapter.core","target":"me.umov.jaiminho.infrastructure.gson"},{"source":"me.umov.jaiminho.anticorruption.xstreamadapter.facade","target":"me.umov.jaiminho.anticorruption.xstreamadapter.core"},{"source":"me.umov.jaiminho.anticorruption.xstreamadapter.facade","target":"me.umov.jaiminho.anticorruption.xstreamadapter.core.model"},{"source":"me.umov.jaiminho.anticorruption.xstreamadapter.facade","target":"me.umov.jaiminho.infrastructure.dao.dto"},{"source":"me.umov.jaiminho.anticorruption.xstreamadapter.facade","target":"me.umov.jaiminho.infrastructure.dao.entity"},{"source":"me.umov.jaiminho.application.event","target":"me.umov.jaiminho.application.dto"},{"source":"me.umov.jaiminho.application.event","target":"me.umov.jaiminho.domain.event.trigger"},{"source":"me.umov.jaiminho.application.event","target":"me.umov.jaiminho.domain.ports"},{"source":"me.umov.jaiminho.application.event","target":"me.umov.jaiminho.infrastructure.producer.aws"},{"source":"me.umov.jaiminho.domain.exception","target":"me.umov.jaiminho.domain.model"},{"source":"me.umov.jaiminho.application.controller","target":"me.umov.jaiminho.application.dto"},{"source":"me.umov.jaiminho.application.controller","target":"me.umov.jaiminho.application.sqs.service"},{"source":"me.umov.jaiminho.application.controller","target":"me.umov.jaiminho.domain"},{"source":"me.umov.jaiminho.application.controller","target":"me.umov.jaiminho.domain.model"},{"source":"me.umov.jaiminho.application.controller","target":"me.umov.jaiminho.domain.ports"},{"source":"me.umov.jaiminho.application.controller","target":"me.umov.jaiminho.infrastructure.dao"},{"source":"me.umov.jaiminho.application.controller","target":"me.umov.jaiminho.infrastructure.dao.entity"},{"source":"me.umov.jaiminho.application.controller","target":"me.umov.jaiminho.infrastructure.producer"},{"source":"me.umov.jaiminho.anticorruption.xstreamadapter.core.service","target":"me.umov.jaiminho.anticorruption.xstreamadapter.core.converters"},{"source":"me.umov.jaiminho.anticorruption.xstreamadapter.core.service","target":"me.umov.jaiminho.anticorruption.xstreamadapter.core.model"},{"source":"me.umov.jaiminho.infrastructure.http","target":"me.umov.jaiminho.domain.model"},{"source":"me.umov.jaiminho.infrastructure.http","target":"me.umov.jaiminho.domain.ports"},{"source":"me.umov.jaiminho.infrastructure.sms","target":"me.umov.jaiminho.domain.model"},{"source":"me.umov.jaiminho.infrastructure.sms","target":"me.umov.jaiminho.domain.ports"},{"source":"me.umov.jaiminho.infrastructure.sms","target":"me.umov.jaiminho.fixture"},{"source":"me.umov.jaiminho.infrastructure.sms","target":"me.umov.jaiminho.infrastructure.dao"},{"source":"me.umov.jaiminho.infrastructure.sms","target":"me.umov.jaiminho.infrastructure.dao.entity"},{"source":"me.umov.jaiminho.infrastructure.sms","target":"me.umov.jaiminho.infrastructure.http"},{"source":"me.umov.jaiminho.infrastructure.sms","target":"me.umov.jaiminho.infrastructure.util"},{"source":"me.umov.jaiminho.domain.event","target":"me.umov.jaiminho.application.observer"},{"source":"me.umov.jaiminho.domain.event","target":"me.umov.jaiminho.domain.event.trigger"},{"source":"me.umov.jaiminho.domain.event","target":"me.umov.jaiminho.domain.model"},{"source":"me.umov.jaiminho.domain.event","target":"me.umov.jaiminho.domain.ports"},{"source":"me.umov.jaiminho.infrastructure.http.authentication.factor","target":"me.umov.jaiminho.domain.model"},{"source":"me.umov.jaiminho.infrastructure.http.authentication.factor","target":"me.umov.jaiminho.domain.ports"},{"source":"me.umov.jaiminho.infrastructure.http.authentication","target":"me.umov.jaiminho.domain.model"},{"source":"me.umov.jaiminho.infrastructure.http.authentication","target":"me.umov.jaiminho.domain.ports"},{"source":"me.umov.jaiminho.infrastructure.http.authentication","target":"me.umov.jaiminho.infrastructure.http.authentication.exception"},{"source":"me.umov.jaiminho.infrastructure.http.authentication","target":"me.umov.jaiminho.infrastructure.http.authentication.factor"},{"source":"me.umov.jaiminho.infrastructure.producer","target":"me.umov.jaiminho.domain.ports"},{"source":"me.umov.jaiminho.infrastructure.producer","target":"me.umov.jaiminho.infrastructure.producer.aws"},{"source":"me.umov.jaiminho.infrastructure.dao.sentinel","target":"me.umov.jaiminho.infrastructure.dao.document"},{"source":"me.umov.jaiminho.infrastructure.dao.notification","target":"me.umov.jaiminho.infrastructure.dao.document"},{"source":"me.umov.jaiminho.infrastructure.dao.dto","target":"me.umov.jaiminho.infrastructure.dao.entity"}]}