"type","dep","i-dep","fan-in","fan-out"
"one.util.huntbugs.flow.CFG",40,3,5,25
"one.util.huntbugs.testdata.TestKnownComparison",5,0,0,10
"one.util.huntbugs.flow.ConstAnnotator",17,3,1,17
"one.util.huntbugs.flow.SourceAnnotator",25,2,1,7
"one.util.huntbugs.util.Nodes",24,3,62,5
"one.util.huntbugs.detect.FieldAccess",39,13,0,19
"one.util.huntbugs.registry.DetectorRegistry",47,13,2,21
"one.util.huntbugs.detect.NumericComparison",26,8,0,13
"one.util.huntbugs.testdata.TestBadMath",2,0,0,2
"one.util.huntbugs.flow.ETypeAnnotator",15,3,1,10
"one.util.huntbugs.flow.NullAnnotator",17,2,1,10
"one.util.huntbugs.testdata.TestDeadLocalStore",7,0,1,12
"one.util.huntbugs.analysis.Context",28,6,19,14
"one.util.huntbugs.output.Reports",32,8,5,13
"one.util.huntbugs.testdata.TestNumericComparison",5,0,0,4
"one.util.huntbugs.detect.EqualsContract",29,7,0,9
"one.util.huntbugs.detect.BadMethodCalls",25,10,0,14
"one.util.huntbugs.util.Equi",22,0,4,3
"one.util.huntbugs.testdata.TestFieldAccess",11,0,2,9
"one.util.huntbugs.testdata.TestUnnecessaryInstanceOf",4,0,0,9
"one.util.huntbugs.testdata.TestNullCheck",10,0,0,8
"one.util.huntbugs.HuntBugs",34,14,1,22
"one.util.huntbugs.testdata.TestBadMethodCalls",15,0,0,13
"one.util.huntbugs.db.FieldStats",21,2,4,9
"one.util.huntbugs.testdata.TestEqualsContract",6,0,0,7
"one.util.huntbugs.util.ExpressionFormatter",9,1,2,3
"one.util.huntbugs.util.Methods",13,0,26,3
"one.util.huntbugs.registry.Detector",26,2,2,13
"one.util.huntbugs.registry.MethodContext",27,10,85,15
"one.util.huntbugs.warning.Formatter",4,0,3,8
"one.util.huntbugs.detect.BadMath",16,7,0,10
"one.util.huntbugs.warning.WarningAnnotation",4,0,20,5
"one.util.huntbugs.util.Types",14,0,51,5
"one.util.huntbugs.flow.Nullness",9,0,3,4
"one.util.huntbugs.detect.NumericPromotion",23,9,0,12
"one.util.huntbugs.testdata.TestWrongMapIterator",9,0,0,11
"one.util.huntbugs.flow.etype.AndType",6,1,4,3
"one.util.huntbugs.db.MethodStats",17,2,4,6
"one.util.huntbugs.testdata.TestSelfAssignment",2,0,9,3
"one.util.huntbugs.input.XmlReportReader",34,9,4,17
"one.util.huntbugs.testdata.TestSameBranches",3,0,0,1
"one.util.huntbugs.detect.NullCheck",18,7,0,7
"one.util.huntbugs.warning.Role",14,4,0,15
"one.util.huntbugs.detect.UncalledPrivateMethod",27,8,0,11
"one.util.huntbugs.detect.Naming",21,6,0,9
"one.util.huntbugs.maven.plugin.HuntBugsMojo",39,10,0,13
"one.util.huntbugs.flow.etype.SingleType",4,1,1,4
"one.util.huntbugs.detect.UnusedParameter",23,7,0,11
"one.util.huntbugs.ant.HuntBugsTask",27,10,0,14
"one.util.huntbugs.flow.etype.OrType",6,1,6,3
"one.util.huntbugs.detect.DeadLocalStore",21,7,0,10
"one.util.huntbugs.detect.RoughConstant",16,5,0,11
"one.util.huntbugs.detect.ExclusiveConditions",15,4,0,5
"one.util.huntbugs.flow.etype.EType",6,0,5,1
"one.util.huntbugs.util.NodeChain",14,0,34,2
"one.util.huntbugs.util.Exprs",14,2,43,4
"one.util.huntbugs.detect.RedundantStreamCalls",16,6,0,7
"one.util.huntbugs.testdata.TestRoughConstants",2,0,0,1
"one.util.huntbugs.flow.PurityAnnotator",8,2,1,3
"one.util.huntbugs.testdata.TestArrayRangeCheck",3,0,0,4
"one.util.huntbugs.testdata.TestInfiniteRecursion",3,0,2,5
"one.util.huntbugs.detect.SameBranches",22,5,0,7
"one.util.huntbugs.registry.MethodData",20,4,1,6
"one.util.huntbugs.flow.ValuesFlow",14,2,23,5
"one.util.huntbugs.testdata.TestNaming",3,0,0,5
"one.util.huntbugs.detect.InfiniteRecursion",21,5,0,6
"one.util.huntbugs.detect.StringConcatInLoop",20,5,0,6
"one.util.huntbugs.detect.ArrayRangeCheck",14,7,0,9
"one.util.huntbugs.detect.SerializationIdiom",15,4,0,4
"one.util.huntbugs.flow.FrameContext",11,2,1,3
"one.util.huntbugs.filter.AnnotationFilters",17,2,1,7
"one.util.huntbugs.warning.Messages",16,1,6,7
"one.util.huntbugs.db.Hierarchy",14,3,2,9
"one.util.huntbugs.detect.UnnecessaryBoxing",20,6,0,7
"one.util.huntbugs.assertions.MemberAsserter",13,1,5,4
"one.util.huntbugs.registry.ClassContext",15,8,7,10
"one.util.huntbugs.detect.UnnecessaryInstanceOf",25,9,0,10
"one.util.huntbugs.testdata.TestNumericPromotion",2,0,0,3
"one.util.huntbugs.testdata.TestConditionChain",2,0,0,1
"one.util.huntbugs.detect.FinalizerContract",14,4,0,5
"one.util.huntbugs.testdata.TestNonShortCircuit",2,0,0,2
"one.util.huntbugs.testdata.TestFinalizer",4,0,0,4
"one.util.huntbugs.detect.RandomUsage",17,7,0,9
"one.util.huntbugs.detect.InfiniteLoop",13,4,0,5
"one.util.huntbugs.testdata.TestInvalidMinMax",2,0,0,2
"one.util.huntbugs.detect.AtomicConcurrent",18,6,0,7
"one.util.huntbugs.detect.CloneContract",19,4,0,5
"one.util.huntbugs.detect.RegexProblems",16,4,0,6
"one.util.huntbugs.detect.Internationalization",13,3,0,4
"one.util.huntbugs.testdata.TestUnusedParameter",2,0,1,3
"one.util.huntbugs.testdata.TestUncalledPrivateMethod",3,0,0,4
"one.util.huntbugs.ReportsTest",17,9,0,9
"one.util.huntbugs.detect.FloatingPointComparison",17,5,0,9
"one.util.huntbugs.analysis.ErrorMessage",5,1,13,4
"one.util.huntbugs.detect.ExposeRepresentation",19,6,0,7
"one.util.huntbugs.repo.Repository",17,1,16,9
"one.util.huntbugs.detect.CovariantArrays",17,6,0,7
"one.util.huntbugs.flow.BackLinkAnnotator",7,0,1,2
"one.util.huntbugs.detect.SelfAssignment",15,4,0,4
"one.util.huntbugs.detect.WrongMapIterator",18,8,0,9
"one.util.huntbugs.testdata.TestSerializationIdiom",7,0,0,2
"one.util.huntbugs.flow.ClassFields",17,4,1,4
"one.util.huntbugs.detect.ConditionChain",13,3,0,4
"one.util.huntbugs.registry.DatabaseRegistry",8,1,1,5
"one.util.huntbugs.detect.InvalidMinMax",10,2,0,4
"one.util.huntbugs.detect.StaticFieldNonThreadSafe",24,7,0,10
"one.util.huntbugs.detect.WaitContract",19,5,0,5
"one.util.huntbugs.testdata.TestRedundantStreamCalls",10,0,0,6
"one.util.huntbugs.warning.Warning",6,0,16,1
"one.util.huntbugs.detect.IteratorContract",18,5,0,5
"one.util.huntbugs.detect.MinValueHandling",11,5,0,10
"one.util.huntbugs.detect.SameIfChain",20,5,0,5
"one.util.huntbugs.detect.StringIndex",10,3,0,5
"one.util.huntbugs.testdata.TestAbandonedStream",5,0,0,4
"one.util.huntbugs.detect.VolatileIncrement",15,4,0,5
"one.util.huntbugs.testdata.TestFloatComparison",2,0,0,1
"one.util.huntbugs.detect.DuplicateAssignment",14,4,0,4
"one.util.huntbugs.testdata.TestInfiniteLoop",2,0,0,2
"one.util.huntbugs.testdata.TestStaticFieldFromInstanceMethod",2,0,0,2
"one.util.huntbugs.testdata.TestExposeRepresentation",3,0,0,3
"one.util.huntbugs.testdata.TestStringConcatInLoop",2,0,0,3
"one.util.huntbugs.testdata.TestWaitContract",2,0,0,1
"one.util.huntbugs.detect.AppendObjectOutputStream",12,4,0,6
"one.util.huntbugs.detect.ReturnNull",14,4,0,5
"one.util.huntbugs.detect.StaticFieldFromInstanceMethod",17,4,0,5
"one.util.huntbugs.flow.Annotators",4,0,1,2
"one.util.huntbugs.repo.DirRepository",9,0,5,2
"one.util.huntbugs.registry.FieldContext",11,6,7,7
"one.util.huntbugs.detect.NonShortCircuit",16,8,0,8
"one.util.huntbugs.testdata.TestNegativeRemainder",5,0,0,3
"one.util.huntbugs.analysis.AnalysisOptions",5,1,10,5
"one.util.huntbugs.detect.IgnoredException",13,4,0,5
"one.util.huntbugs.testdata.TestDuplicateAssignment",2,0,0,1
"one.util.huntbugs.testdata.TestExclusiveConditions",3,0,0,3
"one.util.huntbugs.detect.MutableServletField",20,5,0,5
"one.util.huntbugs.testdata.TestIgnoredException",2,0,0,2
"one.util.huntbugs.detect.UnsupportedCall",14,3,0,4
"one.util.huntbugs.registry.ClassData",11,5,1,5
"one.util.huntbugs.detect.NumberConstructor",14,5,0,7
"one.util.huntbugs.testdata.TestUnnecessaryBoxing",2,0,0,4
"one.util.huntbugs.testdata.TestVolatileIncrement",2,0,0,0
"one.util.huntbugs.detect.UnsafeGetResource",15,5,0,6
"one.util.huntbugs.testdata.TestCovariantArrays",3,0,0,3
"one.util.huntbugs.detect.CompareUsage",14,6,0,6
"one.util.huntbugs.detect.LockProblems",14,4,0,6
"one.util.huntbugs.spi.DataTests",18,8,2,8
"one.util.huntbugs.testdata.TestStringIndex",2,0,0,1
"one.util.huntbugs.testdata.TestMinValueHandling",4,0,0,2
"one.util.huntbugs.assertions.AssertionData",2,1,2,2
"one.util.huntbugs.testdata.TestAtomicConcurrent",3,0,0,3
"one.util.huntbugs.detect.SyncGetClass",16,4,0,4
"one.util.huntbugs.testdata.TestAverageComputation",2,0,0,0
"one.util.huntbugs.detect.NegativeRemainder",10,4,0,5
"one.util.huntbugs.asserter.TestAsserter",2,0,0,2
"one.util.huntbugs.testdata.TestIteratorContract",5,0,0,4
"one.util.huntbugs.db.DeclaredAnnotations",11,2,1,3
"one.util.huntbugs.detect.CheckReturnValue",11,4,0,5
"one.util.huntbugs.detect.KnownComparison",14,6,0,7
"one.util.huntbugs.warning.Roles",8,0,62,0
"one.util.huntbugs.testdata.TestRandomUsage",6,0,0,2
"one.util.huntbugs.testdata.TestCompareUsage",3,0,0,1
"one.util.huntbugs.detect.SpinLoop",12,3,0,4
"one.util.huntbugs.detect.StartInConstructor",15,3,0,3
"one.util.huntbugs.detect.SqlBadArgument",10,3,0,5
"one.util.huntbugs.testdata.TestSelfComputation",4,0,0,4
"one.util.huntbugs.testdata.TestSyncOnUpdatedField",2,0,0,1
"one.util.huntbugs.repo.JarRepository",5,0,3,4
"one.util.huntbugs.detect.IncorrectVarArg",10,2,0,3
"one.util.huntbugs.detect.StringUsage",11,3,0,3
"one.util.huntbugs.util.Xml",5,0,2,3
"one.util.huntbugs.testdata.TestInternationalization",6,0,0,1
"one.util.huntbugs.testdata.TestRegexProblems",4,0,0,3
"one.util.huntbugs.detect.VolatileArray",8,3,0,4
"one.util.huntbugs.testdata.TestSpinLoop",2,0,0,0
"one.util.huntbugs.testdata.TestDubiousCatch",3,0,0,3
"one.util.huntbugs.detect.BadMethodReferences",14,3,0,4
"one.util.huntbugs.detect.SelfComputation",12,5,0,6
"one.util.huntbugs.detect.BadMonitorObject",12,4,0,4
"one.util.huntbugs.registry.DetectorRegistryTest",9,3,0,4
"one.util.huntbugs.detect.CompareContract",13,4,0,5
"one.util.huntbugs.detect.EasyMockProblems",13,3,0,4
"one.util.huntbugs.output.HtmlReportWriter",12,0,1,3
"one.util.huntbugs.testdata.TestUnsupportedCall",3,0,2,5
"one.util.huntbugs.flow.Annotator",4,1,5,2
"one.util.huntbugs.testdata.TestUnsafeGetResource",4,0,1,4
"one.util.huntbugs.testdata.TestMutableServletField",7,0,0,2
"one.util.huntbugs.util.Iterables",3,0,0,4
"one.util.huntbugs.detect.DubiousCatch",11,2,0,3
"one.util.huntbugs.detect.SyncOnUpdatedField",9,3,0,3
"one.util.huntbugs.detect.ToArrayDowncast",12,4,0,4
"one.util.huntbugs.flow.EnumConstant",2,1,1,3
"one.util.huntbugs.testdata.TestCloneContract",2,0,1,2
"one.util.huntbugs.testdata.TestUnreachableCatch",2,0,0,1
"one.util.huntbugs.detect.NoRuntimeRetention",13,3,0,3
"one.util.huntbugs.testdata.TestStartInConstructor",2,0,1,3
"one.util.huntbugs.testdata.TestReturnNull",3,0,0,3
"one.util.huntbugs.testdata.TestSyncGetClass",2,0,0,2
"one.util.huntbugs.detect.SwingProblems",11,3,0,3
"one.util.huntbugs.testdata.TestNumberConstructor",2,0,0,0
"one.util.huntbugs.testdata.TestSameIfChain",2,0,0,2
"one.util.huntbugs.registry.AbstractTypeDatabase",6,0,6,3
"one.util.huntbugs.detect.EmptySync",9,2,0,2
"one.util.huntbugs.detect.UselessVoidMethod",12,3,0,3
"one.util.huntbugs.testdata.TestAppendObjectOutputStream",7,0,0,0
"one.util.huntbugs.detect.AbandonedStream",10,3,0,3
"one.util.huntbugs.detect.InitializerRefersSubclass",11,4,0,4
"one.util.huntbugs.testdata.TestIncorrectVarArg",4,0,0,2
"one.util.huntbugs.repo.FilteredRepository",2,0,1,2
"one.util.huntbugs.testdata.TestFloatNaN",1,0,0,1
"one.util.huntbugs.testdata.TestStringUsage",2,0,0,2
"one.util.huntbugs.testdata.TestBadMonitorObject",1,0,0,1
"one.util.huntbugs.testdata.TestCheckReturnValue",5,0,0,0
"one.util.huntbugs.testdata.TestUselessVoidMethod",2,0,0,0
"one.util.huntbugs.output.XmlReportWriter",8,0,1,1
"one.util.huntbugs.flow.etype.ComplexType",2,0,2,2
"one.util.huntbugs.warning.WarningType",1,0,14,0
"one.util.huntbugs.flow.Exceptional",1,0,3,3
"one.util.huntbugs.detect.AverageComputation",8,3,0,5
"one.util.huntbugs.MessagesTest",9,5,0,5
"one.util.huntbugs.detect.DroppedExceptionObject",11,4,0,4
"one.util.huntbugs.detect.FloatingPointNaN",8,3,0,3
"one.util.huntbugs.testdata.TestLockProblems",4,0,0,1
"one.util.huntbugs.registry.ElementContext",2,2,3,3
"one.util.huntbugs.testdata.TestNoRuntimeRetention",7,0,0,3
"one.util.huntbugs.detect.JcipProblems",8,1,0,2
"one.util.huntbugs.util.Variables",5,0,0,0
"one.util.huntbugs.db.Mutability",5,1,2,2
"one.util.huntbugs.detect.ExceptionalExpression",10,5,0,5
"one.util.huntbugs.testdata.TestSqlBadArgument",5,0,0,0
"one.util.huntbugs.detect.RedundantInterfaces",7,3,0,3
"one.util.huntbugs.util.Annotations",4,0,4,3
"one.util.huntbugs.AsserterTest",5,3,0,3
"one.util.huntbugs.testdata.TestStaticFieldNonThreadSafe",6,0,0,1
"one.util.huntbugs.testdata.TestToArrayDowncast",4,0,0,2
"one.util.huntbugs.RuleTest",9,6,0,6
"one.util.huntbugs.detect.NewGetClass",9,2,0,2
"one.util.huntbugs.flow.TrueFalse",0,0,12,0
"one.util.huntbugs.testdata.TestCompareContract",2,0,0,2
"one.util.huntbugs.testdata.TestSwingProblems",3,0,0,1
"one.util.huntbugs.testdata.TestValuesFlow",4,0,0,2
"one.util.huntbugs.testdata.TestRedundantInterfaces",8,0,0,5
"one.util.huntbugs.repo.CompositeRepository",4,0,5,1
"one.util.huntbugs.testdata.TestEasyMockProblems",3,0,0,0
"one.util.huntbugs.testdata.TestEmptySync",2,0,0,1
"one.util.huntbugs.testdata.TestExceptionalExpression",1,0,0,2
"one.util.huntbugs.detect.UnreachableCatch",7,2,0,2
"one.util.huntbugs.FilteredRepositoryTest",7,4,0,4
"one.util.huntbugs.testdata.TestVolatileArray",2,0,0,1
"one.util.huntbugs.testdata.TestInitializerRefersSubclass",2,0,1,2
"one.util.huntbugs.sample.testdata.TestSampleCustomDetector",6,0,0,0
"one.util.huntbugs.sample.detect.SampleCustomDetector",7,2,0,2
"one.util.huntbugs.warning.rule.CompositeRule",2,1,2,2
"one.util.huntbugs.warning.rule.RegexRule",2,1,2,2
"one.util.huntbugs.testdata.TestDroppedExceptionObject",2,0,0,2
"one.util.huntbugs.flow.Dataflow",1,0,4,0
"one.util.huntbugs.warning.rule.CategoryRule",1,1,2,2
"one.util.huntbugs.util.TestIterables",3,0,0,0
"one.util.huntbugs.repo.AuxRepository",1,0,3,1
"one.util.huntbugs.testdata.TestNewGetClass",2,0,2,2
"one.util.huntbugs.sample.MyProductionCodeTest",3,0,0,0
"one.util.huntbugs.util.Maps",3,0,2,4
"one.util.huntbugs.OptionsTest",3,1,0,1
"one.util.huntbugs.testdata.TestJcipProblems",3,0,0,0
"one.util.huntbugs.output.CombinedReportWriter",2,0,0,1
"one.util.huntbugs.registry.FieldData",1,0,0,0
"one.util.huntbugs.sample.SampleHuntBugsPlugin",1,1,0,2
"one.util.huntbugs.flow.CodeBlock",1,0,6,0
"one.util.huntbugs.warning.rule.Rule",1,1,5,1
"one.util.huntbugs.testdata.sub.SubFieldAccess",1,1,0,2
"one.util.huntbugs.analysis.HuntBugsResult",3,2,8,2
"one.util.huntbugs.DataTest",2,1,0,1
"one.util.huntbugs.testdata.TestBadMethodReferences",2,0,0,2
"one.util.huntbugs.sample.DataTest",2,1,0,1
"one.util.huntbugs.flow.Inf",0,0,21,0
"one.util.huntbugs.flow.GraphSearch",2,0,1,0
"one.util.huntbugs.sample.MyProductionCode",2,0,1,0
"one.util.huntbugs.repo.RepositoryVisitor",0,0,2,0
"one.util.huntbugs.spi.HuntBugsPlugin",0,0,3,0
"one.util.huntbugs.analysis.AnalysisListener",0,0,0,0
"one.util.huntbugs.output.ReportWriter",1,0,3,0
