[{"type":"structures.results.TypeMetricResult","size":286,"dependencies":["structures.MetricResultNotifier","structures.metrics.TypeMetric","utils.StringFormat"]},{"type":"output.MetricResultJSON","size":282,"dependencies":["structures.metrics.MethodMetric","structures.metrics.MetricDefinition","structures.metrics.MetricThreshold","structures.metrics.NamespaceMetric","structures.metrics.TypeMetric","structures.results.MethodMetricResult","structures.results.NamespaceMetricResult","structures.results.TypeMetricResult","utils.JSONBuilder"]},{"type":"parser.java.visitors.MethodVisitor","size":188,"dependencies":["structures.MetricActivator","structures.metrics.MethodMetric","structures.results.MethodMetricResult"]},{"type":"output.MetricResultCSV","size":185,"dependencies":["structures.metrics.MethodMetric","structures.metrics.MetricDefinition","structures.metrics.MetricThreshold","structures.metrics.NamespaceMetric","structures.metrics.TypeMetric","structures.results.MethodMetricResult","structures.results.NamespaceMetricResult","structures.results.TypeMetricResult"]},{"type":"output.MetricResultConsole","size":184,"dependencies":["structures.metrics.MethodMetric","structures.metrics.MetricDefinition","structures.metrics.MetricThreshold","structures.metrics.NamespaceMetric","structures.metrics.TypeMetric","structures.results.MethodMetricResult","structures.results.NamespaceMetricResult","structures.results.TypeMetricResult","utils.StringFormat"]},{"type":"parser.java.visitors.TypeVisitor","size":176,"dependencies":["structures.MetricActivator","structures.metrics.TypeMetric","structures.results.TypeMetricResult"]},{"type":"output.MetricResultFile","size":144,"dependencies":["structures.results.MethodMetricResult","structures.results.NamespaceMetricResult","structures.results.TypeMetricResult","utils.SystemUtils"]},{"type":"main.Bootstrapper","size":139,"dependencies":["general.ProjectInfo","output.InfoConsole","output.MetricOutput","output.MetricResultCSV","output.MetricResultConsole","output.MetricResultFile","output.MetricResultJSON"]},{"type":"structures.metrics.TypeMetric","size":137,"dependencies":["structures.results.MethodMetricResult","utils.SourceCodeLineCounter"]},{"type":"utils.SourceCodeLineCounter","size":99,"dependencies":[]},{"type":"output.InfoConsole","size":92,"dependencies":[]},{"type":"structures.results.NamespaceMetricResult","size":84,"dependencies":["structures.MetricResultNotifier","structures.metrics.NamespaceMetric"]},{"type":"structures.results.MethodMetricResult","size":84,"dependencies":["structures.MetricResultNotifier","structures.metrics.MethodMetric"]},{"type":"parser.java.JavaParser","size":74,"dependencies":["parser.TypeParser","parser.java.visitors.MethodVisitor","parser.java.visitors.NamespaceVisitor","parser.java.visitors.TypeVisitor","structures.results.MethodMetricResult","structures.results.NamespaceMetricResult","structures.results.TypeMetricResult"]},{"type":"structures.metrics.MethodMetric","size":73,"dependencies":[]},{"type":"general.ProjectInfo","size":69,"dependencies":["general.options.Options","output.Gauge","output.MetricOutput","parser.TypeParser","parser.java.JavaParser","structures.results.MethodMetricResult","structures.results.NamespaceMetricResult","structures.results.TypeMetricResult","utils.SystemUtils"]},{"type":"structures.metrics.MetricThreshold","size":53,"dependencies":[]},{"type":"utils.SystemUtils","size":39,"dependencies":[]},{"type":"structures.metrics.NamespaceMetric","size":38,"dependencies":[]},{"type":"structures.metrics.MetricDefinition","size":33,"dependencies":[]},{"type":"utils.JSONBuilder","size":28,"dependencies":[]},{"type":"general.options.Options","size":25,"dependencies":[]},{"type":"parser.java.visitors.NamespaceVisitor","size":24,"dependencies":["structures.MetricActivator","structures.metrics.NamespaceMetric","structures.results.NamespaceMetricResult"]},{"type":"output.Gauge","size":21,"dependencies":[]},{"type":"output.MetricOutput","size":20,"dependencies":["structures.results.MethodMetricResult","structures.results.NamespaceMetricResult","structures.results.TypeMetricResult"]},{"type":"utils.StringFormat","size":16,"dependencies":[]},{"type":"output.MetricFile","size":11,"dependencies":[]},{"type":"general.options.AllMetricsOption","size":10,"dependencies":["output.MetricOutput"]},{"type":"general.options.MetricVisualizationOption","size":10,"dependencies":["output.MetricOutput"]},{"type":"general.options.TypeCouplingOption","size":10,"dependencies":["output.MetricOutput"]},{"type":"general.options.TypeOption","size":10,"dependencies":["output.MetricOutput"]},{"type":"general.options.AllCouplingOption","size":9,"dependencies":["output.MetricOutput"]},{"type":"general.options.CyclicDependencyOption","size":9,"dependencies":["output.MetricOutput"]},{"type":"general.options.InternalDependencyOption","size":9,"dependencies":["output.MetricOutput"]},{"type":"general.options.NamespaceCouplingOption","size":9,"dependencies":["output.MetricOutput"]},{"type":"general.options.NamespaceOption","size":9,"dependencies":["output.MetricOutput"]},{"type":"general.options.DependencyOption","size":8,"dependencies":["output.MetricOutput"]},{"type":"general.options.MethodOption","size":8,"dependencies":["output.MetricOutput"]},{"type":"general.options.SummaryOption","size":8,"dependencies":["output.MetricOutput"]},{"type":"general.options.ThresholdsOption","size":8,"dependencies":["output.MetricOutput"]},{"type":"structures.MetricResultNotifier","size":7,"dependencies":[]},{"type":"general.options.OptionDefinition","size":5,"dependencies":["output.MetricOutput"]},{"type":"structures.MetricActivator","size":5,"dependencies":[]},{"type":"parser.TypeParser","size":4,"dependencies":[]}]