[
  {
    "type": "edu.umd.cs.findbugs.OpcodeStack",
    "size": 3001,
    "dependencies": [
      "edu.umd.cs.findbugs.ba.AnalysisContext",
      "edu.umd.cs.findbugs.ba.AnalysisFeatures",
      "edu.umd.cs.findbugs.ba.ClassMember",
      "edu.umd.cs.findbugs.ba.FieldSummary",
      "edu.umd.cs.findbugs.ba.SignatureParser",
      "edu.umd.cs.findbugs.ba.XFactory",
      "edu.umd.cs.findbugs.ba.XField",
      "edu.umd.cs.findbugs.ba.XMethod",
      "edu.umd.cs.findbugs.ba.ch.Subtypes2",
      "edu.umd.cs.findbugs.bcel.OpcodeStackDetector",
      "edu.umd.cs.findbugs.classfile.CheckedAnalysisException",
      "edu.umd.cs.findbugs.classfile.DescriptorFactory",
      "edu.umd.cs.findbugs.classfile.Global",
      "edu.umd.cs.findbugs.classfile.IAnalysisCache",
      "edu.umd.cs.findbugs.classfile.MethodDescriptor",
      "edu.umd.cs.findbugs.classfile.analysis.MethodInfo",
      "edu.umd.cs.findbugs.util.ClassName",
      "edu.umd.cs.findbugs.util.Util",
      "edu.umd.cs.findbugs.visitclass.Constants2",
      "edu.umd.cs.findbugs.visitclass.DismantleBytecode",
      "edu.umd.cs.findbugs.visitclass.LVTHelper",
      "edu.umd.cs.findbugs.visitclass.PreorderVisitor"
    ]
  },
  {
    "type": "edu.umd.cs.findbugs.BugInstance",
    "size": 1673,
    "dependencies": [
      "edu.umd.cs.findbugs.ba.AnalysisContext",
      "edu.umd.cs.findbugs.ba.CFGBuilderException",
      "edu.umd.cs.findbugs.ba.ClassContext",
      "edu.umd.cs.findbugs.ba.DataflowAnalysisException",
      "edu.umd.cs.findbugs.ba.Hierarchy2",
      "edu.umd.cs.findbugs.ba.JavaClassAndMethod",
      "edu.umd.cs.findbugs.ba.Location",
      "edu.umd.cs.findbugs.ba.OpcodeStackScanner",
      "edu.umd.cs.findbugs.ba.XFactory",
      "edu.umd.cs.findbugs.ba.XField",
      "edu.umd.cs.findbugs.ba.XMethod",
      "edu.umd.cs.findbugs.ba.bcp.FieldVariable",
      "edu.umd.cs.findbugs.ba.vna.ValueNumberSourceInfo",
      "edu.umd.cs.findbugs.bcel.BCELUtil",
      "edu.umd.cs.findbugs.classfile.CheckedAnalysisException",
      "edu.umd.cs.findbugs.classfile.ClassDescriptor",
      "edu.umd.cs.findbugs.classfile.FieldDescriptor",
      "edu.umd.cs.findbugs.classfile.Global",
      "edu.umd.cs.findbugs.classfile.IAnalysisCache",
      "edu.umd.cs.findbugs.classfile.MethodDescriptor",
      "edu.umd.cs.findbugs.cloud.Cloud",
      "edu.umd.cs.findbugs.util.ClassName",
      "edu.umd.cs.findbugs.util.Util",
      "edu.umd.cs.findbugs.visitclass.DismantleBytecode",
      "edu.umd.cs.findbugs.visitclass.PreorderVisitor",
      "edu.umd.cs.findbugs.xml.XMLAttributeList",
      "edu.umd.cs.findbugs.xml.XMLOutput",
      "edu.umd.cs.findbugs.xml.XMLWriteable"
    ]
  },
  {
    "type": "edu.umd.cs.findbugs.detect.FindNullDeref",
    "size": 1375,
    "dependencies": [
      "edu.umd.cs.findbugs.BugAccumulator",
      "edu.umd.cs.findbugs.BugAnnotation",
      "edu.umd.cs.findbugs.BugInstance",
      "edu.umd.cs.findbugs.BugReporter",
      "edu.umd.cs.findbugs.Detector",
      "edu.umd.cs.findbugs.FieldAnnotation",
      "edu.umd.cs.findbugs.FindBugsAnalysisFeatures",
      "edu.umd.cs.findbugs.LocalVariableAnnotation",
      "edu.umd.cs.findbugs.MethodAnnotation",
      "edu.umd.cs.findbugs.OpcodeStack",
      "edu.umd.cs.findbugs.SourceLineAnnotation",
      "edu.umd.cs.findbugs.SystemProperties",
      "edu.umd.cs.findbugs.UseAnnotationDatabase",
      "edu.umd.cs.findbugs.ba.AnalysisContext",
      "edu.umd.cs.findbugs.ba.BasicBlock",
      "edu.umd.cs.findbugs.ba.CFG",
      "edu.umd.cs.findbugs.ba.CFGBuilderException",
      "edu.umd.cs.findbugs.ba.ClassContext",
      "edu.umd.cs.findbugs.ba.DataflowAnalysisException",
      "edu.umd.cs.findbugs.ba.DataflowValueChooser",
      "edu.umd.cs.findbugs.ba.Edge",
      "edu.umd.cs.findbugs.ba.Hierarchy",
      "edu.umd.cs.findbugs.ba.INullnessAnnotationDatabase",
      "edu.umd.cs.findbugs.ba.JavaClassAndMethod",
      "edu.umd.cs.findbugs.ba.Location",
      "edu.umd.cs.findbugs.ba.MissingClassException",
      "edu.umd.cs.findbugs.ba.NullnessAnnotation",
      "edu.umd.cs.findbugs.ba.OpcodeStackScanner",
      "edu.umd.cs.findbugs.ba.SignatureConverter",
      "edu.umd.cs.findbugs.ba.SignatureParser",
      "edu.umd.cs.findbugs.ba.XFactory",
      "edu.umd.cs.findbugs.ba.XField",
      "edu.umd.cs.findbugs.ba.XMethod",
      "edu.umd.cs.findbugs.ba.XMethodParameter",
      "edu.umd.cs.findbugs.ba.interproc.ParameterProperty",
      "edu.umd.cs.findbugs.ba.jsr305.TypeQualifierAnnotation",
      "edu.umd.cs.findbugs.ba.jsr305.TypeQualifierApplications",
      "edu.umd.cs.findbugs.ba.jsr305.TypeQualifierValue",
      "edu.umd.cs.findbugs.ba.npe.IsNullValue",
      "edu.umd.cs.findbugs.ba.npe.IsNullValueDataflow",
      "edu.umd.cs.findbugs.ba.npe.IsNullValueFrame",
      "edu.umd.cs.findbugs.ba.npe.NullDerefAndRedundantComparisonCollector",
      "edu.umd.cs.findbugs.ba.npe.NullDerefAndRedundantComparisonFinder",
      "edu.umd.cs.findbugs.ba.npe.NullValueUnconditionalDeref",
      "edu.umd.cs.findbugs.ba.npe.ParameterNullnessPropertyDatabase",
      "edu.umd.cs.findbugs.ba.npe.PointerUsageRequiringNonNullValue",
      "edu.umd.cs.findbugs.ba.npe.RedundantBranch",
      "edu.umd.cs.findbugs.ba.npe.ReturnPathType",
      "edu.umd.cs.findbugs.ba.npe.ReturnPathTypeDataflow",
      "edu.umd.cs.findbugs.ba.npe.TypeQualifierNullnessAnnotationDatabase",
      "edu.umd.cs.findbugs.ba.npe.UsagesRequiringNonNullValues",
      "edu.umd.cs.findbugs.ba.type.TypeDataflow",
      "edu.umd.cs.findbugs.ba.type.TypeFrame",
      "edu.umd.cs.findbugs.ba.vna.ValueNumber",
      "edu.umd.cs.findbugs.ba.vna.ValueNumberDataflow",
      "edu.umd.cs.findbugs.ba.vna.ValueNumberFrame",
      "edu.umd.cs.findbugs.ba.vna.ValueNumberSourceInfo",
      "edu.umd.cs.findbugs.bcel.generic.NullnessConversationInstruction",
      "edu.umd.cs.findbugs.classfile.CheckedAnalysisException",
      "edu.umd.cs.findbugs.classfile.ClassDescriptor",
      "edu.umd.cs.findbugs.classfile.DescriptorFactory",
      "edu.umd.cs.findbugs.classfile.Global",
      "edu.umd.cs.findbugs.classfile.analysis.AnnotationValue",
      "edu.umd.cs.findbugs.log.Profiler",
      "edu.umd.cs.findbugs.props.GeneralWarningProperty",
      "edu.umd.cs.findbugs.props.WarningProperty",
      "edu.umd.cs.findbugs.props.WarningPropertySet",
      "edu.umd.cs.findbugs.props.WarningPropertyUtil",
      "edu.umd.cs.findbugs.visitclass.Util"
    ]
  },
  {
    "type": "edu.umd.cs.findbugs.detect.DumbMethods",
    "size": 1308,
    "dependencies": [
      "edu.umd.cs.findbugs.BugAccumulator",
      "edu.umd.cs.findbugs.BugInstance",
      "edu.umd.cs.findbugs.BugReporter",
      "edu.umd.cs.findbugs.ClassAnnotation",
      "edu.umd.cs.findbugs.IntAnnotation",
      "edu.umd.cs.findbugs.LocalVariableAnnotation",
      "edu.umd.cs.findbugs.MethodAnnotation",
      "edu.umd.cs.findbugs.OpcodeStack",
      "edu.umd.cs.findbugs.Priorities",
      "edu.umd.cs.findbugs.SourceLineAnnotation",
      "edu.umd.cs.findbugs.StringAnnotation",
      "edu.umd.cs.findbugs.SystemProperties",
      "edu.umd.cs.findbugs.ba.AnalysisContext",
      "edu.umd.cs.findbugs.ba.CFGBuilderException",
      "edu.umd.cs.findbugs.ba.DataflowAnalysisException",
      "edu.umd.cs.findbugs.ba.Hierarchy",
      "edu.umd.cs.findbugs.ba.ObjectTypeFactory",
      "edu.umd.cs.findbugs.ba.SignatureParser",
      "edu.umd.cs.findbugs.ba.XField",
      "edu.umd.cs.findbugs.ba.XMethod",
      "edu.umd.cs.findbugs.ba.ch.Subtypes2",
      "edu.umd.cs.findbugs.ba.type.TypeDataflow",
      "edu.umd.cs.findbugs.bcel.OpcodeStackDetector",
      "edu.umd.cs.findbugs.classfile.ClassDescriptor",
      "edu.umd.cs.findbugs.classfile.DescriptorFactory",
      "edu.umd.cs.findbugs.classfile.MethodDescriptor",
      "edu.umd.cs.findbugs.util.ClassName",
      "edu.umd.cs.findbugs.util.Util",
      "edu.umd.cs.findbugs.visitclass.PreorderVisitor"
    ]
  },
  {
    "type": "edu.umd.cs.findbugs.PluginLoader",
    "size": 1296,
    "dependencies": [
      "edu.umd.cs.findbugs.ba.AnalysisContext",
      "edu.umd.cs.findbugs.charsets.UTF8",
      "edu.umd.cs.findbugs.classfile.IAnalysisEngineRegistrar",
      "edu.umd.cs.findbugs.cloud.Cloud",
      "edu.umd.cs.findbugs.cloud.CloudFactory",
      "edu.umd.cs.findbugs.cloud.CloudPlugin",
      "edu.umd.cs.findbugs.cloud.CloudPluginBuilder",
      "edu.umd.cs.findbugs.cloud.username.NameLookup",
      "edu.umd.cs.findbugs.io.IO",
      "edu.umd.cs.findbugs.plan.ByInterfaceDetectorFactorySelector",
      "edu.umd.cs.findbugs.plan.DetectorFactorySelector",
      "edu.umd.cs.findbugs.plan.DetectorOrderingConstraint",
      "edu.umd.cs.findbugs.plan.ReportingDetectorFactorySelector",
      "edu.umd.cs.findbugs.plan.SingleDetectorFactorySelector",
      "edu.umd.cs.findbugs.plugins.DuplicatePluginIdError",
      "edu.umd.cs.findbugs.plugins.DuplicatePluginIdException",
      "edu.umd.cs.findbugs.updates.UpdateChecker",
      "edu.umd.cs.findbugs.util.ClassName",
      "edu.umd.cs.findbugs.util.JavaWebStart",
      "edu.umd.cs.findbugs.util.Util",
      "edu.umd.cs.findbugs.xml.XMLUtil"
    ]
  },
  {
    "type": "edu.umd.cs.findbugs.ba.type.TypeFrameModelingVisitor",
    "size": 1153,
    "dependencies": [
      "edu.umd.cs.findbugs.SystemProperties",
      "edu.umd.cs.findbugs.ba.AbstractFrameModelingVisitor",
      "edu.umd.cs.findbugs.ba.AnalysisContext",
      "edu.umd.cs.findbugs.ba.DataflowAnalysisException",
      "edu.umd.cs.findbugs.ba.Debug",
      "edu.umd.cs.findbugs.ba.FieldSummary",
      "edu.umd.cs.findbugs.ba.Hierarchy",
      "edu.umd.cs.findbugs.ba.Hierarchy2",
      "edu.umd.cs.findbugs.ba.InvalidBytecodeException",
      "edu.umd.cs.findbugs.ba.SignatureParser",
      "edu.umd.cs.findbugs.ba.XClass",
      "edu.umd.cs.findbugs.ba.XField",
      "edu.umd.cs.findbugs.ba.XMethod",
      "edu.umd.cs.findbugs.ba.ch.Subtypes2",
      "edu.umd.cs.findbugs.ba.generic.GenericObjectType",
      "edu.umd.cs.findbugs.ba.generic.GenericSignatureParser",
      "edu.umd.cs.findbugs.ba.generic.GenericUtilities",
      "edu.umd.cs.findbugs.ba.vna.ValueNumber",
      "edu.umd.cs.findbugs.ba.vna.ValueNumberDataflow",
      "edu.umd.cs.findbugs.ba.vna.ValueNumberFrame",
      "edu.umd.cs.findbugs.classfile.CheckedAnalysisException",
      "edu.umd.cs.findbugs.classfile.ClassDescriptor",
      "edu.umd.cs.findbugs.classfile.DescriptorFactory",
      "edu.umd.cs.findbugs.util.Util"
    ]
  },
  {
    "type": "edu.umd.cs.findbugs.SortedBugCollection",
    "size": 1019,
    "dependencies": [
      "edu.umd.cs.findbugs.ba.AnalysisContext",
      "edu.umd.cs.findbugs.ba.MissingClassException",
      "edu.umd.cs.findbugs.charsets.UTF8",
      "edu.umd.cs.findbugs.cloud.Cloud",
      "edu.umd.cs.findbugs.cloud.CloudFactory",
      "edu.umd.cs.findbugs.log.Profiler",
      "edu.umd.cs.findbugs.model.ClassFeatureSet",
      "edu.umd.cs.findbugs.util.Util",
      "edu.umd.cs.findbugs.xml.Dom4JXMLOutput",
      "edu.umd.cs.findbugs.xml.OutputStreamXMLOutput",
      "edu.umd.cs.findbugs.xml.XMLAttributeList",
      "edu.umd.cs.findbugs.xml.XMLOutput",
      "edu.umd.cs.findbugs.xml.XMLOutputUtil"
    ]
  },
  {
    "type": "edu.umd.cs.findbugs.detect.UnreadFields",
    "size": 994,
    "dependencies": [
      "edu.umd.cs.findbugs.BugAccumulator",
      "edu.umd.cs.findbugs.BugInstance",
      "edu.umd.cs.findbugs.BugReporter",
      "edu.umd.cs.findbugs.DeepSubtypeAnalysis",
      "edu.umd.cs.findbugs.OpcodeStack",
      "edu.umd.cs.findbugs.Priorities",
      "edu.umd.cs.findbugs.ProgramPoint",
      "edu.umd.cs.findbugs.SourceLineAnnotation",
      "edu.umd.cs.findbugs.SystemProperties",
      "edu.umd.cs.findbugs.ba.AnalysisContext",
      "edu.umd.cs.findbugs.ba.XClass",
      "edu.umd.cs.findbugs.ba.XFactory",
      "edu.umd.cs.findbugs.ba.XField",
      "edu.umd.cs.findbugs.ba.ch.Subtypes2",
      "edu.umd.cs.findbugs.ba.generic.GenericObjectType",
      "edu.umd.cs.findbugs.ba.generic.GenericUtilities",
      "edu.umd.cs.findbugs.ba.npe.IsNullValue",
      "edu.umd.cs.findbugs.ba.npe.IsNullValueDataflow",
      "edu.umd.cs.findbugs.ba.npe.IsNullValueFrame",
      "edu.umd.cs.findbugs.ba.vna.AvailableLoad",
      "edu.umd.cs.findbugs.ba.vna.ValueNumber",
      "edu.umd.cs.findbugs.ba.vna.ValueNumberDataflow",
      "edu.umd.cs.findbugs.ba.vna.ValueNumberFrame",
      "edu.umd.cs.findbugs.bcel.BCELUtil",
      "edu.umd.cs.findbugs.bcel.OpcodeStackDetector",
      "edu.umd.cs.findbugs.classfile.CheckedAnalysisException",
      "edu.umd.cs.findbugs.classfile.ClassDescriptor",
      "edu.umd.cs.findbugs.classfile.DescriptorFactory",
      "edu.umd.cs.findbugs.classfile.FieldDescriptor",
      "edu.umd.cs.findbugs.classfile.Global",
      "edu.umd.cs.findbugs.util.Bag",
      "edu.umd.cs.findbugs.util.ClassName",
      "edu.umd.cs.findbugs.util.Util",
      "edu.umd.cs.findbugs.visitclass.PreorderVisitor"
    ]
  },
  {
    "type": "edu.umd.cs.findbugs.detect.FindRefComparison",
    "size": 991,
    "dependencies": [
      "edu.umd.cs.findbugs.BugAccumulator",
      "edu.umd.cs.findbugs.BugAnnotation",
      "edu.umd.cs.findbugs.BugInstance",
      "edu.umd.cs.findbugs.BugReporter",
      "edu.umd.cs.findbugs.Detector",
      "edu.umd.cs.findbugs.FieldAnnotation",
      "edu.umd.cs.findbugs.FindBugsAnalysisFeatures",
      "edu.umd.cs.findbugs.MethodAnnotation",
      "edu.umd.cs.findbugs.Priorities",
      "edu.umd.cs.findbugs.SourceLineAnnotation",
      "edu.umd.cs.findbugs.SystemProperties",
      "edu.umd.cs.findbugs.TypeAnnotation",
      "edu.umd.cs.findbugs.ba.AnalysisContext",
      "edu.umd.cs.findbugs.ba.CFG",
      "edu.umd.cs.findbugs.ba.CFGBuilderException",
      "edu.umd.cs.findbugs.ba.ClassContext",
      "edu.umd.cs.findbugs.ba.ClassSummary",
      "edu.umd.cs.findbugs.ba.DataflowAnalysisException",
      "edu.umd.cs.findbugs.ba.DepthFirstSearch",
      "edu.umd.cs.findbugs.ba.FieldSummary",
      "edu.umd.cs.findbugs.ba.Hierarchy",
      "edu.umd.cs.findbugs.ba.Hierarchy2",
      "edu.umd.cs.findbugs.ba.IncompatibleTypes",
      "edu.umd.cs.findbugs.ba.Location",
      "edu.umd.cs.findbugs.ba.RepositoryLookupFailureCallback",
      "edu.umd.cs.findbugs.ba.SignatureConverter",
      "edu.umd.cs.findbugs.ba.TestCaseDetector",
      "edu.umd.cs.findbugs.ba.XFactory",
      "edu.umd.cs.findbugs.ba.XField",
      "edu.umd.cs.findbugs.ba.XMethod",
      "edu.umd.cs.findbugs.ba.npe.IsNullValueDataflow",
      "edu.umd.cs.findbugs.ba.npe.IsNullValueFrame",
      "edu.umd.cs.findbugs.ba.type.ExceptionSetFactory",
      "edu.umd.cs.findbugs.ba.type.ExtendedTypes",
      "edu.umd.cs.findbugs.ba.type.NullType",
      "edu.umd.cs.findbugs.ba.type.StandardTypeMerger",
      "edu.umd.cs.findbugs.ba.type.TypeAnalysis",
      "edu.umd.cs.findbugs.ba.type.TypeDataflow",
      "edu.umd.cs.findbugs.ba.type.TypeFrame",
      "edu.umd.cs.findbugs.ba.type.TypeFrameModelingVisitor",
      "edu.umd.cs.findbugs.ba.type.TypeMerger",
      "edu.umd.cs.findbugs.classfile.ClassDescriptor",
      "edu.umd.cs.findbugs.classfile.DescriptorFactory",
      "edu.umd.cs.findbugs.classfile.Global",
      "edu.umd.cs.findbugs.classfile.MethodDescriptor",
      "edu.umd.cs.findbugs.log.Profiler",
      "edu.umd.cs.findbugs.props.WarningProperty",
      "edu.umd.cs.findbugs.props.WarningPropertySet",
      "edu.umd.cs.findbugs.props.WarningPropertyUtil",
      "edu.umd.cs.findbugs.util.ClassName"
    ]
  },
  {
    "type": "edu.umd.cs.findbugs.gui2.CloudCommentsPane",
    "size": 960,
    "dependencies": [
      "edu.umd.cs.findbugs.BugCollection",
      "edu.umd.cs.findbugs.BugInstance",
      "edu.umd.cs.findbugs.DetectorFactoryCollection",
      "edu.umd.cs.findbugs.I18N",
      "edu.umd.cs.findbugs.L10N",
      "edu.umd.cs.findbugs.cloud.Cloud",
      "edu.umd.cs.findbugs.cloud.CloudPlugin",
      "edu.umd.cs.findbugs.util.Util"
    ]
  },
  {
    "type": "edu.umd.cs.findbugs.visitclass.DismantleBytecode",
    "size": 932,
    "dependencies": [
      "edu.umd.cs.findbugs.ba.AnalysisContext",
      "edu.umd.cs.findbugs.ba.Hierarchy2",
      "edu.umd.cs.findbugs.ba.XClass",
      "edu.umd.cs.findbugs.ba.XField",
      "edu.umd.cs.findbugs.ba.XMethod",
      "edu.umd.cs.findbugs.classfile.CheckedAnalysisException",
      "edu.umd.cs.findbugs.classfile.ClassDescriptor",
      "edu.umd.cs.findbugs.classfile.DescriptorFactory",
      "edu.umd.cs.findbugs.classfile.FieldDescriptor",
      "edu.umd.cs.findbugs.classfile.Global",
      "edu.umd.cs.findbugs.classfile.MethodDescriptor",
      "edu.umd.cs.findbugs.util.ClassName"
    ]
  },
  {
    "type": "edu.umd.cs.findbugs.gui2.MainFrame",
    "size": 913,
    "dependencies": [
      "edu.umd.cs.findbugs.BugAnnotation",
      "edu.umd.cs.findbugs.BugCollection",
      "edu.umd.cs.findbugs.BugInstance",
      "edu.umd.cs.findbugs.BugPattern",
      "edu.umd.cs.findbugs.DetectorFactoryCollection",
      "edu.umd.cs.findbugs.FindBugs",
      "edu.umd.cs.findbugs.FindBugsDisplayFeatures",
      "edu.umd.cs.findbugs.IGuiCallback",
      "edu.umd.cs.findbugs.L10N",
      "edu.umd.cs.findbugs.Project",
      "edu.umd.cs.findbugs.ProjectPackagePrefixes",
      "edu.umd.cs.findbugs.SortedBugCollection",
      "edu.umd.cs.findbugs.SystemProperties",
      "edu.umd.cs.findbugs.cloud.Cloud",
      "edu.umd.cs.findbugs.cloud.DoNothingCloud",
      "edu.umd.cs.findbugs.filter.Filter",
      "edu.umd.cs.findbugs.log.ConsoleLogger",
      "edu.umd.cs.findbugs.log.LogSync",
      "edu.umd.cs.findbugs.log.Logger",
      "edu.umd.cs.findbugs.sourceViewer.NavigableTextPane",
      "edu.umd.cs.findbugs.util.Multiset"
    ]
  },
  {
    "type": "edu.umd.cs.findbugs.detect.FindNoSideEffectMethods",
    "size": 895,
    "dependencies": [
      "edu.umd.cs.findbugs.BugReporter",
      "edu.umd.cs.findbugs.NonReportingDetector",
      "edu.umd.cs.findbugs.OpcodeStack",
      "edu.umd.cs.findbugs.ba.AnalysisContext",
      "edu.umd.cs.findbugs.ba.Hierarchy2",
      "edu.umd.cs.findbugs.ba.SignatureParser",
      "edu.umd.cs.findbugs.ba.XClass",
      "edu.umd.cs.findbugs.ba.XField",
      "edu.umd.cs.findbugs.ba.XMethod",
      "edu.umd.cs.findbugs.ba.ch.Subtypes2",
      "edu.umd.cs.findbugs.bcel.OpcodeStackDetector",
      "edu.umd.cs.findbugs.classfile.CheckedAnalysisException",
      "edu.umd.cs.findbugs.classfile.ClassDescriptor",
      "edu.umd.cs.findbugs.classfile.FieldDescriptor",
      "edu.umd.cs.findbugs.classfile.Global",
      "edu.umd.cs.findbugs.classfile.MethodDescriptor",
      "edu.umd.cs.findbugs.util.ClassName"
    ]
  },
  {
    "type": "edu.umd.cs.findbugs.ba.AbstractFrameModelingVisitor",
    "size": 882,
    "dependencies": [
      "edu.umd.cs.findbugs.bcel.generic.NONNULL2Z",
      "edu.umd.cs.findbugs.bcel.generic.NULL2Z"
    ]
  },
  {
    "type": "edu.umd.cs.findbugs.classfile.engine.bcel.ValueRangeAnalysisFactory",
    "size": 869,
    "dependencies": [
      "edu.umd.cs.findbugs.ba.BasicBlock",
      "edu.umd.cs.findbugs.ba.CFG",
      "edu.umd.cs.findbugs.ba.ClassContext",
      "edu.umd.cs.findbugs.ba.DataflowAnalysisException",
      "edu.umd.cs.findbugs.ba.Edge",
      "edu.umd.cs.findbugs.ba.EdgeTypes",
      "edu.umd.cs.findbugs.ba.Location",
      "edu.umd.cs.findbugs.ba.MethodUnprofitableException",
      "edu.umd.cs.findbugs.ba.XFactory",
      "edu.umd.cs.findbugs.ba.XMethod",
      "edu.umd.cs.findbugs.ba.vna.ValueNumber",
      "edu.umd.cs.findbugs.ba.vna.ValueNumberDataflow",
      "edu.umd.cs.findbugs.classfile.CheckedAnalysisException",
      "edu.umd.cs.findbugs.classfile.IAnalysisCache",
      "edu.umd.cs.findbugs.classfile.IMethodAnalysisEngine",
      "edu.umd.cs.findbugs.classfile.MethodDescriptor"
    ]
  },
  {
    "type": "edu.umd.cs.findbugs.FindBugs2",
    "size": 841,
    "dependencies": [
      "edu.umd.cs.findbugs.asm.FBClassReader",
      "edu.umd.cs.findbugs.ba.AnalysisContext",
      "edu.umd.cs.findbugs.ba.AnalysisFeatures",
      "edu.umd.cs.findbugs.ba.ObjectTypeFactory",
      "edu.umd.cs.findbugs.ba.SourceInfoMap",
      "edu.umd.cs.findbugs.ba.XClass",
      "edu.umd.cs.findbugs.ba.XFactory",
      "edu.umd.cs.findbugs.ba.jsr305.TypeQualifierAnnotation",
      "edu.umd.cs.findbugs.ba.jsr305.TypeQualifierApplications",
      "edu.umd.cs.findbugs.ba.jsr305.TypeQualifierValue",
      "edu.umd.cs.findbugs.bugReporter.BugReporterDecorator",
      "edu.umd.cs.findbugs.classfile.CheckedAnalysisException",
      "edu.umd.cs.findbugs.classfile.ClassDescriptor",
      "edu.umd.cs.findbugs.classfile.DescriptorFactory",
      "edu.umd.cs.findbugs.classfile.Global",
      "edu.umd.cs.findbugs.classfile.IAnalysisCache",
      "edu.umd.cs.findbugs.classfile.IAnalysisEngineRegistrar",
      "edu.umd.cs.findbugs.classfile.IClassFactory",
      "edu.umd.cs.findbugs.classfile.IClassObserver",
      "edu.umd.cs.findbugs.classfile.IClassPath",
      "edu.umd.cs.findbugs.classfile.IClassPathBuilder",
      "edu.umd.cs.findbugs.classfile.ICodeBase",
      "edu.umd.cs.findbugs.classfile.ICodeBaseEntry",
      "edu.umd.cs.findbugs.classfile.MissingClassException",
      "edu.umd.cs.findbugs.classfile.impl.ClassFactory",
      "edu.umd.cs.findbugs.config.AnalysisFeatureSetting",
      "edu.umd.cs.findbugs.config.UserPreferences",
      "edu.umd.cs.findbugs.detect.NoteSuppressedWarnings",
      "edu.umd.cs.findbugs.filter.FilterException",
      "edu.umd.cs.findbugs.log.Profiler",
      "edu.umd.cs.findbugs.log.YourKitController",
      "edu.umd.cs.findbugs.plan.AnalysisPass",
      "edu.umd.cs.findbugs.plan.ExecutionPlan",
      "edu.umd.cs.findbugs.plan.OrderingConstraintException",
      "edu.umd.cs.findbugs.util.ClassName"
    ]
  },
  {
    "type": "edu.umd.cs.findbugs.ba.ch.Subtypes2",
    "size": 806,
    "dependencies": [
      "edu.umd.cs.findbugs.SystemProperties",
      "edu.umd.cs.findbugs.ba.AnalysisContext",
      "edu.umd.cs.findbugs.ba.ObjectTypeFactory",
      "edu.umd.cs.findbugs.ba.XClass",
      "edu.umd.cs.findbugs.ba.XMethod",
      "edu.umd.cs.findbugs.classfile.ClassDescriptor",
      "edu.umd.cs.findbugs.classfile.DescriptorFactory",
      "edu.umd.cs.findbugs.util.DualKeyHashMap",
      "edu.umd.cs.findbugs.util.MapCache"
    ]
  },
  {
    "type": "edu.umd.cs.findbugs.cloud.AbstractCloud",
    "size": 789,
    "dependencies": [
      "edu.umd.cs.findbugs.AppVersion",
      "edu.umd.cs.findbugs.BugCollection",
      "edu.umd.cs.findbugs.BugDesignation",
      "edu.umd.cs.findbugs.BugInstance",
      "edu.umd.cs.findbugs.I18N",
      "edu.umd.cs.findbugs.IGuiCallback",
      "edu.umd.cs.findbugs.PackageStats",
      "edu.umd.cs.findbugs.ProjectStats",
      "edu.umd.cs.findbugs.PropertyBundle",
      "edu.umd.cs.findbugs.SourceLineAnnotation",
      "edu.umd.cs.findbugs.SystemProperties",
      "edu.umd.cs.findbugs.ba.AnalysisContext",
      "edu.umd.cs.findbugs.cloud.username.NameLookup",
      "edu.umd.cs.findbugs.util.ClassName",
      "edu.umd.cs.findbugs.util.Multiset"
    ]
  },
  {
    "type": "edu.umd.cs.findbugs.ba.BetterCFGBuilder2",
    "size": 727,
    "dependencies": [
      "edu.umd.cs.findbugs.SystemProperties",
      "edu.umd.cs.findbugs.ba.type.ExceptionSetFactory",
      "edu.umd.cs.findbugs.ba.type.StandardTypeMerger",
      "edu.umd.cs.findbugs.bcel.generic.NONNULL2Z",
      "edu.umd.cs.findbugs.bcel.generic.NULL2Z",
      "edu.umd.cs.findbugs.classfile.CheckedAnalysisException",
      "edu.umd.cs.findbugs.classfile.DescriptorFactory",
      "edu.umd.cs.findbugs.classfile.FieldDescriptor",
      "edu.umd.cs.findbugs.classfile.Global",
      "edu.umd.cs.findbugs.classfile.IAnalysisCache",
      "edu.umd.cs.findbugs.classfile.MethodDescriptor"
    ]
  },
  {
    "type": "edu.umd.cs.findbugs.detect.FindInconsistentSync2",
    "size": 704,
    "dependencies": [
      "edu.umd.cs.findbugs.BugInstance",
      "edu.umd.cs.findbugs.BugReporter",
      "edu.umd.cs.findbugs.CallGraph",
      "edu.umd.cs.findbugs.CallGraphEdge",
      "edu.umd.cs.findbugs.CallGraphNode",
      "edu.umd.cs.findbugs.CallSite",
      "edu.umd.cs.findbugs.Detector",
      "edu.umd.cs.findbugs.IntAnnotation",
      "edu.umd.cs.findbugs.Priorities",
      "edu.umd.cs.findbugs.SelfCalls",
      "edu.umd.cs.findbugs.SourceLineAnnotation",
      "edu.umd.cs.findbugs.SystemProperties",
      "edu.umd.cs.findbugs.ba.AnalysisContext",
      "edu.umd.cs.findbugs.ba.CFG",
      "edu.umd.cs.findbugs.ba.CFGBuilderException",
      "edu.umd.cs.findbugs.ba.ClassContext",
      "edu.umd.cs.findbugs.ba.DataflowAnalysisException",
      "edu.umd.cs.findbugs.ba.Hierarchy",
      "edu.umd.cs.findbugs.ba.InnerClassAccess",
      "edu.umd.cs.findbugs.ba.InnerClassAccessMap",
      "edu.umd.cs.findbugs.ba.JCIPAnnotationDatabase",
      "edu.umd.cs.findbugs.ba.Location",
      "edu.umd.cs.findbugs.ba.LockChecker",
      "edu.umd.cs.findbugs.ba.LockSet",
      "edu.umd.cs.findbugs.ba.SignatureConverter",
      "edu.umd.cs.findbugs.ba.XFactory",
      "edu.umd.cs.findbugs.ba.XField",
      "edu.umd.cs.findbugs.ba.ch.Subtypes2",
      "edu.umd.cs.findbugs.ba.type.TopType",
      "edu.umd.cs.findbugs.ba.type.TypeDataflow",
      "edu.umd.cs.findbugs.ba.type.TypeFrame",
      "edu.umd.cs.findbugs.ba.vna.ValueNumber",
      "edu.umd.cs.findbugs.ba.vna.ValueNumberDataflow",
      "edu.umd.cs.findbugs.ba.vna.ValueNumberFrame",
      "edu.umd.cs.findbugs.classfile.ClassDescriptor",
      "edu.umd.cs.findbugs.classfile.DescriptorFactory",
      "edu.umd.cs.findbugs.classfile.MethodDescriptor",
      "edu.umd.cs.findbugs.props.WarningPropertySet",
      "edu.umd.cs.findbugs.util.Util"
    ]
  },
  {
    "type": "edu.umd.cs.findbugs.workflow.Filter",
    "size": 704,
    "dependencies": [
      "edu.umd.cs.findbugs.AppVersion",
      "edu.umd.cs.findbugs.BugCategory",
      "edu.umd.cs.findbugs.BugCollection",
      "edu.umd.cs.findbugs.BugInstance",
      "edu.umd.cs.findbugs.BugPattern",
      "edu.umd.cs.findbugs.BugRanker",
      "edu.umd.cs.findbugs.DetectorFactoryCollection",
      "edu.umd.cs.findbugs.ExcludingHashesBugReporter",
      "edu.umd.cs.findbugs.FieldAnnotation",
      "edu.umd.cs.findbugs.FindBugs",
      "edu.umd.cs.findbugs.I18N",
      "edu.umd.cs.findbugs.MethodAnnotation",
      "edu.umd.cs.findbugs.PackageStats",
      "edu.umd.cs.findbugs.Project",
      "edu.umd.cs.findbugs.ProjectStats",
      "edu.umd.cs.findbugs.SloppyBugComparator",
      "edu.umd.cs.findbugs.SortedBugCollection",
      "edu.umd.cs.findbugs.SourceLineAnnotation",
      "edu.umd.cs.findbugs.charsets.UTF8",
      "edu.umd.cs.findbugs.cloud.Cloud",
      "edu.umd.cs.findbugs.config.CommandLine",
      "edu.umd.cs.findbugs.filter.FilterException",
      "edu.umd.cs.findbugs.filter.Matcher",
      "edu.umd.cs.findbugs.util.Util"
    ]
  },
  {
    "type": "edu.umd.cs.findbugs.gui2.PreferencesFrame",
    "size": 692,
    "dependencies": [
      "edu.umd.cs.findbugs.BugCollection",
      "edu.umd.cs.findbugs.Plugin",
      "edu.umd.cs.findbugs.PluginException",
      "edu.umd.cs.findbugs.Project",
      "edu.umd.cs.findbugs.cloud.CloudPlugin",
      "edu.umd.cs.findbugs.filter.Filter",
      "edu.umd.cs.findbugs.filter.Matcher",
      "edu.umd.cs.findbugs.util.LaunchBrowser"
    ]
  },
  {
    "type": "edu.umd.cs.findbugs.ba.deref.UnconditionalValueDerefAnalysis",
    "size": 671,
    "dependencies": [
      "edu.umd.cs.findbugs.SystemProperties",
      "edu.umd.cs.findbugs.ba.AnalysisContext",
      "edu.umd.cs.findbugs.ba.AssertionMethods",
      "edu.umd.cs.findbugs.ba.BackwardDataflowAnalysis",
      "edu.umd.cs.findbugs.ba.BasicBlock",
      "edu.umd.cs.findbugs.ba.CFG",
      "edu.umd.cs.findbugs.ba.ClassContext",
      "edu.umd.cs.findbugs.ba.DataflowAnalysisException",
      "edu.umd.cs.findbugs.ba.DepthFirstSearch",
      "edu.umd.cs.findbugs.ba.Edge",
      "edu.umd.cs.findbugs.ba.EdgeTypes",
      "edu.umd.cs.findbugs.ba.Hierarchy2",
      "edu.umd.cs.findbugs.ba.INullnessAnnotationDatabase",
      "edu.umd.cs.findbugs.ba.Location",
      "edu.umd.cs.findbugs.ba.NullnessAnnotation",
      "edu.umd.cs.findbugs.ba.ReverseDepthFirstSearch",
      "edu.umd.cs.findbugs.ba.SignatureParser",
      "edu.umd.cs.findbugs.ba.XFactory",
      "edu.umd.cs.findbugs.ba.XField",
      "edu.umd.cs.findbugs.ba.XMethod",
      "edu.umd.cs.findbugs.ba.interproc.ParameterProperty",
      "edu.umd.cs.findbugs.ba.npe.IsNullConditionDecision",
      "edu.umd.cs.findbugs.ba.npe.IsNullValue",
      "edu.umd.cs.findbugs.ba.npe.IsNullValueDataflow",
      "edu.umd.cs.findbugs.ba.npe.IsNullValueFrame",
      "edu.umd.cs.findbugs.ba.npe.ParameterNullnessPropertyDatabase",
      "edu.umd.cs.findbugs.ba.type.TypeDataflow",
      "edu.umd.cs.findbugs.ba.type.TypeFrame",
      "edu.umd.cs.findbugs.ba.vna.AvailableLoad",
      "edu.umd.cs.findbugs.ba.vna.ValueNumber",
      "edu.umd.cs.findbugs.ba.vna.ValueNumberDataflow",
      "edu.umd.cs.findbugs.ba.vna.ValueNumberFrame",
      "edu.umd.cs.findbugs.visitclass.Util"
    ]
  },
  {
    "type": "edu.umd.cs.findbugs.SAXBugCollectionHandler",
    "size": 669,
    "dependencies": [
      "edu.umd.cs.findbugs.filter.AndMatcher",
      "edu.umd.cs.findbugs.filter.BugMatcher",
      "edu.umd.cs.findbugs.filter.ClassMatcher",
      "edu.umd.cs.findbugs.filter.CompoundMatcher",
      "edu.umd.cs.findbugs.filter.ConfidenceMatcher",
      "edu.umd.cs.findbugs.filter.DesignationMatcher",
      "edu.umd.cs.findbugs.filter.FieldMatcher",
      "edu.umd.cs.findbugs.filter.Filter",
      "edu.umd.cs.findbugs.filter.FirstVersionMatcher",
      "edu.umd.cs.findbugs.filter.LastVersionMatcher",
      "edu.umd.cs.findbugs.filter.LocalMatcher",
      "edu.umd.cs.findbugs.filter.Matcher",
      "edu.umd.cs.findbugs.filter.MethodMatcher",
      "edu.umd.cs.findbugs.filter.NotMatcher",
      "edu.umd.cs.findbugs.filter.OrMatcher",
      "edu.umd.cs.findbugs.filter.PriorityMatcher",
      "edu.umd.cs.findbugs.filter.RankMatcher",
      "edu.umd.cs.findbugs.filter.SourceMatcher",
      "edu.umd.cs.findbugs.filter.TypeMatcher",
      "edu.umd.cs.findbugs.model.ClassFeatureSet",
      "edu.umd.cs.findbugs.util.MapCache",
      "edu.umd.cs.findbugs.util.Strings"
    ]
  },
  {
    "type": "edu.umd.cs.findbugs.detect.FindUnrelatedTypesInGenericContainer",
    "size": 669,
    "dependencies": [
      "edu.umd.cs.findbugs.BugAccumulator",
      "edu.umd.cs.findbugs.BugInstance",
      "edu.umd.cs.findbugs.BugReporter",
      "edu.umd.cs.findbugs.Detector",
      "edu.umd.cs.findbugs.Priorities",
      "edu.umd.cs.findbugs.SourceLineAnnotation",
      "edu.umd.cs.findbugs.SystemProperties",
      "edu.umd.cs.findbugs.ba.AnalysisContext",
      "edu.umd.cs.findbugs.ba.CFG",
      "edu.umd.cs.findbugs.ba.CFGBuilderException",
      "edu.umd.cs.findbugs.ba.ClassContext",
      "edu.umd.cs.findbugs.ba.ClassSummary",
      "edu.umd.cs.findbugs.ba.DataflowAnalysisException",
      "edu.umd.cs.findbugs.ba.Hierarchy2",
      "edu.umd.cs.findbugs.ba.IncompatibleTypes",
      "edu.umd.cs.findbugs.ba.Location",
      "edu.umd.cs.findbugs.ba.MethodUnprofitableException",
      "edu.umd.cs.findbugs.ba.SignatureParser",
      "edu.umd.cs.findbugs.ba.TestCaseDetector",
      "edu.umd.cs.findbugs.ba.XClass",
      "edu.umd.cs.findbugs.ba.XFactory",
      "edu.umd.cs.findbugs.ba.XMethod",
      "edu.umd.cs.findbugs.ba.ch.Subtypes2",
      "edu.umd.cs.findbugs.ba.deref.UnconditionalValueDerefDataflow",
      "edu.umd.cs.findbugs.ba.deref.UnconditionalValueDerefSet",
      "edu.umd.cs.findbugs.ba.generic.GenericObjectType",
      "edu.umd.cs.findbugs.ba.generic.GenericUtilities",
      "edu.umd.cs.findbugs.ba.type.NullType",
      "edu.umd.cs.findbugs.ba.type.TopType",
      "edu.umd.cs.findbugs.ba.type.TypeDataflow",
      "edu.umd.cs.findbugs.ba.type.TypeFrame",
      "edu.umd.cs.findbugs.ba.type.TypeFrameModelingVisitor",
      "edu.umd.cs.findbugs.ba.vna.ValueNumber",
      "edu.umd.cs.findbugs.ba.vna.ValueNumberDataflow",
      "edu.umd.cs.findbugs.ba.vna.ValueNumberFrame",
      "edu.umd.cs.findbugs.ba.vna.ValueNumberSourceInfo",
      "edu.umd.cs.findbugs.classfile.CheckedAnalysisException",
      "edu.umd.cs.findbugs.classfile.ClassDescriptor",
      "edu.umd.cs.findbugs.classfile.DescriptorFactory",
      "edu.umd.cs.findbugs.classfile.Global",
      "edu.umd.cs.findbugs.props.GeneralWarningProperty",
      "edu.umd.cs.findbugs.props.WarningProperty",
      "edu.umd.cs.findbugs.props.WarningPropertySet",
      "edu.umd.cs.findbugs.util.MultiMap"
    ]
  },
  {
    "type": "edu.umd.cs.findbugs.Project",
    "size": 661,
    "dependencies": [
      "edu.umd.cs.findbugs.ba.SourceFinder",
      "edu.umd.cs.findbugs.ba.URLClassPath",
      "edu.umd.cs.findbugs.charsets.UTF8",
      "edu.umd.cs.findbugs.cloud.CloudFactory",
      "edu.umd.cs.findbugs.cloud.CloudPlugin",
      "edu.umd.cs.findbugs.config.UserPreferences",
      "edu.umd.cs.findbugs.filter.Filter",
      "edu.umd.cs.findbugs.util.Util",
      "edu.umd.cs.findbugs.xml.OutputStreamXMLOutput",
      "edu.umd.cs.findbugs.xml.XMLAttributeList",
      "edu.umd.cs.findbugs.xml.XMLOutput",
      "edu.umd.cs.findbugs.xml.XMLOutputUtil",
      "edu.umd.cs.findbugs.xml.XMLWriteable"
    ]
  },
  {
    "type": "edu.umd.cs.findbugs.ba.npe.IsNullValueAnalysis",
    "size": 657,
    "dependencies": [
      "edu.umd.cs.findbugs.SystemProperties",
      "edu.umd.cs.findbugs.ba.AnalysisContext",
      "edu.umd.cs.findbugs.ba.AnalysisFeatures",
      "edu.umd.cs.findbugs.ba.AssertionMethods",
      "edu.umd.cs.findbugs.ba.BasicBlock",
      "edu.umd.cs.findbugs.ba.CFG",
      "edu.umd.cs.findbugs.ba.DataflowAnalysisException",
      "edu.umd.cs.findbugs.ba.DepthFirstSearch",
      "edu.umd.cs.findbugs.ba.Edge",
      "edu.umd.cs.findbugs.ba.EdgeTypes",
      "edu.umd.cs.findbugs.ba.FrameDataflowAnalysis",
      "edu.umd.cs.findbugs.ba.INullnessAnnotationDatabase",
      "edu.umd.cs.findbugs.ba.JavaClassAndMethod",
      "edu.umd.cs.findbugs.ba.Location",
      "edu.umd.cs.findbugs.ba.NullnessAnnotation",
      "edu.umd.cs.findbugs.ba.SignatureConverter",
      "edu.umd.cs.findbugs.ba.XFactory",
      "edu.umd.cs.findbugs.ba.XMethod",
      "edu.umd.cs.findbugs.ba.XMethodParameter",
      "edu.umd.cs.findbugs.ba.type.TypeDataflow",
      "edu.umd.cs.findbugs.ba.vna.AvailableLoad",
      "edu.umd.cs.findbugs.ba.vna.ValueNumber",
      "edu.umd.cs.findbugs.ba.vna.ValueNumberDataflow",
      "edu.umd.cs.findbugs.ba.vna.ValueNumberFrame",
      "edu.umd.cs.findbugs.classfile.MethodDescriptor"
    ]
  },
  {
    "type": "edu.umd.cs.findbugs.detect.FindUselessObjects",
    "size": 632,
    "dependencies": [
      "edu.umd.cs.findbugs.BugInstance",
      "edu.umd.cs.findbugs.BugReporter",
      "edu.umd.cs.findbugs.Detector",
      "edu.umd.cs.findbugs.StringAnnotation",
      "edu.umd.cs.findbugs.ba.BasicBlock",
      "edu.umd.cs.findbugs.ba.CFG",
      "edu.umd.cs.findbugs.ba.ClassContext",
      "edu.umd.cs.findbugs.ba.DataflowAnalysisException",
      "edu.umd.cs.findbugs.ba.EdgeTypes",
      "edu.umd.cs.findbugs.ba.Location",
      "edu.umd.cs.findbugs.ba.XClass",
      "edu.umd.cs.findbugs.ba.XMethod",
      "edu.umd.cs.findbugs.ba.type.TypeAnalysis",
      "edu.umd.cs.findbugs.ba.type.TypeFrame",
      "edu.umd.cs.findbugs.ba.vna.ValueNumber",
      "edu.umd.cs.findbugs.ba.vna.ValueNumberAnalysis",
      "edu.umd.cs.findbugs.ba.vna.ValueNumberFrame",
      "edu.umd.cs.findbugs.classfile.CheckedAnalysisException",
      "edu.umd.cs.findbugs.classfile.DescriptorFactory",
      "edu.umd.cs.findbugs.classfile.Global",
      "edu.umd.cs.findbugs.classfile.MethodDescriptor"
    ]
  },
  {
    "type": "edu.umd.cs.findbugs.ba.npe.NullDerefAndRedundantComparisonFinder",
    "size": 625,
    "dependencies": [
      "edu.umd.cs.findbugs.BugAnnotation",
      "edu.umd.cs.findbugs.FieldAnnotation",
      "edu.umd.cs.findbugs.LocalVariableAnnotation",
      "edu.umd.cs.findbugs.SystemProperties",
      "edu.umd.cs.findbugs.ba.AnalysisContext",
      "edu.umd.cs.findbugs.ba.AnalysisFeatures",
      "edu.umd.cs.findbugs.ba.AssertionMethods",
      "edu.umd.cs.findbugs.ba.BasicBlock",
      "edu.umd.cs.findbugs.ba.CFG",
      "edu.umd.cs.findbugs.ba.CFGBuilderException",
      "edu.umd.cs.findbugs.ba.ClassContext",
      "edu.umd.cs.findbugs.ba.DataflowAnalysisException",
      "edu.umd.cs.findbugs.ba.DominatorsAnalysis",
      "edu.umd.cs.findbugs.ba.Edge",
      "edu.umd.cs.findbugs.ba.EdgeTypes",
      "edu.umd.cs.findbugs.ba.Location",
      "edu.umd.cs.findbugs.ba.MissingClassException",
      "edu.umd.cs.findbugs.ba.PostDominatorsAnalysis",
      "edu.umd.cs.findbugs.ba.XField",
      "edu.umd.cs.findbugs.ba.deref.UnconditionalValueDerefDataflow",
      "edu.umd.cs.findbugs.ba.deref.UnconditionalValueDerefSet",
      "edu.umd.cs.findbugs.ba.vna.ValueNumber",
      "edu.umd.cs.findbugs.ba.vna.ValueNumberDataflow",
      "edu.umd.cs.findbugs.ba.vna.ValueNumberFrame",
      "edu.umd.cs.findbugs.ba.vna.ValueNumberSourceInfo",
      "edu.umd.cs.findbugs.classfile.CheckedAnalysisException",
      "edu.umd.cs.findbugs.classfile.Global",
      "edu.umd.cs.findbugs.log.Profiler"
    ]
  },
  {
    "type": "edu.umd.cs.findbugs.ba.jsr305.TypeQualifierApplications",
    "size": 618,
    "dependencies": [
      "edu.umd.cs.findbugs.SystemProperties",
      "edu.umd.cs.findbugs.ba.AnalysisContext",
      "edu.umd.cs.findbugs.ba.InnerClassAccess",
      "edu.umd.cs.findbugs.ba.InnerClassAccessMap",
      "edu.umd.cs.findbugs.ba.XClass",
      "edu.umd.cs.findbugs.ba.XMethod",
      "edu.umd.cs.findbugs.classfile.CheckedAnalysisException",
      "edu.umd.cs.findbugs.classfile.ClassDescriptor",
      "edu.umd.cs.findbugs.classfile.DescriptorFactory",
      "edu.umd.cs.findbugs.classfile.Global",
      "edu.umd.cs.findbugs.classfile.analysis.AnnotatedObject",
      "edu.umd.cs.findbugs.classfile.analysis.AnnotationValue",
      "edu.umd.cs.findbugs.classfile.analysis.EnumValue",
      "edu.umd.cs.findbugs.util.DualKeyHashMap"
    ]
  },
  {
    "type": "edu.umd.cs.findbugs.detect.SerializableIdiom",
    "size": 616,
    "dependencies": [
      "edu.umd.cs.findbugs.BugInstance",
      "edu.umd.cs.findbugs.BugReporter",
      "edu.umd.cs.findbugs.ClassAnnotation",
      "edu.umd.cs.findbugs.DeepSubtypeAnalysis",
      "edu.umd.cs.findbugs.Priorities",
      "edu.umd.cs.findbugs.SystemProperties",
      "edu.umd.cs.findbugs.ba.AnalysisContext",
      "edu.umd.cs.findbugs.ba.ClassContext",
      "edu.umd.cs.findbugs.ba.FieldSummary",
      "edu.umd.cs.findbugs.ba.XClass",
      "edu.umd.cs.findbugs.ba.XField",
      "edu.umd.cs.findbugs.ba.XMethod",
      "edu.umd.cs.findbugs.ba.ch.Subtypes2",
      "edu.umd.cs.findbugs.ba.type.TypeFrameModelingVisitor",
      "edu.umd.cs.findbugs.bcel.OpcodeStackDetector",
      "edu.umd.cs.findbugs.classfile.CheckedAnalysisException",
      "edu.umd.cs.findbugs.classfile.ClassDescriptor",
      "edu.umd.cs.findbugs.classfile.DescriptorFactory",
      "edu.umd.cs.findbugs.classfile.Global"
    ]
  },
  {
    "type": "edu.umd.cs.findbugs.ba.AnalysisContext",
    "size": 612,
    "dependencies": [
      "edu.umd.cs.findbugs.AbstractBugReporter",
      "edu.umd.cs.findbugs.AnalysisCacheToRepositoryAdapter",
      "edu.umd.cs.findbugs.AnalysisLocal",
      "edu.umd.cs.findbugs.Project",
      "edu.umd.cs.findbugs.SourceLineAnnotation",
      "edu.umd.cs.findbugs.SuppressionMatcher",
      "edu.umd.cs.findbugs.SystemProperties",
      "edu.umd.cs.findbugs.ba.ch.Subtypes2",
      "edu.umd.cs.findbugs.ba.interproc.PropertyDatabase",
      "edu.umd.cs.findbugs.ba.interproc.PropertyDatabaseFormatException",
      "edu.umd.cs.findbugs.ba.jsr305.DirectlyRelevantTypeQualifiersDatabase",
      "edu.umd.cs.findbugs.ba.npe.ParameterNullnessPropertyDatabase",
      "edu.umd.cs.findbugs.ba.npe.ReturnValueNullnessPropertyDatabase",
      "edu.umd.cs.findbugs.ba.npe.TypeQualifierNullnessAnnotationDatabase",
      "edu.umd.cs.findbugs.ba.type.FieldStoreTypeDatabase",
      "edu.umd.cs.findbugs.classfile.CheckedAnalysisException",
      "edu.umd.cs.findbugs.classfile.ClassDescriptor",
      "edu.umd.cs.findbugs.classfile.DescriptorFactory",
      "edu.umd.cs.findbugs.classfile.FieldOrMethodDescriptor",
      "edu.umd.cs.findbugs.classfile.Global",
      "edu.umd.cs.findbugs.classfile.IAnalysisCache",
      "edu.umd.cs.findbugs.classfile.MethodDescriptor",
      "edu.umd.cs.findbugs.classfile.analysis.ClassData",
      "edu.umd.cs.findbugs.classfile.analysis.ClassInfo",
      "edu.umd.cs.findbugs.classfile.analysis.MethodInfo",
      "edu.umd.cs.findbugs.detect.UnreadFields",
      "edu.umd.cs.findbugs.detect.UnreadFieldsData",
      "edu.umd.cs.findbugs.util.ClassName"
    ]
  },
  {
    "type": "edu.umd.cs.findbugs.gui2.MainFrameMenu",
    "size": 605,
    "dependencies": [
      "edu.umd.cs.findbugs.BugCollection",
      "edu.umd.cs.findbugs.DetectorFactoryCollection",
      "edu.umd.cs.findbugs.FindBugs",
      "edu.umd.cs.findbugs.I18N",
      "edu.umd.cs.findbugs.L10N",
      "edu.umd.cs.findbugs.Project",
      "edu.umd.cs.findbugs.cloud.Cloud",
      "edu.umd.cs.findbugs.filter.Filter",
      "edu.umd.cs.findbugs.filter.Matcher",
      "edu.umd.cs.findbugs.gui.AnnotatedString",
      "edu.umd.cs.findbugs.gui2.MainFrameHelper",
      "edu.umd.cs.findbugs.updates.UpdateChecker"
    ]
  },
  {
    "type": "edu.umd.cs.findbugs.detect.FindPuzzlers",
    "size": 594,
    "dependencies": [
      "edu.umd.cs.findbugs.BugAccumulator",
      "edu.umd.cs.findbugs.BugAnnotation",
      "edu.umd.cs.findbugs.BugInstance",
      "edu.umd.cs.findbugs.BugReporter",
      "edu.umd.cs.findbugs.FieldAnnotation",
      "edu.umd.cs.findbugs.IntAnnotation",
      "edu.umd.cs.findbugs.LocalVariableAnnotation",
      "edu.umd.cs.findbugs.MethodAnnotation",
      "edu.umd.cs.findbugs.OpcodeStack",
      "edu.umd.cs.findbugs.Priorities",
      "edu.umd.cs.findbugs.SourceLineAnnotation",
      "edu.umd.cs.findbugs.SystemProperties",
      "edu.umd.cs.findbugs.ba.AnalysisContext",
      "edu.umd.cs.findbugs.ba.XFactory",
      "edu.umd.cs.findbugs.ba.XField",
      "edu.umd.cs.findbugs.ba.XMethod",
      "edu.umd.cs.findbugs.ba.ch.Subtypes2",
      "edu.umd.cs.findbugs.bcel.OpcodeStackDetector",
      "edu.umd.cs.findbugs.classfile.ClassDescriptor",
      "edu.umd.cs.findbugs.classfile.DescriptorFactory",
      "edu.umd.cs.findbugs.classfile.FieldDescriptor",
      "edu.umd.cs.findbugs.visitclass.Util"
    ]
  },
  {
    "type": "edu.umd.cs.findbugs.TextUICommandLine",
    "size": 593,
    "dependencies": [
      "edu.umd.cs.findbugs.charsets.UTF8",
      "edu.umd.cs.findbugs.config.UserPreferences",
      "edu.umd.cs.findbugs.filter.FilterException",
      "edu.umd.cs.findbugs.util.Util"
    ]
  },
  {
    "type": "edu.umd.cs.findbugs.SourceLineAnnotation",
    "size": 581,
    "dependencies": [
      "edu.umd.cs.findbugs.ba.AnalysisContext",
      "edu.umd.cs.findbugs.ba.ClassContext",
      "edu.umd.cs.findbugs.ba.Hierarchy",
      "edu.umd.cs.findbugs.ba.JavaClassAndMethod",
      "edu.umd.cs.findbugs.ba.Location",
      "edu.umd.cs.findbugs.ba.SourceFinder",
      "edu.umd.cs.findbugs.ba.SourceInfoMap",
      "edu.umd.cs.findbugs.ba.XClass",
      "edu.umd.cs.findbugs.ba.XMethod",
      "edu.umd.cs.findbugs.classfile.CheckedAnalysisException",
      "edu.umd.cs.findbugs.classfile.Global",
      "edu.umd.cs.findbugs.classfile.IAnalysisCache",
      "edu.umd.cs.findbugs.classfile.MethodDescriptor",
      "edu.umd.cs.findbugs.visitclass.PreorderVisitor",
      "edu.umd.cs.findbugs.xml.XMLAttributeList",
      "edu.umd.cs.findbugs.xml.XMLOutput"
    ]
  },
  {
    "type": "edu.umd.cs.findbugs.gui2.MainFrameTree",
    "size": 581,
    "dependencies": [
      "edu.umd.cs.findbugs.I18N",
      "edu.umd.cs.findbugs.Project",
      "edu.umd.cs.findbugs.filter.Filter",
      "edu.umd.cs.findbugs.filter.Matcher"
    ]
  },
  {
    "type": "edu.umd.cs.findbugs.ba.ClassContext",
    "size": 571,
    "dependencies": [
      "edu.umd.cs.findbugs.AnalysisLocal",
      "edu.umd.cs.findbugs.SystemProperties",
      "edu.umd.cs.findbugs.ba.ca.CallListDataflow",
      "edu.umd.cs.findbugs.ba.constant.ConstantDataflow",
      "edu.umd.cs.findbugs.ba.deref.UnconditionalValueDerefDataflow",
      "edu.umd.cs.findbugs.ba.heap.LoadDataflow",
      "edu.umd.cs.findbugs.ba.heap.StoreDataflow",
      "edu.umd.cs.findbugs.ba.npe.IsNullValueDataflow",
      "edu.umd.cs.findbugs.ba.npe.ReturnPathTypeDataflow",
      "edu.umd.cs.findbugs.ba.npe.UsagesRequiringNonNullValues",
      "edu.umd.cs.findbugs.ba.type.ExceptionSetFactory",
      "edu.umd.cs.findbugs.ba.type.TypeDataflow",
      "edu.umd.cs.findbugs.ba.vna.LoadedFieldSet",
      "edu.umd.cs.findbugs.ba.vna.ValueNumberDataflow",
      "edu.umd.cs.findbugs.bcel.BCELUtil",
      "edu.umd.cs.findbugs.classfile.CheckedAnalysisException",
      "edu.umd.cs.findbugs.classfile.ClassDescriptor",
      "edu.umd.cs.findbugs.classfile.DescriptorFactory",
      "edu.umd.cs.findbugs.classfile.Global",
      "edu.umd.cs.findbugs.classfile.IAnalysisCache",
      "edu.umd.cs.findbugs.classfile.MethodDescriptor",
      "edu.umd.cs.findbugs.classfile.analysis.ClassInfo",
      "edu.umd.cs.findbugs.classfile.engine.bcel.NonExceptionPostdominatorsAnalysis",
      "edu.umd.cs.findbugs.classfile.engine.bcel.NonImplicitExceptionPostDominatorsAnalysis",
      "edu.umd.cs.findbugs.classfile.engine.bcel.UnpackedBytecodeCallback",
      "edu.umd.cs.findbugs.classfile.engine.bcel.UnpackedCode",
      "edu.umd.cs.findbugs.util.MapCache"
    ]
  },
  {
    "type": "edu.umd.cs.findbugs.visitclass.PreorderVisitor",
    "size": 568,
    "dependencies": [
      "edu.umd.cs.findbugs.FindBugs",
      "edu.umd.cs.findbugs.ba.AnalysisContext",
      "edu.umd.cs.findbugs.ba.ClassContext",
      "edu.umd.cs.findbugs.ba.XClass",
      "edu.umd.cs.findbugs.ba.XField",
      "edu.umd.cs.findbugs.ba.XMethod",
      "edu.umd.cs.findbugs.classfile.CheckedAnalysisException",
      "edu.umd.cs.findbugs.classfile.ClassDescriptor",
      "edu.umd.cs.findbugs.classfile.DescriptorFactory",
      "edu.umd.cs.findbugs.classfile.FieldDescriptor",
      "edu.umd.cs.findbugs.classfile.FieldOrMethodDescriptor",
      "edu.umd.cs.findbugs.classfile.Global",
      "edu.umd.cs.findbugs.classfile.IAnalysisCache",
      "edu.umd.cs.findbugs.classfile.MethodDescriptor",
      "edu.umd.cs.findbugs.classfile.analysis.ClassInfo",
      "edu.umd.cs.findbugs.classfile.analysis.FieldInfo",
      "edu.umd.cs.findbugs.classfile.analysis.MethodInfo"
    ]
  },
  {
    "type": "edu.umd.cs.findbugs.workflow.RejarClassesForAnalysis",
    "size": 556,
    "dependencies": [
      "edu.umd.cs.findbugs.FindBugs",
      "edu.umd.cs.findbugs.charsets.UTF8",
      "edu.umd.cs.findbugs.charsets.UserTextFile",
      "edu.umd.cs.findbugs.config.CommandLine",
      "edu.umd.cs.findbugs.util.ClassName"
    ]
  }
]
