{"name":"variants","children":[{"name":"edu.umd.cs.findbugs.anttask","children":[{"name":"ComputeBugHistoryTask","sloc":91,"wmc":22},{"name":"DataFile","sloc":12,"wmc":3},{"name":"UnionBugs","sloc":73,"wmc":12},{"name":"MineBugHistoryTask","sloc":81,"wmc":21},{"name":"FilterBugsTask","sloc":226,"wmc":51},{"name":"UnionBugs2","sloc":45,"wmc":10},{"name":"AbstractFindBugsTask","sloc":223,"wmc":56},{"name":"ConvertXmlToTextTask","sloc":100,"wmc":30},{"name":"SetBugDatabaseInfoTask","sloc":102,"wmc":28},{"name":"FindBugsTask","sloc":447,"wmc":139},{"name":"FindBugsViewerTask","sloc":123,"wmc":30}]},{"name":"edu.umd.cs.findbugs.gui","children":[{"name":"AnnotatedString","sloc":89,"wmc":21}]},{"name":"edu.umd.cs.findbugs.gui2","children":[{"name":"SplitLayout","sloc":118,"wmc":11},{"name":"SortableStringComparator","sloc":12,"wmc":2},{"name":"AnalyzingDialog","sloc":233,"wmc":22},{"name":"FindBugsAnalysisFileFilter","sloc":17,"wmc":3},{"name":"BugAspects","sloc":93,"wmc":22},{"name":"GuiUtil","sloc":23,"wmc":2},{"name":"CheckBoxList","sloc":56,"wmc":8},{"name":"Driver","sloc":119,"wmc":25},{"name":"CompoundMatcher","sloc":23,"wmc":4},{"name":"FindBugsLayoutManagerFactory","sloc":17,"wmc":2},{"name":"ApplyNewFilter","sloc":21,"wmc":3},{"name":"NewFilterFrame","sloc":167,"wmc":8},{"name":"SuppressionMatcher","sloc":25,"wmc":4},{"name":"AnalysisCallback","sloc":6,"wmc":2},{"name":"DeadBugFilter","sloc":10,"wmc":2},{"name":"FindBugsFilterFileFilter","sloc":14,"wmc":2},{"name":"BugSaver","sloc":30,"wmc":3},{"name":"ProjectSettings","sloc":149,"wmc":21},{"name":"StackedFilterMatcher","sloc":142,"wmc":33},{"name":"ViewFilter","sloc":377,"wmc":30},{"name":"FilterMatcher","sloc":123,"wmc":30},{"name":"MainFrameComponentFactory","sloc":452,"wmc":53},{"name":"SpringUtilities","sloc":110,"wmc":12},{"name":"BugRenderer","sloc":72,"wmc":10},{"name":"FBDialog","sloc":38,"wmc":9},{"name":"MainFrameLoadSaveHelper","sloc":499,"wmc":47},{"name":"SourceCodeDisplay","sloc":265,"wmc":46},{"name":"CloudCommentsPane","sloc":960,"wmc":136},{"name":"BugLoader","sloc":223,"wmc":31},{"name":"ClearGuiSaveState","sloc":9,"wmc":1},{"name":"WideComboBox","sloc":37,"wmc":7},{"name":"PreferencesFrame","sloc":692,"wmc":63},{"name":"PropertiesDialog","sloc":76,"wmc":3},{"name":"BugSet","sloc":252,"wmc":51},{"name":"CommentsArea","sloc":149,"wmc":16},{"name":"FindBugsFBPFileFilter","sloc":19,"wmc":4},{"name":"FindBugsLayoutManager","sloc":13,"wmc":8},{"name":"SplashFrame","sloc":139,"wmc":11},{"name":"BugTreeModel","sloc":542,"wmc":114},{"name":"GUISaveState","sloc":381,"wmc":54},{"name":"CloudCommentsPaneSwing","sloc":61,"wmc":6},{"name":"FindBugsFBAFileFilter","sloc":19,"wmc":4},{"name":"FilterActivity","sloc":32,"wmc":7},{"name":"DisplayNonmodelMessage","sloc":91,"wmc":4},{"name":"FilterFactory","sloc":142,"wmc":50},{"name":"Debug","sloc":20,"wmc":7},{"name":"FBFileChooser","sloc":95,"wmc":12},{"name":"OSXAdapter","sloc":53,"wmc":10},{"name":"FindBugsFileFilter","sloc":5,"wmc":1},{"name":"AboutDialog","sloc":130,"wmc":7},{"name":"MainFrameTree","sloc":581,"wmc":72},{"name":"FilterFromBugPicker","sloc":66,"wmc":12},{"name":"FindBugsHtmlFileFilter","sloc":17,"wmc":3},{"name":"FBFrame","sloc":35,"wmc":6},{"name":"NewFilterFromBug","sloc":52,"wmc":4},{"name":"SorterTableColumnModel","sloc":328,"wmc":74},{"name":"DockLayout","sloc":150,"wmc":14},{"name":"FilterFactoryTest","sloc":27,"wmc":2},{"name":"AbstractSwingGuiCallback","sloc":250,"wmc":41},{"name":"MainFrame","sloc":913,"wmc":200},{"name":"PluginUpdateDialog","sloc":191,"wmc":28},{"name":"SorterDialog","sloc":114,"wmc":14},{"name":"RecentMenu","sloc":54,"wmc":12},{"name":"NewProjectWizard","sloc":521,"wmc":34},{"name":"SaveTypeTest","sloc":18,"wmc":2},{"name":"MainFrameMenu","sloc":605,"wmc":63},{"name":"FilterListener","sloc":7,"wmc":1},{"name":"SourceDirectoryWizard","sloc":315,"wmc":13},{"name":"GUI2CommandLine","sloc":89,"wmc":23},{"name":"MainFrameHelper","sloc":48,"wmc":10},{"name":"BugLeafNode","sloc":45,"wmc":12}]},{"name":"edu.umd.cs.findbugs.sourceViewer","children":[{"name":"JavaSourceDocument","sloc":117,"wmc":12},{"name":"NumberedViewFactory","sloc":33,"wmc":8},{"name":"NavigableTextPane","sloc":139,"wmc":26},{"name":"NoWrapBoxView","sloc":16,"wmc":3},{"name":"HighlightInformation","sloc":34,"wmc":8},{"name":"NumberedParagraphView","sloc":71,"wmc":11},{"name":"DocumentCharacterIterator","sloc":72,"wmc":13},{"name":"NumberedEditorKit","sloc":13,"wmc":2},{"name":"JavaScanner","sloc":137,"wmc":39}]},{"name":"edu.umd.cs.findbugs","children":[{"name":"CallSite","sloc":37,"wmc":8},{"name":"LocalVariableAnnotation","sloc":301,"wmc":64},{"name":"CallGraphEdge","sloc":21,"wmc":5},{"name":"CommandLineUiCallback","sloc":133,"wmc":30},{"name":"FirstPassDetector","sloc":3,"wmc":1},{"name":"OpcodeStack","sloc":3001,"wmc":629},{"name":"Detector","sloc":6,"wmc":2},{"name":"InstructionScanner","sloc":8,"wmc":3},{"name":"JUnitDetectorAdapter","sloc":48,"wmc":11},{"name":"DetectorFactoryCollection","sloc":415,"wmc":107},{"name":"ProjectStats","sloc":432,"wmc":97},{"name":"SelfCalls","sloc":133,"wmc":29},{"name":"BugAccumulator","sloc":133,"wmc":27},{"name":"Obfuscate","sloc":179,"wmc":42},{"name":"PropertyBundle","sloc":157,"wmc":30},{"name":"SourceLineAnnotation","sloc":581,"wmc":113},{"name":"IGuiCallback","sloc":85,"wmc":29},{"name":"BugReporterObserver","sloc":4,"wmc":1},{"name":"FindBugsProgress","sloc":13,"wmc":7},{"name":"ProjectPackagePrefixes","sloc":169,"wmc":41},{"name":"TextUIBugReporter","sloc":157,"wmc":28},{"name":"DelegatingBugReporter","sloc":75,"wmc":17},{"name":"Detector2","sloc":8,"wmc":3},{"name":"XMLWriteableWithMessages","sloc":7,"wmc":1},{"name":"NonReportingDetectorToDetector2Adapter","sloc":6,"wmc":1},{"name":"Priorities","sloc":8,"wmc":1},{"name":"StringAnnotation","sloc":107,"wmc":21},{"name":"PackageMemberAnnotation","sloc":127,"wmc":32},{"name":"SAXBugCollectionHandlerTest","sloc":152,"wmc":4},{"name":"Version","sloc":250,"wmc":39},{"name":"NonReportingDetector","sloc":3,"wmc":1},{"name":"ProgramPoint","sloc":52,"wmc":14},{"name":"TypeAnnotation","sloc":128,"wmc":30},{"name":"IFindBugsEngine","sloc":48,"wmc":38},{"name":"AddMessages","sloc":113,"wmc":16},{"name":"BugInstance","sloc":1673,"wmc":420},{"name":"PackageWarningSuppressor","sloc":23,"wmc":5},{"name":"QueryBugAnnotations","sloc":29,"wmc":7},{"name":"XDocsBugReporter","sloc":149,"wmc":22},{"name":"TrainingDetector","sloc":3,"wmc":1},{"name":"HTMLBugReporter","sloc":67,"wmc":5},{"name":"ClassScreener","sloc":77,"wmc":20},{"name":"FieldAnnotation","sloc":238,"wmc":50},{"name":"BugCategory","sloc":67,"wmc":17},{"name":"InterproceduralFirstPassDetector","sloc":3,"wmc":1},{"name":"BytecodeScanningDetector","sloc":21,"wmc":4},{"name":"WarningComparator","sloc":9,"wmc":2},{"name":"ComponentPlugin","sloc":68,"wmc":14},{"name":"Token","sloc":25,"wmc":4},{"name":"AnalysisCacheToRepositoryAdapter","sloc":54,"wmc":9},{"name":"DetectorFactory","sloc":231,"wmc":51},{"name":"CheckBcel","sloc":57,"wmc":8},{"name":"InstructionScannerGenerator","sloc":5,"wmc":2},{"name":"ByteCodePatternDetector","sloc":79,"wmc":19},{"name":"TextUIProgressCallback","sloc":67,"wmc":14},{"name":"NoOpFindBugsProgress","sloc":24,"wmc":7},{"name":"FindBugsTestCase","sloc":116,"wmc":14},{"name":"SloppyBugComparator","sloc":99,"wmc":29},{"name":"SortingBugReporter","sloc":30,"wmc":6},{"name":"XMLBugReporter","sloc":27,"wmc":5},{"name":"PrintingBugReporter","sloc":227,"wmc":50},{"name":"ExcludingHashesBugReporter","sloc":30,"wmc":5},{"name":"Plugin","sloc":434,"wmc":102},{"name":"NoClassesFoundToAnalyzeException","sloc":16,"wmc":3},{"name":"BugProperty","sloc":52,"wmc":10},{"name":"DetectorToDetector2Adapter","sloc":33,"wmc":4},{"name":"RunnableWithExceptions","sloc":4,"wmc":1},{"name":"BugAnnotationVisitor","sloc":11,"wmc":8},{"name":"MethodAnnotation","sloc":298,"wmc":73},{"name":"AnalysisError","sloc":115,"wmc":34},{"name":"DeepSubtypeAnalysis","sloc":227,"wmc":55},{"name":"IntAnnotationTest","sloc":19,"wmc":1},{"name":"DiscoverSourceDirectories","sloc":306,"wmc":50},{"name":"ClassScreenerTest","sloc":65,"wmc":7},{"name":"ClassAnnotation","sloc":124,"wmc":30},{"name":"CallGraph","sloc":29,"wmc":5},{"name":"SuppressionMatcher","sloc":59,"wmc":13},{"name":"FindBugsMain","sloc":51,"wmc":8},{"name":"StartTime","sloc":15,"wmc":1},{"name":"AbstractBugReporter","sloc":283,"wmc":72},{"name":"AddAnnotation","sloc":51,"wmc":10},{"name":"BugReporter","sloc":18,"wmc":8},{"name":"FindBugsDisplayFeatures","sloc":10,"wmc":2},{"name":"RecursiveFileSearch","sloc":73,"wmc":14},{"name":"ErrorCountingBugReporter","sloc":43,"wmc":11},{"name":"Lookup","sloc":149,"wmc":34},{"name":"BugDesignation","sloc":206,"wmc":62},{"name":"CategoryFilteringBugReporter","sloc":23,"wmc":4},{"name":"DetectorsTest","sloc":128,"wmc":24},{"name":"Test","sloc":8,"wmc":1},{"name":"SystemProperties","sloc":181,"wmc":28},{"name":"WarningSuppressor","sloc":34,"wmc":10},{"name":"FindBugsCommandLine","sloc":108,"wmc":23},{"name":"ExitCodes","sloc":6,"wmc":1},{"name":"PackageStats","sloc":238,"wmc":42},{"name":"LaunchAppropriateUI","sloc":80,"wmc":19},{"name":"FindBugsAnalysisFeatures","sloc":24,"wmc":4},{"name":"JavaVersion","sloc":68,"wmc":11},{"name":"BugCode","sloc":48,"wmc":11},{"name":"ParameterWarningSuppressor","sloc":28,"wmc":8},{"name":"NewResults","sloc":40,"wmc":7},{"name":"SortedBugCollection","sloc":1019,"wmc":187},{"name":"FieldWarningSuppressor","sloc":26,"wmc":7},{"name":"FindBugs2","sloc":841,"wmc":169},{"name":"JavaVersionException","sloc":10,"wmc":2},{"name":"OpcodeStackItemTest","sloc":20,"wmc":2},{"name":"BugCollection","sloc":87,"wmc":52},{"name":"AWTEventQueueExecutor","sloc":42,"wmc":7},{"name":"BugAnnotationUtil","sloc":27,"wmc":6},{"name":"IClassScreener","sloc":5,"wmc":2},{"name":"IntAnnotation","sloc":130,"wmc":30},{"name":"VersionInsensitiveBugComparator","sloc":176,"wmc":48},{"name":"EmacsBugReporter","sloc":87,"wmc":12},{"name":"Analyze","sloc":165,"wmc":37},{"name":"I18N","sloc":173,"wmc":44},{"name":"PluginException","sloc":10,"wmc":2},{"name":"GlobalOptions","sloc":8,"wmc":2},{"name":"CallGraphNode","sloc":12,"wmc":2},{"name":"BugAnnotationWithSourceLines","sloc":30,"wmc":6},{"name":"BugAnnotation","sloc":12,"wmc":7},{"name":"FuzzyBugComparator","sloc":194,"wmc":45},{"name":"AnalysisLocal","sloc":35,"wmc":7},{"name":"MethodWarningSuppressor","sloc":22,"wmc":6},{"name":"BugCollectionBugReporter","sloc":89,"wmc":19},{"name":"BugPattern","sloc":132,"wmc":27},{"name":"PluginLoader","sloc":1296,"wmc":160},{"name":"BugRanker","sloc":219,"wmc":53},{"name":"L10N","sloc":64,"wmc":9},{"name":"SAXBugCollectionHandler","sloc":669,"wmc":87},{"name":"ResourceCreationPoint","sloc":16,"wmc":3},{"name":"SwitchHandler","sloc":138,"wmc":31},{"name":"StatelessDetector","sloc":4,"wmc":1},{"name":"Footprint","sloc":117,"wmc":19},{"name":"FilterBugReporter","sloc":26,"wmc":6},{"name":"ResourceTrackingDetector","sloc":136,"wmc":25},{"name":"ResourceCollection","sloc":31,"wmc":6},{"name":"TextUICommandLine","sloc":593,"wmc":139},{"name":"BugInstanceTest","sloc":153,"wmc":22},{"name":"Tokenizer","sloc":174,"wmc":40},{"name":"UseAnnotationDatabase","sloc":3,"wmc":1},{"name":"AnalysisOptions","sloc":21,"wmc":1},{"name":"ClassWarningSuppressor","sloc":25,"wmc":6},{"name":"FindBugs","sloc":327,"wmc":45},{"name":"FatalException","sloc":10,"wmc":2},{"name":"FindBugsMessageFormat","sloc":62,"wmc":12},{"name":"PluginDoesntContainMetadataException","sloc":6,"wmc":1},{"name":"DetectorFactoryChooser","sloc":5,"wmc":2},{"name":"ObfuscateTest","sloc":15,"wmc":2},{"name":"Project","sloc":661,"wmc":147},{"name":"StackMapAnalyzer","sloc":262,"wmc":42},{"name":"AppVersion","sloc":94,"wmc":16},{"name":"ShowHelp","sloc":29,"wmc":6},{"name":"InstructionScannerDriver","sloc":42,"wmc":9}]},{"name":"edu.umd.cs.findbugs.asm","children":[{"name":"FBMethodVisitor","sloc":12,"wmc":3},{"name":"AbstractFBMethodVisitor","sloc":14,"wmc":3},{"name":"ClassNodeDetector","sloc":33,"wmc":4},{"name":"FBClassReader","sloc":63,"wmc":12}]},{"name":"edu.umd.cs.findbugs.ba","children":[{"name":"CheckReturnValueAnnotation","sloc":63,"wmc":10},{"name":"ReturnPathDataflow","sloc":6,"wmc":1},{"name":"DominatorsAnalysis","sloc":16,"wmc":3},{"name":"BackwardDataflowAnalysis","sloc":23,"wmc":6},{"name":"PruneInfeasibleExceptionEdges","sloc":93,"wmc":16},{"name":"DFSCFGPrinter","sloc":26,"wmc":7},{"name":"BlockTypeAnalysis","sloc":63,"wmc":14},{"name":"AbstractDominatorsAnalysis","sloc":85,"wmc":18},{"name":"LockSet","sloc":233,"wmc":65},{"name":"LockAnalysis","sloc":115,"wmc":34},{"name":"PostDominatorsAnalysis","sloc":23,"wmc":4},{"name":"BlockTypeDataflow","sloc":6,"wmc":1},{"name":"CompactLocationNumbering","sloc":30,"wmc":6},{"name":"FieldSummary","sloc":191,"wmc":44},{"name":"CheckReturnAnnotationDatabase","sloc":215,"wmc":19},{"name":"NullnessAnnotation","sloc":40,"wmc":10},{"name":"ClassMember","sloc":18,"wmc":6},{"name":"DebugRepositoryLookupFailureCallback","sloc":50,"wmc":9},{"name":"XMethodParameter","sloc":40,"wmc":9},{"name":"InnerClassAccess","sloc":30,"wmc":6},{"name":"BasicAbstractDataflowAnalysis","sloc":77,"wmc":17},{"name":"ForwardDataflowAnalysis","sloc":21,"wmc":5},{"name":"AbstractFrameModelingVisitor","sloc":882,"wmc":211},{"name":"AbstractBlockOrder","sloc":31,"wmc":3},{"name":"InvalidBytecodeException","sloc":18,"wmc":4},{"name":"XField","sloc":8,"wmc":3},{"name":"BasicBlock","sloc":255,"wmc":63},{"name":"IncompatibleTypes","sloc":242,"wmc":72},{"name":"UnresolvedXField","sloc":69,"wmc":16},{"name":"XMethod","sloc":49,"wmc":30},{"name":"MethodUnprofitableException","sloc":24,"wmc":4},{"name":"BetterCFGBuilder2","sloc":727,"wmc":141},{"name":"AccessibleEntity","sloc":13,"wmc":9},{"name":"SignatureConverter","sloc":130,"wmc":32},{"name":"ClassSummary","sloc":23,"wmc":4},{"name":"AnalysisException","sloc":29,"wmc":7},{"name":"DepthFirstSearch","sloc":14,"wmc":2},{"name":"StackDepthAnalysis","sloc":76,"wmc":18},{"name":"StackDepth","sloc":23,"wmc":6},{"name":"AbstractField","sloc":23,"wmc":4},{"name":"JCIPAnnotationDatabase","sloc":65,"wmc":15},{"name":"LineNumberMap","sloc":83,"wmc":18},{"name":"DFSEdgeTypes","sloc":3,"wmc":1},{"name":"CFGBuilderFactory","sloc":9,"wmc":1},{"name":"PathVisitor","sloc":7,"wmc":3},{"name":"BlockType","sloc":150,"wmc":45},{"name":"AnalysisContext","sloc":612,"wmc":132},{"name":"ClassContext","sloc":571,"wmc":122},{"name":"FrameDataflowAnalysis","sloc":105,"wmc":31},{"name":"AnnotationRetentionDatabase","sloc":22,"wmc":5},{"name":"XClass","sloc":33,"wmc":18},{"name":"SignatureParser","sloc":183,"wmc":51},{"name":"AssignedFieldMap","sloc":4,"wmc":1},{"name":"MethodChooser","sloc":5,"wmc":1},{"name":"AbstractDataflow","sloc":11,"wmc":2},{"name":"CFG","sloc":326,"wmc":89},{"name":"RepositoryClassParser","sloc":23,"wmc":4},{"name":"ReverseDFSOrder","sloc":24,"wmc":4},{"name":"TargetEnumeratingVisitor","sloc":89,"wmc":19},{"name":"ObjectTypeFactory","sloc":39,"wmc":8},{"name":"ResourceValueAnalysis","sloc":155,"wmc":47},{"name":"AssertionMethods","sloc":159,"wmc":55},{"name":"CFGBuilderException","sloc":8,"wmc":1},{"name":"SourceFileDataSource","sloc":8,"wmc":3},{"name":"ResourceTracker","sloc":15,"wmc":7},{"name":"ReturnPathAnalysis","sloc":53,"wmc":12},{"name":"EdgeTypes","sloc":35,"wmc":1},{"name":"ClassNotFoundExceptionParser","sloc":43,"wmc":6},{"name":"TestCaseDetector","sloc":25,"wmc":5},{"name":"AbstractClassMember","sloc":108,"wmc":22},{"name":"Target","sloc":17,"wmc":3},{"name":"ComparableMethod","sloc":3,"wmc":1},{"name":"JavaClassAndMethod","sloc":58,"wmc":16},{"name":"SignatureParserTest","sloc":35,"wmc":3},{"name":"SourceFinder","sloc":382,"wmc":77},{"name":"Location","sloc":70,"wmc":16},{"name":"XFactory","sloc":455,"wmc":93},{"name":"EdgeChooser","sloc":4,"wmc":1},{"name":"InnerClassAccessMap","sloc":181,"wmc":44},{"name":"URLClassPath","sloc":241,"wmc":52},{"name":"PruneUnconditionalExceptionThrowerEdges","sloc":191,"wmc":38},{"name":"LockChecker","sloc":53,"wmc":11},{"name":"ClassHash","sloc":181,"wmc":33},{"name":"ResourceValueFrame","sloc":40,"wmc":7},{"name":"UnresolvedXMethod","sloc":185,"wmc":39},{"name":"FileSourceFileDataSource","sloc":24,"wmc":4},{"name":"INullnessAnnotationDatabase","sloc":16,"wmc":7},{"name":"AbstractDataflowAnalysis","sloc":53,"wmc":16},{"name":"CFGPrinter","sloc":65,"wmc":17},{"name":"ResourceValueFrameModelingVisitor","sloc":123,"wmc":24},{"name":"ResourceValue","sloc":27,"wmc":9},{"name":"LockDataflow","sloc":6,"wmc":1},{"name":"CompoundMethodChooser","sloc":26,"wmc":7},{"name":"CFGBuilder","sloc":5,"wmc":2},{"name":"DataflowAnalysisException","sloc":22,"wmc":5},{"name":"DefaultNullnessAnnotations","sloc":444,"wmc":3},{"name":"InstructionHandleMap","sloc":18,"wmc":3},{"name":"PutfieldScanner","sloc":44,"wmc":17},{"name":"Hierarchy","sloc":449,"wmc":104},{"name":"DataflowValueChooser","sloc":4,"wmc":1},{"name":"JavaClassAndMethodChooser","sloc":6,"wmc":2},{"name":"NullnessAnnotationDatabase","sloc":107,"wmc":47},{"name":"ComparableField","sloc":3,"wmc":1},{"name":"AnalysisFeatures","sloc":40,"wmc":3},{"name":"Dataflow","sloc":371,"wmc":28},{"name":"SimplePathEnumerator","sloc":71,"wmc":15},{"name":"AnnotationDatabase","sloc":318,"wmc":44},{"name":"Path","sloc":155,"wmc":32},{"name":"ReverseDepthFirstSearch","sloc":14,"wmc":2},{"name":"SourceInfoMap","sloc":228,"wmc":53},{"name":"SourceFile","sloc":116,"wmc":24},{"name":"MethodHashTest","sloc":47,"wmc":8},{"name":"LiveLocalStoreAnalysis","sloc":127,"wmc":32},{"name":"OpcodeStackScanner","sloc":73,"wmc":19},{"name":"URLClassPathRepository","sloc":94,"wmc":23},{"name":"MethodBytecodeSet","sloc":15,"wmc":2},{"name":"RepositoryLookupFailureCallback","sloc":4,"wmc":1},{"name":"EqualsKindSummary","sloc":16,"wmc":1},{"name":"DataflowAnalysis","sloc":27,"wmc":21},{"name":"ReturnPath","sloc":53,"wmc":12},{"name":"AnnotationEnumeration","sloc":31,"wmc":7},{"name":"Frame","sloc":318,"wmc":91},{"name":"AbstractMethod","sloc":44,"wmc":9},{"name":"Edge","sloc":200,"wmc":62},{"name":"BytecodeScanner","sloc":291,"wmc":6},{"name":"LiveLocalStoreDataflow","sloc":7,"wmc":1},{"name":"DataflowCFGPrinter","sloc":48,"wmc":9},{"name":"MethodHash","sloc":91,"wmc":21},{"name":"BlockOrder","sloc":6,"wmc":2},{"name":"ExceptionHandlerMap","sloc":86,"wmc":19},{"name":"MissingClassException","sloc":27,"wmc":6},{"name":"Hierarchy2","sloc":328,"wmc":68},{"name":"Debug","sloc":5,"wmc":1},{"name":"ZipSourceFileDataSource","sloc":35,"wmc":6},{"name":"ReversePostOrder","sloc":17,"wmc":3}]},{"name":"edu.umd.cs.findbugs.ba.bcp","children":[{"name":"LocalVariable","sloc":20,"wmc":4},{"name":"Binding","sloc":26,"wmc":5},{"name":"FieldAccess","sloc":42,"wmc":7},{"name":"PatternMatcher","sloc":292,"wmc":69},{"name":"Store","sloc":35,"wmc":5},{"name":"IfNull","sloc":30,"wmc":6},{"name":"Wild","sloc":42,"wmc":8},{"name":"PatternElement","sloc":83,"wmc":21},{"name":"New","sloc":22,"wmc":3},{"name":"LongOrDoubleLocalVariable","sloc":17,"wmc":3},{"name":"Invoke","sloc":119,"wmc":26},{"name":"Load","sloc":34,"wmc":4},{"name":"ByteCodePattern","sloc":57,"wmc":15},{"name":"MatchAny","sloc":51,"wmc":11},{"name":"ByteCodePatternMatch","sloc":42,"wmc":12},{"name":"Opcode","sloc":33,"wmc":6},{"name":"Variable","sloc":4,"wmc":1},{"name":"BindingSet","sloc":30,"wmc":7},{"name":"SingleInstruction","sloc":17,"wmc":3},{"name":"MatchResult","sloc":15,"wmc":3},{"name":"OneVariableInstruction","sloc":11,"wmc":3},{"name":"PatternElementMatch","sloc":94,"wmc":25},{"name":"FieldVariable","sloc":50,"wmc":10},{"name":"Monitorenter","sloc":22,"wmc":3}]},{"name":"edu.umd.cs.findbugs.ba.ca","children":[{"name":"CallList","sloc":93,"wmc":26},{"name":"Call","sloc":33,"wmc":8},{"name":"CallListAnalysis","sloc":87,"wmc":16},{"name":"CallListDataflow","sloc":8,"wmc":1}]},{"name":"edu.umd.cs.findbugs.ba.ch","children":[{"name":"InheritanceEdge","sloc":7,"wmc":1},{"name":"OverriddenMethodsVisitor","sloc":31,"wmc":4},{"name":"ClassVertex","sloc":97,"wmc":24},{"name":"InheritanceGraphVisitor","sloc":8,"wmc":2},{"name":"SupertypeTraversalVisitor","sloc":6,"wmc":1},{"name":"Subtypes2","sloc":806,"wmc":156},{"name":"InterproceduralCallGraphVertex","sloc":12,"wmc":2},{"name":"InterproceduralCallGraph","sloc":25,"wmc":4},{"name":"Subtypes2Test","sloc":232,"wmc":17},{"name":"InterproceduralCallGraphEdge","sloc":7,"wmc":1},{"name":"InheritanceGraph","sloc":15,"wmc":3}]},{"name":"edu.umd.cs.findbugs.ba.constant","children":[{"name":"ConstantDataflow","sloc":8,"wmc":1},{"name":"ConstantAnalysis","sloc":57,"wmc":10},{"name":"ConstantFrame","sloc":7,"wmc":1},{"name":"Constant","sloc":62,"wmc":22},{"name":"ConstantFrameModelingVisitor","sloc":62,"wmc":9}]},{"name":"edu.umd.cs.findbugs.ba.deref","children":[{"name":"UnconditionalValueDerefAnalysis","sloc":671,"wmc":164},{"name":"UnconditionalValueDerefSet","sloc":258,"wmc":63},{"name":"UnconditionalValueDerefDataflow","sloc":9,"wmc":1}]},{"name":"edu.umd.cs.findbugs.ba.generic","children":[{"name":"GenericSignatureParser","sloc":184,"wmc":53},{"name":"TestGenericSignatureParser","sloc":20,"wmc":3},{"name":"GenericObjectType","sloc":135,"wmc":41},{"name":"GenericUtilities","sloc":352,"wmc":78},{"name":"TestGenericObjectType","sloc":93,"wmc":14},{"name":"GenericUtilitiesTest","sloc":37,"wmc":6},{"name":"GenericSignatureParserTest","sloc":13,"wmc":2}]},{"name":"edu.umd.cs.findbugs.ba.heap","children":[{"name":"StoreAnalysis","sloc":16,"wmc":3},{"name":"LoadDataflow","sloc":8,"wmc":1},{"name":"FieldSet","sloc":81,"wmc":24},{"name":"LoadAnalysis","sloc":16,"wmc":3},{"name":"FieldSetAnalysis","sloc":108,"wmc":27},{"name":"StoreDataflow","sloc":8,"wmc":1}]},{"name":"edu.umd.cs.findbugs.ba.interproc","children":[{"name":"PropertyDatabase","sloc":109,"wmc":22},{"name":"FieldPropertyDatabase","sloc":41,"wmc":3},{"name":"ParameterProperty","sloc":118,"wmc":26},{"name":"PropertyDatabaseFormatException","sloc":7,"wmc":1},{"name":"MethodPropertyDatabase","sloc":39,"wmc":3}]},{"name":"edu.umd.cs.findbugs.ba.jsr305","children":[{"name":"TypeQualifierDataflowAnalysis","sloc":184,"wmc":41},{"name":"ParameterAnnotationLookupResult","sloc":7,"wmc":1},{"name":"TypeQualifierApplications","sloc":618,"wmc":129},{"name":"ValidationSecurityManager","sloc":88,"wmc":21},{"name":"BackwardTypeQualifierDataflowFactory","sloc":63,"wmc":4},{"name":"TypeQualifierAnnotationLookupResult","sloc":53,"wmc":11},{"name":"SourceSinkInfo","sloc":129,"wmc":40},{"name":"TypeQualifierDataflowFactory","sloc":74,"wmc":10},{"name":"ParameterAnnotationAccumulator","sloc":30,"wmc":6},{"name":"TypeQualifierDataflow","sloc":9,"wmc":1},{"name":"DirectlyRelevantTypeQualifiersDatabase","sloc":30,"wmc":5},{"name":"JSR305NullnessAnnotations","sloc":9,"wmc":1},{"name":"BackwardTypeQualifierDataflow","sloc":7,"wmc":1},{"name":"TypeQualifierAnnotation","sloc":102,"wmc":13},{"name":"Analysis","sloc":125,"wmc":24},{"name":"ForwardTypeQualifierDataflowAnalysis","sloc":176,"wmc":45},{"name":"TypeQualifierDatabase","sloc":52,"wmc":11},{"name":"TypeQualifierResolver","sloc":128,"wmc":27},{"name":"ReturnTypeAnnotationAccumulator","sloc":23,"wmc":4},{"sloc":72,"wmc":1},{"name":"FindBugsDefaultAnnotations","sloc":18,"wmc":1},{"name":"ForwardTypeQualifierDataflow","sloc":7,"wmc":1},{"name":"TypeQualifierValueSet","sloc":277,"wmc":68},{"name":"ForwardTypeQualifierDataflowFactory","sloc":85,"wmc":4},{"name":"ValidationSecurityManagerTest","sloc":64,"wmc":6},{"name":"ReturnTypeAnnotationLookupResult","sloc":7,"wmc":1},{"name":"BackwardTypeQualifierDataflowAnalysis","sloc":166,"wmc":41},{"name":"AbstractMethodAnnotationAccumulator","sloc":29,"wmc":8},{"name":"TypeQualifierValue","sloc":277,"wmc":30},{"name":"ValidatorClassLoader","sloc":68,"wmc":13}]},{"name":"edu.umd.cs.findbugs.ba.npe","children":[{"name":"NullDerefAndRedundantComparisonCollector","sloc":20,"wmc":4},{"name":"IsNullValueDataflow","sloc":13,"wmc":2},{"name":"ReturnPathTypeTest","sloc":68,"wmc":11},{"name":"IsNullValue","sloc":323,"wmc":87},{"name":"PointerUsageRequiringNonNullValue","sloc":87,"wmc":11},{"name":"ParameterNullnessPropertyDatabase","sloc":20,"wmc":2},{"name":"NonNullParamViolation","sloc":16,"wmc":3},{"name":"NonNullSpecification","sloc":38,"wmc":7},{"name":"RedundantBranch","sloc":28,"wmc":4},{"name":"ReturnPathTypeAnalysis","sloc":83,"wmc":17},{"name":"ReturnValueNullnessPropertyDatabase","sloc":12,"wmc":2},{"name":"ReturnPathTypeDataflow","sloc":8,"wmc":1},{"name":"IsNullValueAnalysisFeatures","sloc":9,"wmc":1},{"name":"LocationWhereValueBecomesNull","sloc":42,"wmc":10},{"name":"IsNullValueTest","sloc":40,"wmc":5},{"name":"IsNullValueAnalysis","sloc":657,"wmc":51},{"name":"MayReturnNullPropertyDatabase","sloc":19,"wmc":3},{"name":"NonNullParamPropertyTest","sloc":43,"wmc":7},{"name":"TypeQualifierNullnessAnnotationDatabase","sloc":320,"wmc":69},{"name":"DerefFinder","sloc":169,"wmc":33},{"name":"IsNullValueFrameModelingVisitor","sloc":381,"wmc":86},{"name":"IsNullValueFrame","sloc":241,"wmc":65},{"name":"ReturnPathType","sloc":59,"wmc":18},{"name":"NullDerefAndRedundantComparisonFinder","sloc":625,"wmc":151},{"name":"IsNullConditionDecision","sloc":66,"wmc":14},{"name":"NullValueUnconditionalDeref","sloc":48,"wmc":11},{"name":"UsagesRequiringNonNullValues","sloc":61,"wmc":12}]},{"name":"edu.umd.cs.findbugs.ba.obl","children":[{"name":"ObligationAcquiredOrReleasedInLoopException","sloc":12,"wmc":2},{"name":"ObligationPolicyDatabaseEntry","sloc":9,"wmc":3},{"name":"ObligationSet","sloc":91,"wmc":22},{"name":"ObligationAnalysis","sloc":300,"wmc":85},{"name":"MatchMethodEntry","sloc":64,"wmc":12},{"name":"ObligationDataflow","sloc":8,"wmc":1},{"name":"Obligation","sloc":35,"wmc":8},{"name":"NonexistentObligationException","sloc":7,"wmc":1},{"name":"ObligationPolicyDatabaseAction","sloc":37,"wmc":5},{"name":"InstructionActionCache","sloc":150,"wmc":32},{"name":"ObligationFactory","sloc":104,"wmc":21},{"name":"ObligationPolicyDatabase","sloc":71,"wmc":16},{"name":"StateSet","sloc":155,"wmc":37},{"name":"State","sloc":46,"wmc":10}]},{"name":"edu.umd.cs.findbugs.ba.type","children":[{"name":"TypeFrameModelingVisitor","sloc":1153,"wmc":206},{"name":"TopType","sloc":20,"wmc":4},{"name":"ExceptionSetFactory","sloc":32,"wmc":6},{"name":"DoubleExtraType","sloc":20,"wmc":4},{"name":"FieldStoreTypeDatabase","sloc":50,"wmc":9},{"name":"TypeFrameModelingVisitorTest","sloc":7,"wmc":1},{"name":"LongExtraType","sloc":20,"wmc":4},{"name":"ExtendedTypes","sloc":10,"wmc":1},{"name":"TypeMerger","sloc":6,"wmc":1},{"name":"FieldStoreType","sloc":64,"wmc":13},{"name":"BottomType","sloc":20,"wmc":4},{"name":"ThrownException","sloc":37,"wmc":9},{"name":"TypeDataflow","sloc":38,"wmc":6},{"name":"TypeFrame","sloc":100,"wmc":24},{"name":"ExceptionSet","sloc":222,"wmc":50},{"name":"NullType","sloc":20,"wmc":4},{"name":"ExceptionObjectType","sloc":62,"wmc":13},{"name":"StandardTypeMerger","sloc":145,"wmc":24},{"name":"TypeAnalysis","sloc":525,"wmc":121}]},{"name":"edu.umd.cs.findbugs.ba.vna","children":[{"name":"AvailableLoad","sloc":65,"wmc":20},{"name":"ValueNumberAnalysis","sloc":228,"wmc":47},{"name":"LoadedFieldSet","sloc":52,"wmc":10},{"name":"ValueNumber","sloc":90,"wmc":18},{"name":"ValueNumberAnalysisFeatures","sloc":6,"wmc":1},{"name":"ValueNumberDataflow","sloc":32,"wmc":6},{"name":"ValueNumberFrameModelingVisitor","sloc":544,"wmc":136},{"name":"ValueNumberSourceInfo","sloc":110,"wmc":29},{"name":"ValueNumberCache","sloc":81,"wmc":17},{"name":"ValueNumberFrame","sloc":530,"wmc":152},{"name":"MergeTree","sloc":95,"wmc":22},{"name":"ValueNumberFactory","sloc":67,"wmc":15}]},{"name":"edu.umd.cs.findbugs.bcel","children":[{"name":"AnnotationDetector","sloc":19,"wmc":3},{"name":"CFGDetector","sloc":43,"wmc":7},{"name":"BCELUtil","sloc":93,"wmc":21},{"name":"OpcodeStackDetector","sloc":43,"wmc":9},{"name":"PreorderDetector","sloc":18,"wmc":3}]},{"name":"edu.umd.cs.findbugs.bcel.generic","children":[{"name":"NULL2Z","sloc":6,"wmc":1},{"name":"NullnessConversationInstruction","sloc":33,"wmc":6},{"name":"NONNULL2Z","sloc":6,"wmc":1}]},{"name":"edu.umd.cs.findbugs.bugReporter","children":[{"name":"BugReporterDecorator","sloc":24,"wmc":2},{"name":"SuppressionDecorator","sloc":102,"wmc":21},{"name":"MaxRankDecorator","sloc":19,"wmc":3}]},{"name":"edu.umd.cs.findbugs.charsets","children":[{"name":"UTF8","sloc":85,"wmc":16},{"name":"SourceCharset","sloc":33,"wmc":5},{"name":"UserTextFile","sloc":31,"wmc":4}]},{"name":"edu.umd.cs.findbugs.classfile.analysis","children":[{"name":"ClassInfo","sloc":358,"wmc":123},{"name":"FieldInfo","sloc":180,"wmc":107},{"name":"AnnotatedObject","sloc":17,"wmc":7},{"name":"ClassData","sloc":31,"wmc":6},{"name":"AnnotationValue","sloc":112,"wmc":17},{"name":"ClassNameAndSuperclassInfo","sloc":139,"wmc":97},{"name":"EnumValue","sloc":27,"wmc":6},{"name":"MethodInfo","sloc":476,"wmc":154}]},{"name":"edu.umd.cs.findbugs.classfile","children":[{"name":"IClassConstants","sloc":33,"wmc":1},{"name":"ResourceNotFoundException","sloc":21,"wmc":4},{"name":"RecomputableClassAnalysisEngine","sloc":7,"wmc":1},{"name":"IClassPath","sloc":12,"wmc":7},{"name":"IClassObserver","sloc":4,"wmc":1},{"name":"IClassPathBuilder","sloc":10,"wmc":4},{"name":"IErrorLogger","sloc":8,"wmc":5},{"name":"IScannableCodeBase","sloc":4,"wmc":1},{"name":"DescriptorFactory","sloc":214,"wmc":49},{"name":"InvalidClassFileFormatException","sloc":30,"wmc":6},{"name":"IAnalysisEngine","sloc":5,"wmc":2},{"name":"ClassNameMismatchException","sloc":13,"wmc":2},{"name":"CheckedAnalysisException","sloc":14,"wmc":4},{"name":"FieldDescriptor","sloc":23,"wmc":6},{"name":"IClassAnalysisEngine","sloc":4,"wmc":1},{"name":"FieldOrMethodDescriptor","sloc":92,"wmc":26},{"name":"IClassFactory","sloc":9,"wmc":5},{"name":"ICodeBaseIterator","sloc":5,"wmc":2},{"name":"MethodDescriptor","sloc":29,"wmc":6},{"name":"MissingClassException","sloc":15,"wmc":3},{"name":"IAnalysisCache","sloc":27,"wmc":17},{"name":"TestClassDescriptor","sloc":26,"wmc":1},{"name":"IAnalysisEngineRegistrar","sloc":4,"wmc":1},{"name":"ReflectionDatabaseFactory","sloc":66,"wmc":9},{"name":"ICodeBaseEntry","sloc":11,"wmc":6},{"name":"ICodeBaseLocator","sloc":8,"wmc":3},{"name":"IMethodAnalysisEngine","sloc":3,"wmc":1},{"name":"Global","sloc":13,"wmc":3},{"name":"IDatabaseFactory","sloc":5,"wmc":2},{"name":"IClassPathBuilderProgress","sloc":5,"wmc":2},{"name":"UncheckedAnalysisException","sloc":9,"wmc":2},{"name":"FieldOrMethodName","sloc":7,"wmc":4},{"name":"ClassDescriptor","sloc":120,"wmc":30},{"name":"ICodeBase","sloc":20,"wmc":9}]},{"name":"edu.umd.cs.findbugs.classfile.engine","children":[{"name":"ClassDataAnalysisEngine","sloc":84,"wmc":13},{"name":"ClassParser","sloc":232,"wmc":50},{"name":"ClassParserUsingASM","sloc":524,"wmc":120},{"name":"ClassParserInterface","sloc":8,"wmc":2},{"name":"EngineRegistrar","sloc":22,"wmc":4},{"name":"AbstractMethodVisitor","sloc":88,"wmc":23},{"name":"AbstractFieldAnnotationVisitor","sloc":12,"wmc":2},{"name":"ClassParserUsingBCEL","sloc":95,"wmc":9},{"name":"ClassNameAndSuperclassInfoAnalysisEngine","sloc":34,"wmc":4},{"name":"ClassInfoAnalysisEngine","sloc":47,"wmc":6},{"name":"SelfMethodCalls","sloc":48,"wmc":3}]},{"name":"edu.umd.cs.findbugs.classfile.engine.asm","children":[{"name":"ClassReaderAnalysisEngine","sloc":19,"wmc":2},{"name":"ClassNodeAnalysisEngine","sloc":27,"wmc":2},{"name":"EngineRegistrar","sloc":21,"wmc":4},{"name":"FindBugsASM","sloc":5,"wmc":1}]},{"name":"edu.umd.cs.findbugs.classfile.engine.bcel","children":[{"name":"BlockTypeAnalysisFactory","sloc":22,"wmc":2},{"name":"CompactLocationNumberingFactory","sloc":22,"wmc":3},{"name":"ClassContextClassAnalysisEngine","sloc":20,"wmc":2},{"name":"ObligationDataflowFactory","sloc":51,"wmc":3},{"name":"ConstantDataflowFactory","sloc":23,"wmc":3},{"name":"StoreDataflowFactory","sloc":24,"wmc":3},{"name":"LockDataflowFactory","sloc":30,"wmc":3},{"name":"DominatorsAnalysisFactory","sloc":23,"wmc":2},{"name":"AssignedFieldMapFactory","sloc":16,"wmc":2},{"name":"ReturnPathDataflowFactory","sloc":22,"wmc":2},{"name":"UsagesRequiringNonNullValuesFactory","sloc":20,"wmc":2},{"name":"BackwardTypeQualifierDataflowFactoryFactory","sloc":15,"wmc":2},{"name":"NonExceptionPostdominatorsAnalysis","sloc":10,"wmc":1},{"name":"EngineRegistrar","sloc":65,"wmc":4},{"name":"UnpackedCodeFactory","sloc":25,"wmc":3},{"name":"LoadDataflowFactory","sloc":24,"wmc":3},{"name":"ParameterSignatureListFactory","sloc":21,"wmc":3},{"name":"CFGFactory","sloc":163,"wmc":3},{"name":"JavaClassAnalysisEngine","sloc":41,"wmc":5},{"name":"MethodFactory","sloc":31,"wmc":5},{"name":"UnconditionalValueDerefDataflowFactory","sloc":44,"wmc":5},{"name":"NonImplicitExceptionPostDominatorsAnalysisFactory","sloc":24,"wmc":2},{"name":"DepthFirstSearchFactory","sloc":18,"wmc":2},{"name":"NonImplicitExceptionPostDominatorsAnalysis","sloc":18,"wmc":1},{"name":"ConstantPoolGenFactory","sloc":19,"wmc":2},{"name":"ValueNumberDataflowFactory","sloc":52,"wmc":6},{"name":"FinallyDuplicatesInfoFactory","sloc":318,"wmc":84},{"name":"IsNullValueDataflowFactory","sloc":42,"wmc":4},{"name":"ValueRangeAnalysisFactory","sloc":869,"wmc":221},{"name":"MethodBytecodeSetFactory","sloc":35,"wmc":5},{"name":"AssertionMethodsFactory","sloc":18,"wmc":2},{"name":"CallListDataflowFactory","sloc":19,"wmc":2},{"name":"ExceptionSetFactoryFactory","sloc":14,"wmc":2},{"name":"LiveLocalStoreDataflowFactory","sloc":33,"wmc":4},{"name":"LoadedFieldSetFactory","sloc":72,"wmc":11},{"name":"LockCheckerFactory","sloc":16,"wmc":2},{"name":"AnalysisFactory","sloc":91,"wmc":17},{"name":"MethodGenFactory","sloc":54,"wmc":13},{"name":"NonExceptionPostdominatorsAnalysisFactory","sloc":25,"wmc":2},{"name":"ReverseDepthFirstSearchFactory","sloc":19,"wmc":2},{"name":"UnpackedBytecodeCallback","sloc":19,"wmc":3},{"name":"ForwardTypeQualifierDataflowFactoryFactory","sloc":15,"wmc":2},{"name":"UnpackedCode","sloc":16,"wmc":3},{"name":"ReturnPathTypeDataflowFactory","sloc":25,"wmc":2},{"name":"TypeDataflowFactory","sloc":48,"wmc":6}]},{"name":"edu.umd.cs.findbugs.classfile.impl","children":[{"name":"FilesystemCodeBaseLocator","sloc":49,"wmc":10},{"name":"ZipInputStreamCodeBaseEntry","sloc":56,"wmc":12},{"name":"ZipInputStreamCodeBase","sloc":157,"wmc":31},{"name":"DirectoryCodeBase","sloc":104,"wmc":18},{"name":"SingleFileCodeBaseEntry","sloc":58,"wmc":13},{"name":"AbstractScannableCodeBase","sloc":67,"wmc":19},{"name":"AbstractScannableCodeBaseEntry","sloc":15,"wmc":4},{"name":"ZipFileCodeBase","sloc":121,"wmc":16},{"name":"ClassPathBuilder","sloc":493,"wmc":115},{"name":"SingleFileCodeBase","sloc":141,"wmc":23},{"name":"ClassFactory","sloc":68,"wmc":14},{"name":"ClassPathImpl","sloc":108,"wmc":23},{"name":"AnalysisCache","sloc":340,"wmc":61},{"name":"DirectoryCodeBaseEntry","sloc":52,"wmc":11},{"name":"ZipFileCodeBaseEntry","sloc":50,"wmc":11},{"name":"NestedZipFileCodeBaseLocator","sloc":43,"wmc":10},{"name":"ZipCodeBaseFactory","sloc":20,"wmc":1},{"name":"NestedZipFileCodeBase","sloc":69,"wmc":10},{"name":"DelegatingCodeBaseEntry","sloc":57,"wmc":12},{"name":"DelegatingCodeBaseIterator","sloc":23,"wmc":3}]},{"name":"edu.umd.cs.findbugs.cloud","children":[{"name":"BugFiler","sloc":9,"wmc":3},{"name":"MutableCloudTask","sloc":82,"wmc":21},{"name":"SignInCancelledException","sloc":9,"wmc":2},{"name":"DoNothingCloud","sloc":340,"wmc":83},{"name":"CloudPlugin","sloc":61,"wmc":12},{"name":"OnlineCloud","sloc":3,"wmc":1},{"name":"BugCollectionStorageCloud","sloc":138,"wmc":32},{"name":"CloudPluginBuilder","sloc":64,"wmc":13},{"name":"AbstractCloudTest","sloc":392,"wmc":82},{"name":"BugFilingCommentHelper","sloc":190,"wmc":26},{"name":"BugLinkInterface","sloc":3,"wmc":1},{"name":"CloudFactory","sloc":109,"wmc":15},{"name":"AbstractCloud","sloc":789,"wmc":190},{"name":"Cloud","sloc":247,"wmc":97}]},{"name":"edu.umd.cs.findbugs.cloud.username","children":[{"name":"NameLookup","sloc":9,"wmc":2},{"name":"WebCloudNameLookup","sloc":166,"wmc":31},{"name":"ClearCloudPreferences","sloc":13,"wmc":1},{"name":"LocalNameLookup","sloc":19,"wmc":2},{"name":"NoNameLookup","sloc":13,"wmc":2},{"name":"PromptForNameLookup","sloc":34,"wmc":5}]},{"name":"edu.umd.cs.findbugs.config","children":[{"name":"UserPreferencesTest","sloc":15,"wmc":2},{"name":"AnalysisFeatureSetting","sloc":16,"wmc":2},{"name":"ProjectFilterSettings","sloc":289,"wmc":60},{"name":"ProjectFilterSettingsTest","sloc":91,"wmc":11},{"name":"UserPreferences","sloc":400,"wmc":87},{"name":"CommandLine","sloc":245,"wmc":52},{"name":"SortedProperties","sloc":21,"wmc":2}]},{"name":"edu.umd.cs.findbugs.detect","children":[{"name":"FindBadForLoop","sloc":58,"wmc":27},{"name":"RefComparisonWarningProperty","sloc":28,"wmc":1},{"name":"NoteAnnotationRetention","sloc":51,"wmc":11},{"name":"AtomicityProblem","sloc":96,"wmc":31},{"name":"IncompatMaskTest","sloc":24,"wmc":3},{"name":"FindBugsSummaryStats","sloc":101,"wmc":16},{"name":"VarArgsProblems","sloc":100,"wmc":29},{"name":"IDivResultCastToDouble","sloc":58,"wmc":23},{"name":"FindSelfComparison2","sloc":189,"wmc":66},{"name":"FindFloatEquality","sloc":152,"wmc":54},{"name":"CallToUnsupportedMethod","sloc":125,"wmc":22},{"name":"FindFloatMath","sloc":38,"wmc":15},{"name":"FindNonShortCircuit","sloc":218,"wmc":71},{"name":"QuestionableBooleanAssignment","sloc":78,"wmc":21},{"name":"StringConcatenation","sloc":217,"wmc":72},{"name":"Noise","sloc":204,"wmc":88},{"name":"OptionalReturnNull","sloc":18,"wmc":3},{"name":"URLProblems","sloc":100,"wmc":21},{"name":"FindInconsistentSync2","sloc":704,"wmc":179},{"name":"CloneIdiom","sloc":170,"wmc":47},{"name":"InheritanceUnsafeGetResource","sloc":108,"wmc":30},{"name":"Naming","sloc":524,"wmc":168},{"name":"FindOpenStream","sloc":302,"wmc":43},{"name":"FindSelfComparison","sloc":269,"wmc":106},{"name":"CheckAnalysisContextContainedAnnotation","sloc":105,"wmc":32},{"name":"FindRunInvocations","sloc":51,"wmc":15},{"name":"CheckCalls","sloc":80,"wmc":13},{"name":"FindTwoLockWait","sloc":123,"wmc":24},{"name":"BuildUnconditionalParamDerefDatabase","sloc":182,"wmc":54},{"name":"FindMaskedFields","sloc":195,"wmc":56},{"name":"DoomedCodeWarningProperty","sloc":10,"wmc":1},{"name":"TypeReturnNull","sloc":44,"wmc":10},{"name":"FindCircularDependencies","sloc":157,"wmc":38},{"name":"FindUnreleasedLock","sloc":354,"wmc":76},{"name":"FindEmptySynchronizedBlock","sloc":17,"wmc":5},{"name":"BuildNonnullReturnDatabase","sloc":90,"wmc":16},{"name":"NoteJCIPAnnotation","sloc":54,"wmc":9},{"name":"FindNonSerializableStoreIntoSession","sloc":122,"wmc":22},{"name":"FindNullDerefsInvolvingNonShortCircuitEvaluation","sloc":151,"wmc":29},{"name":"SerializableIdiom","sloc":616,"wmc":234},{"name":"FindRefComparison","sloc":991,"wmc":214},{"name":"StreamResourceTracker","sloc":162,"wmc":35},{"name":"ConfusedInheritance","sloc":33,"wmc":6},{"name":"EmptyZipFileEntry","sloc":43,"wmc":13},{"name":"FindMismatchedWaitOrNotify","sloc":129,"wmc":24},{"name":"DumbMethods","sloc":1308,"wmc":575},{"name":"NumberConstructor","sloc":114,"wmc":22},{"name":"StartInConstructor","sloc":61,"wmc":14},{"name":"TrainLongInstantfParams","sloc":77,"wmc":18},{"name":"FindUnconditionalWait","sloc":43,"wmc":11},{"name":"FindDeadLocalStores","sloc":508,"wmc":140},{"name":"FindJSR166LockMonitorenter","sloc":186,"wmc":39},{"name":"UselessSubclassMethod","sloc":266,"wmc":97},{"name":"DontUseEnum","sloc":48,"wmc":11},{"name":"FindUnsyncGet","sloc":54,"wmc":11},{"name":"RepeatedConditionals","sloc":182,"wmc":53},{"name":"FindNoSideEffectMethods","sloc":895,"wmc":10},{"name":"CrossSiteScripting","sloc":192,"wmc":63},{"name":"SynchronizeOnClassLiteralNotGetClass","sloc":106,"wmc":26},{"name":"NoteCheckReturnValueAnnotations","sloc":21,"wmc":4},{"name":"BuildStringPassthruGraph","sloc":225,"wmc":52},{"name":"ComparatorIdiom","sloc":54,"wmc":14},{"name":"EqualsOperandShouldHaveClassCompatibleWithThis","sloc":87,"wmc":25},{"name":"RedundantConditions","sloc":189,"wmc":68},{"name":"InefficientIndexOf","sloc":50,"wmc":15},{"name":"ResolveAllReferences","sloc":146,"wmc":33},{"name":"FindUninitializedGet","sloc":146,"wmc":45},{"name":"TrainNonNullAnnotations","sloc":18,"wmc":3},{"name":"CheckRelaxingNullnessAnnotation","sloc":284,"wmc":67},{"name":"TestASM","sloc":53,"wmc":11},{"name":"CheckImmutableAnnotation","sloc":37,"wmc":9},{"name":"FindUncalledPrivateMethods","sloc":110,"wmc":34},{"name":"XMLFactoryBypass","sloc":94,"wmc":17},{"name":"BadSyntaxForRegularExpression","sloc":148,"wmc":63},{"name":"BadUseOfReturnValue","sloc":46,"wmc":18},{"name":"FindUnsatisfiedObligation","sloc":466,"wmc":100},{"name":"MethodReturnCheck","sloc":243,"wmc":53},{"name":"SynchronizationOnSharedBuiltinConstant","sloc":100,"wmc":17},{"name":"InfiniteLoop","sloc":414,"wmc":125},{"name":"CalledMethods","sloc":63,"wmc":21},{"name":"InefficientToArray","sloc":99,"wmc":19},{"name":"UnreadFieldsData","sloc":67,"wmc":9},{"name":"InstanceFieldLoadStreamFactory","sloc":46,"wmc":7},{"name":"InefficientMemberAccess","sloc":72,"wmc":16},{"name":"CheckExpectedWarnings","sloc":344,"wmc":81},{"name":"FindRoughConstants","sloc":177,"wmc":49},{"name":"CheckTypeQualifiers","sloc":475,"wmc":120},{"name":"SynchronizingOnContentsOfFieldToProtectField","sloc":105,"wmc":27},{"name":"WrongMapIterator","sloc":218,"wmc":74},{"name":"IntCast2LongAsInstant","sloc":56,"wmc":21},{"name":"ReadOfInstanceFieldInMethodInvokedByConstructorInSuperclass","sloc":139,"wmc":37},{"name":"FindComparatorProblems","sloc":96,"wmc":23},{"name":"BuildCheckReturnAnnotationDatabase","sloc":101,"wmc":23},{"name":"FindSqlInjectionTest","sloc":21,"wmc":2},{"name":"InconsistentSyncWarningProperty","sloc":26,"wmc":1},{"name":"FindReturnRef","sloc":134,"wmc":39},{"name":"RuntimeExceptionCapture","sloc":209,"wmc":43},{"name":"ExplicitSerialization","sloc":90,"wmc":17},{"name":"InitializeNonnullFieldsInConstructor","sloc":136,"wmc":41},{"name":"TestingGround2","sloc":22,"wmc":4},{"name":"DoInsideDoPrivileged","sloc":57,"wmc":17},{"name":"BadAppletConstructor","sloc":61,"wmc":16},{"name":"SynchronizeAndNullCheckField","sloc":72,"wmc":23},{"name":"FindSpinLoop","sloc":79,"wmc":25},{"name":"FindUseOfNonSerializableValue","sloc":184,"wmc":42},{"name":"DroppedException","sloc":428,"wmc":133},{"name":"TrainFieldStoreTypes","sloc":94,"wmc":16},{"name":"DumbMethodInvocations","sloc":158,"wmc":36},{"name":"MutableEnum","sloc":62,"wmc":22},{"name":"LazyInit","sloc":277,"wmc":65},{"name":"LostLoggerDueToWeakReference","sloc":134,"wmc":39},{"name":"DontCatchIllegalMonitorStateException","sloc":60,"wmc":14},{"name":"NoteSuppressedWarnings","sloc":113,"wmc":20},{"name":"OverridingEqualsNotSymmetrical","sloc":411,"wmc":86},{"name":"FindFinalizeInvocations","sloc":68,"wmc":24},{"name":"HugeSharedStringConstants","sloc":88,"wmc":18},{"name":"FunctionsThatMightBeMistakenForProcedures","sloc":224,"wmc":66},{"name":"NoteDirectlyRelevantTypeQualifiers","sloc":84,"wmc":20},{"name":"StreamFactory","sloc":9,"wmc":1},{"name":"IteratorIdioms","sloc":69,"wmc":19},{"name":"UnreadFields","sloc":994,"wmc":357},{"name":"FindNakedNotify","sloc":69,"wmc":7},{"name":"IOStreamFactory","sloc":54,"wmc":9},{"name":"InitializationChain","sloc":187,"wmc":49},{"name":"FindLocalSelfAssignment2","sloc":76,"wmc":19},{"name":"TestingGround","sloc":18,"wmc":3},{"name":"MutableLock","sloc":64,"wmc":17},{"name":"CbeckMustOverrideSuperAnnotation","sloc":58,"wmc":13},{"name":"NonNullReturnProperty","sloc":10,"wmc":1},{"name":"StaticFieldLoadStreamFactory","sloc":35,"wmc":6},{"name":"SuspiciousThreadInterrupted","sloc":96,"wmc":36},{"name":"InconsistentAnnotations","sloc":52,"wmc":9},{"name":"NullArgumentWarningProperty","sloc":16,"wmc":1},{"name":"InefficientInitializationInsideLoop","sloc":126,"wmc":43},{"name":"ConfusionBetweenInheritedAndOuterMethod","sloc":114,"wmc":33},{"name":"DontIgnoreResultOfPutIfAbsent","sloc":240,"wmc":56},{"name":"FindDoubleCheck","sloc":187,"wmc":80},{"name":"InstantiateStaticClass","sloc":72,"wmc":25},{"name":"SwitchFallthrough","sloc":289,"wmc":88},{"name":"BuildNonNullAnnotationDatabase","sloc":105,"wmc":22},{"name":"FinalizerNullsFields","sloc":64,"wmc":16},{"name":"FindNonSerializableValuePassedToWriteObject","sloc":127,"wmc":25},{"name":"PublicSemaphores","sloc":63,"wmc":17},{"name":"FindHEmismatch","sloc":541,"wmc":215},{"name":"LoadOfKnownNullValue","sloc":239,"wmc":46},{"name":"FieldItemSummary","sloc":117,"wmc":40},{"name":"DeadLocalStoreProperty","sloc":64,"wmc":1},{"name":"AppendingToAnObjectOutputStream","sloc":62,"wmc":22},{"name":"CallToUnconditionalThrower","sloc":135,"wmc":22},{"name":"NoteUnconditionalParamDerefs","sloc":19,"wmc":3},{"name":"UnnecessaryMath","sloc":121,"wmc":22},{"name":"FindNullDeref","sloc":1375,"wmc":228},{"name":"StreamEquivalenceClass","sloc":28,"wmc":7},{"name":"AnyMethodReturnValueStreamFactory","sloc":42,"wmc":6},{"name":"ReflectiveClasses","sloc":40,"wmc":11},{"name":"FormatStringChecker","sloc":176,"wmc":3},{"name":"Stream","sloc":189,"wmc":47},{"name":"StreamFrameModelingVisitor","sloc":81,"wmc":26},{"name":"NullDerefProperty","sloc":25,"wmc":1},{"name":"InfiniteRecursiveLoop","sloc":154,"wmc":68},{"name":"NoiseNullDeref","sloc":354,"wmc":72},{"name":"RedundantInterfaces","sloc":53,"wmc":11},{"name":"SuperfluousInstanceOf","sloc":75,"wmc":16},{"name":"IncompatMask","sloc":187,"wmc":63},{"name":"BadResultSetAccess","sloc":77,"wmc":18},{"name":"TrainUnconditionalDerefParams","sloc":21,"wmc":3},{"name":"Methods","sloc":17,"wmc":3},{"name":"MethodReturnValueStreamFactory","sloc":73,"wmc":9},{"name":"WaitInLoop","sloc":89,"wmc":37},{"name":"InvalidJUnitTest","sloc":163,"wmc":57},{"name":"BooleanReturnNull","sloc":17,"wmc":4},{"name":"FindFieldSelfAssignment","sloc":125,"wmc":38},{"name":"NoteNonnullReturnValues","sloc":17,"wmc":3},{"name":"DefaultEncodingDetector","sloc":136,"wmc":15},{"name":"MutableStaticFields","sloc":319,"wmc":66},{"name":"StaticCalendarDetector","sloc":234,"wmc":62},{"name":"FindPuzzlers","sloc":594,"wmc":255},{"name":"TestDataflowAnalysis","sloc":99,"wmc":13},{"name":"CovariantArrayAssignment","sloc":148,"wmc":52},{"name":"FindBadCast2","sloc":534,"wmc":8},{"name":"VolatileUsage","sloc":122,"wmc":35},{"name":"FindUselessControlFlow","sloc":76,"wmc":15},{"name":"DuplicateBranches","sloc":310,"wmc":75},{"name":"NoteNonNullAnnotations","sloc":27,"wmc":5},{"name":"StreamEscape","sloc":34,"wmc":7},{"name":"FindUselessObjects","sloc":632,"wmc":243},{"name":"ReadReturnShouldBeChecked","sloc":112,"wmc":44},{"name":"FindSqlInjection","sloc":448,"wmc":83},{"name":"BuildObligationPolicyDatabase","sloc":276,"wmc":46},{"name":"UncallableMethodOfAnonymousClass","sloc":238,"wmc":62},{"name":"MultithreadedInstanceAccess","sloc":129,"wmc":25},{"name":"FindSleepWithLockHeld","sloc":94,"wmc":18},{"name":"FindUnrelatedTypesInGenericContainer","sloc":669,"wmc":86},{"name":"PreferZeroLengthArrays","sloc":57,"wmc":11},{"name":"BadlyOverriddenAdapter","sloc":67,"wmc":14},{"name":"BuildInterproceduralCallGraph","sloc":69,"wmc":14}]},{"name":"edu.umd.cs.findbugs.filter","children":[{"name":"FilterException","sloc":10,"wmc":2},{"name":"VersionMatcher","sloc":25,"wmc":6},{"name":"PriorityMatcher","sloc":39,"wmc":8},{"name":"ConfidenceMatcher","sloc":39,"wmc":8},{"name":"NotMatcher","sloc":46,"wmc":11},{"name":"MemberMatcher","sloc":59,"wmc":13},{"name":"BugMatcher","sloc":73,"wmc":14},{"name":"LastVersionMatcher","sloc":39,"wmc":11},{"name":"SourceMatcher","sloc":42,"wmc":9},{"name":"AndMatcher","sloc":44,"wmc":9},{"name":"NotMatcherTest","sloc":71,"wmc":9},{"name":"OrMatcher","sloc":39,"wmc":8},{"name":"SourceMatcherTest","sloc":72,"wmc":5},{"name":"CompoundMatcher","sloc":67,"wmc":17},{"name":"StringSetMatch","sloc":43,"wmc":11},{"name":"DesignationMatcher","sloc":45,"wmc":10},{"name":"LocalMatcher","sloc":38,"wmc":8},{"name":"ClassMatcher","sloc":51,"wmc":12},{"name":"RelationalOp","sloc":74,"wmc":8},{"name":"MethodMatcher","sloc":75,"wmc":21},{"name":"SignatureUtil","sloc":70,"wmc":15},{"name":"FieldMatcher","sloc":58,"wmc":17},{"name":"TypeMatcher","sloc":54,"wmc":14},{"name":"FirstVersionMatcher","sloc":33,"wmc":7},{"name":"RankMatcher","sloc":40,"wmc":8},{"name":"Matcher","sloc":8,"wmc":2},{"name":"NameMatch","sloc":74,"wmc":19},{"name":"Filter","sloc":186,"wmc":38}]},{"name":"edu.umd.cs.findbugs.graph","children":[{"name":"AbstractEdge","sloc":61,"wmc":14},{"name":"DepthFirstSearch","sloc":20,"wmc":4},{"name":"SearchTreeCallback","sloc":5,"wmc":2},{"name":"SearchTree","sloc":29,"wmc":6},{"name":"AbstractGraph","sloc":219,"wmc":43},{"name":"ReverseDepthFirstSearch","sloc":20,"wmc":4},{"name":"Transpose","sloc":39,"wmc":6},{"name":"StronglyConnectedComponents","sloc":92,"wmc":15},{"name":"VertexChooser","sloc":4,"wmc":1},{"name":"Graph","sloc":24,"wmc":20},{"name":"GraphVertex","sloc":5,"wmc":2},{"name":"GraphToolkit","sloc":6,"wmc":3},{"name":"VisitationTimeComparator","sloc":29,"wmc":5},{"name":"VertexCombinator","sloc":5,"wmc":1},{"name":"AbstractDepthFirstSearch","sloc":199,"wmc":43},{"name":"GraphEdge","sloc":8,"wmc":4},{"name":"SearchTreeBuilder","sloc":29,"wmc":5},{"name":"DFSEdgeTypes","sloc":8,"wmc":1},{"name":"AbstractVertex","sloc":93,"wmc":23},{"name":"MergeVertices","sloc":37,"wmc":14}]},{"name":"edu.umd.cs.findbugs.io","children":[{"name":"IO","sloc":167,"wmc":27},{"name":"IOTest","sloc":46,"wmc":9},{"name":"SlowInputStream","sloc":61,"wmc":12}]},{"name":"edu.umd.cs.findbugs.jaif","children":[{"name":"JAIFEnumConstant","sloc":14,"wmc":3},{"name":"JAIFScannerTest","sloc":99,"wmc":13},{"name":"JAIFParser","sloc":302,"wmc":45},{"name":"JAIFToken","sloc":20,"wmc":4},{"name":"JAIFScanner","sloc":127,"wmc":15},{"name":"JAIFEvents","sloc":11,"wmc":8},{"name":"JAIFSyntaxException","sloc":9,"wmc":2}]},{"name":"edu.umd.cs.findbugs.launchGUI","children":[{"name":"LaunchGUI","sloc":26,"wmc":2}]},{"name":"edu.umd.cs.findbugs.log","children":[{"name":"Logger","sloc":7,"wmc":1},{"name":"YourKitController","sloc":62,"wmc":6},{"name":"LogSync","sloc":5,"wmc":2},{"name":"Profiler","sloc":344,"wmc":65},{"name":"ConsoleLogger","sloc":27,"wmc":5}]},{"name":"edu.umd.cs.findbugs.model","children":[{"name":"SimilarClassFinder","sloc":27,"wmc":6},{"name":"IdentityClassNameRewriter","sloc":16,"wmc":3},{"name":"RegenerateClassFeatures","sloc":54,"wmc":8},{"name":"ClassFeatureSet","sloc":204,"wmc":51},{"name":"ClassNameRewriterUtil","sloc":45,"wmc":10},{"name":"MovedClassMap","sloc":83,"wmc":16},{"name":"SimilarClassSet","sloc":29,"wmc":8},{"name":"ClassNameRewriter","sloc":4,"wmc":1}]},{"name":"edu.umd.cs.findbugs.plan","children":[{"name":"ByInterfaceDetectorFactorySelector","sloc":18,"wmc":4},{"name":"DetectorOrderingConstraint","sloc":26,"wmc":6},{"name":"AnalysisPass","sloc":67,"wmc":15},{"name":"ConstraintGraph","sloc":12,"wmc":2},{"name":"OrderingConstraintException","sloc":8,"wmc":1},{"name":"ConstraintEdge","sloc":14,"wmc":3},{"name":"SingleDetectorFactorySelector","sloc":20,"wmc":3},{"name":"DetectorFactorySelector","sloc":5,"wmc":1},{"name":"DetectorNode","sloc":16,"wmc":3},{"name":"ExecutionPlan","sloc":352,"wmc":81},{"name":"ReportingDetectorFactorySelector","sloc":21,"wmc":4}]},{"name":"edu.umd.cs.findbugs.plugins","children":[{"name":"DuplicatePluginIdException","sloc":22,"wmc":4},{"name":"DuplicatePluginIdError","sloc":22,"wmc":4}]},{"name":"edu.umd.cs.findbugs.props","children":[{"name":"WarningPropertyUtil","sloc":108,"wmc":17},{"name":"WarningProperty","sloc":5,"wmc":2},{"name":"GeneralWarningProperty","sloc":26,"wmc":1},{"name":"PriorityAdjustment","sloc":25,"wmc":2},{"name":"AbstractWarningProperty","sloc":17,"wmc":3},{"name":"WarningPropertySet","sloc":151,"wmc":16}]},{"name":"edu.umd.cs.findbugs.updates","children":[{"name":"UpdateCheckerTest","sloc":215,"wmc":21},{"name":"UpdateChecker","sloc":457,"wmc":86},{"name":"UpdateCheckCallback","sloc":6,"wmc":1},{"name":"PluginUpdateListener","sloc":5,"wmc":1}]},{"name":"edu.umd.cs.findbugs.util","children":[{"name":"ExactStringMatcher","sloc":15,"wmc":3},{"name":"HTML","sloc":104,"wmc":23},{"name":"EditDistance","sloc":74,"wmc":14},{"name":"MergeMap","sloc":61,"wmc":14},{"name":"Strings","sloc":133,"wmc":36},{"name":"Util","sloc":496,"wmc":101},{"name":"JavaWebStart","sloc":81,"wmc":5},{"name":"ContainsCamelCaseWordStringMatcher","sloc":19,"wmc":3},{"name":"SplitCamelCaseIdentifier","sloc":50,"wmc":11},{"name":"MultiMap","sloc":61,"wmc":14},{"name":"MapCache","sloc":20,"wmc":5},{"name":"AnyTypeMatcher","sloc":12,"wmc":2},{"name":"TestDesktopIntegration","sloc":212,"wmc":18},{"name":"Multiset","sloc":95,"wmc":24},{"name":"NullIterator","sloc":17,"wmc":3},{"name":"StringsTest","sloc":45,"wmc":8},{"name":"RegexStringMatcher","sloc":18,"wmc":3},{"name":"TypeMatcher","sloc":5,"wmc":1},{"name":"TripleKeyHashMap","sloc":21,"wmc":4},{"name":"Bag","sloc":46,"wmc":10},{"name":"Archive","sloc":32,"wmc":4},{"name":"ClassPathUtil","sloc":40,"wmc":9},{"name":"StringMatcher","sloc":4,"wmc":1},{"name":"LaunchBrowser","sloc":118,"wmc":19},{"name":"ClassNameTest","sloc":38,"wmc":4},{"name":"ClassName","sloc":164,"wmc":51},{"name":"FutureValue","sloc":64,"wmc":15},{"name":"ProfilingMapCache","sloc":42,"wmc":7},{"name":"SubtypeTypeMatcher","sloc":35,"wmc":5},{"name":"FractionalMultiset","sloc":94,"wmc":21},{"name":"WriteOnceProperties","sloc":73,"wmc":20},{"name":"TopologicalSort","sloc":226,"wmc":51},{"name":"NotImplementedYetException","sloc":6,"wmc":1},{"name":"DualKeyHashMap","sloc":46,"wmc":10}]},{"name":"edu.umd.cs.findbugs.visitclass","children":[{"name":"AnnotationVisitor","sloc":102,"wmc":19},{"name":"Util","sloc":119,"wmc":36},{"name":"DismantleBytecodeTest","sloc":13,"wmc":1},{"name":"DismantleBytecode","sloc":932,"wmc":192},{"name":"BetterVisitor","sloc":271,"wmc":70},{"name":"LVTHelper","sloc":19,"wmc":5},{"name":"GetNumberArgumentsTest","sloc":30,"wmc":9},{"name":"Constants2","sloc":3,"wmc":1},{"name":"PreorderVisitorTest","sloc":15,"wmc":1},{"name":"PreorderVisitor","sloc":568,"wmc":136},{"name":"PrintClass","sloc":132,"wmc":36}]},{"name":"edu.umd.cs.findbugs.workflow","children":[{"name":"CloudReport","sloc":30,"wmc":3},{"name":"ListBugDatabaseInfo","sloc":91,"wmc":11},{"name":"PrintAppVersion","sloc":15,"wmc":2},{"name":"FileBugHash","sloc":113,"wmc":25},{"name":"BackdateHistoryUsingSource","sloc":60,"wmc":12},{"name":"CopyBuggySource","sloc":199,"wmc":41},{"name":"CountClassVersions","sloc":126,"wmc":24},{"name":"TreemapVisualization","sloc":90,"wmc":21},{"name":"UnionResults","sloc":96,"wmc":16},{"name":"FB","sloc":33,"wmc":5},{"name":"RejarClassesForAnalysis","sloc":556,"wmc":105},{"name":"FindSeqNumTest","sloc":88,"wmc":20},{"name":"ListErrors","sloc":23,"wmc":5},{"name":"TestingGround","sloc":103,"wmc":29},{"name":"CloudSyncAndReport","sloc":142,"wmc":25},{"name":"SetBugDatabaseInfo","sloc":244,"wmc":58},{"name":"RebornIssues","sloc":93,"wmc":25},{"name":"Update","sloc":467,"wmc":111},{"name":"DefectDensity","sloc":60,"wmc":17},{"name":"MineBugHistory","sloc":341,"wmc":81},{"name":"RecursiveSearchForJavaFiles","sloc":33,"wmc":9},{"name":"Filter","sloc":704,"wmc":160},{"name":"Churn","sloc":188,"wmc":40},{"name":"CountByPackagePrefix","sloc":65,"wmc":14},{"name":"MergeSummarizeAndView","sloc":292,"wmc":48},{"name":"ObfuscateBugs","sloc":65,"wmc":15},{"name":"SourceSearcher","sloc":50,"wmc":9}]},{"name":"edu.umd.cs.findbugs.xml","children":[{"name":"MetaCharacterMap","sloc":22,"wmc":4},{"name":"XPathFind","sloc":51,"wmc":6},{"name":"XMLAttributeList","sloc":62,"wmc":13},{"name":"XMLOutput","sloc":20,"wmc":12},{"name":"XMLUtil","sloc":9,"wmc":1},{"name":"XMLOutputUtil","sloc":35,"wmc":9},{"name":"QuoteMetaCharacters","sloc":41,"wmc":10},{"name":"XMLWriteable","sloc":5,"wmc":1},{"name":"Dom4JXMLOutput","sloc":94,"wmc":20},{"name":"OutputStreamXMLOutput","sloc":142,"wmc":27}]},{"name":"edu.umd.cs.findbugs.architecture","children":[{"name":"PackageDependenciesTest","sloc":47,"wmc":4}]},{"name":"edu.umd.cs.findbugs.internalAnnotations","children":[{"name":"SlashedClassNameTest","sloc":21,"wmc":3}]},{"name":"edu.umd.cs.findbugs.ml","children":[{"name":"SplitCamelCaseIdentifierTest","sloc":52,"wmc":9}]},{"name":"edu.umd.cs.findbugs.tools","children":[{"name":"GenerateUpdateXml","sloc":16,"wmc":2},{"name":"FilterAndCombineBitfieldPropertyDatabase","sloc":94,"wmc":20},{"name":"CheckClassfileVersion","sloc":63,"wmc":15},{"name":"ComparePerfomance","sloc":79,"wmc":12},{"name":"FilterPropertyDatabase","sloc":48,"wmc":9},{"name":"FixIndentation","sloc":151,"wmc":35}]},{"name":"edu.umd.cs.findbugs.tools.html","children":[{"name":"ColorAlternator","sloc":11,"wmc":2},{"name":"PrintBugDescriptions","sloc":36,"wmc":9},{"name":"PrettyPrintBugDescriptions","sloc":141,"wmc":29},{"name":"PlainPrintBugDescriptions","sloc":53,"wmc":11}]},{"name":"edu.umd.cs.findbugs.tools.junit","children":[{"name":"JUnitJarRunner","sloc":94,"wmc":17}]},{"name":"edu.umd.cs.findbugs.tools.xml","children":[{"name":"CheckMessages","sloc":147,"wmc":27}]}]}