[{"type":"me.umov.business.api.TaskScheduleApi","size":715,"dependencies":["me.umov.business.shared.application.ApiReturn","me.umov.business.taskschedule.application.dto.RelationshipDTO","me.umov.business.taskschedule.application.dto.SaveTaskScheduleGroupRequest","me.umov.business.taskschedule.application.service.TaskScheduleApplicationService"]},{"type":"me.umov.business.taskschedule.domain.Itinerary","size":593,"dependencies":["me.umov.business.activity.domain.ActivityModel","me.umov.business.agent.domain.AgentModel","me.umov.business.application.controller.activity.ActivityRelationship","me.umov.business.application.controller.agent.AgentRelationship","me.umov.business.application.controller.team.TeamRelationship","me.umov.business.domain.task.TaskTypeModel","me.umov.business.recurrence.domain.CrontabExpression","me.umov.business.recurrence.domain.DateInterval","me.umov.business.recurrence.domain.IDateInterval","me.umov.business.recurrence.domain.RecurrenceConfiguration","me.umov.business.recurrence.domain.RecurrenceConfigurationInterface","me.umov.business.recurrence.domain.RecurrenceEndsConfiguration","me.umov.business.recurrence.domain.RecurrenceRepeatConfiguration","me.umov.business.servicelocal.domain.ServiceLocalModel","me.umov.business.shared.domain.BaseClientModel","me.umov.business.taskschedule.application.dto.ItineraryServiceLocalRelationship","me.umov.business.team.domain.TeamModel"]},{"type":"me.umov.business.domain.task.TaskModel","size":577,"dependencies":["me.umov.business.agent.domain.AgentModel","me.umov.business.application.model.CustomFieldValueModel","me.umov.business.recurrence.domain.DateInterval","me.umov.business.recurrence.domain.Recurrent","me.umov.business.servicelocal.domain.ServiceLocalModel","me.umov.business.shared.domain.BaseClientModel","me.umov.business.team.domain.TeamModel"]},{"type":"me.umov.business.application.model.dto.SaveTaskDTO","size":386,"dependencies":["me.umov.business.agent.domain.AgentModel","me.umov.business.application.model.CustomFieldValueModel","me.umov.business.domain.task.TaskActivityModel","me.umov.business.domain.task.TaskModel","me.umov.business.domain.task.TaskTypeModel","me.umov.business.servicelocal.domain.ServiceLocalModel","me.umov.business.team.domain.TeamModel"]},{"type":"me.umov.business.taskschedule.domain.ItinerarySchedule","size":244,"dependencies":["me.umov.business.recurrence.domain.CrontabExpression","me.umov.business.recurrence.domain.DateInterval","me.umov.business.recurrence.domain.IDateInterval","me.umov.business.recurrence.domain.RecurrenceConfiguration","me.umov.business.recurrence.domain.RecurrenceConfigurationInterface","me.umov.business.recurrence.domain.RecurrenceEndsConfiguration","me.umov.business.recurrence.domain.RecurrenceRepeatConfiguration","me.umov.business.shared.domain.BaseClientModel"]},{"type":"me.umov.business.domain.task.TaskService","size":237,"dependencies":["me.umov.business.agent.domain.AgentModel","me.umov.business.application.model.dto.AgentTaskDTO","me.umov.business.application.model.dto.AssignAgentsTasksDTO","me.umov.business.application.model.dto.CancelTaskDTO","me.umov.business.application.model.dto.SaveTaskDTO","me.umov.business.application.repository.custom.task.TaskRepositoryCustom","me.umov.business.application.service.BaseService","me.umov.business.application.service.CustomFieldValueService","me.umov.business.application.service.RecurrenceService","me.umov.business.domain.client.ClientConfigurations","me.umov.business.domain.client.ClientService","me.umov.business.domain.model.builder.TaskLoader","me.umov.business.domain.workcycle.WorkCycleServicePort","me.umov.business.shared.domain.event.DomainEventRegistry"]},{"type":"me.umov.business.taskschedule.application.dto.SaveTaskScheduleGroupRequest","size":196,"dependencies":["me.umov.business.application.controller.activity.ActivityRelationship","me.umov.business.application.controller.agent.AgentRelationship","me.umov.business.application.controller.team.TeamRelationship","me.umov.business.recurrence.domain.RecurrenceConfiguration","me.umov.business.shared.domain.IntegrationModel"]},{"type":"me.umov.business.taskschedule.anticorruption.TaskScheduleGroupConverterImpl","size":185,"dependencies":["me.umov.business.activity.domain.ActivityModel","me.umov.business.agent.domain.AgentModel","me.umov.business.application.controller.activity.ActivityRelationship","me.umov.business.application.controller.agent.AgentRelationship","me.umov.business.application.controller.team.TeamRelationship","me.umov.business.application.repository.ActivityRepository","me.umov.business.application.repository.AgentRepository","me.umov.business.application.repository.ItineraryTeamReposytory","me.umov.business.application.repository.ServiceLocalRepository","me.umov.business.application.repository.TeamRepository","me.umov.business.domain.task.TaskTypeJpaRepository","me.umov.business.domain.task.TaskTypeModel","me.umov.business.servicelocal.domain.ServiceLocalModel","me.umov.business.shared.application.RequestUserData","me.umov.business.shared.application.dto.IdDTO","me.umov.business.shared.exception.BusinessValidationException","me.umov.business.taskschedule.application.dto.ItineraryServiceLocalRelationship","me.umov.business.taskschedule.application.dto.SaveTaskScheduleGroupRequest","me.umov.business.taskschedule.application.service.TaskScheduleConverter","me.umov.business.taskschedule.domain.Itinerary","me.umov.business.taskschedule.domain.ItinerarySchedule","me.umov.business.taskschedule.domain.ItineraryScheduleJpaRepository","me.umov.business.taskschedule.domain.ItineraryTeam","me.umov.business.team.domain.TeamModel"]},{"type":"me.umov.business.taskschedule.anticorruption.taskSchedule.AbstractTaskScheduleGroupConverter","size":161,"dependencies":["me.umov.business.activity.domain.ActivityModel","me.umov.business.agent.domain.AgentModel","me.umov.business.application.controller.activity.ActivityRelationship","me.umov.business.application.controller.agent.AgentRelationship","me.umov.business.application.controller.team.TeamRelationship","me.umov.business.application.repository.ActivityRepository","me.umov.business.application.repository.AgentRepository","me.umov.business.application.repository.ItineraryTeamReposytory","me.umov.business.application.repository.ServiceLocalRepository","me.umov.business.application.repository.TeamRepository","me.umov.business.domain.task.TaskTypeJpaRepository","me.umov.business.domain.task.TaskTypeModel","me.umov.business.servicelocal.domain.ServiceLocalModel","me.umov.business.shared.application.RequestUserData","me.umov.business.shared.exception.BusinessValidationException","me.umov.business.taskschedule.application.dto.ItineraryServiceLocalRelationship","me.umov.business.taskschedule.application.dto.SaveTaskScheduleGroupRequest","me.umov.business.taskschedule.application.service.TaskScheduleConverter","me.umov.business.taskschedule.domain.ItinerarySchedule","me.umov.business.taskschedule.domain.ItineraryScheduleJpaRepository","me.umov.business.taskschedule.domain.ItineraryTeam","me.umov.business.team.domain.TeamModel"]},{"type":"me.umov.business.infrastructure.cron.JobCreationRequestDTO","size":156,"dependencies":["me.umov.business.recurrence.domain.CrontabExpression"]},{"type":"me.umov.business.application.service.RecurrenceService","size":133,"dependencies":["me.umov.business.recurrence.domain.DateInterval","me.umov.business.recurrence.domain.RecurrenceConfiguration","me.umov.business.recurrence.domain.Recurrent"]},{"type":"me.umov.business.domain.task.TaskDailyResume","size":125,"dependencies":["me.umov.business.application.model.Interval"]},{"type":"me.umov.business.domain.workcycle.WorkCycleService","size":125,"dependencies":["me.umov.business.activity.domain.ActivityModel","me.umov.business.domain.client.ClientService","me.umov.business.domain.task.TaskActivityModel","me.umov.business.domain.task.TaskModel","me.umov.business.shared.application.RequestUserData"]},{"type":"me.umov.business.servicelocal.domain.ServiceLocalModel","size":124,"dependencies":["me.umov.business.domain.servicelocal.Address","me.umov.business.shared.domain.BaseClientModel","me.umov.business.shared.domain.IntegrationModel"]},{"type":"me.umov.business.domain.task.TaskConfigModel","size":124,"dependencies":["me.umov.business.shared.domain.BaseClientModel"]},{"type":"me.umov.business.activity.domain.ActivityModel","size":122,"dependencies":["me.umov.business.shared.domain.BaseClientModel","me.umov.business.shared.domain.IntegrationModel"]},{"type":"me.umov.business.application.controller.TaskController","size":121,"dependencies":["me.umov.business.application.model.dto.AssignAgentsTasksDTO","me.umov.business.application.model.dto.CancelTaskDTO","me.umov.business.application.model.dto.PrioritizeTasksDTO","me.umov.business.application.model.dto.ResultProcessRule","me.umov.business.application.model.dto.RuleRequestDTO","me.umov.business.application.model.dto.SaveTaskDTO","me.umov.business.application.model.dto.TaskSituationDTO","me.umov.business.application.service.DistributionTask","me.umov.business.application.service.FactoryDistributionTask","me.umov.business.domain.task.TaskDailyResume","me.umov.business.domain.task.TaskModel","me.umov.business.domain.task.TaskService","me.umov.business.shared.application.ApiReturn","me.umov.business.shared.exception.BadRequestException","me.umov.business.shared.exception.BusinessValidationException","me.umov.business.shared.exception.InvalidIntervalException"]},{"type":"me.umov.business.domain.workcycle.WorkCycle","size":115,"dependencies":["me.umov.business.activity.domain.ActivityModel","me.umov.business.servicelocal.domain.ServiceLocalModel","me.umov.business.shared.domain.BaseClientModel"]},{"type":"me.umov.business.application.model.WorkJourneyDayModel","size":113,"dependencies":["me.umov.business.shared.domain.BaseClientModel"]},{"type":"me.umov.business.application.model.notification.TaskNotification","size":112,"dependencies":["me.umov.business.agent.domain.AgentModel","me.umov.business.infrastructure.jpa.LongArrayType","me.umov.business.shared.domain.BaseClientModel"]},{"type":"me.umov.business.application.handler.GeneralRestExceptionHandler","size":107,"dependencies":["me.umov.business.shared.application.ApiReturn","me.umov.business.shared.exception.BadRequestException","me.umov.business.shared.exception.BusinessValidationException","me.umov.business.shared.exception.DeleteException","me.umov.business.shared.exception.ResourceNotFoundException","me.umov.business.shared.exception.UnauthorizedRequestException","me.umov.business.shared.specification.domain.SpecificationException"]},{"type":"me.umov.business.application.service.CustomFieldValueService","size":107,"dependencies":["me.umov.business.application.model.CommonCustomFieldConfig","me.umov.business.application.model.CustomFieldValueModel","me.umov.business.application.repository.CustomFieldValueRepository","me.umov.business.domain.rule.customfield.ShouldHaveRequiredCustomFields","me.umov.business.domain.rule.customfield.ShouldHaveValidGeocoordinateCustomFields","me.umov.business.domain.rule.customfield.ShouldHaveValidMultimidiaURLCustomFields","me.umov.business.domain.task.TaskModel","me.umov.business.shared.domain.BaseClientModel","me.umov.business.shared.specification.rule.BusinessRule"]},{"type":"me.umov.business.agent.domain.AgentModel","size":103,"dependencies":["me.umov.business.application.model.WorkJourneyModel","me.umov.business.shared.domain.BaseClientModel","me.umov.business.shared.domain.IntegrationModel"]},{"type":"me.umov.business.application.model.WorkJourneyModel","size":102,"dependencies":["me.umov.business.recurrence.domain.DateInterval","me.umov.business.shared.domain.BaseClientModel"]},{"type":"me.umov.business.domain.servicelocal.Address","size":98,"dependencies":[]},{"type":"me.umov.business.domain.task.TaskActivityModel","size":97,"dependencies":["me.umov.business.activity.domain.ActivityModel","me.umov.business.domain.workcycle.WorkCycle","me.umov.business.shared.domain.BaseClientModel"]},{"type":"me.umov.business.taskschedule.domain.ItineraryServiceLocal","size":96,"dependencies":["me.umov.business.servicelocal.domain.ServiceLocalModel","me.umov.business.shared.domain.BaseClientModel"]},{"type":"me.umov.business.agent.domain.AgentAbsenceModel","size":95,"dependencies":["me.umov.business.shared.domain.BaseClientModel"]},{"type":"me.umov.business.domain.model.builder.TaskLoader","size":95,"dependencies":["me.umov.business.application.model.CustomFieldValueModel","me.umov.business.application.model.dto.ICustomFields","me.umov.business.application.model.dto.IOperationDTO","me.umov.business.application.repository.ActivityRepository","me.umov.business.application.repository.AgentRepository","me.umov.business.application.repository.ItemRepository","me.umov.business.application.repository.ServiceLocalRepository","me.umov.business.application.repository.TaskTypeRepository","me.umov.business.application.repository.TeamRepository","me.umov.business.domain.client.Client","me.umov.business.domain.client.ClientService","me.umov.business.domain.rule.builders.SaveTaskValidationBuilder","me.umov.business.domain.rule.builders.ValidationBuilder","me.umov.business.domain.task.TaskJpaRepository","me.umov.business.domain.task.TaskModel","me.umov.business.team.domain.TeamModel"]},{"type":"me.umov.business.taskschedule.anticorruption.taskSchedule.TaskSchedulePartialUpdateConverter","size":94,"dependencies":["me.umov.business.application.service.IntegrationService","me.umov.business.domain.task.TaskTypeJpaRepository","me.umov.business.domain.task.TaskTypeModel","me.umov.business.recurrence.domain.RecurrenceConfiguration","me.umov.business.recurrence.domain.RecurrenceConfigurationInterface","me.umov.business.shared.application.RequestUserData","me.umov.business.shared.exception.BusinessValidationException","me.umov.business.taskschedule.application.dto.SaveTaskScheduleGroupRequest","me.umov.business.taskschedule.application.service.TaskScheduleConverter","me.umov.business.taskschedule.domain.Itinerary","me.umov.business.taskschedule.domain.ItinerarySchedule","me.umov.business.taskschedule.domain.ItineraryScheduleJpaRepository"]},{"type":"me.umov.business.domain.rule.task.ShouldHaveValidSituationLifeCicle","size":93,"dependencies":["me.umov.business.domain.task.TaskModel","me.umov.business.domain.task.TaskService","me.umov.business.shared.specification.rule.BusinessRule","me.umov.business.shared.specification.rule.RuleMessage"]},{"type":"me.umov.business.domain.client.SystemParameters","size":92,"dependencies":["me.umov.business.application.model.idiom.Idiom","me.umov.business.shared.domain.BaseModel"]},{"type":"me.umov.business.application.controller.workcycle.WorkCycleController","size":90,"dependencies":["me.umov.business.domain.workcycle.WorkCycle","me.umov.business.domain.workcycle.WorkCycleRoot","me.umov.business.domain.workcycle.WorkCycleServicePort","me.umov.business.shared.application.ApiReturn","me.umov.business.taskschedule.domain.ItineraryServicePort"]},{"type":"me.umov.business.infrastructure.queue.analyzeRule.Rule","size":88,"dependencies":["me.umov.business.application.model.Event"]},{"type":"me.umov.business.item.domain.ItemModel","size":88,"dependencies":["me.umov.business.shared.domain.BaseClientModel"]},{"type":"me.umov.business.taskschedule.domain.ItineraryService","size":87,"dependencies":["me.umov.business.domain.servicelocal.ServiceLocalActivityDAO","me.umov.business.shared.application.RequestUserData","me.umov.business.shared.domain.event.DomainEventRegistry","me.umov.business.shared.exception.BusinessValidationException","me.umov.business.shared.specification.rule.RuleMessage","me.umov.business.taskschedule.specification.TaskScheduleGroupValidator","me.umov.business.taskschedule.specification.WorkCycleScheduleValidator"]},{"type":"me.umov.business.recurrence.domain.RecurrenceConfiguration","size":86,"dependencies":[]},{"type":"me.umov.business.team.domain.TeamModel","size":83,"dependencies":["me.umov.business.agent.domain.AgentModel","me.umov.business.shared.domain.BaseClientModel","me.umov.business.shared.domain.IntegrationModel"]},{"type":"me.umov.business.domain.client.Client","size":83,"dependencies":["me.umov.business.application.model.idiom.Idiom","me.umov.business.shared.domain.BaseModel"]},{"type":"me.umov.business.taskschedule.application.dto.RelationshipDTO","size":80,"dependencies":["me.umov.business.shared.domain.IntegrationModel"]},{"type":"me.umov.business.application.service.DistributionTask","size":79,"dependencies":["me.umov.business.agent.domain.AgentModel","me.umov.business.application.model.dto.ResultProcessRule","me.umov.business.application.model.dto.RuleRequestDTO","me.umov.business.domain.rule.builders.ValidationBuilder","me.umov.business.domain.task.TaskModel","me.umov.business.domain.task.TaskService","me.umov.business.shared.exception.BusinessValidationException","me.umov.business.shared.specification.rule.RuleMessage","me.umov.business.shared.specification.rule.ValidationRules"]},{"type":"me.umov.business.taskschedule.anticorruption.relationship.AbstractItineraryRelationshipConverter","size":77,"dependencies":["me.umov.business.application.repository.IntegrationRepository","me.umov.business.application.service.IntegrationService","me.umov.business.shared.application.RequestUserData","me.umov.business.shared.domain.IntegrationModel","me.umov.business.shared.exception.BusinessValidationException","me.umov.business.shared.exception.DeleteException","me.umov.business.shared.specification.rule.RuleMessage","me.umov.business.taskschedule.application.dto.RelationshipDTO","me.umov.business.taskschedule.application.service.RelationshipConverter","me.umov.business.taskschedule.domain.Itinerary","me.umov.business.taskschedule.domain.ItinerarySchedule","me.umov.business.taskschedule.domain.ItineraryScheduleJpaRepository"]},{"type":"me.umov.business.infrastructure.cron.RundeckRestService","size":74,"dependencies":[]},{"type":"me.umov.business.taskschedule.specification.TaskScheduleGroupValidator","size":73,"dependencies":["me.umov.business.domain.generic.specification.ShouldHaveUniqueDescription","me.umov.business.domain.generic.specification.ShouldHaveValidId","me.umov.business.shared.specification.domain.BaseValidator","me.umov.business.shared.specification.domain.ISpecification","me.umov.business.taskschedule.domain.ItinerarySchedule"]},{"type":"me.umov.business.domain.workcycle.WorkCycleRoot","size":71,"dependencies":["me.umov.business.activity.domain.ActivityModel","me.umov.business.shared.domain.BaseClientModel"]},{"type":"me.umov.business.domain.rule.builders.SaveTaskValidationBuilder","size":71,"dependencies":["me.umov.business.application.service.ActivityService","me.umov.business.application.service.AgentService","me.umov.business.application.service.RecurrenceService","me.umov.business.application.service.ServiceLocalApplicationService","me.umov.business.application.service.TaskConfigService","me.umov.business.application.service.TaskTypeService","me.umov.business.application.service.TeamService","me.umov.business.domain.client.ClientService","me.umov.business.domain.task.TaskModel","me.umov.business.domain.task.TaskService","me.umov.business.shared.specification.rule.BusinessRule"]},{"type":"me.umov.business.domain.task.TaskItemModel","size":70,"dependencies":["me.umov.business.item.domain.ItemModel","me.umov.business.shared.domain.BaseClientModel"]},{"type":"me.umov.business.taskschedule.domain.ItineraryAgent","size":69,"dependencies":["me.umov.business.agent.domain.AgentModel","me.umov.business.shared.domain.BaseClientModel"]},{"type":"me.umov.business.recurrence.domain.RecurrenceEndsConfiguration","size":67,"dependencies":[]},{"type":"me.umov.business.configuration.SwaggerConfig","size":67,"dependencies":[]},{"type":"me.umov.business.taskschedule.domain.ItineraryActivity","size":66,"dependencies":["me.umov.business.activity.domain.ActivityModel","me.umov.business.shared.domain.BaseClientModel"]},{"type":"me.umov.business.application.model.CustomFieldValueModel","size":66,"dependencies":["me.umov.business.shared.domain.BaseClientModel"]},{"type":"me.umov.business.recurrence.domain.RecurrenceRepeatConfiguration","size":66,"dependencies":[]},{"type":"me.umov.business.domain.task.TaskTypeModel","size":64,"dependencies":["me.umov.business.shared.domain.BaseClientModel"]},{"type":"me.umov.business.team.domain.TeamAgentModel","size":63,"dependencies":["me.umov.business.agent.domain.AgentModel","me.umov.business.shared.domain.BaseClientModel"]},{"type":"me.umov.business.shared.application.ApiReturn","size":62,"dependencies":[]},{"type":"me.umov.business.application.controller.workcycle.CreateWorkCycleRequest","size":62,"dependencies":[]},{"type":"me.umov.business.application.service.BaseService","size":61,"dependencies":["me.umov.business.application.repository.BaseRepository","me.umov.business.shared.application.RequestUserData","me.umov.business.shared.domain.BaseModel","me.umov.business.shared.exception.BusinessValidationException","me.umov.business.shared.specification.rule.BusinessRule"]},{"type":"me.umov.business.taskschedule.application.service.TaskScheduleApplicationService","size":61,"dependencies":["me.umov.business.shared.application.ApiReturn","me.umov.business.shared.exception.BaseApiException","me.umov.business.shared.exception.BusinessValidationException","me.umov.business.shared.exception.DeleteException","me.umov.business.shared.specification.domain.SpecificationException","me.umov.business.taskschedule.application.dto.RelationshipDTO","me.umov.business.taskschedule.application.dto.SaveTaskScheduleGroupRequest","me.umov.business.taskschedule.domain.ItinerarySchedule","me.umov.business.taskschedule.domain.ScheduledTasksCreator"]},{"type":"me.umov.business.infrastructure.serialization.GsonConfiguration","size":61,"dependencies":["me.umov.business.infrastructure.configuration.SpringConfiguration"]},{"type":"me.umov.business.application.model.CustomFieldModel","size":60,"dependencies":["me.umov.business.shared.domain.BaseClientModel"]},{"type":"me.umov.business.application.authorization.JWTService","size":60,"dependencies":["me.umov.business.application.authorization.UMovMeJWTClaims","me.umov.business.shared.application.RequestUserData","me.umov.business.shared.exception.UnauthorizedRequestException"]},{"type":"me.umov.business.domain.rule.task.ShouldHaveValidRecurrenceConfiguration","size":60,"dependencies":["me.umov.business.recurrence.domain.RecurrenceConfiguration","me.umov.business.shared.specification.rule.BusinessRule","me.umov.business.shared.specification.rule.RuleMessage"]},{"type":"me.umov.business.application.observer.NotificationAfterSaveTask","size":60,"dependencies":["me.umov.business.application.model.Event","me.umov.business.application.repository.EventRepository","me.umov.business.domain.activityHistory.ActivityHistoryServiceImpl","me.umov.business.domain.task.TaskModel","me.umov.business.domain.task.TaskSavedEvent","me.umov.business.infrastructure.queue.MessageDTO","me.umov.business.infrastructure.queue.ProducerBuilder","me.umov.business.infrastructure.queue.ProducerNotification","me.umov.business.infrastructure.queue.analyzeRule.Rule","me.umov.business.infrastructure.queue.analyzeRule.RuleRepository","me.umov.business.shared.domain.event.DomainEventListener"]},{"type":"me.umov.business.domain.rule.task.ShouldHaveRequiredTaskConfigFields","size":59,"dependencies":["me.umov.business.domain.task.TaskConfigModel","me.umov.business.domain.task.TaskModel","me.umov.business.shared.specification.rule.BusinessRule","me.umov.business.shared.specification.rule.RuleMessage"]},{"type":"me.umov.business.application.controller.workcycle.SaveWorkCycleScheduleRequest","size":57,"dependencies":["me.umov.business.recurrence.domain.RecurrenceConfiguration"]},{"type":"me.umov.business.recurrence.domain.CrontabExpression","size":56,"dependencies":[]},{"type":"me.umov.business.infrastructure.queue.AmazonSQSConfiguration","size":56,"dependencies":[]},{"type":"me.umov.business.infrastructure.cron.RundeckSchedulerCronProvider","size":56,"dependencies":["me.umov.business.recurrence.domain.CronProvider","me.umov.business.recurrence.domain.CrontabExpression"]},{"type":"me.umov.business.anticorruption.itinerary.WorkCycleScheduleConverterImpl","size":55,"dependencies":["me.umov.business.application.controller.workcycle.SaveWorkCycleScheduleRequest","me.umov.business.application.controller.workcycle.WorkCycleScheduleConverter","me.umov.business.shared.application.RequestUserData","me.umov.business.taskschedule.domain.Itinerary","me.umov.business.taskschedule.domain.ItinerarySchedule","me.umov.business.taskschedule.domain.ItineraryScheduleJpaRepository"]},{"type":"me.umov.business.application.model.dto.TaskItemDTO","size":53,"dependencies":["me.umov.business.domain.task.TaskItemModel","me.umov.business.domain.task.TaskModel","me.umov.business.item.domain.ItemModel"]},{"type":"me.umov.business.taskschedule.domain.ItineraryTeam","size":53,"dependencies":["me.umov.business.shared.domain.BaseClientModel","me.umov.business.team.domain.TeamModel"]},{"type":"me.umov.business.domain.rule.task.ShouldHaveAgentByRequiredTaskConfig","size":51,"dependencies":["me.umov.business.domain.task.TaskConfigModel","me.umov.business.domain.task.TaskModel","me.umov.business.shared.specification.rule.BusinessRule","me.umov.business.shared.specification.rule.RuleMessage"]},{"type":"me.umov.business.application.repository.custom.AgentRepositoyCustom","size":51,"dependencies":["me.umov.business.agent.domain.AgentModel"]},{"type":"me.umov.business.taskschedule.anticorruption.relationship.TeamRelationshipConverter","size":49,"dependencies":["me.umov.business.application.repository.IntegrationRepository","me.umov.business.application.repository.TeamRepository","me.umov.business.application.service.IntegrationService","me.umov.business.shared.domain.IntegrationModel","me.umov.business.taskschedule.application.dto.RelationshipDTO","me.umov.business.taskschedule.domain.Itinerary","me.umov.business.taskschedule.domain.ItineraryTeam","me.umov.business.team.domain.TeamModel"]},{"type":"me.umov.business.taskschedule.anticorruption.relationship.ActivityRelationshipConverter","size":49,"dependencies":["me.umov.business.activity.domain.ActivityModel","me.umov.business.application.repository.ActivityRepository","me.umov.business.application.repository.IntegrationRepository","me.umov.business.application.service.IntegrationService","me.umov.business.shared.domain.IntegrationModel","me.umov.business.taskschedule.application.dto.RelationshipDTO","me.umov.business.taskschedule.domain.Itinerary","me.umov.business.taskschedule.domain.ItineraryActivity"]},{"type":"me.umov.business.application.controller.agent.AgentController","size":49,"dependencies":["me.umov.business.agent.domain.AgentModel","me.umov.business.application.controller.BaseController","me.umov.business.application.model.dto.AgentJourneyHoursDTO","me.umov.business.application.service.AgentService","me.umov.business.shared.application.ApiReturn","me.umov.business.shared.exception.InvalidIntervalException","me.umov.business.shared.exception.ResourceNotFoundException"]},{"type":"me.umov.business.application.service.notification.TaskNotificationService","size":49,"dependencies":["me.umov.business.application.model.notification.TaskNotification","me.umov.business.application.repository.TaskNotificationRepository","me.umov.business.application.service.ServiceLocalApplicationService","me.umov.business.application.service.idiom.IdiomWrapper","me.umov.business.application.service.toggle.FeatureToggleService","me.umov.business.domain.task.TaskModel","me.umov.business.domain.task.TaskService","me.umov.business.servicelocal.domain.ServiceLocalModel"]},{"type":"me.umov.business.application.model.dto.AgentJourneyHoursDTO","size":48,"dependencies":["me.umov.business.application.model.Interval"]},{"type":"me.umov.business.application.model.idiom.IdiomEntry","size":48,"dependencies":["me.umov.business.domain.client.Client","me.umov.business.shared.domain.BaseModel"]},{"type":"me.umov.business.application.controller.CronController","size":48,"dependencies":["me.umov.business.shared.application.ApiReturn","me.umov.business.shared.application.RequestUserData","me.umov.business.shared.application.dto.IdDTO","me.umov.business.taskschedule.domain.ItinerarySchedule","me.umov.business.taskschedule.domain.ItineraryScheduleCronService","me.umov.business.taskschedule.domain.ItineraryScheduleJpaRepository"]},{"type":"me.umov.business.infrastructure.servicelocal.activity.ServiceLocalActivityEntity","size":47,"dependencies":["me.umov.business.shared.domain.BaseClientModel"]},{"type":"me.umov.business.domain.activityHistory.ActivityHistory","size":46,"dependencies":["me.umov.business.shared.domain.BaseClientModel"]},{"type":"me.umov.business.domain.rule.task.ShouldHaveValidActivitiesAssociated","size":46,"dependencies":["me.umov.business.activity.domain.ActivityModel","me.umov.business.domain.task.TaskModel","me.umov.business.shared.specification.rule.BusinessRule","me.umov.business.shared.specification.rule.RuleMessage"]},{"type":"me.umov.business.application.repository.custom.task.TaskRepositoryCustomImpl","size":46,"dependencies":["me.umov.business.domain.task.TaskModel"]},{"type":"me.umov.business.application.model.CommonCustomFieldConfig","size":45,"dependencies":["me.umov.business.shared.domain.BaseModel"]},{"type":"me.umov.business.application.model.dto.RuleRequestDTO","size":45,"dependencies":[]},{"type":"me.umov.business.domain.servicelocal.ServiceLocal","size":45,"dependencies":[]},{"type":"me.umov.business.taskschedule.anticorruption.relationship.ServiceLocalRelationshipConverter","size":45,"dependencies":["me.umov.business.application.repository.IntegrationRepository","me.umov.business.application.service.IntegrationService","me.umov.business.infrastructure.servicelocal.ServiceLocalJpaRepository","me.umov.business.servicelocal.domain.ServiceLocalModel","me.umov.business.shared.domain.IntegrationModel","me.umov.business.taskschedule.application.dto.RelationshipDTO","me.umov.business.taskschedule.domain.Itinerary","me.umov.business.taskschedule.domain.ItineraryServiceLocal"]},{"type":"me.umov.business.shared.application.ProcessApiReturn","size":44,"dependencies":[]},{"type":"me.umov.business.taskschedule.anticorruption.relationship.AgentRelationshipConverter","size":44,"dependencies":["me.umov.business.agent.domain.AgentModel","me.umov.business.application.repository.AgentRepository","me.umov.business.application.repository.IntegrationRepository","me.umov.business.application.service.IntegrationService","me.umov.business.shared.domain.IntegrationModel","me.umov.business.taskschedule.application.dto.RelationshipDTO","me.umov.business.taskschedule.domain.Itinerary","me.umov.business.taskschedule.domain.ItineraryAgent"]},{"type":"me.umov.business.servicelocal.application.dto.ServiceLocalRequest","size":43,"dependencies":[]},{"type":"me.umov.business.shared.exception.BusinessValidationException","size":43,"dependencies":["me.umov.business.shared.application.ApiReturn","me.umov.business.shared.specification.domain.SpecificationResult","me.umov.business.shared.specification.rule.RuleMessage"]},{"type":"me.umov.business.domain.rule.task.ShouldValidateActivitiesPeriod","size":42,"dependencies":["me.umov.business.activity.domain.ActivityModel","me.umov.business.application.service.ActivityService","me.umov.business.domain.task.TaskActivityModel","me.umov.business.domain.task.TaskModel","me.umov.business.shared.specification.rule.BusinessRule","me.umov.business.shared.specification.rule.RuleMessage"]},{"type":"me.umov.business.domain.model.builder.BaseLoader","size":41,"dependencies":["me.umov.business.application.model.dto.IOperationDTO","me.umov.business.application.repository.BaseRepository","me.umov.business.domain.rule.builders.ValidationBuilder","me.umov.business.shared.application.RequestUserData","me.umov.business.shared.domain.BaseModel","me.umov.business.shared.exception.ResourceNotFoundException"]},{"type":"me.umov.business.infrastructure.serialization.HibernateProxyTypeAdapter","size":41,"dependencies":[]},{"type":"me.umov.business.domain.generic.specification.ShouldHaveUniqueDescription","size":41,"dependencies":["me.umov.business.shared.domain.BaseClientModel","me.umov.business.shared.specification.domain.CompositeSpecification","me.umov.business.shared.specification.domain.SpecificationResult"]},{"type":"me.umov.business.recurrence.domain.DateInterval","size":40,"dependencies":[]},{"type":"me.umov.business.application.model.dto.CustomFieldValueDTO","size":40,"dependencies":["me.umov.business.application.model.CustomFieldValueModel"]},{"type":"me.umov.business.application.model.Event","size":40,"dependencies":[]},{"type":"me.umov.business.domain.rule.task.ShouldHaveScheduleInsideOfAgentJourney","size":40,"dependencies":["me.umov.business.agent.domain.AgentModel","me.umov.business.domain.task.TaskModel","me.umov.business.shared.specification.rule.BusinessRule","me.umov.business.shared.specification.rule.RuleMessage"]},{"type":"me.umov.business.taskschedule.application.dto.ItineraryServiceLocalRelationship","size":38,"dependencies":["me.umov.business.servicelocal.application.dto.ServiceLocalRelationship"]},{"type":"me.umov.business.domain.rule.customfield.ShouldHaveValidMultimidiaURLCustomFields","size":37,"dependencies":["me.umov.business.application.model.CommonCustomFieldConfig","me.umov.business.application.model.CustomFieldValueModel","me.umov.business.shared.specification.rule.BusinessRule","me.umov.business.shared.specification.rule.RuleMessage"]},{"type":"me.umov.business.application.interceptor.InterceptorConfig","size":37,"dependencies":[]},{"type":"me.umov.business.application.repository.custom.task.TaskQueryBuilder","size":37,"dependencies":[]},{"type":"me.umov.business.shared.domain.event.DomainEventRegistry","size":36,"dependencies":[]},{"type":"me.umov.business.infrastructure.serialization.LocalDateTimeSerializationAdapter","size":36,"dependencies":[]},{"type":"me.umov.business.infrastructure.jpa.workcycle.WorkCycleGeneratorImpl","size":36,"dependencies":["me.umov.business.domain.workcycle.WorkCycle","me.umov.business.domain.workcycle.WorkCycleGenerator"]},{"type":"me.umov.business.infrastructure.servicelocal.ServiceLocalDAOImpl","size":36,"dependencies":["me.umov.business.domain.servicelocal.ServiceLocal","me.umov.business.domain.servicelocal.ServiceLocalDAO","me.umov.business.servicelocal.domain.ServiceLocalModel","me.umov.business.shared.application.RequestUserData"]},{"type":"me.umov.business.application.controller.workcycle.CreateWorkCycleResponse","size":35,"dependencies":[]},{"type":"me.umov.business.domain.rule.task.ShouldHaveValidFinalHour","size":35,"dependencies":["me.umov.business.domain.task.TaskModel","me.umov.business.shared.specification.rule.BusinessRule","me.umov.business.shared.specification.rule.RuleMessage"]},{"type":"me.umov.business.domain.rule.task.ShouldValidateAgentPortfolio","size":35,"dependencies":["me.umov.business.agent.domain.AgentModel","me.umov.business.servicelocal.domain.ServiceLocalModel","me.umov.business.shared.specification.rule.BusinessRule","me.umov.business.shared.specification.rule.RuleMessage"]},{"type":"me.umov.business.domain.rule.customfield.ShouldHaveValidGeocoordinateCustomFields","size":35,"dependencies":["me.umov.business.application.model.CommonCustomFieldConfig","me.umov.business.application.model.CustomFieldValueModel","me.umov.business.shared.specification.rule.BusinessRule","me.umov.business.shared.specification.rule.RuleMessage"]},{"type":"me.umov.business.infrastructure.serialization.LocalTimeSerializationAdapter","size":35,"dependencies":[]},{"type":"me.umov.business.taskschedule.anticorruption.relationship.RelationshipFactory","size":34,"dependencies":["me.umov.business.shared.exception.BusinessValidationException","me.umov.business.taskschedule.application.dto.RelationshipDTO","me.umov.business.taskschedule.application.service.RelationshipConverter","me.umov.business.taskschedule.application.service.RelationshipConverterFactory"]},{"type":"me.umov.business.taskschedule.api.TaskScheduleGroupController","size":34,"dependencies":["me.umov.business.shared.application.ApiReturn","me.umov.business.taskschedule.anticorruption.TaskScheduleGroupConverterImpl","me.umov.business.taskschedule.application.dto.SaveTaskScheduleGroupRequest","me.umov.business.taskschedule.domain.ItineraryScheduleCronService","me.umov.business.taskschedule.domain.ItineraryServicePort"]},{"type":"me.umov.business.application.controller.agent.AgentRelationship","size":33,"dependencies":[]},{"type":"me.umov.business.shared.specification.domain.SpecificationResult","size":33,"dependencies":[]},{"type":"me.umov.business.domain.rule.customfield.ShouldHaveRequiredCustomFields","size":33,"dependencies":["me.umov.business.application.model.CommonCustomFieldConfig","me.umov.business.application.model.CustomFieldValueModel","me.umov.business.shared.specification.rule.BusinessRule","me.umov.business.shared.specification.rule.RuleMessage"]},{"type":"me.umov.business.taskschedule.domain.ItineraryCronService","size":33,"dependencies":["me.umov.business.recurrence.domain.CronProvider","me.umov.business.shared.exception.InvalidOperationException"]},{"type":"me.umov.business.taskschedule.domain.ItineraryScheduleCronService","size":33,"dependencies":["me.umov.business.recurrence.domain.CronProvider","me.umov.business.shared.exception.InvalidOperationException"]},{"type":"me.umov.business.anticorruption.servicelocal.ServiceLocalConverterImpl","size":33,"dependencies":["me.umov.business.domain.servicelocal.Address","me.umov.business.domain.servicelocal.ServiceLocal","me.umov.business.servicelocal.anticorruption.ServiceLocalConverter","me.umov.business.servicelocal.application.dto.ServiceLocalRequest","me.umov.business.shared.application.RequestUserData"]},{"type":"me.umov.business.application.repository.custom.ActivityRepositoryImpl","size":33,"dependencies":["me.umov.business.activity.domain.ActivityModel"]},{"type":"me.umov.business.application.model.dto.AgentTaskDTO","size":32,"dependencies":[]},{"type":"me.umov.business.taskschedule.anticorruption.taskSchedule.TaskScheduleCreateConverter","size":32,"dependencies":["me.umov.business.taskschedule.application.dto.SaveTaskScheduleGroupRequest","me.umov.business.taskschedule.domain.Itinerary","me.umov.business.taskschedule.domain.ItinerarySchedule"]},{"type":"me.umov.business.domain.rule.task.ShouldHaveValidInitialDate","size":32,"dependencies":["me.umov.business.recurrence.domain.IDateInterval","me.umov.business.shared.specification.rule.BusinessRule","me.umov.business.shared.specification.rule.RuleMessage"]},{"type":"me.umov.business.application.service.IntegrationService","size":32,"dependencies":["me.umov.business.application.repository.IntegrationRepository","me.umov.business.shared.application.RequestUserData","me.umov.business.shared.domain.IntegrationModel","me.umov.business.shared.exception.BusinessValidationException","me.umov.business.shared.specification.rule.RuleMessage"]},{"type":"me.umov.business.application.controller.workcycle.ReplaceWorkCycleServiceLocalRequest","size":31,"dependencies":[]},{"type":"me.umov.business.servicelocal.application.dto.ServiceLocalRelationship","size":31,"dependencies":[]},{"type":"me.umov.business.domain.rule.task.ShouldHaveOneAgentWhenOnlyOneAgentTeam","size":31,"dependencies":["me.umov.business.domain.client.SystemParameters","me.umov.business.domain.task.TaskModel","me.umov.business.shared.specification.rule.BusinessRule","me.umov.business.shared.specification.rule.RuleMessage","me.umov.business.team.domain.TeamModel"]},{"type":"me.umov.business.domain.rule.task.ShouldHaveNoTaskInDate","size":31,"dependencies":["me.umov.business.domain.client.SystemParameters","me.umov.business.domain.task.TaskModel","me.umov.business.domain.task.TaskService","me.umov.business.shared.specification.rule.BusinessRule","me.umov.business.shared.specification.rule.RuleMessage"]},{"type":"me.umov.business.infrastructure.jpa.LocalTimeConverter","size":31,"dependencies":[]},{"type":"me.umov.business.application.model.toggle.FeatureToggle","size":30,"dependencies":["me.umov.business.shared.domain.BaseClientModel"]},{"type":"me.umov.business.domain.rule.task.ShouldHaveServiceLocal","size":30,"dependencies":["me.umov.business.domain.task.TaskModel","me.umov.business.servicelocal.domain.ServiceLocalModel","me.umov.business.shared.specification.rule.BusinessRule","me.umov.business.shared.specification.rule.RuleMessage"]},{"type":"me.umov.business.application.interceptor.JWTAuthorizationInterceptor","size":30,"dependencies":["me.umov.business.application.authorization.JWTService"]},{"type":"me.umov.business.taskschedule.specification.ShouldServiceLocalHaveFinalHourGreaterThenInitialHour","size":30,"dependencies":["me.umov.business.shared.exception.BusinessValidationException","me.umov.business.shared.specification.domain.CompositeSpecification","me.umov.business.shared.specification.domain.SpecificationResult","me.umov.business.taskschedule.domain.Itinerary","me.umov.business.taskschedule.domain.ItinerarySchedule","me.umov.business.taskschedule.domain.ItineraryServiceLocal"]},{"type":"me.umov.business.application.controller.ServiceLocalController","size":30,"dependencies":["me.umov.business.domain.servicelocal.ServiceLocal","me.umov.business.domain.servicelocal.ServiceLocalService","me.umov.business.servicelocal.anticorruption.ServiceLocalConverter","me.umov.business.servicelocal.application.dto.ServiceLocalRequest","me.umov.business.shared.application.ApiReturn"]},{"type":"me.umov.business.application.controller.team.TeamRelationship","size":29,"dependencies":["me.umov.business.application.controller.EntityIntegration"]},{"type":"me.umov.business.shared.exception.DeleteException","size":29,"dependencies":["me.umov.business.shared.specification.rule.RuleMessage"]},{"type":"me.umov.business.infrastructure.cron.RundeckRestConfiguration","size":29,"dependencies":["me.umov.business.infrastructure.configuration.SpringConfiguration"]},{"type":"me.umov.business.domain.rule.task.ShouldHaveValidAgent","size":29,"dependencies":["me.umov.business.agent.domain.AgentModel","me.umov.business.domain.task.TaskModel","me.umov.business.shared.specification.rule.BusinessRule","me.umov.business.shared.specification.rule.RuleMessage"]},{"type":"me.umov.business.domain.rule.task.ShouldHaveValidTeam","size":29,"dependencies":["me.umov.business.domain.task.TaskModel","me.umov.business.shared.specification.rule.BusinessRule","me.umov.business.shared.specification.rule.RuleMessage","me.umov.business.team.domain.TeamModel"]},{"type":"me.umov.business.domain.rule.task.ShouldHaveValidTaskType","size":29,"dependencies":["me.umov.business.domain.task.TaskModel","me.umov.business.domain.task.TaskTypeModel","me.umov.business.shared.specification.rule.BusinessRule","me.umov.business.shared.specification.rule.RuleMessage"]},{"type":"me.umov.business.shared.specification.rule.RuleMessage","size":28,"dependencies":[]},{"type":"me.umov.business.application.controller.activity.ActivityRelationship","size":28,"dependencies":[]},{"type":"me.umov.business.domain.rule.task.ShouldHaveTeamExecutionWhenTeamIsSelected","size":28,"dependencies":["me.umov.business.domain.task.TaskModel","me.umov.business.servicelocal.domain.ServiceLocalModel","me.umov.business.shared.specification.rule.BusinessRule","me.umov.business.shared.specification.rule.RuleMessage"]},{"type":"me.umov.business.domain.rule.task.ShouldHaveValidFinalDate","size":28,"dependencies":["me.umov.business.recurrence.domain.IDateInterval","me.umov.business.shared.specification.rule.BusinessRule","me.umov.business.shared.specification.rule.RuleMessage"]},{"type":"me.umov.business.application.controller.TaskTypeController","size":28,"dependencies":["me.umov.business.application.service.TaskTypeService","me.umov.business.domain.task.TaskTypeModel","me.umov.business.shared.exception.ResourceNotFoundException"]},{"type":"me.umov.business.application.service.DistributionIdleAgent","size":28,"dependencies":["me.umov.business.agent.domain.AgentModel","me.umov.business.application.model.dto.RuleRequestDTO","me.umov.business.application.repository.custom.AgentRepositoyCustom","me.umov.business.domain.rule.builders.IdleAgentBuilder","me.umov.business.domain.rule.builders.ValidationBuilder","me.umov.business.domain.task.TaskModel"]},{"type":"me.umov.business.application.model.idiom.Idiom","size":28,"dependencies":["me.umov.business.shared.domain.BaseModel"]},{"type":"me.umov.business.application.controller.activityhistory.ActivityHistoryController","size":27,"dependencies":["me.umov.business.domain.activityHistory.ActivityHistory","me.umov.business.domain.activityHistory.ActivityHistoryService","me.umov.business.shared.application.ApiReturn"]},{"type":"me.umov.business.shared.application.RequestUserData","size":26,"dependencies":[]},{"type":"me.umov.business.shared.specification.domain.BaseValidator","size":26,"dependencies":["me.umov.business.shared.exception.BusinessValidationException"]},{"type":"me.umov.business.domain.rule.task.ShouldInitiateToday","size":26,"dependencies":["me.umov.business.domain.task.TaskModel","me.umov.business.shared.specification.rule.BusinessRule","me.umov.business.shared.specification.rule.RuleMessage"]},{"type":"me.umov.business.domain.rule.task.ShouldBeActive","size":26,"dependencies":["me.umov.business.domain.task.TaskModel","me.umov.business.shared.specification.rule.BusinessRule","me.umov.business.shared.specification.rule.RuleMessage"]},{"type":"me.umov.business.domain.rule.task.ShouldHaveTaskModel","size":26,"dependencies":["me.umov.business.domain.task.TaskModel","me.umov.business.shared.specification.rule.BusinessRule","me.umov.business.shared.specification.rule.RuleMessage"]},{"type":"me.umov.business.domain.rule.task.ShouldBeInPreparation","size":26,"dependencies":["me.umov.business.domain.task.TaskModel","me.umov.business.shared.specification.rule.BusinessRule","me.umov.business.shared.specification.rule.RuleMessage"]},{"type":"me.umov.business.taskschedule.anticorruption.taskSchedule.TaskScheduleConverterFactory","size":26,"dependencies":["me.umov.business.shared.exception.BusinessValidationException","me.umov.business.taskschedule.application.dto.SaveTaskScheduleGroupRequest","me.umov.business.taskschedule.application.service.ConverterFactory","me.umov.business.taskschedule.application.service.TaskScheduleConverter"]},{"type":"me.umov.business.taskschedule.specification.ShouldLoadAllActivities","size":26,"dependencies":["me.umov.business.domain.activity.ActivityDAO","me.umov.business.shared.specification.domain.CompositeSpecification","me.umov.business.shared.specification.domain.SpecificationResult","me.umov.business.taskschedule.domain.ItinerarySchedule"]},{"type":"me.umov.business.domain.rule.task.ShouldHaveTeam","size":25,"dependencies":["me.umov.business.domain.task.TaskModel","me.umov.business.shared.specification.rule.BusinessRule","me.umov.business.shared.specification.rule.RuleMessage"]},{"type":"me.umov.business.domain.rule.task.ShouldNotHaveAgent","size":25,"dependencies":["me.umov.business.domain.task.TaskModel","me.umov.business.shared.specification.rule.BusinessRule","me.umov.business.shared.specification.rule.RuleMessage"]},{"type":"me.umov.business.shared.specification.domain.SpecificationException","size":24,"dependencies":["me.umov.business.shared.specification.rule.RuleMessage"]},{"type":"me.umov.business.shared.specification.rule.ValidationRules","size":24,"dependencies":["me.umov.business.shared.exception.BusinessValidationException","me.umov.business.shared.specification.domain.SpecificationException"]},{"type":"me.umov.business.taskschedule.domain.TaskScheduleDomainService","size":24,"dependencies":["me.umov.business.shared.domain.event.DomainEventRegistry","me.umov.business.taskschedule.specification.TaskScheduleGroupValidator"]},{"type":"me.umov.business.infrastructure.serialization.LocalDateSerializationAdapter","size":24,"dependencies":[]},{"type":"me.umov.business.taskschedule.specification.ShouldLoadAllServiceLocals","size":24,"dependencies":["me.umov.business.domain.servicelocal.ServiceLocalDAO","me.umov.business.shared.specification.domain.CompositeSpecification","me.umov.business.shared.specification.domain.SpecificationResult","me.umov.business.taskschedule.domain.ItinerarySchedule"]},{"type":"me.umov.business.taskschedule.specification.ShouldLoadAllAgents","size":24,"dependencies":["me.umov.business.domain.agent.AgentDAO","me.umov.business.shared.specification.domain.CompositeSpecification","me.umov.business.shared.specification.domain.SpecificationResult","me.umov.business.taskschedule.domain.ItinerarySchedule"]},{"type":"me.umov.business.taskschedule.specification.ShouldHaveValidInitialHourAndFinalHourCombination","size":24,"dependencies":["me.umov.business.shared.specification.domain.CompositeSpecification","me.umov.business.shared.specification.domain.SpecificationResult","me.umov.business.taskschedule.domain.ItinerarySchedule","me.umov.business.taskschedule.domain.ItineraryServiceLocal"]},{"type":"me.umov.business.taskschedule.specification.ShouldLoadAllTeams","size":24,"dependencies":["me.umov.business.domain.team.TeamDAO","me.umov.business.shared.specification.domain.CompositeSpecification","me.umov.business.shared.specification.domain.SpecificationResult","me.umov.business.taskschedule.domain.ItinerarySchedule"]},{"type":"me.umov.business.domain.rule.builders.IdleAgentBuilder","size":24,"dependencies":["me.umov.business.domain.rule.task.ShouldBeActive","me.umov.business.domain.rule.task.ShouldBeInPreparation","me.umov.business.domain.rule.task.ShouldHaveTeam","me.umov.business.domain.rule.task.ShouldInitiateToday","me.umov.business.domain.rule.task.ShouldNotHaveAgent","me.umov.business.domain.task.TaskModel","me.umov.business.shared.specification.rule.BusinessRule"]},{"type":"me.umov.business.application.controller.workcycle.WorkCycleServiceLocalRequest","size":23,"dependencies":[]},{"type":"me.umov.business.application.observer.TaskSavedObserver","size":23,"dependencies":["me.umov.business.domain.task.TaskSavedEvent","me.umov.business.domain.task.TaskService","me.umov.business.shared.domain.event.DomainEventListener"]},{"type":"me.umov.business.application.service.idiom.IdiomWrapper","size":23,"dependencies":["me.umov.business.domain.client.ClientService"]},{"type":"me.umov.business.taskschedule.specification.WorkCycleScheduleValidator","size":23,"dependencies":["me.umov.business.domain.generic.specification.ShouldHaveUniqueDescription","me.umov.business.domain.generic.specification.ShouldHaveValidId","me.umov.business.shared.specification.domain.BaseValidator","me.umov.business.shared.specification.domain.ISpecification","me.umov.business.taskschedule.domain.ItinerarySchedule"]},{"type":"me.umov.business.infrastructure.activity.ActivityDAOImpl","size":23,"dependencies":["me.umov.business.activity.domain.ActivityModel","me.umov.business.domain.activity.ActivityDAO","me.umov.business.shared.application.RequestUserData"]},{"type":"me.umov.business.infrastructure.team.TeamDAOImpl","size":23,"dependencies":["me.umov.business.domain.team.TeamDAO","me.umov.business.shared.application.RequestUserData","me.umov.business.team.domain.TeamModel"]},{"type":"me.umov.business.infrastructure.agent.AgentDAOImpl","size":23,"dependencies":["me.umov.business.agent.domain.AgentModel","me.umov.business.domain.agent.AgentDAO","me.umov.business.shared.application.RequestUserData"]},{"type":"me.umov.business.domain.generic.specification.ShouldHaveValidId","size":23,"dependencies":["me.umov.business.shared.domain.BaseClientModel","me.umov.business.shared.specification.domain.CompositeSpecification","me.umov.business.shared.specification.domain.SpecificationResult"]},{"type":"me.umov.business.application.interceptor.CORSInterceptor","size":23,"dependencies":[]},{"type":"me.umov.business.application.model.dto.TaskActivityDTO","size":22,"dependencies":["me.umov.business.activity.domain.ActivityModel","me.umov.business.domain.task.TaskActivityModel"]},{"type":"me.umov.business.application.model.dto.CancelTaskDTO","size":22,"dependencies":["me.umov.business.domain.task.TaskModel"]},{"type":"me.umov.business.infrastructure.cron.JobCreationResultDTO","size":22,"dependencies":[]},{"type":"me.umov.business.infrastructure.jpa.LongArrayType","size":22,"dependencies":[]},{"type":"me.umov.business.taskschedule.specification.ShouldValidateSomeAgentsRelationWithTeams","size":22,"dependencies":["me.umov.business.shared.specification.domain.CompositeSpecification","me.umov.business.shared.specification.domain.SpecificationResult","me.umov.business.taskschedule.domain.ItinerarySchedule"]},{"type":"me.umov.business.taskschedule.specification.ShouldValidateSomeAgentsRelationWithoutAgents","size":22,"dependencies":["me.umov.business.shared.specification.domain.CompositeSpecification","me.umov.business.shared.specification.domain.SpecificationResult","me.umov.business.taskschedule.domain.ItinerarySchedule"]},{"type":"me.umov.business.taskschedule.specification.ShouldValidateTeamsByRelation","size":22,"dependencies":["me.umov.business.shared.specification.domain.CompositeSpecification","me.umov.business.shared.specification.domain.SpecificationResult","me.umov.business.taskschedule.domain.ItinerarySchedule"]},{"type":"me.umov.business.taskschedule.specification.ShouldValidateSomeTeamsRelationWithAgents","size":22,"dependencies":["me.umov.business.shared.specification.domain.CompositeSpecification","me.umov.business.shared.specification.domain.SpecificationResult","me.umov.business.taskschedule.domain.ItinerarySchedule"]},{"type":"me.umov.business.application.observer.ItineraryScheduleCronSchedulerObserver","size":22,"dependencies":["me.umov.business.shared.domain.event.DomainEventListener","me.umov.business.taskschedule.domain.ItineraryScheduleCronService","me.umov.business.taskschedule.domain.ItineraryScheduleSaved"]},{"type":"me.umov.business.application.observer.ItineraryCronSchedulerObserver","size":22,"dependencies":["me.umov.business.shared.domain.event.DomainEventListener","me.umov.business.taskschedule.domain.ItineraryCronService","me.umov.business.taskschedule.domain.ItinerarySaved"]},{"type":"me.umov.business.application.model.dto.ResultProcessRule","size":21,"dependencies":[]},{"type":"me.umov.business.infrastructure.queue.ProducerQueueAWS","size":21,"dependencies":[]},{"type":"me.umov.business.application.service.idiom.IdiomEntryService","size":21,"dependencies":["me.umov.business.application.model.idiom.IdiomEntry","me.umov.business.application.repository.IdiomEntryRepository","me.umov.business.domain.client.Client"]},{"type":"me.umov.business.taskschedule.specification.ShouldValidateAgentRelationEqualsAllAgents","size":21,"dependencies":["me.umov.business.shared.specification.domain.CompositeSpecification","me.umov.business.shared.specification.domain.SpecificationResult","me.umov.business.taskschedule.domain.ItinerarySchedule"]},{"type":"me.umov.business.taskschedule.specification.ShouldValidateItineraryActivitiesOriginWithoutActivities","size":21,"dependencies":["me.umov.business.shared.specification.domain.CompositeSpecification","me.umov.business.shared.specification.domain.SpecificationResult","me.umov.business.taskschedule.domain.ItinerarySchedule"]},{"type":"me.umov.business.taskschedule.specification.ShouldValidateAutomaticActivityLoadConfig","size":21,"dependencies":["me.umov.business.shared.specification.domain.CompositeSpecification","me.umov.business.shared.specification.domain.SpecificationResult","me.umov.business.taskschedule.domain.ItinerarySchedule"]},{"type":"me.umov.business.taskschedule.specification.ShouldValidateMultipleActivitiesOrigin","size":21,"dependencies":["me.umov.business.shared.specification.domain.CompositeSpecification","me.umov.business.shared.specification.domain.SpecificationResult","me.umov.business.taskschedule.domain.ItinerarySchedule"]},{"type":"me.umov.business.application.observer.BeforeTaskSaveObserver","size":21,"dependencies":["me.umov.business.application.service.notification.TaskNotificationService","me.umov.business.domain.task.BeforeTaskSaveEvent","me.umov.business.domain.task.TaskService","me.umov.business.shared.domain.event.DomainEventListener"]},{"type":"me.umov.business.application.model.Interval","size":20,"dependencies":["me.umov.business.shared.exception.InvalidIntervalException"]},{"type":"me.umov.business.infrastructure.serialization.RecurrenceEndTypeSerializationAdapter","size":20,"dependencies":[]},{"type":"me.umov.business.infrastructure.serialization.RecurrenceTimeUnitSerializationAdapter","size":20,"dependencies":[]},{"type":"me.umov.business.infrastructure.serialization.RecurrenceRepeatTypeSerializationAdapter","size":20,"dependencies":[]},{"type":"me.umov.business.infrastructure.serialization.WorkdayTaskCreationValidationSerializationAdapter","size":20,"dependencies":[]},{"type":"me.umov.business.infrastructure.serialization.BooleanStatusSerializationAdapter","size":20,"dependencies":[]},{"type":"me.umov.business.domain.task.TaskJpaRepository","size":20,"dependencies":["me.umov.business.application.repository.BaseRepository"]},{"type":"me.umov.business.domain.workcycle.WorkCycleRootJpaRepository","size":20,"dependencies":[]},{"type":"me.umov.business.taskschedule.specification.ShouldValidateNotNullTeamExecutionWhenItIsForSomeTeams","size":20,"dependencies":["me.umov.business.shared.specification.domain.CompositeSpecification","me.umov.business.shared.specification.domain.SpecificationResult","me.umov.business.taskschedule.domain.ItinerarySchedule"]},{"type":"me.umov.business.taskschedule.domain.ItineraryScheduleSaved","size":19,"dependencies":["me.umov.business.shared.domain.event.DomainEvent"]},{"type":"me.umov.business.taskschedule.domain.ItinerarySaved","size":19,"dependencies":["me.umov.business.shared.domain.event.DomainEvent"]},{"type":"me.umov.business.infrastructure.queue.MessageDTO","size":19,"dependencies":[]},{"type":"me.umov.business.domain.task.TaskSavedEvent","size":19,"dependencies":["me.umov.business.shared.domain.event.DomainEvent"]},{"type":"me.umov.business.shared.specification.domain.AndSpecification","size":19,"dependencies":[]},{"type":"me.umov.business.shared.specification.domain.OrSpecification","size":19,"dependencies":[]},{"type":"me.umov.business.infrastructure.serialization.JourneyHourTypeSerializationAdapter","size":19,"dependencies":[]},{"type":"me.umov.business.infrastructure.serialization.ActivityOriginSerializationAdapter","size":19,"dependencies":[]},{"type":"me.umov.business.infrastructure.serialization.RecurrenceRepeatModeSerializationAdapter","size":19,"dependencies":[]},{"type":"me.umov.business.infrastructure.serialization.AgentPortfolioValidationSerializationAdapter","size":19,"dependencies":[]},{"type":"me.umov.business.infrastructure.queue.ProducerBuilder","size":19,"dependencies":[]},{"type":"me.umov.business.domain.client.ClientConfigurations","size":19,"dependencies":[]},{"type":"me.umov.business.domain.activityHistory.ActivityHistoryServiceImpl","size":19,"dependencies":["me.umov.business.shared.application.RequestUserData"]},{"type":"me.umov.business.application.controller.workcycle.WorkCycleRelationRequest","size":18,"dependencies":[]},{"type":"me.umov.business.anticorruption.activityHistory.ActivityHistoryConverterImpl","size":18,"dependencies":["me.umov.business.application.controller.activityhistory.ActivityHistoryConverter","me.umov.business.domain.activityHistory.ActivityHistory","me.umov.business.shared.exception.BusinessValidationException"]},{"type":"me.umov.business.infrastructure.jpa.FrequencyControlTypeConverter","size":18,"dependencies":[]},{"type":"me.umov.business.application.controller.VersionController","size":18,"dependencies":[]},{"type":"me.umov.business.infrastructure.servicelocal.activity.ServiceLocalActivityDAOImpl","size":18,"dependencies":["me.umov.business.domain.servicelocal.ServiceLocalActivityDAO","me.umov.business.shared.application.RequestUserData"]},{"type":"me.umov.business.taskschedule.application.dto.ScheduleTypeDTO","size":17,"dependencies":[]},{"type":"me.umov.business.infrastructure.cron.RundeckProjectResponse","size":17,"dependencies":[]},{"type":"me.umov.business.infrastructure.jpa.ExportSituationConverter","size":17,"dependencies":[]},{"type":"me.umov.business.infrastructure.jpa.CustomFieldTypeConverter","size":17,"dependencies":[]},{"type":"me.umov.business.infrastructure.jpa.RecurrenceEndTypeConverter","size":17,"dependencies":[]},{"type":"me.umov.business.infrastructure.jpa.ActivityCycleConverter","size":17,"dependencies":[]},{"type":"me.umov.business.infrastructure.jpa.TaskScheduleActivityOriginConverter","size":17,"dependencies":[]},{"type":"me.umov.business.infrastructure.jpa.WorkdayTaskCreationValidationConverter","size":17,"dependencies":[]},{"type":"me.umov.business.infrastructure.jpa.TeamExecutionConverter","size":17,"dependencies":[]},{"type":"me.umov.business.infrastructure.jpa.ItineraryAgentRelationConverter","size":17,"dependencies":[]},{"type":"me.umov.business.infrastructure.jpa.ActivityExecutionModeConverter","size":17,"dependencies":[]},{"type":"me.umov.business.infrastructure.jpa.RecurrenceRepeatModeConverter","size":17,"dependencies":[]},{"type":"me.umov.business.infrastructure.jpa.AgentPorfolioValidationConverter","size":17,"dependencies":[]},{"type":"me.umov.business.infrastructure.jpa.ScheduleTypeConverter","size":17,"dependencies":[]},{"type":"me.umov.business.infrastructure.jpa.AbsenceActionConverter","size":17,"dependencies":[]},{"type":"me.umov.business.infrastructure.jpa.CustomFieldSubTypeConverter","size":17,"dependencies":[]},{"type":"me.umov.business.infrastructure.jpa.ActivityOriginConverter","size":17,"dependencies":[]},{"type":"me.umov.business.infrastructure.jpa.FieldConfigOriginConverter","size":17,"dependencies":[]},{"type":"me.umov.business.infrastructure.jpa.BooleanStatusConverter","size":17,"dependencies":[]},{"type":"me.umov.business.application.repository.AgentRepository","size":17,"dependencies":["me.umov.business.agent.domain.AgentModel"]},{"type":"me.umov.business.taskschedule.specification.ShouldHaveItineraryInitialDateGreaterThanToday","size":17,"dependencies":["me.umov.business.shared.specification.domain.CompositeSpecification","me.umov.business.shared.specification.domain.SpecificationResult","me.umov.business.taskschedule.domain.ItinerarySchedule"]},{"type":"me.umov.business.taskschedule.specification.ShouldHaveStartDateLessThanEndDate","size":17,"dependencies":["me.umov.business.shared.specification.domain.CompositeSpecification","me.umov.business.shared.specification.domain.SpecificationResult","me.umov.business.taskschedule.domain.ItinerarySchedule"]},{"type":"me.umov.business.taskschedule.specification.ShouldHaveItineraryScheduleInitialDateGreaterThanToday","size":17,"dependencies":["me.umov.business.shared.specification.domain.CompositeSpecification","me.umov.business.shared.specification.domain.SpecificationResult","me.umov.business.taskschedule.domain.ItinerarySchedule"]},{"type":"me.umov.business.shared.specification.rule.EntityConstraintValidator","size":17,"dependencies":["me.umov.business.shared.exception.BusinessValidationException","me.umov.business.shared.specification.domain.SpecificationException"]},{"type":"me.umov.business.application.service.toggle.FeatureToggleService","size":17,"dependencies":["me.umov.business.application.model.toggle.FeatureToggle","me.umov.business.application.repository.FeatureToggleRepository","me.umov.business.domain.task.TaskModel"]},{"type":"me.umov.business.shared.exception.BaseApiException","size":16,"dependencies":["me.umov.business.shared.application.ApiReturn"]},{"type":"me.umov.business.application.model.dto.TaskSituationDTO","size":16,"dependencies":[]},{"type":"me.umov.business.application.spring.AutoWiredUtils","size":16,"dependencies":[]},{"type":"me.umov.business.infrastructure.serialization.HttpStatusSerializationAdapter","size":16,"dependencies":[]},{"type":"me.umov.business.application.service.FactoryDistributionTask","size":16,"dependencies":["me.umov.business.shared.exception.BusinessValidationException","me.umov.business.shared.specification.rule.RuleMessage"]},{"type":"me.umov.business.application.repository.ItineraryTeamReposytory","size":16,"dependencies":["me.umov.business.taskschedule.domain.ItineraryTeam"]},{"type":"me.umov.business.domain.workcycle.WorkCycleServicePort","size":15,"dependencies":["me.umov.business.domain.task.TaskActivityModel","me.umov.business.domain.task.TaskModel"]},{"type":"me.umov.business.taskschedule.domain.ScheduleQueuePayload","size":15,"dependencies":[]},{"type":"me.umov.business.application.model.dto.AssignAgentsTasksDTO","size":15,"dependencies":[]},{"type":"me.umov.business.application.model.dto.PrioritizeTasksDTO","size":15,"dependencies":[]},{"type":"me.umov.business.taskschedule.anticorruption.taskSchedule.TaskScheduleUpdateConverter","size":15,"dependencies":["me.umov.business.application.service.IntegrationService","me.umov.business.taskschedule.application.dto.SaveTaskScheduleGroupRequest","me.umov.business.taskschedule.domain.ItinerarySchedule"]},{"type":"me.umov.business.application.service.ActivityService","size":15,"dependencies":["me.umov.business.activity.domain.ActivityModel","me.umov.business.application.repository.ActivityRepository"]},{"type":"me.umov.business.application.repository.BaseRepository","size":14,"dependencies":["me.umov.business.shared.domain.BaseModel"]},{"type":"me.umov.business.infrastructure.serialization.TaskScheduleActivityOriginSerializationAdapter","size":14,"dependencies":[]},{"type":"me.umov.business.infrastructure.serialization.SpringfoxJsonToGsonAdapter","size":14,"dependencies":[]},{"type":"me.umov.business.domain.client.ClientService","size":14,"dependencies":["me.umov.business.shared.application.RequestUserData"]},{"type":"me.umov.business.application.service.AgentService","size":14,"dependencies":["me.umov.business.agent.domain.AgentModel","me.umov.business.application.model.dto.AgentJourneyHoursDTO","me.umov.business.application.repository.AgentRepository"]},{"type":"me.umov.business.recurrence.domain.RecurrenceConfigurationInterface","size":13,"dependencies":[]},{"type":"me.umov.business.infrastructure.serialization.AnnotationExcludeSerializationStrategy","size":13,"dependencies":[]},{"type":"me.umov.business.infrastructure.jpa.LongArrayTypeDescriptor","size":13,"dependencies":[]},{"type":"me.umov.business.domain.workcycle.WorkCycleJpaRepository","size":13,"dependencies":["me.umov.business.application.repository.BaseRepository"]},{"type":"me.umov.business.application.service.TaskConfigService","size":13,"dependencies":["me.umov.business.domain.task.TaskConfigJpaRepository","me.umov.business.domain.task.TaskConfigModel"]},{"type":"me.umov.business.application.service.ServiceLocalApplicationService","size":13,"dependencies":["me.umov.business.application.repository.ServiceLocalRepository","me.umov.business.servicelocal.domain.ServiceLocalModel"]},{"type":"me.umov.business.infrastructure.serialization.TeamExecutionSerializationAdapter","size":12,"dependencies":[]},{"type":"me.umov.business.infrastructure.serialization.ItineraryAgentRelationSerializationAdapter","size":12,"dependencies":[]},{"type":"me.umov.business.infrastructure.serialization.TaskSituationSerializationAdapter","size":12,"dependencies":[]},{"type":"me.umov.business.domain.model.builder.CustomFieldValueLoader","size":12,"dependencies":["me.umov.business.application.model.CustomFieldValueModel","me.umov.business.application.model.dto.CustomFieldValueDTO"]},{"type":"me.umov.business.domain.servicelocal.ServiceLocalService","size":12,"dependencies":[]},{"type":"me.umov.business.BusinessApplication","size":12,"dependencies":[]},{"type":"me.umov.business.application.repository.ServiceLocalRepository","size":11,"dependencies":["me.umov.business.servicelocal.domain.ServiceLocalModel"]},{"type":"me.umov.business.shared.exception.ResourceNotFoundException","size":11,"dependencies":[]},{"type":"me.umov.business.domain.task.BeforeTaskSaveEvent","size":11,"dependencies":["me.umov.business.shared.domain.event.DomainEvent"]},{"type":"me.umov.business.domain.rule.builders.ValidationBuilder","size":11,"dependencies":["me.umov.business.shared.domain.BaseModel","me.umov.business.shared.specification.rule.BusinessRule","me.umov.business.shared.specification.rule.ValidationRules"]},{"type":"me.umov.business.domain.rule.builders.EmptyValidationBuilder","size":11,"dependencies":["me.umov.business.shared.domain.BaseModel","me.umov.business.shared.specification.rule.BusinessRule"]},{"type":"me.umov.business.domain.activityHistory.ActivityHistoryJpaRepository","size":11,"dependencies":["me.umov.business.application.repository.BaseRepository"]},{"type":"me.umov.business.domain.servicelocal.ServiceLocalRepositoryImpl","size":11,"dependencies":[]},{"type":"me.umov.business.application.repository.EventRepository","size":11,"dependencies":["me.umov.business.application.model.Event"]},{"type":"me.umov.business.shared.specification.domain.CompositeSpecification","size":10,"dependencies":[]},{"type":"me.umov.business.application.repository.CustomFieldValueRepository","size":10,"dependencies":["me.umov.business.application.model.CustomFieldValueModel"]},{"type":"me.umov.business.shared.application.dto.IdDTO","size":10,"dependencies":[]},{"type":"me.umov.business.application.controller.BaseController","size":10,"dependencies":["me.umov.business.application.service.BaseService"]},{"type":"me.umov.business.taskschedule.domain.ItineraryServicePort","size":9,"dependencies":[]},{"type":"me.umov.business.application.repository.IntegrationRepository","size":9,"dependencies":[]},{"type":"me.umov.business.domain.task.TaskConfigJpaRepository","size":9,"dependencies":["me.umov.business.application.repository.BaseRepository"]},{"type":"me.umov.business.application.repository.ActivityRepository","size":9,"dependencies":["me.umov.business.activity.domain.ActivityModel","me.umov.business.application.repository.custom.ActivityRepositoryCustom"]},{"type":"me.umov.business.application.model.dto.IOperationDTO","size":8,"dependencies":["me.umov.business.shared.domain.BaseModel"]},{"type":"me.umov.business.shared.exception.UnauthorizedRequestException","size":8,"dependencies":[]},{"type":"me.umov.business.shared.exception.BadRequestException","size":8,"dependencies":[]},{"type":"me.umov.business.shared.exception.InvalidOperationException","size":8,"dependencies":[]},{"type":"me.umov.business.infrastructure.servicelocal.activity.ServiceLocalActivityJpaRepository","size":8,"dependencies":["me.umov.business.application.repository.BaseRepository"]},{"type":"me.umov.business.domain.task.TaskActivityJpaRepository","size":8,"dependencies":["me.umov.business.application.repository.BaseRepository"]},{"type":"me.umov.business.application.authorization.UMovMeJWTClaims","size":8,"dependencies":[]},{"type":"me.umov.business.application.repository.CustomFieldRepository","size":8,"dependencies":["me.umov.business.application.model.CustomFieldModel"]},{"type":"me.umov.business.shared.domain.IntegrationModel","size":7,"dependencies":[]},{"type":"me.umov.business.taskschedule.application.service.RelationshipConverter","size":7,"dependencies":["me.umov.business.taskschedule.application.dto.RelationshipDTO","me.umov.business.taskschedule.domain.ItinerarySchedule"]},{"type":"me.umov.business.domain.workcycle.WorkCycleGenerator","size":7,"dependencies":[]},{"type":"me.umov.business.taskschedule.domain.ItineraryActivityRelations","size":7,"dependencies":[]},{"type":"me.umov.business.domain.task.TaskTypeJpaRepository","size":7,"dependencies":["me.umov.business.application.repository.BaseRepository"]},{"type":"me.umov.business.application.repository.IdiomEntryRepository","size":7,"dependencies":["me.umov.business.application.model.idiom.IdiomEntry"]},{"type":"me.umov.business.application.repository.TaskTypeRepository","size":7,"dependencies":["me.umov.business.domain.task.TaskTypeModel"]},{"type":"me.umov.business.application.repository.FeatureToggleRepository","size":7,"dependencies":["me.umov.business.application.model.toggle.FeatureToggle"]},{"type":"me.umov.business.taskschedule.domain.ItineraryScheduleJpaRepository","size":7,"dependencies":["me.umov.business.application.repository.BaseRepository","me.umov.business.application.repository.IntegrationRepository"]},{"type":"me.umov.business.application.service.CustomFieldService","size":7,"dependencies":["me.umov.business.application.model.CustomFieldModel","me.umov.business.application.repository.CustomFieldRepository"]},{"type":"me.umov.business.application.service.TeamService","size":7,"dependencies":["me.umov.business.application.repository.TeamRepository","me.umov.business.team.domain.TeamModel"]},{"type":"me.umov.business.application.service.TaskScheduleService","size":7,"dependencies":["me.umov.business.taskschedule.domain.Itinerary","me.umov.business.taskschedule.domain.ItineraryJpaRepository"]},{"type":"me.umov.business.application.service.TaskTypeService","size":7,"dependencies":["me.umov.business.application.repository.TaskTypeRepository","me.umov.business.domain.task.TaskTypeModel"]},{"type":"me.umov.business.application.service.ItemService","size":7,"dependencies":["me.umov.business.application.repository.ItemRepository","me.umov.business.item.domain.ItemModel"]},{"type":"me.umov.business.shared.specification.domain.ISpecification","size":6,"dependencies":[]},{"type":"me.umov.business.shared.specification.rule.BusinessRule","size":6,"dependencies":[]},{"type":"me.umov.business.domain.servicelocal.ServiceLocalDAO","size":6,"dependencies":[]},{"type":"me.umov.business.application.model.dto.ICustomFields","size":6,"dependencies":[]},{"type":"me.umov.business.taskschedule.application.service.TaskScheduleConverter","size":6,"dependencies":["me.umov.business.taskschedule.application.dto.SaveTaskScheduleGroupRequest","me.umov.business.taskschedule.domain.ItinerarySchedule"]},{"type":"me.umov.business.domain.activity.ActivityDAO","size":6,"dependencies":["me.umov.business.activity.domain.ActivityModel"]},{"type":"me.umov.business.domain.team.TeamDAO","size":6,"dependencies":["me.umov.business.team.domain.TeamModel"]},{"type":"me.umov.business.domain.agent.AgentDAO","size":6,"dependencies":["me.umov.business.agent.domain.AgentModel"]},{"type":"me.umov.business.application.repository.custom.ActivityRepositoryCustom","size":6,"dependencies":["me.umov.business.activity.domain.ActivityModel"]},{"type":"me.umov.business.servicelocal.anticorruption.ServiceLocalConverter","size":6,"dependencies":["me.umov.business.domain.servicelocal.ServiceLocal","me.umov.business.servicelocal.application.dto.ServiceLocalRequest"]},{"type":"me.umov.business.taskschedule.domain.ItineraryJpaRepository","size":6,"dependencies":["me.umov.business.application.repository.BaseRepository"]},{"type":"me.umov.business.infrastructure.queue.analyzeRule.RuleRepository","size":6,"dependencies":[]},{"type":"me.umov.business.infrastructure.servicelocal.ServiceLocalJpaRepository","size":6,"dependencies":["me.umov.business.application.repository.BaseRepository","me.umov.business.application.repository.IntegrationRepository","me.umov.business.servicelocal.domain.ServiceLocalModel"]},{"type":"me.umov.business.domain.client.ClientRepository","size":6,"dependencies":[]},{"type":"me.umov.business.application.repository.ItemRepository","size":6,"dependencies":["me.umov.business.item.domain.ItemModel"]},{"type":"me.umov.business.application.repository.TeamRepository","size":6,"dependencies":["me.umov.business.team.domain.TeamModel"]},{"type":"me.umov.business.application.repository.TaskNotificationRepository","size":6,"dependencies":["me.umov.business.application.model.notification.TaskNotification"]},{"type":"me.umov.business.recurrence.domain.CronProvider","size":5,"dependencies":[]},{"type":"me.umov.business.shared.domain.BaseModel","size":5,"dependencies":[]},{"type":"me.umov.business.shared.domain.BaseClientModel","size":5,"dependencies":[]},{"type":"me.umov.business.application.controller.EntityIntegration","size":5,"dependencies":[]},{"type":"me.umov.business.taskschedule.application.service.ConverterFactory","size":5,"dependencies":["me.umov.business.taskschedule.application.dto.SaveTaskScheduleGroupRequest"]},{"type":"me.umov.business.taskschedule.application.service.RelationshipConverterFactory","size":5,"dependencies":["me.umov.business.taskschedule.application.dto.RelationshipDTO"]},{"type":"me.umov.business.application.controller.activityhistory.ActivityHistoryConverter","size":5,"dependencies":["me.umov.business.domain.activityHistory.ActivityHistory"]},{"type":"me.umov.business.application.controller.workcycle.WorkCycleScheduleConverter","size":5,"dependencies":["me.umov.business.taskschedule.domain.ItinerarySchedule"]},{"type":"me.umov.business.application.repository.custom.task.TaskRepositoryCustom","size":5,"dependencies":["me.umov.business.domain.task.TaskModel"]},{"type":"me.umov.business.infrastructure.activity.ActivityJpaRepository","size":5,"dependencies":["me.umov.business.activity.domain.ActivityModel","me.umov.business.application.repository.BaseRepository"]},{"type":"me.umov.business.infrastructure.team.TeamJpaRepository","size":5,"dependencies":["me.umov.business.application.repository.BaseRepository","me.umov.business.team.domain.TeamModel"]},{"type":"me.umov.business.infrastructure.agent.AgentJpaRepository","size":5,"dependencies":["me.umov.business.agent.domain.AgentModel","me.umov.business.application.repository.BaseRepository"]},{"type":"me.umov.business.taskschedule.domain.ScheduledTasksCreator","size":4,"dependencies":[]},{"type":"me.umov.business.recurrence.domain.Recurrent","size":4,"dependencies":[]},{"type":"me.umov.business.recurrence.domain.IDateInterval","size":4,"dependencies":[]},{"type":"me.umov.business.shared.domain.event.DomainEventListener","size":4,"dependencies":[]},{"type":"me.umov.business.infrastructure.configuration.SpringConfiguration","size":4,"dependencies":[]},{"type":"me.umov.business.infrastructure.queue.ProducerNotification","size":4,"dependencies":[]},{"type":"me.umov.business.domain.activityHistory.ActivityHistoryService","size":4,"dependencies":[]},{"type":"me.umov.business.domain.servicelocal.ServiceLocalActivityDAO","size":4,"dependencies":[]},{"type":"me.umov.business.domain.servicelocal.ServiceLocalRepository","size":4,"dependencies":[]},{"type":"me.umov.business.shared.exception.InvalidIntervalException","size":4,"dependencies":[]},{"type":"me.umov.business.shared.domain.event.DomainEvent","size":3,"dependencies":[]}]