{"name":"variants","children":[{"name":"me.umov.business","children":[{"name":"BusinessApplication","sloc":12,"wmc":1}]},{"name":"me.umov.business.configuration","children":[{"name":"SwaggerConfig","sloc":67,"wmc":4}]},{"name":"me.umov.business.anticorruption.activityHistory","children":[{"name":"ActivityHistoryConverterImpl","sloc":18,"wmc":3}]},{"name":"me.umov.business.anticorruption.itinerary","children":[{"name":"WorkCycleScheduleConverterImpl","sloc":55,"wmc":3}]},{"name":"me.umov.business.anticorruption.servicelocal","children":[{"name":"ServiceLocalConverterImpl","sloc":33,"wmc":1}]},{"name":"me.umov.business.activity.domain","children":[{"name":"ActivityModel","sloc":122,"wmc":29}]},{"name":"me.umov.business.taskschedule.anticorruption.relationship","children":[{"name":"ServiceLocalRelationshipConverter","sloc":45,"wmc":6},{"name":"TeamRelationshipConverter","sloc":49,"wmc":6},{"name":"AgentRelationshipConverter","sloc":44,"wmc":6},{"name":"AbstractItineraryRelationshipConverter","sloc":77,"wmc":17},{"name":"RelationshipFactory","sloc":34,"wmc":6},{"name":"ActivityRelationshipConverter","sloc":49,"wmc":6}]},{"name":"me.umov.business.taskschedule.anticorruption","children":[{"name":"TaskScheduleGroupConverterImpl","sloc":185,"wmc":39}]},{"name":"me.umov.business.taskschedule.anticorruption.taskSchedule","children":[{"name":"TaskScheduleCreateConverter","sloc":32,"wmc":3},{"name":"AbstractTaskScheduleGroupConverter","sloc":161,"wmc":36},{"name":"TaskSchedulePartialUpdateConverter","sloc":94,"wmc":32},{"name":"TaskScheduleConverterFactory","sloc":26,"wmc":4},{"name":"TaskScheduleUpdateConverter","sloc":15,"wmc":1}]},{"name":"me.umov.business.taskschedule.specification","children":[{"name":"ShouldHaveItineraryInitialDateGreaterThanToday","sloc":17,"wmc":3},{"name":"ShouldValidateAgentRelationEqualsAllAgents","sloc":21,"wmc":3},{"name":"ShouldValidateNotNullTeamExecutionWhenItIsForSomeTeams","sloc":20,"wmc":4},{"name":"ShouldLoadAllServiceLocals","sloc":24,"wmc":4},{"name":"ShouldValidateSomeAgentsRelationWithTeams","sloc":22,"wmc":4},{"name":"ShouldValidateItineraryActivitiesOriginWithoutActivities","sloc":21,"wmc":4},{"name":"ShouldHaveStartDateLessThanEndDate","sloc":17,"wmc":2},{"name":"ShouldHaveItineraryScheduleInitialDateGreaterThanToday","sloc":17,"wmc":3},{"name":"WorkCycleScheduleValidator","sloc":23,"wmc":1},{"name":"ShouldValidateAutomaticActivityLoadConfig","sloc":21,"wmc":4},{"name":"ShouldValidateMultipleActivitiesOrigin","sloc":21,"wmc":4},{"name":"ShouldLoadAllAgents","sloc":24,"wmc":3},{"name":"ShouldValidateSomeAgentsRelationWithoutAgents","sloc":22,"wmc":4},{"name":"ShouldValidateTeamsByRelation","sloc":22,"wmc":4},{"name":"ShouldValidateSomeTeamsRelationWithAgents","sloc":22,"wmc":4},{"name":"ShouldLoadAllActivities","sloc":26,"wmc":5},{"name":"TaskScheduleGroupValidator","sloc":73,"wmc":1},{"name":"ShouldHaveValidInitialHourAndFinalHourCombination","sloc":24,"wmc":4},{"name":"ShouldServiceLocalHaveFinalHourGreaterThenInitialHour","sloc":30,"wmc":5},{"name":"ShouldLoadAllTeams","sloc":24,"wmc":3}]},{"name":"me.umov.business.taskschedule.domain","children":[{"name":"TaskScheduleDomainService","sloc":24,"wmc":2},{"name":"ItineraryServiceLocal","sloc":96,"wmc":19},{"name":"ItineraryAgent","sloc":69,"wmc":14},{"name":"ItineraryServicePort","sloc":9,"wmc":6},{"name":"ItinerarySchedule","sloc":244,"wmc":57},{"name":"ItineraryTeam","sloc":53,"wmc":12},{"name":"ScheduleQueuePayload","sloc":15,"wmc":3},{"name":"ItineraryScheduleSaved","sloc":19,"wmc":4},{"name":"ScheduledTasksCreator","sloc":4,"wmc":1},{"name":"ItineraryActivityRelations","sloc":7,"wmc":1},{"name":"ItineraryActivity","sloc":66,"wmc":13},{"name":"ItineraryService","sloc":87,"wmc":13},{"name":"Itinerary","sloc":593,"wmc":140},{"name":"ItineraryCronService","sloc":33,"wmc":4},{"name":"ItineraryJpaRepository","sloc":6,"wmc":1},{"name":"ItineraryScheduleCronService","sloc":33,"wmc":4},{"name":"ItinerarySaved","sloc":19,"wmc":4},{"name":"ItineraryScheduleJpaRepository","sloc":7,"wmc":1}]},{"name":"me.umov.business.taskschedule.application.service","children":[{"name":"TaskScheduleApplicationService","sloc":61,"wmc":3},{"name":"ConverterFactory","sloc":5,"wmc":1},{"name":"RelationshipConverterFactory","sloc":5,"wmc":1},{"name":"RelationshipConverter","sloc":7,"wmc":2},{"name":"TaskScheduleConverter","sloc":6,"wmc":1}]},{"name":"me.umov.business.taskschedule.application.dto","children":[{"name":"ScheduleTypeDTO","sloc":17,"wmc":4},{"name":"SaveTaskScheduleGroupRequest","sloc":196,"wmc":45},{"name":"RelationshipDTO","sloc":80,"wmc":24},{"name":"ItineraryServiceLocalRelationship","sloc":38,"wmc":8}]},{"name":"me.umov.business.taskschedule.api","children":[{"name":"TaskScheduleGroupController","sloc":34,"wmc":1}]},{"name":"me.umov.business.recurrence.domain","children":[{"name":"RecurrenceConfiguration","sloc":86,"wmc":30},{"name":"DateInterval","sloc":40,"wmc":11},{"name":"RecurrenceRepeatConfiguration","sloc":66,"wmc":22},{"name":"RecurrenceConfigurationInterface","sloc":13,"wmc":7},{"name":"Recurrent","sloc":4,"wmc":1},{"name":"IDateInterval","sloc":4,"wmc":1},{"name":"CrontabExpression","sloc":56,"wmc":12},{"name":"RecurrenceEndsConfiguration","sloc":67,"wmc":23},{"name":"CronProvider","sloc":5,"wmc":2}]},{"name":"me.umov.business.team.domain","children":[{"name":"TeamAgentModel","sloc":63,"wmc":12},{"name":"TeamModel","sloc":83,"wmc":19}]},{"name":"me.umov.business.shared.specification.rule","children":[{"name":"ValidationRules","sloc":24,"wmc":5},{"name":"RuleMessage","sloc":28,"wmc":6},{"name":"BusinessRule","sloc":6,"wmc":2},{"name":"EntityConstraintValidator","sloc":17,"wmc":2}]},{"name":"me.umov.business.shared.specification.domain","children":[{"name":"AndSpecification","sloc":19,"wmc":4},{"name":"CompositeSpecification","sloc":10,"wmc":3},{"name":"SpecificationResult","sloc":33,"wmc":7},{"name":"OrSpecification","sloc":19,"wmc":4},{"name":"BaseValidator","sloc":26,"wmc":4},{"name":"SpecificationException","sloc":24,"wmc":5},{"name":"ISpecification","sloc":6,"wmc":3}]},{"name":"me.umov.business.shared.domain","children":[{"name":"IntegrationModel","sloc":7,"wmc":4},{"name":"BaseModel","sloc":5,"wmc":2},{"name":"BaseClientModel","sloc":5,"wmc":2}]},{"name":"me.umov.business.shared.domain.event","children":[{"name":"DomainEventRegistry","sloc":36,"wmc":6},{"name":"DomainEventListener","sloc":4,"wmc":1},{"name":"DomainEvent","sloc":3,"wmc":1}]},{"name":"me.umov.business.shared.application","children":[{"name":"RequestUserData","sloc":26,"wmc":4},{"name":"ProcessApiReturn","sloc":44,"wmc":10},{"name":"ApiReturn","sloc":62,"wmc":13}]},{"name":"me.umov.business.shared.application.dto","children":[{"name":"IdDTO","sloc":10,"wmc":2}]},{"name":"me.umov.business.shared.exception","children":[{"name":"UnauthorizedRequestException","sloc":8,"wmc":1},{"name":"BadRequestException","sloc":8,"wmc":1},{"name":"BusinessValidationException","sloc":43,"wmc":8},{"name":"ResourceNotFoundException","sloc":11,"wmc":2},{"name":"InvalidIntervalException","sloc":4,"wmc":1},{"name":"InvalidOperationException","sloc":8,"wmc":1},{"name":"BaseApiException","sloc":16,"wmc":3},{"name":"DeleteException","sloc":29,"wmc":5}]},{"name":"me.umov.business.infrastructure.configuration","children":[{"name":"SpringConfiguration","sloc":4,"wmc":1}]},{"name":"me.umov.business.infrastructure.activity","children":[{"name":"ActivityDAOImpl","sloc":23,"wmc":2},{"name":"ActivityJpaRepository","sloc":5,"wmc":1}]},{"name":"me.umov.business.infrastructure.team","children":[{"name":"TeamJpaRepository","sloc":5,"wmc":1},{"name":"TeamDAOImpl","sloc":23,"wmc":2}]},{"name":"me.umov.business.infrastructure.cron","children":[{"name":"RundeckRestConfiguration","sloc":29,"wmc":3},{"name":"JobCreationResultDTO","sloc":22,"wmc":2},{"name":"RundeckSchedulerCronProvider","sloc":56,"wmc":7},{"name":"RundeckProjectResponse","sloc":17,"wmc":4},{"name":"RundeckRestService","sloc":74,"wmc":9},{"name":"JobCreationRequestDTO","sloc":156,"wmc":2}]},{"name":"me.umov.business.infrastructure.serialization","children":[{"name":"LocalTimeSerializationAdapter","sloc":35,"wmc":8},{"name":"HttpStatusSerializationAdapter","sloc":16,"wmc":2},{"name":"TeamExecutionSerializationAdapter","sloc":12,"wmc":1},{"name":"JourneyHourTypeSerializationAdapter","sloc":19,"wmc":2},{"name":"ActivityOriginSerializationAdapter","sloc":19,"wmc":2},{"name":"RecurrenceRepeatModeSerializationAdapter","sloc":19,"wmc":2},{"name":"RecurrenceEndTypeSerializationAdapter","sloc":20,"wmc":2},{"name":"AgentPortfolioValidationSerializationAdapter","sloc":19,"wmc":2},{"name":"LocalDateSerializationAdapter","sloc":24,"wmc":6},{"name":"RecurrenceTimeUnitSerializationAdapter","sloc":20,"wmc":2},{"name":"HibernateProxyTypeAdapter","sloc":41,"wmc":4},{"name":"ItineraryAgentRelationSerializationAdapter","sloc":12,"wmc":1},{"name":"GsonConfiguration","sloc":61,"wmc":2},{"name":"SpringfoxJsonToGsonAdapter","sloc":14,"wmc":1},{"name":"AnnotationExcludeSerializationStrategy","sloc":13,"wmc":2},{"name":"RecurrenceRepeatTypeSerializationAdapter","sloc":20,"wmc":2},{"name":"WorkdayTaskCreationValidationSerializationAdapter","sloc":20,"wmc":2},{"name":"LocalDateTimeSerializationAdapter","sloc":36,"wmc":8},{"name":"TaskScheduleActivityOriginSerializationAdapter","sloc":14,"wmc":2},{"name":"TaskSituationSerializationAdapter","sloc":12,"wmc":1},{"name":"BooleanStatusSerializationAdapter","sloc":20,"wmc":2}]},{"name":"me.umov.business.infrastructure.queue","children":[{"name":"MessageDTO","sloc":19,"wmc":5},{"name":"AmazonSQSConfiguration","sloc":56,"wmc":7},{"name":"ProducerQueueAWS","sloc":21,"wmc":2},{"name":"ProducerNotification","sloc":4,"wmc":1},{"name":"ProducerBuilder","sloc":19,"wmc":2}]},{"name":"me.umov.business.infrastructure.queue.analyzeRule","children":[{"name":"RuleRepository","sloc":6,"wmc":1},{"name":"Rule","sloc":88,"wmc":18}]},{"name":"me.umov.business.infrastructure.agent","children":[{"name":"AgentDAOImpl","sloc":23,"wmc":2},{"name":"AgentJpaRepository","sloc":5,"wmc":1}]},{"name":"me.umov.business.infrastructure.jpa","children":[{"name":"ExportSituationConverter","sloc":17,"wmc":3},{"name":"CustomFieldTypeConverter","sloc":17,"wmc":3},{"name":"RecurrenceEndTypeConverter","sloc":17,"wmc":3},{"name":"ActivityCycleConverter","sloc":17,"wmc":3},{"name":"TaskScheduleActivityOriginConverter","sloc":17,"wmc":3},{"name":"WorkdayTaskCreationValidationConverter","sloc":17,"wmc":3},{"name":"LocalTimeConverter","sloc":31,"wmc":6},{"name":"TeamExecutionConverter","sloc":17,"wmc":3},{"name":"LongArrayType","sloc":22,"wmc":4},{"name":"LongArrayTypeDescriptor","sloc":13,"wmc":2},{"name":"FrequencyControlTypeConverter","sloc":18,"wmc":3},{"name":"ItineraryAgentRelationConverter","sloc":17,"wmc":3},{"name":"ActivityExecutionModeConverter","sloc":17,"wmc":3},{"name":"RecurrenceRepeatModeConverter","sloc":17,"wmc":3},{"name":"AgentPorfolioValidationConverter","sloc":17,"wmc":3},{"name":"ScheduleTypeConverter","sloc":17,"wmc":3},{"name":"AbsenceActionConverter","sloc":17,"wmc":3},{"name":"CustomFieldSubTypeConverter","sloc":17,"wmc":3},{"name":"ActivityOriginConverter","sloc":17,"wmc":3},{"name":"FieldConfigOriginConverter","sloc":17,"wmc":3},{"name":"BooleanStatusConverter","sloc":17,"wmc":3}]},{"name":"me.umov.business.infrastructure.jpa.workcycle","children":[{"name":"WorkCycleGeneratorImpl","sloc":36,"wmc":2}]},{"name":"me.umov.business.infrastructure.servicelocal.activity","children":[{"name":"ServiceLocalActivityDAOImpl","sloc":18,"wmc":1},{"name":"ServiceLocalActivityJpaRepository","sloc":8,"wmc":1},{"name":"ServiceLocalActivityEntity","sloc":47,"wmc":8}]},{"name":"me.umov.business.infrastructure.servicelocal","children":[{"name":"ServiceLocalJpaRepository","sloc":6,"wmc":1},{"name":"ServiceLocalDAOImpl","sloc":36,"wmc":3}]},{"name":"me.umov.business.domain.client","children":[{"name":"ClientConfigurations","sloc":19,"wmc":3},{"name":"ClientService","sloc":14,"wmc":1},{"name":"ClientRepository","sloc":6,"wmc":1},{"name":"SystemParameters","sloc":92,"wmc":19},{"name":"Client","sloc":83,"wmc":12}]},{"name":"me.umov.business.domain.activity","children":[{"name":"ActivityDAO","sloc":6,"wmc":1}]},{"name":"me.umov.business.domain.task","children":[{"name":"TaskService","sloc":237,"wmc":31},{"name":"TaskConfigJpaRepository","sloc":9,"wmc":1},{"name":"TaskActivityJpaRepository","sloc":8,"wmc":1},{"name":"TaskDailyResume","sloc":125,"wmc":36},{"name":"TaskActivityModel","sloc":97,"wmc":18},{"name":"TaskModel","sloc":577,"wmc":154},{"name":"BeforeTaskSaveEvent","sloc":11,"wmc":2},{"name":"TaskJpaRepository","sloc":20,"wmc":2},{"name":"TaskConfigModel","sloc":124,"wmc":17},{"name":"TaskSavedEvent","sloc":19,"wmc":4},{"name":"TaskTypeJpaRepository","sloc":7,"wmc":1},{"name":"TaskTypeModel","sloc":64,"wmc":12},{"name":"TaskItemModel","sloc":70,"wmc":12}]},{"name":"me.umov.business.domain.rule.task","children":[{"name":"ShouldInitiateToday","sloc":26,"wmc":4},{"name":"ShouldValidateAgentPortfolio","sloc":35,"wmc":6},{"name":"ShouldBeActive","sloc":26,"wmc":4},{"name":"ShouldHaveValidAgent","sloc":29,"wmc":5},{"name":"ShouldHaveTeamExecutionWhenTeamIsSelected","sloc":28,"wmc":4},{"name":"ShouldHaveValidRecurrenceConfiguration","sloc":60,"wmc":18},{"name":"ShouldHaveValidSituationLifeCicle","sloc":93,"wmc":23},{"name":"ShouldHaveServiceLocal","sloc":30,"wmc":6},{"name":"ShouldHaveValidActivitiesAssociated","sloc":46,"wmc":10},{"name":"ShouldHaveOneAgentWhenOnlyOneAgentTeam","sloc":31,"wmc":4},{"name":"ShouldHaveTeam","sloc":25,"wmc":4},{"name":"ShouldNotHaveAgent","sloc":25,"wmc":4},{"name":"ShouldHaveValidFinalDate","sloc":28,"wmc":4},{"name":"ShouldHaveValidFinalHour","sloc":35,"wmc":6},{"name":"ShouldHaveRequiredTaskConfigFields","sloc":59,"wmc":13},{"name":"ShouldHaveTaskModel","sloc":26,"wmc":4},{"name":"ShouldHaveValidTeam","sloc":29,"wmc":5},{"name":"ShouldHaveValidTaskType","sloc":29,"wmc":4},{"name":"ShouldHaveNoTaskInDate","sloc":31,"wmc":4},{"name":"ShouldHaveScheduleInsideOfAgentJourney","sloc":40,"wmc":7},{"name":"ShouldHaveValidInitialDate","sloc":32,"wmc":7},{"name":"ShouldHaveAgentByRequiredTaskConfig","sloc":51,"wmc":9},{"name":"ShouldValidateActivitiesPeriod","sloc":42,"wmc":8},{"name":"ShouldBeInPreparation","sloc":26,"wmc":4}]},{"name":"me.umov.business.domain.rule.builders","children":[{"name":"ValidationBuilder","sloc":11,"wmc":2},{"name":"EmptyValidationBuilder","sloc":11,"wmc":1},{"name":"IdleAgentBuilder","sloc":24,"wmc":1},{"name":"SaveTaskValidationBuilder","sloc":71,"wmc":1}]},{"name":"me.umov.business.domain.rule.customfield","children":[{"name":"ShouldHaveRequiredCustomFields","sloc":33,"wmc":6},{"name":"ShouldHaveValidGeocoordinateCustomFields","sloc":35,"wmc":6},{"name":"ShouldHaveValidMultimidiaURLCustomFields","sloc":37,"wmc":6}]},{"name":"me.umov.business.domain.team","children":[{"name":"TeamDAO","sloc":6,"wmc":1}]},{"name":"me.umov.business.domain.activityHistory","children":[{"name":"ActivityHistoryServiceImpl","sloc":19,"wmc":1},{"name":"ActivityHistory","sloc":46,"wmc":10},{"name":"ActivityHistoryJpaRepository","sloc":11,"wmc":1},{"name":"ActivityHistoryService","sloc":4,"wmc":1}]},{"name":"me.umov.business.domain.workcycle","children":[{"name":"WorkCycleServicePort","sloc":15,"wmc":5},{"name":"WorkCycleRoot","sloc":71,"wmc":14},{"name":"WorkCycle","sloc":115,"wmc":24},{"name":"WorkCycleGenerator","sloc":7,"wmc":2},{"name":"WorkCycleJpaRepository","sloc":13,"wmc":1},{"name":"WorkCycleService","sloc":125,"wmc":22},{"name":"WorkCycleRootJpaRepository","sloc":20,"wmc":2}]},{"name":"me.umov.business.domain.model.builder","children":[{"name":"TaskLoader","sloc":95,"wmc":14},{"name":"BaseLoader","sloc":41,"wmc":7},{"name":"CustomFieldValueLoader","sloc":12,"wmc":2}]},{"name":"me.umov.business.domain.agent","children":[{"name":"AgentDAO","sloc":6,"wmc":1}]},{"name":"me.umov.business.domain.generic.specification","children":[{"name":"ShouldHaveValidId","sloc":23,"wmc":4},{"name":"ShouldHaveUniqueDescription","sloc":41,"wmc":4}]},{"name":"me.umov.business.domain.servicelocal","children":[{"name":"ServiceLocalActivityDAO","sloc":4,"wmc":1},{"name":"ServiceLocalService","sloc":12,"wmc":1},{"name":"ServiceLocalRepository","sloc":4,"wmc":1},{"name":"ServiceLocalRepositoryImpl","sloc":11,"wmc":1},{"name":"Address","sloc":98,"wmc":20},{"name":"ServiceLocalDAO","sloc":6,"wmc":2},{"name":"ServiceLocal","sloc":45,"wmc":10}]},{"name":"me.umov.business.application.handler","children":[{"name":"GeneralRestExceptionHandler","sloc":107,"wmc":13}]},{"name":"me.umov.business.application.interceptor","children":[{"name":"InterceptorConfig","sloc":37,"wmc":3},{"name":"CORSInterceptor","sloc":23,"wmc":2},{"name":"JWTAuthorizationInterceptor","sloc":30,"wmc":5}]},{"name":"me.umov.business.application.spring","children":[{"name":"AutoWiredUtils","sloc":16,"wmc":2}]},{"name":"me.umov.business.application.observer","children":[{"name":"NotificationAfterSaveTask","sloc":60,"wmc":5},{"name":"ItineraryScheduleCronSchedulerObserver","sloc":22,"wmc":3},{"name":"TaskSavedObserver","sloc":23,"wmc":3},{"name":"ItineraryCronSchedulerObserver","sloc":22,"wmc":3},{"name":"BeforeTaskSaveObserver","sloc":21,"wmc":1}]},{"name":"me.umov.business.application.controller","children":[{"name":"TaskController","sloc":121,"wmc":11},{"name":"BaseController","sloc":10,"wmc":1},{"name":"TaskTypeController","sloc":28,"wmc":3},{"name":"CronController","sloc":48,"wmc":2},{"name":"EntityIntegration","sloc":5,"wmc":2},{"name":"ServiceLocalController","sloc":30,"wmc":1},{"name":"VersionController","sloc":18,"wmc":2}]},{"name":"me.umov.business.application.controller.activity","children":[{"name":"ActivityRelationship","sloc":28,"wmc":6}]},{"name":"me.umov.business.application.controller.team","children":[{"name":"TeamRelationship","sloc":29,"wmc":6}]},{"name":"me.umov.business.application.controller.activityhistory","children":[{"name":"ActivityHistoryController","sloc":27,"wmc":1},{"name":"ActivityHistoryConverter","sloc":5,"wmc":1}]},{"name":"me.umov.business.application.controller.workcycle","children":[{"name":"WorkCycleRelationRequest","sloc":18,"wmc":4},{"name":"CreateWorkCycleRequest","sloc":62,"wmc":10},{"name":"WorkCycleScheduleConverter","sloc":5,"wmc":1},{"name":"WorkCycleServiceLocalRequest","sloc":23,"wmc":6},{"name":"SaveWorkCycleScheduleRequest","sloc":57,"wmc":13},{"name":"CreateWorkCycleResponse","sloc":35,"wmc":2},{"name":"WorkCycleController","sloc":90,"wmc":10},{"name":"ReplaceWorkCycleServiceLocalRequest","sloc":31,"wmc":8}]},{"name":"me.umov.business.application.controller.agent","children":[{"name":"AgentController","sloc":49,"wmc":3},{"name":"AgentRelationship","sloc":33,"wmc":7}]},{"name":"me.umov.business.application.authorization","children":[{"name":"UMovMeJWTClaims","sloc":8,"wmc":1},{"name":"JWTService","sloc":60,"wmc":11}]},{"name":"me.umov.business.application.service","children":[{"name":"AgentService","sloc":14,"wmc":1},{"name":"CustomFieldService","sloc":7,"wmc":1},{"name":"IntegrationService","sloc":32,"wmc":7},{"name":"TaskConfigService","sloc":13,"wmc":1},{"name":"FactoryDistributionTask","sloc":16,"wmc":2},{"name":"DistributionTask","sloc":79,"wmc":17},{"name":"TeamService","sloc":7,"wmc":1},{"name":"RecurrenceService","sloc":133,"wmc":33},{"name":"DistributionIdleAgent","sloc":28,"wmc":4},{"name":"BaseService","sloc":61,"wmc":13},{"name":"TaskScheduleService","sloc":7,"wmc":1},{"name":"TaskTypeService","sloc":7,"wmc":1},{"name":"ServiceLocalApplicationService","sloc":13,"wmc":1},{"name":"ItemService","sloc":7,"wmc":1},{"name":"CustomFieldValueService","sloc":107,"wmc":15},{"name":"ActivityService","sloc":15,"wmc":2}]},{"name":"me.umov.business.application.service.toggle","children":[{"name":"FeatureToggleService","sloc":17,"wmc":1}]},{"name":"me.umov.business.application.service.notification","children":[{"name":"TaskNotificationService","sloc":49,"wmc":6}]},{"name":"me.umov.business.application.service.idiom","children":[{"name":"IdiomEntryService","sloc":21,"wmc":3},{"name":"IdiomWrapper","sloc":23,"wmc":3}]},{"name":"me.umov.business.application.model","children":[{"name":"CommonCustomFieldConfig","sloc":45,"wmc":11},{"name":"Event","sloc":40,"wmc":8},{"name":"WorkJourneyModel","sloc":102,"wmc":19},{"name":"Interval","sloc":20,"wmc":5},{"name":"WorkJourneyDayModel","sloc":113,"wmc":23},{"name":"CustomFieldValueModel","sloc":66,"wmc":12},{"name":"CustomFieldModel","sloc":60,"wmc":10}]},{"name":"me.umov.business.application.model.toggle","children":[{"name":"FeatureToggle","sloc":30,"wmc":4}]},{"name":"me.umov.business.application.model.notification","children":[{"name":"TaskNotification","sloc":112,"wmc":19}]},{"name":"me.umov.business.application.model.dto","children":[{"name":"CustomFieldValueDTO","sloc":40,"wmc":11},{"name":"TaskItemDTO","sloc":53,"wmc":14},{"name":"AgentTaskDTO","sloc":32,"wmc":7},{"name":"ResultProcessRule","sloc":21,"wmc":5},{"name":"AgentJourneyHoursDTO","sloc":48,"wmc":18},{"name":"TaskActivityDTO","sloc":22,"wmc":5},{"name":"AssignAgentsTasksDTO","sloc":15,"wmc":2},{"name":"CancelTaskDTO","sloc":22,"wmc":5},{"name":"PrioritizeTasksDTO","sloc":15,"wmc":2},{"name":"TaskSituationDTO","sloc":16,"wmc":3},{"name":"IOperationDTO","sloc":8,"wmc":4},{"name":"ICustomFields","sloc":6,"wmc":2},{"name":"RuleRequestDTO","sloc":45,"wmc":12},{"name":"SaveTaskDTO","sloc":386,"wmc":104}]},{"name":"me.umov.business.application.model.idiom","children":[{"name":"IdiomEntry","sloc":48,"wmc":3},{"name":"Idiom","sloc":28,"wmc":2}]},{"name":"me.umov.business.application.repository","children":[{"name":"BaseRepository","sloc":14,"wmc":3},{"name":"CustomFieldRepository","sloc":8,"wmc":1},{"name":"CustomFieldValueRepository","sloc":10,"wmc":3},{"name":"ActivityRepository","sloc":9,"wmc":1},{"name":"IdiomEntryRepository","sloc":7,"wmc":1},{"name":"ItemRepository","sloc":6,"wmc":1},{"name":"IntegrationRepository","sloc":9,"wmc":2},{"name":"ServiceLocalRepository","sloc":11,"wmc":3},{"name":"AgentRepository","sloc":17,"wmc":2},{"name":"TaskTypeRepository","sloc":7,"wmc":1},{"name":"ItineraryTeamReposytory","sloc":16,"wmc":1},{"name":"TeamRepository","sloc":6,"wmc":1},{"name":"FeatureToggleRepository","sloc":7,"wmc":1},{"name":"EventRepository","sloc":11,"wmc":1},{"name":"TaskNotificationRepository","sloc":6,"wmc":1}]},{"name":"me.umov.business.application.repository.custom","children":[{"name":"ActivityRepositoryImpl","sloc":33,"wmc":5},{"name":"ActivityRepositoryCustom","sloc":6,"wmc":1},{"name":"AgentRepositoyCustom","sloc":51,"wmc":6}]},{"name":"me.umov.business.application.repository.custom.task","children":[{"name":"TaskRepositoryCustom","sloc":5,"wmc":1},{"name":"TaskRepositoryCustomImpl","sloc":46,"wmc":9},{"name":"TaskQueryBuilder","sloc":37,"wmc":3}]},{"name":"me.umov.business.item.domain","children":[{"name":"ItemModel","sloc":88,"wmc":18}]},{"name":"me.umov.business.agent.domain","children":[{"name":"AgentAbsenceModel","sloc":95,"wmc":19},{"name":"AgentModel","sloc":103,"wmc":20}]},{"name":"me.umov.business.api","children":[{"name":"TaskScheduleApi","sloc":715,"wmc":22}]},{"name":"me.umov.business.servicelocal.anticorruption","children":[{"name":"ServiceLocalConverter","sloc":6,"wmc":1}]},{"name":"me.umov.business.servicelocal.domain","children":[{"name":"ServiceLocalModel","sloc":124,"wmc":20}]},{"name":"me.umov.business.servicelocal.application.dto","children":[{"name":"ServiceLocalRelationship","sloc":31,"wmc":7},{"name":"ServiceLocalRequest","sloc":43,"wmc":10}]}]}