{"nodes":[{"name":"me.umov.business.domain.rule.task","label":"me.umov.business.domain.rule.task","id":"me.umov.business.domain.rule.task","size":24},{"name":"me.umov.business.infrastructure.serialization","label":"me.umov.business.infrastructure.serialization","id":"me.umov.business.infrastructure.serialization","size":22},{"name":"me.umov.business.taskschedule.domain","label":"me.umov.business.taskschedule.domain","id":"me.umov.business.taskschedule.domain","size":21},{"name":"me.umov.business.infrastructure.jpa","label":"me.umov.business.infrastructure.jpa","id":"me.umov.business.infrastructure.jpa","size":21},{"name":"me.umov.business.taskschedule.specification","label":"me.umov.business.taskschedule.specification","id":"me.umov.business.taskschedule.specification","size":20},{"name":"me.umov.business.application.service","label":"me.umov.business.application.service","id":"me.umov.business.application.service","size":16},{"name":"me.umov.business.application.model.type","label":"me.umov.business.application.model.type","id":"me.umov.business.application.model.type","size":16},{"name":"me.umov.business.application.model.dto","label":"me.umov.business.application.model.dto","id":"me.umov.business.application.model.dto","size":15},{"name":"me.umov.business.application.repository","label":"me.umov.business.application.repository","id":"me.umov.business.application.repository","size":15},{"name":"me.umov.business.recurrence.domain","label":"me.umov.business.recurrence.domain","id":"me.umov.business.recurrence.domain","size":14},{"name":"me.umov.business.domain.task","label":"me.umov.business.domain.task","id":"me.umov.business.domain.task","size":14},{"name":"me.umov.business.domain.workcycle","label":"me.umov.business.domain.workcycle","id":"me.umov.business.domain.workcycle","size":10},{"name":"me.umov.business.application.controller.workcycle","label":"me.umov.business.application.controller.workcycle","id":"me.umov.business.application.controller.workcycle","size":9},{"name":"me.umov.business.shared.exception","label":"me.umov.business.shared.exception","id":"me.umov.business.shared.exception","size":8},{"name":"me.umov.business.shared.specification.domain","label":"me.umov.business.shared.specification.domain","id":"me.umov.business.shared.specification.domain","size":7},{"name":"me.umov.business.infrastructure.cron","label":"me.umov.business.infrastructure.cron","id":"me.umov.business.infrastructure.cron","size":7},{"name":"me.umov.business.domain.servicelocal","label":"me.umov.business.domain.servicelocal","id":"me.umov.business.domain.servicelocal","size":7},{"name":"me.umov.business.application.controller","label":"me.umov.business.application.controller","id":"me.umov.business.application.controller","size":7},{"name":"me.umov.business.application.model","label":"me.umov.business.application.model","id":"me.umov.business.application.model","size":7},{"name":"me.umov.business.taskschedule.anticorruption.relationship","label":"me.umov.business.taskschedule.anticorruption.relationship","id":"me.umov.business.taskschedule.anticorruption.relationship","size":6},{"name":"me.umov.business.taskschedule.application.dto","label":"me.umov.business.taskschedule.application.dto","id":"me.umov.business.taskschedule.application.dto","size":6},{"name":"me.umov.business.taskschedule.anticorruption.taskSchedule","label":"me.umov.business.taskschedule.anticorruption.taskSchedule","id":"me.umov.business.taskschedule.anticorruption.taskSchedule","size":5},{"name":"me.umov.business.taskschedule.application.service","label":"me.umov.business.taskschedule.application.service","id":"me.umov.business.taskschedule.application.service","size":5},{"name":"me.umov.business.shared.specification.rule","label":"me.umov.business.shared.specification.rule","id":"me.umov.business.shared.specification.rule","size":5},{"name":"me.umov.business.infrastructure.queue","label":"me.umov.business.infrastructure.queue","id":"me.umov.business.infrastructure.queue","size":5},{"name":"me.umov.business.domain.client","label":"me.umov.business.domain.client","id":"me.umov.business.domain.client","size":5},{"name":"me.umov.business.application.observer","label":"me.umov.business.application.observer","id":"me.umov.business.application.observer","size":5},{"name":"me.umov.business.shared.domain","label":"me.umov.business.shared.domain","id":"me.umov.business.shared.domain","size":4},{"name":"me.umov.business.shared.domain.event","label":"me.umov.business.shared.domain.event","id":"me.umov.business.shared.domain.event","size":4},{"name":"me.umov.business.infrastructure.queue.analyzeRule","label":"me.umov.business.infrastructure.queue.analyzeRule","id":"me.umov.business.infrastructure.queue.analyzeRule","size":4},{"name":"me.umov.business.domain.rule.builders","label":"me.umov.business.domain.rule.builders","id":"me.umov.business.domain.rule.builders","size":4},{"name":"me.umov.business.domain.activityHistory","label":"me.umov.business.domain.activityHistory","id":"me.umov.business.domain.activityHistory","size":4},{"name":"me.umov.business.shared.application","label":"me.umov.business.shared.application","id":"me.umov.business.shared.application","size":3},{"name":"me.umov.business.infrastructure.servicelocal.activity","label":"me.umov.business.infrastructure.servicelocal.activity","id":"me.umov.business.infrastructure.servicelocal.activity","size":3},{"name":"me.umov.business.domain.rule.customfield","label":"me.umov.business.domain.rule.customfield","id":"me.umov.business.domain.rule.customfield","size":3},{"name":"me.umov.business.domain.model.builder","label":"me.umov.business.domain.model.builder","id":"me.umov.business.domain.model.builder","size":3},{"name":"me.umov.business.application.interceptor","label":"me.umov.business.application.interceptor","id":"me.umov.business.application.interceptor","size":3},{"name":"me.umov.business.application.authorization","label":"me.umov.business.application.authorization","id":"me.umov.business.application.authorization","size":3},{"name":"me.umov.business.application.service.idiom","label":"me.umov.business.application.service.idiom","id":"me.umov.business.application.service.idiom","size":3},{"name":"me.umov.business.application.model.notification","label":"me.umov.business.application.model.notification","id":"me.umov.business.application.model.notification","size":3},{"name":"me.umov.business.application.repository.custom","label":"me.umov.business.application.repository.custom","id":"me.umov.business.application.repository.custom","size":3},{"name":"me.umov.business.application.repository.custom.task","label":"me.umov.business.application.repository.custom.task","id":"me.umov.business.application.repository.custom.task","size":3},{"name":"me.umov.business.team.domain","label":"me.umov.business.team.domain","id":"me.umov.business.team.domain","size":2},{"name":"me.umov.business.infrastructure.activity","label":"me.umov.business.infrastructure.activity","id":"me.umov.business.infrastructure.activity","size":2},{"name":"me.umov.business.infrastructure.team","label":"me.umov.business.infrastructure.team","id":"me.umov.business.infrastructure.team","size":2},{"name":"me.umov.business.infrastructure.agent","label":"me.umov.business.infrastructure.agent","id":"me.umov.business.infrastructure.agent","size":2},{"name":"me.umov.business.infrastructure.servicelocal","label":"me.umov.business.infrastructure.servicelocal","id":"me.umov.business.infrastructure.servicelocal","size":2},{"name":"me.umov.business.domain.generic.specification","label":"me.umov.business.domain.generic.specification","id":"me.umov.business.domain.generic.specification","size":2},{"name":"me.umov.business.application.controller.activityhistory","label":"me.umov.business.application.controller.activityhistory","id":"me.umov.business.application.controller.activityhistory","size":2},{"name":"me.umov.business.application.controller.agent","label":"me.umov.business.application.controller.agent","id":"me.umov.business.application.controller.agent","size":2},{"name":"me.umov.business.application.model.toggle","label":"me.umov.business.application.model.toggle","id":"me.umov.business.application.model.toggle","size":2},{"name":"me.umov.business.application.model.idiom","label":"me.umov.business.application.model.idiom","id":"me.umov.business.application.model.idiom","size":2},{"name":"me.umov.business.agent.domain","label":"me.umov.business.agent.domain","id":"me.umov.business.agent.domain","size":2},{"name":"me.umov.business.servicelocal.application.dto","label":"me.umov.business.servicelocal.application.dto","id":"me.umov.business.servicelocal.application.dto","size":2},{"name":"me.umov.business","label":"me.umov.business","id":"me.umov.business","size":1},{"name":"me.umov.business.configuration","label":"me.umov.business.configuration","id":"me.umov.business.configuration","size":1},{"name":"me.umov.business.anticorruption.activityHistory","label":"me.umov.business.anticorruption.activityHistory","id":"me.umov.business.anticorruption.activityHistory","size":1},{"name":"me.umov.business.anticorruption.itinerary","label":"me.umov.business.anticorruption.itinerary","id":"me.umov.business.anticorruption.itinerary","size":1},{"name":"me.umov.business.anticorruption.servicelocal","label":"me.umov.business.anticorruption.servicelocal","id":"me.umov.business.anticorruption.servicelocal","size":1},{"name":"me.umov.business.activity.domain","label":"me.umov.business.activity.domain","id":"me.umov.business.activity.domain","size":1},{"name":"me.umov.business.taskschedule.anticorruption","label":"me.umov.business.taskschedule.anticorruption","id":"me.umov.business.taskschedule.anticorruption","size":1},{"name":"me.umov.business.taskschedule.api","label":"me.umov.business.taskschedule.api","id":"me.umov.business.taskschedule.api","size":1},{"name":"me.umov.business.shared.application.dto","label":"me.umov.business.shared.application.dto","id":"me.umov.business.shared.application.dto","size":1},{"name":"me.umov.business.infrastructure.configuration","label":"me.umov.business.infrastructure.configuration","id":"me.umov.business.infrastructure.configuration","size":1},{"name":"me.umov.business.infrastructure.jpa.workcycle","label":"me.umov.business.infrastructure.jpa.workcycle","id":"me.umov.business.infrastructure.jpa.workcycle","size":1},{"name":"me.umov.business.domain.activity","label":"me.umov.business.domain.activity","id":"me.umov.business.domain.activity","size":1},{"name":"me.umov.business.domain.team","label":"me.umov.business.domain.team","id":"me.umov.business.domain.team","size":1},{"name":"me.umov.business.domain.agent","label":"me.umov.business.domain.agent","id":"me.umov.business.domain.agent","size":1},{"name":"me.umov.business.application.handler","label":"me.umov.business.application.handler","id":"me.umov.business.application.handler","size":1},{"name":"me.umov.business.application.spring","label":"me.umov.business.application.spring","id":"me.umov.business.application.spring","size":1},{"name":"me.umov.business.application.controller.activity","label":"me.umov.business.application.controller.activity","id":"me.umov.business.application.controller.activity","size":1},{"name":"me.umov.business.application.controller.team","label":"me.umov.business.application.controller.team","id":"me.umov.business.application.controller.team","size":1},{"name":"me.umov.business.application.service.toggle","label":"me.umov.business.application.service.toggle","id":"me.umov.business.application.service.toggle","size":1},{"name":"me.umov.business.application.service.notification","label":"me.umov.business.application.service.notification","id":"me.umov.business.application.service.notification","size":1},{"name":"me.umov.business.item.domain","label":"me.umov.business.item.domain","id":"me.umov.business.item.domain","size":1},{"name":"me.umov.business.api","label":"me.umov.business.api","id":"me.umov.business.api","size":1},{"name":"me.umov.business.servicelocal.anticorruption","label":"me.umov.business.servicelocal.anticorruption","id":"me.umov.business.servicelocal.anticorruption","size":1},{"name":"me.umov.business.servicelocal.domain","label":"me.umov.business.servicelocal.domain","id":"me.umov.business.servicelocal.domain","size":1}],"links":[{"source":"me.umov.business.domain.rule.task","target":"me.umov.business.activity.domain"},{"source":"me.umov.business.domain.rule.task","target":"me.umov.business.agent.domain"},{"source":"me.umov.business.domain.rule.task","target":"me.umov.business.application.service"},{"source":"me.umov.business.domain.rule.task","target":"me.umov.business.domain.client"},{"source":"me.umov.business.domain.rule.task","target":"me.umov.business.domain.task"},{"source":"me.umov.business.domain.rule.task","target":"me.umov.business.recurrence.domain"},{"source":"me.umov.business.domain.rule.task","target":"me.umov.business.servicelocal.domain"},{"source":"me.umov.business.domain.rule.task","target":"me.umov.business.shared.specification.rule"},{"source":"me.umov.business.domain.rule.task","target":"me.umov.business.team.domain"},{"source":"me.umov.business.infrastructure.serialization","target":"me.umov.business.infrastructure.configuration"},{"source":"me.umov.business.taskschedule.domain","target":"me.umov.business.activity.domain"},{"source":"me.umov.business.taskschedule.domain","target":"me.umov.business.agent.domain"},{"source":"me.umov.business.taskschedule.domain","target":"me.umov.business.application.controller.activity"},{"source":"me.umov.business.taskschedule.domain","target":"me.umov.business.application.controller.agent"},{"source":"me.umov.business.taskschedule.domain","target":"me.umov.business.application.controller.team"},{"source":"me.umov.business.taskschedule.domain","target":"me.umov.business.application.repository"},{"source":"me.umov.business.taskschedule.domain","target":"me.umov.business.domain.servicelocal"},{"source":"me.umov.business.taskschedule.domain","target":"me.umov.business.domain.task"},{"source":"me.umov.business.taskschedule.domain","target":"me.umov.business.recurrence.domain"},{"source":"me.umov.business.taskschedule.domain","target":"me.umov.business.servicelocal.domain"},{"source":"me.umov.business.taskschedule.domain","target":"me.umov.business.shared.application"},{"source":"me.umov.business.taskschedule.domain","target":"me.umov.business.shared.domain"},{"source":"me.umov.business.taskschedule.domain","target":"me.umov.business.shared.domain.event"},{"source":"me.umov.business.taskschedule.domain","target":"me.umov.business.shared.exception"},{"source":"me.umov.business.taskschedule.domain","target":"me.umov.business.shared.specification.rule"},{"source":"me.umov.business.taskschedule.domain","target":"me.umov.business.taskschedule.application.dto"},{"source":"me.umov.business.taskschedule.domain","target":"me.umov.business.taskschedule.specification"},{"source":"me.umov.business.taskschedule.domain","target":"me.umov.business.team.domain"},{"source":"me.umov.business.taskschedule.specification","target":"me.umov.business.domain.activity"},{"source":"me.umov.business.taskschedule.specification","target":"me.umov.business.domain.agent"},{"source":"me.umov.business.taskschedule.specification","target":"me.umov.business.domain.generic.specification"},{"source":"me.umov.business.taskschedule.specification","target":"me.umov.business.domain.servicelocal"},{"source":"me.umov.business.taskschedule.specification","target":"me.umov.business.domain.team"},{"source":"me.umov.business.taskschedule.specification","target":"me.umov.business.shared.exception"},{"source":"me.umov.business.taskschedule.specification","target":"me.umov.business.shared.specification.domain"},{"source":"me.umov.business.taskschedule.specification","target":"me.umov.business.taskschedule.domain"},{"source":"me.umov.business.application.service","target":"me.umov.business.activity.domain"},{"source":"me.umov.business.application.service","target":"me.umov.business.agent.domain"},{"source":"me.umov.business.application.service","target":"me.umov.business.application.model"},{"source":"me.umov.business.application.service","target":"me.umov.business.application.model.dto"},{"source":"me.umov.business.application.service","target":"me.umov.business.application.repository"},{"source":"me.umov.business.application.service","target":"me.umov.business.application.repository.custom"},{"source":"me.umov.business.application.service","target":"me.umov.business.domain.rule.builders"},{"source":"me.umov.business.application.service","target":"me.umov.business.domain.rule.customfield"},{"source":"me.umov.business.application.service","target":"me.umov.business.domain.task"},{"source":"me.umov.business.application.service","target":"me.umov.business.item.domain"},{"source":"me.umov.business.application.service","target":"me.umov.business.recurrence.domain"},{"source":"me.umov.business.application.service","target":"me.umov.business.servicelocal.domain"},{"source":"me.umov.business.application.service","target":"me.umov.business.shared.application"},{"source":"me.umov.business.application.service","target":"me.umov.business.shared.domain"},{"source":"me.umov.business.application.service","target":"me.umov.business.shared.exception"},{"source":"me.umov.business.application.service","target":"me.umov.business.shared.specification.rule"},{"source":"me.umov.business.application.service","target":"me.umov.business.taskschedule.domain"},{"source":"me.umov.business.application.service","target":"me.umov.business.team.domain"},{"source":"me.umov.business.application.model.dto","target":"me.umov.business.activity.domain"},{"source":"me.umov.business.application.model.dto","target":"me.umov.business.agent.domain"},{"source":"me.umov.business.application.model.dto","target":"me.umov.business.application.model"},{"source":"me.umov.business.application.model.dto","target":"me.umov.business.domain.task"},{"source":"me.umov.business.application.model.dto","target":"me.umov.business.item.domain"},{"source":"me.umov.business.application.model.dto","target":"me.umov.business.servicelocal.domain"},{"source":"me.umov.business.application.model.dto","target":"me.umov.business.shared.domain"},{"source":"me.umov.business.application.model.dto","target":"me.umov.business.team.domain"},{"source":"me.umov.business.application.repository","target":"me.umov.business.activity.domain"},{"source":"me.umov.business.application.repository","target":"me.umov.business.agent.domain"},{"source":"me.umov.business.application.repository","target":"me.umov.business.application.model"},{"source":"me.umov.business.application.repository","target":"me.umov.business.application.model.idiom"},{"source":"me.umov.business.application.repository","target":"me.umov.business.application.model.notification"},{"source":"me.umov.business.application.repository","target":"me.umov.business.application.model.toggle"},{"source":"me.umov.business.application.repository","target":"me.umov.business.application.repository.custom"},{"source":"me.umov.business.application.repository","target":"me.umov.business.domain.task"},{"source":"me.umov.business.application.repository","target":"me.umov.business.item.domain"},{"source":"me.umov.business.application.repository","target":"me.umov.business.servicelocal.domain"},{"source":"me.umov.business.application.repository","target":"me.umov.business.shared.domain"},{"source":"me.umov.business.application.repository","target":"me.umov.business.taskschedule.domain"},{"source":"me.umov.business.application.repository","target":"me.umov.business.team.domain"},{"source":"me.umov.business.domain.task","target":"me.umov.business.activity.domain"},{"source":"me.umov.business.domain.task","target":"me.umov.business.agent.domain"},{"source":"me.umov.business.domain.task","target":"me.umov.business.application.model"},{"source":"me.umov.business.domain.task","target":"me.umov.business.application.model.dto"},{"source":"me.umov.business.domain.task","target":"me.umov.business.application.repository"},{"source":"me.umov.business.domain.task","target":"me.umov.business.application.repository.custom.task"},{"source":"me.umov.business.domain.task","target":"me.umov.business.application.service"},{"source":"me.umov.business.domain.task","target":"me.umov.business.domain.client"},{"source":"me.umov.business.domain.task","target":"me.umov.business.domain.model.builder"},{"source":"me.umov.business.domain.task","target":"me.umov.business.domain.workcycle"},{"source":"me.umov.business.domain.task","target":"me.umov.business.item.domain"},{"source":"me.umov.business.domain.task","target":"me.umov.business.recurrence.domain"},{"source":"me.umov.business.domain.task","target":"me.umov.business.servicelocal.domain"},{"source":"me.umov.business.domain.task","target":"me.umov.business.shared.domain"},{"source":"me.umov.business.domain.task","target":"me.umov.business.shared.domain.event"},{"source":"me.umov.business.domain.task","target":"me.umov.business.team.domain"},{"source":"me.umov.business.domain.workcycle","target":"me.umov.business.activity.domain"},{"source":"me.umov.business.domain.workcycle","target":"me.umov.business.application.repository"},{"source":"me.umov.business.domain.workcycle","target":"me.umov.business.domain.client"},{"source":"me.umov.business.domain.workcycle","target":"me.umov.business.domain.task"},{"source":"me.umov.business.domain.workcycle","target":"me.umov.business.servicelocal.domain"},{"source":"me.umov.business.domain.workcycle","target":"me.umov.business.shared.application"},{"source":"me.umov.business.domain.workcycle","target":"me.umov.business.shared.domain"},{"source":"me.umov.business.application.controller.workcycle","target":"me.umov.business.domain.workcycle"},{"source":"me.umov.business.application.controller.workcycle","target":"me.umov.business.recurrence.domain"},{"source":"me.umov.business.application.controller.workcycle","target":"me.umov.business.shared.application"},{"source":"me.umov.business.application.controller.workcycle","target":"me.umov.business.taskschedule.domain"},{"source":"me.umov.business.shared.exception","target":"me.umov.business.shared.application"},{"source":"me.umov.business.shared.exception","target":"me.umov.business.shared.specification.domain"},{"source":"me.umov.business.shared.exception","target":"me.umov.business.shared.specification.rule"},{"source":"me.umov.business.shared.specification.domain","target":"me.umov.business.shared.exception"},{"source":"me.umov.business.shared.specification.domain","target":"me.umov.business.shared.specification.rule"},{"source":"me.umov.business.infrastructure.cron","target":"me.umov.business.infrastructure.configuration"},{"source":"me.umov.business.infrastructure.cron","target":"me.umov.business.recurrence.domain"},{"source":"me.umov.business.application.controller","target":"me.umov.business.application.model.dto"},{"source":"me.umov.business.application.controller","target":"me.umov.business.application.service"},{"source":"me.umov.business.application.controller","target":"me.umov.business.domain.servicelocal"},{"source":"me.umov.business.application.controller","target":"me.umov.business.domain.task"},{"source":"me.umov.business.application.controller","target":"me.umov.business.servicelocal.anticorruption"},{"source":"me.umov.business.application.controller","target":"me.umov.business.servicelocal.application.dto"},{"source":"me.umov.business.application.controller","target":"me.umov.business.shared.application"},{"source":"me.umov.business.application.controller","target":"me.umov.business.shared.application.dto"},{"source":"me.umov.business.application.controller","target":"me.umov.business.shared.exception"},{"source":"me.umov.business.application.controller","target":"me.umov.business.taskschedule.domain"},{"source":"me.umov.business.application.model","target":"me.umov.business.recurrence.domain"},{"source":"me.umov.business.application.model","target":"me.umov.business.shared.domain"},{"source":"me.umov.business.application.model","target":"me.umov.business.shared.exception"},{"source":"me.umov.business.taskschedule.anticorruption.relationship","target":"me.umov.business.activity.domain"},{"source":"me.umov.business.taskschedule.anticorruption.relationship","target":"me.umov.business.agent.domain"},{"source":"me.umov.business.taskschedule.anticorruption.relationship","target":"me.umov.business.application.repository"},{"source":"me.umov.business.taskschedule.anticorruption.relationship","target":"me.umov.business.application.service"},{"source":"me.umov.business.taskschedule.anticorruption.relationship","target":"me.umov.business.infrastructure.servicelocal"},{"source":"me.umov.business.taskschedule.anticorruption.relationship","target":"me.umov.business.servicelocal.domain"},{"source":"me.umov.business.taskschedule.anticorruption.relationship","target":"me.umov.business.shared.application"},{"source":"me.umov.business.taskschedule.anticorruption.relationship","target":"me.umov.business.shared.domain"},{"source":"me.umov.business.taskschedule.anticorruption.relationship","target":"me.umov.business.shared.exception"},{"source":"me.umov.business.taskschedule.anticorruption.relationship","target":"me.umov.business.shared.specification.rule"},{"source":"me.umov.business.taskschedule.anticorruption.relationship","target":"me.umov.business.taskschedule.application.dto"},{"source":"me.umov.business.taskschedule.anticorruption.relationship","target":"me.umov.business.taskschedule.application.service"},{"source":"me.umov.business.taskschedule.anticorruption.relationship","target":"me.umov.business.taskschedule.domain"},{"source":"me.umov.business.taskschedule.anticorruption.relationship","target":"me.umov.business.team.domain"},{"source":"me.umov.business.taskschedule.application.dto","target":"me.umov.business.application.controller.activity"},{"source":"me.umov.business.taskschedule.application.dto","target":"me.umov.business.application.controller.agent"},{"source":"me.umov.business.taskschedule.application.dto","target":"me.umov.business.application.controller.team"},{"source":"me.umov.business.taskschedule.application.dto","target":"me.umov.business.recurrence.domain"},{"source":"me.umov.business.taskschedule.application.dto","target":"me.umov.business.servicelocal.application.dto"},{"source":"me.umov.business.taskschedule.application.dto","target":"me.umov.business.shared.domain"},{"source":"me.umov.business.taskschedule.anticorruption.taskSchedule","target":"me.umov.business.activity.domain"},{"source":"me.umov.business.taskschedule.anticorruption.taskSchedule","target":"me.umov.business.agent.domain"},{"source":"me.umov.business.taskschedule.anticorruption.taskSchedule","target":"me.umov.business.application.controller.activity"},{"source":"me.umov.business.taskschedule.anticorruption.taskSchedule","target":"me.umov.business.application.controller.agent"},{"source":"me.umov.business.taskschedule.anticorruption.taskSchedule","target":"me.umov.business.application.controller.team"},{"source":"me.umov.business.taskschedule.anticorruption.taskSchedule","target":"me.umov.business.application.repository"},{"source":"me.umov.business.taskschedule.anticorruption.taskSchedule","target":"me.umov.business.application.service"},{"source":"me.umov.business.taskschedule.anticorruption.taskSchedule","target":"me.umov.business.domain.task"},{"source":"me.umov.business.taskschedule.anticorruption.taskSchedule","target":"me.umov.business.recurrence.domain"},{"source":"me.umov.business.taskschedule.anticorruption.taskSchedule","target":"me.umov.business.servicelocal.domain"},{"source":"me.umov.business.taskschedule.anticorruption.taskSchedule","target":"me.umov.business.shared.application"},{"source":"me.umov.business.taskschedule.anticorruption.taskSchedule","target":"me.umov.business.shared.exception"},{"source":"me.umov.business.taskschedule.anticorruption.taskSchedule","target":"me.umov.business.taskschedule.application.dto"},{"source":"me.umov.business.taskschedule.anticorruption.taskSchedule","target":"me.umov.business.taskschedule.application.service"},{"source":"me.umov.business.taskschedule.anticorruption.taskSchedule","target":"me.umov.business.taskschedule.domain"},{"source":"me.umov.business.taskschedule.anticorruption.taskSchedule","target":"me.umov.business.team.domain"},{"source":"me.umov.business.taskschedule.application.service","target":"me.umov.business.shared.application"},{"source":"me.umov.business.taskschedule.application.service","target":"me.umov.business.shared.exception"},{"source":"me.umov.business.taskschedule.application.service","target":"me.umov.business.shared.specification.domain"},{"source":"me.umov.business.taskschedule.application.service","target":"me.umov.business.taskschedule.application.dto"},{"source":"me.umov.business.taskschedule.application.service","target":"me.umov.business.taskschedule.domain"},{"source":"me.umov.business.shared.specification.rule","target":"me.umov.business.shared.exception"},{"source":"me.umov.business.shared.specification.rule","target":"me.umov.business.shared.specification.domain"},{"source":"me.umov.business.domain.client","target":"me.umov.business.application.model.idiom"},{"source":"me.umov.business.domain.client","target":"me.umov.business.shared.application"},{"source":"me.umov.business.domain.client","target":"me.umov.business.shared.domain"},{"source":"me.umov.business.application.observer","target":"me.umov.business.application.model"},{"source":"me.umov.business.application.observer","target":"me.umov.business.application.repository"},{"source":"me.umov.business.application.observer","target":"me.umov.business.application.service.notification"},{"source":"me.umov.business.application.observer","target":"me.umov.business.domain.activityHistory"},{"source":"me.umov.business.application.observer","target":"me.umov.business.domain.task"},{"source":"me.umov.business.application.observer","target":"me.umov.business.infrastructure.queue"},{"source":"me.umov.business.application.observer","target":"me.umov.business.infrastructure.queue.analyzeRule"},{"source":"me.umov.business.application.observer","target":"me.umov.business.shared.domain.event"},{"source":"me.umov.business.application.observer","target":"me.umov.business.taskschedule.domain"},{"source":"me.umov.business.infrastructure.queue.analyzeRule","target":"me.umov.business.application.model"},{"source":"me.umov.business.domain.rule.builders","target":"me.umov.business.application.service"},{"source":"me.umov.business.domain.rule.builders","target":"me.umov.business.domain.client"},{"source":"me.umov.business.domain.rule.builders","target":"me.umov.business.domain.rule.task"},{"source":"me.umov.business.domain.rule.builders","target":"me.umov.business.domain.task"},{"source":"me.umov.business.domain.rule.builders","target":"me.umov.business.shared.domain"},{"source":"me.umov.business.domain.rule.builders","target":"me.umov.business.shared.specification.rule"},{"source":"me.umov.business.domain.activityHistory","target":"me.umov.business.application.repository"},{"source":"me.umov.business.domain.activityHistory","target":"me.umov.business.shared.application"},{"source":"me.umov.business.domain.activityHistory","target":"me.umov.business.shared.domain"},{"source":"me.umov.business.infrastructure.servicelocal.activity","target":"me.umov.business.application.repository"},{"source":"me.umov.business.infrastructure.servicelocal.activity","target":"me.umov.business.domain.servicelocal"},{"source":"me.umov.business.infrastructure.servicelocal.activity","target":"me.umov.business.shared.application"},{"source":"me.umov.business.infrastructure.servicelocal.activity","target":"me.umov.business.shared.domain"},{"source":"me.umov.business.domain.rule.customfield","target":"me.umov.business.application.model"},{"source":"me.umov.business.domain.rule.customfield","target":"me.umov.business.shared.specification.rule"},{"source":"me.umov.business.domain.model.builder","target":"me.umov.business.application.model"},{"source":"me.umov.business.domain.model.builder","target":"me.umov.business.application.model.dto"},{"source":"me.umov.business.domain.model.builder","target":"me.umov.business.application.repository"},{"source":"me.umov.business.domain.model.builder","target":"me.umov.business.domain.client"},{"source":"me.umov.business.domain.model.builder","target":"me.umov.business.domain.rule.builders"},{"source":"me.umov.business.domain.model.builder","target":"me.umov.business.domain.task"},{"source":"me.umov.business.domain.model.builder","target":"me.umov.business.shared.application"},{"source":"me.umov.business.domain.model.builder","target":"me.umov.business.shared.domain"},{"source":"me.umov.business.domain.model.builder","target":"me.umov.business.shared.exception"},{"source":"me.umov.business.domain.model.builder","target":"me.umov.business.team.domain"},{"source":"me.umov.business.application.interceptor","target":"me.umov.business.application.authorization"},{"source":"me.umov.business.application.authorization","target":"me.umov.business.application.authorization"},{"source":"me.umov.business.application.authorization","target":"me.umov.business.shared.application"},{"source":"me.umov.business.application.authorization","target":"me.umov.business.shared.exception"},{"source":"me.umov.business.application.service.idiom","target":"me.umov.business.application.model.idiom"},{"source":"me.umov.business.application.service.idiom","target":"me.umov.business.application.repository"},{"source":"me.umov.business.application.service.idiom","target":"me.umov.business.domain.client"},{"source":"me.umov.business.application.model.notification","target":"me.umov.business.agent.domain"},{"source":"me.umov.business.application.model.notification","target":"me.umov.business.infrastructure.jpa"},{"source":"me.umov.business.application.model.notification","target":"me.umov.business.shared.domain"},{"source":"me.umov.business.application.repository.custom","target":"me.umov.business.activity.domain"},{"source":"me.umov.business.application.repository.custom","target":"me.umov.business.agent.domain"},{"source":"me.umov.business.application.repository.custom.task","target":"me.umov.business.domain.task"},{"source":"me.umov.business.team.domain","target":"me.umov.business.agent.domain"},{"source":"me.umov.business.team.domain","target":"me.umov.business.shared.domain"},{"source":"me.umov.business.infrastructure.activity","target":"me.umov.business.activity.domain"},{"source":"me.umov.business.infrastructure.activity","target":"me.umov.business.application.repository"},{"source":"me.umov.business.infrastructure.activity","target":"me.umov.business.domain.activity"},{"source":"me.umov.business.infrastructure.activity","target":"me.umov.business.shared.application"},{"source":"me.umov.business.infrastructure.team","target":"me.umov.business.application.repository"},{"source":"me.umov.business.infrastructure.team","target":"me.umov.business.domain.team"},{"source":"me.umov.business.infrastructure.team","target":"me.umov.business.shared.application"},{"source":"me.umov.business.infrastructure.team","target":"me.umov.business.team.domain"},{"source":"me.umov.business.infrastructure.agent","target":"me.umov.business.agent.domain"},{"source":"me.umov.business.infrastructure.agent","target":"me.umov.business.application.repository"},{"source":"me.umov.business.infrastructure.agent","target":"me.umov.business.domain.agent"},{"source":"me.umov.business.infrastructure.agent","target":"me.umov.business.shared.application"},{"source":"me.umov.business.infrastructure.servicelocal","target":"me.umov.business.application.repository"},{"source":"me.umov.business.infrastructure.servicelocal","target":"me.umov.business.domain.servicelocal"},{"source":"me.umov.business.infrastructure.servicelocal","target":"me.umov.business.servicelocal.domain"},{"source":"me.umov.business.infrastructure.servicelocal","target":"me.umov.business.shared.application"},{"source":"me.umov.business.domain.generic.specification","target":"me.umov.business.shared.domain"},{"source":"me.umov.business.domain.generic.specification","target":"me.umov.business.shared.specification.domain"},{"source":"me.umov.business.application.controller.activityhistory","target":"me.umov.business.domain.activityHistory"},{"source":"me.umov.business.application.controller.activityhistory","target":"me.umov.business.shared.application"},{"source":"me.umov.business.application.controller.agent","target":"me.umov.business.agent.domain"},{"source":"me.umov.business.application.controller.agent","target":"me.umov.business.application.controller"},{"source":"me.umov.business.application.controller.agent","target":"me.umov.business.application.model.dto"},{"source":"me.umov.business.application.controller.agent","target":"me.umov.business.application.service"},{"source":"me.umov.business.application.controller.agent","target":"me.umov.business.shared.application"},{"source":"me.umov.business.application.controller.agent","target":"me.umov.business.shared.exception"},{"source":"me.umov.business.application.model.toggle","target":"me.umov.business.shared.domain"},{"source":"me.umov.business.application.model.idiom","target":"me.umov.business.domain.client"},{"source":"me.umov.business.application.model.idiom","target":"me.umov.business.shared.domain"},{"source":"me.umov.business.agent.domain","target":"me.umov.business.application.model"},{"source":"me.umov.business.agent.domain","target":"me.umov.business.shared.domain"},{"source":"me.umov.business.anticorruption.activityHistory","target":"me.umov.business.application.controller.activityhistory"},{"source":"me.umov.business.anticorruption.activityHistory","target":"me.umov.business.domain.activityHistory"},{"source":"me.umov.business.anticorruption.activityHistory","target":"me.umov.business.shared.exception"},{"source":"me.umov.business.anticorruption.itinerary","target":"me.umov.business.application.controller.workcycle"},{"source":"me.umov.business.anticorruption.itinerary","target":"me.umov.business.shared.application"},{"source":"me.umov.business.anticorruption.itinerary","target":"me.umov.business.taskschedule.domain"},{"source":"me.umov.business.anticorruption.servicelocal","target":"me.umov.business.domain.servicelocal"},{"source":"me.umov.business.anticorruption.servicelocal","target":"me.umov.business.servicelocal.anticorruption"},{"source":"me.umov.business.anticorruption.servicelocal","target":"me.umov.business.servicelocal.application.dto"},{"source":"me.umov.business.anticorruption.servicelocal","target":"me.umov.business.shared.application"},{"source":"me.umov.business.activity.domain","target":"me.umov.business.shared.domain"},{"source":"me.umov.business.taskschedule.anticorruption","target":"me.umov.business.activity.domain"},{"source":"me.umov.business.taskschedule.anticorruption","target":"me.umov.business.agent.domain"},{"source":"me.umov.business.taskschedule.anticorruption","target":"me.umov.business.application.controller.activity"},{"source":"me.umov.business.taskschedule.anticorruption","target":"me.umov.business.application.controller.agent"},{"source":"me.umov.business.taskschedule.anticorruption","target":"me.umov.business.application.controller.team"},{"source":"me.umov.business.taskschedule.anticorruption","target":"me.umov.business.application.repository"},{"source":"me.umov.business.taskschedule.anticorruption","target":"me.umov.business.domain.task"},{"source":"me.umov.business.taskschedule.anticorruption","target":"me.umov.business.servicelocal.domain"},{"source":"me.umov.business.taskschedule.anticorruption","target":"me.umov.business.shared.application"},{"source":"me.umov.business.taskschedule.anticorruption","target":"me.umov.business.shared.application.dto"},{"source":"me.umov.business.taskschedule.anticorruption","target":"me.umov.business.shared.exception"},{"source":"me.umov.business.taskschedule.anticorruption","target":"me.umov.business.taskschedule.application.dto"},{"source":"me.umov.business.taskschedule.anticorruption","target":"me.umov.business.taskschedule.application.service"},{"source":"me.umov.business.taskschedule.anticorruption","target":"me.umov.business.taskschedule.domain"},{"source":"me.umov.business.taskschedule.anticorruption","target":"me.umov.business.team.domain"},{"source":"me.umov.business.taskschedule.api","target":"me.umov.business.shared.application"},{"source":"me.umov.business.taskschedule.api","target":"me.umov.business.taskschedule.anticorruption"},{"source":"me.umov.business.taskschedule.api","target":"me.umov.business.taskschedule.application.dto"},{"source":"me.umov.business.taskschedule.api","target":"me.umov.business.taskschedule.domain"},{"source":"me.umov.business.infrastructure.jpa.workcycle","target":"me.umov.business.domain.workcycle"},{"source":"me.umov.business.domain.activity","target":"me.umov.business.activity.domain"},{"source":"me.umov.business.domain.team","target":"me.umov.business.team.domain"},{"source":"me.umov.business.domain.agent","target":"me.umov.business.agent.domain"},{"source":"me.umov.business.application.handler","target":"me.umov.business.shared.application"},{"source":"me.umov.business.application.handler","target":"me.umov.business.shared.exception"},{"source":"me.umov.business.application.handler","target":"me.umov.business.shared.specification.domain"},{"source":"me.umov.business.application.controller.team","target":"me.umov.business.application.controller"},{"source":"me.umov.business.application.service.toggle","target":"me.umov.business.application.model.toggle"},{"source":"me.umov.business.application.service.toggle","target":"me.umov.business.application.repository"},{"source":"me.umov.business.application.service.toggle","target":"me.umov.business.domain.task"},{"source":"me.umov.business.application.service.notification","target":"me.umov.business.application.model.notification"},{"source":"me.umov.business.application.service.notification","target":"me.umov.business.application.repository"},{"source":"me.umov.business.application.service.notification","target":"me.umov.business.application.service"},{"source":"me.umov.business.application.service.notification","target":"me.umov.business.application.service.idiom"},{"source":"me.umov.business.application.service.notification","target":"me.umov.business.application.service.toggle"},{"source":"me.umov.business.application.service.notification","target":"me.umov.business.domain.task"},{"source":"me.umov.business.application.service.notification","target":"me.umov.business.servicelocal.domain"},{"source":"me.umov.business.item.domain","target":"me.umov.business.shared.domain"},{"source":"me.umov.business.api","target":"me.umov.business.shared.application"},{"source":"me.umov.business.api","target":"me.umov.business.taskschedule.application.dto"},{"source":"me.umov.business.api","target":"me.umov.business.taskschedule.application.service"},{"source":"me.umov.business.servicelocal.anticorruption","target":"me.umov.business.domain.servicelocal"},{"source":"me.umov.business.servicelocal.anticorruption","target":"me.umov.business.servicelocal.application.dto"},{"source":"me.umov.business.servicelocal.domain","target":"me.umov.business.domain.servicelocal"},{"source":"me.umov.business.servicelocal.domain","target":"me.umov.business.shared.domain"}]}