{"name":"variants","children":[{"name":"me.umov.chart.interceptor","children":[{"name":"SessionManagementInterceptorTest","sloc":41,"wmc":4},{"name":"I18NInterceptorTest","sloc":107,"wmc":12},{"name":"AuthenticationInterceptorTest","sloc":90,"wmc":7},{"name":"SessionManagementInterceptor","sloc":23,"wmc":2},{"name":"I18NInterceptor","sloc":51,"wmc":4},{"name":"AuthenticationInterceptor","sloc":55,"wmc":5}]},{"name":"me.umov.chart.util","children":[{"name":"TestResourceBundle","sloc":8,"wmc":1},{"name":"MockitoHelpers","sloc":14,"wmc":1},{"name":"Miscellaneous","sloc":55,"wmc":15}]},{"name":"me.umov.chart.fixture","children":[{"name":"ChartFixture","sloc":42,"wmc":9},{"name":"GlobalSettingsFixture","sloc":22,"wmc":5},{"name":"CustomColumnsFixture","sloc":28,"wmc":4},{"name":"OnlineFilterFixture","sloc":32,"wmc":8},{"name":"ChartAuthenticationFixture","sloc":27,"wmc":6},{"name":"UserInfoFixture","sloc":24,"wmc":5},{"name":"EnvironmentFixture","sloc":36,"wmc":8}]},{"name":"me.umov.chart.type","children":[{"name":"WidgetTypeTest","sloc":15,"wmc":2}]},{"name":"me.umov.chart.controller","children":[{"name":"ApiControllerTest","sloc":178,"wmc":19},{"name":"DictionaryControllerTest","sloc":45,"wmc":3},{"name":"BaseTestController","sloc":35,"wmc":4},{"name":"AuthenticationControllerTest","sloc":30,"wmc":2},{"name":"ChartControllerTest","sloc":37,"wmc":4},{"name":"WidgetControllerTest","sloc":64,"wmc":3},{"name":"EnvironmentStatusControllerTest","sloc":30,"wmc":2},{"name":"WidgetController","sloc":48,"wmc":9},{"name":"ChartController","sloc":28,"wmc":3},{"name":"IndexController","sloc":15,"wmc":1},{"name":"AuthenticationController","sloc":19,"wmc":2},{"name":"BaseController","sloc":55,"wmc":9},{"name":"MapController","sloc":39,"wmc":3},{"name":"DictionaryController","sloc":21,"wmc":3},{"name":"EnvironmentStatusController","sloc":24,"wmc":2},{"name":"DashboardController","sloc":42,"wmc":4},{"name":"ApiController","sloc":155,"wmc":31}]},{"name":"me.umov.chart.helper","children":[{"name":"URLHelperTest","sloc":30,"wmc":3},{"name":"SerializationHelperTest","sloc":29,"wmc":2},{"name":"TokenGeneratorHelperTest","sloc":113,"wmc":12},{"name":"TokenGeneratorHelper","sloc":61,"wmc":11},{"name":"ReflectionHelper","sloc":11,"wmc":1},{"name":"SerializationHelper","sloc":23,"wmc":5},{"name":"URLHelper","sloc":18,"wmc":2}]},{"name":"me.umov.chart","children":[{"name":"Sample","sloc":13,"wmc":1}]},{"name":"me.umov.chart.service","children":[{"name":"EnvironmentServiceTest","sloc":66,"wmc":7},{"name":"GlobalSettingsServiceTest","sloc":27,"wmc":2},{"name":"ChartAuthenticationServiceTest","sloc":90,"wmc":7},{"name":"ChartServiceTest","sloc":123,"wmc":11},{"name":"ChartAuthenticationService","sloc":46,"wmc":5},{"name":"DashboardService","sloc":16,"wmc":2},{"name":"ChartService","sloc":60,"wmc":11},{"name":"EnvironmentService","sloc":31,"wmc":4},{"name":"GlobalSettingsService","sloc":16,"wmc":2}]},{"name":"me.umov.chart.model","children":[{"name":"ChartTest","sloc":64,"wmc":6},{"name":"EnvironmentTest","sloc":36,"wmc":5},{"name":"TestModel","sloc":16,"wmc":3},{"name":"Environment","sloc":99,"wmc":22},{"name":"ChartAuthentication","sloc":63,"wmc":12},{"name":"UserInfo","sloc":30,"wmc":7},{"name":"Model","sloc":5,"wmc":1},{"name":"Chart","sloc":171,"wmc":33},{"name":"Dashboard","sloc":43,"wmc":8},{"name":"GlobalSettings","sloc":23,"wmc":3},{"name":"APIResult","sloc":36,"wmc":9},{"name":"OnlineFilter","sloc":31,"wmc":9}]},{"name":"me.umov.chart.dao","children":[{"name":"AbstractDaoTest","sloc":52,"wmc":6},{"name":"TestDao","sloc":12,"wmc":1},{"name":"ChartDaoTest","sloc":29,"wmc":1},{"name":"AbstractDaoMock","sloc":91,"wmc":12},{"name":"ChartDao","sloc":16,"wmc":2},{"name":"ChartAuthenticationDao","sloc":15,"wmc":2},{"name":"AbstractDao","sloc":45,"wmc":10},{"name":"EnvironmentDao","sloc":6,"wmc":1},{"name":"GlobalSettingsDao","sloc":9,"wmc":1},{"name":"DashboardDao","sloc":6,"wmc":1}]},{"name":"me.umov.chart.filter","children":[{"name":"CORSFilterTest","sloc":46,"wmc":5},{"name":"CORSFilter","sloc":25,"wmc":3}]},{"name":"me.umov.chart.ioc","children":[{"name":"AuthClientFactory","sloc":19,"wmc":1}]},{"name":"me.umov.chart.persistence","children":[{"name":"CustomPostgreSQLDialect","sloc":11,"wmc":1},{"name":"BooleanCharacterType","sloc":9,"wmc":1},{"name":"ListOfCharacterToArrayType","sloc":75,"wmc":14},{"name":"JsonAsStringType","sloc":61,"wmc":13}]},{"name":"me.umov.chart.model.column","children":[{"name":"CustomColumns","sloc":69,"wmc":20},{"name":"Entity","sloc":27,"wmc":6},{"name":"Field","sloc":41,"wmc":10}]}]}