{"nodes":[{"name":"me.umov.chart.controller","label":"me.umov.chart.controller","id":"me.umov.chart.controller","size":17},{"name":"me.umov.chart.model","label":"me.umov.chart.model","id":"me.umov.chart.model","size":12},{"name":"me.umov.chart.dao","label":"me.umov.chart.dao","id":"me.umov.chart.dao","size":10},{"name":"me.umov.chart.service","label":"me.umov.chart.service","id":"me.umov.chart.service","size":9},{"name":"me.umov.chart.fixture","label":"me.umov.chart.fixture","id":"me.umov.chart.fixture","size":7},{"name":"me.umov.chart.helper","label":"me.umov.chart.helper","id":"me.umov.chart.helper","size":7},{"name":"me.umov.chart.interceptor","label":"me.umov.chart.interceptor","id":"me.umov.chart.interceptor","size":6},{"name":"me.umov.chart.type","label":"me.umov.chart.type","id":"me.umov.chart.type","size":4},{"name":"me.umov.chart.persistence","label":"me.umov.chart.persistence","id":"me.umov.chart.persistence","size":4},{"name":"me.umov.chart.util","label":"me.umov.chart.util","id":"me.umov.chart.util","size":3},{"name":"me.umov.chart.model.column","label":"me.umov.chart.model.column","id":"me.umov.chart.model.column","size":3},{"name":"me.umov.chart.filter","label":"me.umov.chart.filter","id":"me.umov.chart.filter","size":2},{"name":"me.umov.chart","label":"me.umov.chart","id":"me.umov.chart","size":1},{"name":"me.umov.chart.ioc","label":"me.umov.chart.ioc","id":"me.umov.chart.ioc","size":1},{"name":"me.umov.chart.annotation","label":"me.umov.chart.annotation","id":"me.umov.chart.annotation","size":1}],"links":[{"source":"me.umov.chart.controller","target":"me.umov.chart.fixture"},{"source":"me.umov.chart.controller","target":"me.umov.chart.helper"},{"source":"me.umov.chart.controller","target":"me.umov.chart.interceptor"},{"source":"me.umov.chart.controller","target":"me.umov.chart.model"},{"source":"me.umov.chart.controller","target":"me.umov.chart.model.column"},{"source":"me.umov.chart.controller","target":"me.umov.chart.service"},{"source":"me.umov.chart.controller","target":"me.umov.chart.util"},{"source":"me.umov.chart.model","target":"me.umov.chart.fixture"},{"source":"me.umov.chart.model","target":"me.umov.chart.helper"},{"source":"me.umov.chart.model","target":"me.umov.chart.model.column"},{"source":"me.umov.chart.dao","target":"me.umov.chart.fixture"},{"source":"me.umov.chart.dao","target":"me.umov.chart.model"},{"source":"me.umov.chart.service","target":"me.umov.chart.dao"},{"source":"me.umov.chart.service","target":"me.umov.chart.fixture"},{"source":"me.umov.chart.service","target":"me.umov.chart.model"},{"source":"me.umov.chart.service","target":"me.umov.chart.model.column"},{"source":"me.umov.chart.fixture","target":"me.umov.chart.model"},{"source":"me.umov.chart.fixture","target":"me.umov.chart.model.column"},{"source":"me.umov.chart.helper","target":"me.umov.chart.fixture"},{"source":"me.umov.chart.helper","target":"me.umov.chart.model"},{"source":"me.umov.chart.helper","target":"me.umov.chart.model.column"},{"source":"me.umov.chart.interceptor","target":"me.umov.chart.controller"},{"source":"me.umov.chart.interceptor","target":"me.umov.chart.model"},{"source":"me.umov.chart.interceptor","target":"me.umov.chart.service"},{"source":"me.umov.chart.ioc","target":"me.umov.chart.service"}]}