[{"type":"me.umov.chart.controller.ApiControllerTest","size":178,"dependencies":["me.umov.chart.fixture.ChartFixture","me.umov.chart.model.Chart","me.umov.chart.model.OnlineFilter","me.umov.chart.service.ChartService"]},{"type":"me.umov.chart.model.Chart","size":171,"dependencies":["me.umov.chart.helper.SerializationHelper","me.umov.chart.model.column.CustomColumns"]},{"type":"me.umov.chart.controller.ApiController","size":155,"dependencies":["me.umov.chart.model.Chart","me.umov.chart.model.OnlineFilter","me.umov.chart.model.column.CustomColumns","me.umov.chart.service.ChartService"]},{"type":"me.umov.chart.service.ChartServiceTest","size":123,"dependencies":["me.umov.chart.dao.ChartDao","me.umov.chart.fixture.ChartFixture","me.umov.chart.fixture.CustomColumnsFixture","me.umov.chart.fixture.OnlineFilterFixture","me.umov.chart.model.Chart","me.umov.chart.model.OnlineFilter","me.umov.chart.model.UserInfo","me.umov.chart.model.column.CustomColumns"]},{"type":"me.umov.chart.helper.TokenGeneratorHelperTest","size":113,"dependencies":["me.umov.chart.fixture.CustomColumnsFixture","me.umov.chart.fixture.OnlineFilterFixture","me.umov.chart.model.column.CustomColumns"]},{"type":"me.umov.chart.interceptor.I18NInterceptorTest","size":107,"dependencies":["me.umov.chart.model.UserInfo"]},{"type":"me.umov.chart.model.Environment","size":99,"dependencies":[]},{"type":"me.umov.chart.dao.AbstractDaoMock","size":91,"dependencies":["me.umov.chart.model.Model"]},{"type":"me.umov.chart.interceptor.AuthenticationInterceptorTest","size":90,"dependencies":["me.umov.chart.controller.ChartController","me.umov.chart.controller.WidgetController","me.umov.chart.model.ChartAuthentication","me.umov.chart.model.UserInfo","me.umov.chart.service.ChartAuthenticationService"]},{"type":"me.umov.chart.service.ChartAuthenticationServiceTest","size":90,"dependencies":["me.umov.chart.dao.ChartAuthenticationDao","me.umov.chart.fixture.ChartAuthenticationFixture","me.umov.chart.model.ChartAuthentication","me.umov.chart.model.UserInfo"]},{"type":"me.umov.chart.persistence.ListOfCharacterToArrayType","size":75,"dependencies":[]},{"type":"me.umov.chart.model.column.CustomColumns","size":69,"dependencies":[]},{"type":"me.umov.chart.service.EnvironmentServiceTest","size":66,"dependencies":["me.umov.chart.dao.EnvironmentDao","me.umov.chart.fixture.EnvironmentFixture","me.umov.chart.model.Environment"]},{"type":"me.umov.chart.model.ChartTest","size":64,"dependencies":["me.umov.chart.fixture.CustomColumnsFixture","me.umov.chart.model.column.CustomColumns"]},{"type":"me.umov.chart.controller.WidgetControllerTest","size":64,"dependencies":["me.umov.chart.fixture.UserInfoFixture","me.umov.chart.helper.URLHelper","me.umov.chart.model.UserInfo"]},{"type":"me.umov.chart.model.ChartAuthentication","size":63,"dependencies":[]},{"type":"me.umov.chart.persistence.JsonAsStringType","size":61,"dependencies":[]},{"type":"me.umov.chart.helper.TokenGeneratorHelper","size":61,"dependencies":["me.umov.chart.model.OnlineFilter","me.umov.chart.model.column.CustomColumns"]},{"type":"me.umov.chart.service.ChartService","size":60,"dependencies":["me.umov.chart.dao.ChartDao","me.umov.chart.model.Chart","me.umov.chart.model.OnlineFilter","me.umov.chart.model.UserInfo","me.umov.chart.model.column.CustomColumns"]},{"type":"me.umov.chart.util.Miscellaneous","size":55,"dependencies":[]},{"type":"me.umov.chart.controller.BaseController","size":55,"dependencies":["me.umov.chart.interceptor.I18NInterceptor","me.umov.chart.model.APIResult"]},{"type":"me.umov.chart.interceptor.AuthenticationInterceptor","size":55,"dependencies":["me.umov.chart.model.APIResult","me.umov.chart.model.ChartAuthentication","me.umov.chart.model.UserInfo","me.umov.chart.service.ChartAuthenticationService"]},{"type":"me.umov.chart.dao.AbstractDaoTest","size":52,"dependencies":["me.umov.chart.model.TestModel"]},{"type":"me.umov.chart.interceptor.I18NInterceptor","size":51,"dependencies":["me.umov.chart.model.UserInfo"]},{"type":"me.umov.chart.controller.WidgetController","size":48,"dependencies":["me.umov.chart.helper.URLHelper","me.umov.chart.model.UserInfo"]},{"type":"me.umov.chart.filter.CORSFilterTest","size":46,"dependencies":[]},{"type":"me.umov.chart.service.ChartAuthenticationService","size":46,"dependencies":["me.umov.chart.dao.ChartAuthenticationDao","me.umov.chart.model.ChartAuthentication","me.umov.chart.model.UserInfo"]},{"type":"me.umov.chart.dao.AbstractDao","size":45,"dependencies":["me.umov.chart.model.Model"]},{"type":"me.umov.chart.controller.DictionaryControllerTest","size":45,"dependencies":["me.umov.chart.util.TestResourceBundle"]},{"type":"me.umov.chart.model.Dashboard","size":43,"dependencies":[]},{"type":"me.umov.chart.fixture.ChartFixture","size":42,"dependencies":["me.umov.chart.model.Chart"]},{"type":"me.umov.chart.controller.DashboardController","size":42,"dependencies":["me.umov.chart.model.ChartAuthentication","me.umov.chart.model.Dashboard","me.umov.chart.service.ChartAuthenticationService","me.umov.chart.service.DashboardService"]},{"type":"me.umov.chart.model.column.Field","size":41,"dependencies":[]},{"type":"me.umov.chart.interceptor.SessionManagementInterceptorTest","size":41,"dependencies":[]},{"type":"me.umov.chart.controller.MapController","size":39,"dependencies":["me.umov.chart.helper.URLHelper","me.umov.chart.model.Chart","me.umov.chart.model.OnlineFilter","me.umov.chart.service.ChartService"]},{"type":"me.umov.chart.controller.ChartControllerTest","size":37,"dependencies":[]},{"type":"me.umov.chart.model.APIResult","size":36,"dependencies":[]},{"type":"me.umov.chart.fixture.EnvironmentFixture","size":36,"dependencies":["me.umov.chart.model.Environment"]},{"type":"me.umov.chart.model.EnvironmentTest","size":36,"dependencies":[]},{"type":"me.umov.chart.controller.BaseTestController","size":35,"dependencies":[]},{"type":"me.umov.chart.fixture.OnlineFilterFixture","size":32,"dependencies":["me.umov.chart.model.OnlineFilter"]},{"type":"me.umov.chart.model.OnlineFilter","size":31,"dependencies":[]},{"type":"me.umov.chart.service.EnvironmentService","size":31,"dependencies":["me.umov.chart.dao.EnvironmentDao","me.umov.chart.model.Environment"]},{"type":"me.umov.chart.model.UserInfo","size":30,"dependencies":[]},{"type":"me.umov.chart.helper.URLHelperTest","size":30,"dependencies":[]},{"type":"me.umov.chart.controller.AuthenticationControllerTest","size":30,"dependencies":["me.umov.chart.fixture.ChartAuthenticationFixture","me.umov.chart.model.ChartAuthentication","me.umov.chart.service.ChartAuthenticationService"]},{"type":"me.umov.chart.controller.EnvironmentStatusControllerTest","size":30,"dependencies":["me.umov.chart.model.UserInfo","me.umov.chart.service.EnvironmentService"]},{"type":"me.umov.chart.helper.SerializationHelperTest","size":29,"dependencies":["me.umov.chart.fixture.OnlineFilterFixture","me.umov.chart.model.OnlineFilter"]},{"type":"me.umov.chart.dao.ChartDaoTest","size":29,"dependencies":["me.umov.chart.fixture.ChartFixture","me.umov.chart.model.Chart"]},{"type":"me.umov.chart.fixture.CustomColumnsFixture","size":28,"dependencies":["me.umov.chart.model.column.CustomColumns","me.umov.chart.model.column.Entity","me.umov.chart.model.column.Field"]},{"type":"me.umov.chart.controller.ChartController","size":28,"dependencies":["me.umov.chart.helper.URLHelper"]},{"type":"me.umov.chart.fixture.ChartAuthenticationFixture","size":27,"dependencies":["me.umov.chart.model.ChartAuthentication"]},{"type":"me.umov.chart.model.column.Entity","size":27,"dependencies":[]},{"type":"me.umov.chart.service.GlobalSettingsServiceTest","size":27,"dependencies":["me.umov.chart.dao.GlobalSettingsDao","me.umov.chart.fixture.GlobalSettingsFixture","me.umov.chart.model.GlobalSettings"]},{"type":"me.umov.chart.filter.CORSFilter","size":25,"dependencies":[]},{"type":"me.umov.chart.fixture.UserInfoFixture","size":24,"dependencies":["me.umov.chart.model.UserInfo"]},{"type":"me.umov.chart.controller.EnvironmentStatusController","size":24,"dependencies":["me.umov.chart.model.APIResult","me.umov.chart.model.UserInfo","me.umov.chart.service.EnvironmentService"]},{"type":"me.umov.chart.helper.SerializationHelper","size":23,"dependencies":["me.umov.chart.model.OnlineFilter","me.umov.chart.model.column.CustomColumns"]},{"type":"me.umov.chart.model.GlobalSettings","size":23,"dependencies":[]},{"type":"me.umov.chart.interceptor.SessionManagementInterceptor","size":23,"dependencies":[]},{"type":"me.umov.chart.fixture.GlobalSettingsFixture","size":22,"dependencies":["me.umov.chart.model.GlobalSettings"]},{"type":"me.umov.chart.controller.DictionaryController","size":21,"dependencies":[]},{"type":"me.umov.chart.ioc.AuthClientFactory","size":19,"dependencies":["me.umov.chart.service.GlobalSettingsService"]},{"type":"me.umov.chart.controller.AuthenticationController","size":19,"dependencies":["me.umov.chart.model.ChartAuthentication","me.umov.chart.service.ChartAuthenticationService"]},{"type":"me.umov.chart.helper.URLHelper","size":18,"dependencies":[]},{"type":"me.umov.chart.model.TestModel","size":16,"dependencies":[]},{"type":"me.umov.chart.service.DashboardService","size":16,"dependencies":["me.umov.chart.dao.DashboardDao","me.umov.chart.model.Dashboard"]},{"type":"me.umov.chart.service.GlobalSettingsService","size":16,"dependencies":["me.umov.chart.dao.GlobalSettingsDao","me.umov.chart.model.GlobalSettings"]},{"type":"me.umov.chart.dao.ChartDao","size":16,"dependencies":["me.umov.chart.model.Chart"]},{"type":"me.umov.chart.type.WidgetTypeTest","size":15,"dependencies":[]},{"type":"me.umov.chart.dao.ChartAuthenticationDao","size":15,"dependencies":["me.umov.chart.model.ChartAuthentication"]},{"type":"me.umov.chart.controller.IndexController","size":15,"dependencies":[]},{"type":"me.umov.chart.util.MockitoHelpers","size":14,"dependencies":[]},{"type":"me.umov.chart.Sample","size":13,"dependencies":[]},{"type":"me.umov.chart.dao.TestDao","size":12,"dependencies":["me.umov.chart.model.TestModel"]},{"type":"me.umov.chart.persistence.CustomPostgreSQLDialect","size":11,"dependencies":[]},{"type":"me.umov.chart.helper.ReflectionHelper","size":11,"dependencies":[]},{"type":"me.umov.chart.persistence.BooleanCharacterType","size":9,"dependencies":[]},{"type":"me.umov.chart.dao.GlobalSettingsDao","size":9,"dependencies":["me.umov.chart.model.GlobalSettings"]},{"type":"me.umov.chart.util.TestResourceBundle","size":8,"dependencies":[]},{"type":"me.umov.chart.dao.EnvironmentDao","size":6,"dependencies":["me.umov.chart.model.Environment"]},{"type":"me.umov.chart.dao.DashboardDao","size":6,"dependencies":["me.umov.chart.model.Dashboard"]},{"type":"me.umov.chart.model.Model","size":5,"dependencies":[]}]