[
  {
    "type": "general.options.AllCouplingOption",
    "size": 9,
    "dependencies": [
      "output.MetricOutput"
    ]
  },
  {
    "type": "general.options.AllMetricsOption",
    "size": 9,
    "dependencies": [
      "output.MetricOutput"
    ]
  },
  {
    "type": "general.options.CouplingOption",
    "size": 9,
    "dependencies": [
      "output.MetricOutput"
    ]
  },
  {
    "type": "general.options.CyclicDependencyOption",
    "size": 9,
    "dependencies": [
      "output.MetricOutput"
    ]
  },
  {
    "type": "general.options.DependencyOption",
    "size": 8,
    "dependencies": [
      "output.MetricOutput"
    ]
  },
  {
    "type": "general.options.InternalDependencyOption",
    "size": 9,
    "dependencies": [
      "output.MetricOutput"
    ]
  },
  {
    "type": "general.options.MethodOption",
    "size": 8,
    "dependencies": [
      "output.MetricOutput"
    ]
  },
  {
    "type": "general.options.NamespaceOption",
    "size": 9,
    "dependencies": [
      "output.MetricOutput"
    ]
  },
  {
    "type": "general.options.OptionDefinition",
    "size": 5,
    "dependencies": [
      "output.MetricOutput"
    ]
  },
  {
    "type": "general.options.Options",
    "size": 23,
    "dependencies": []
  },
  {
    "type": "general.options.SummaryOption",
    "size": 8,
    "dependencies": [
      "output.MetricOutput"
    ]
  },
  {
    "type": "general.options.ThresholdsOption",
    "size": 8,
    "dependencies": [
      "output.MetricOutput"
    ]
  },
  {
    "type": "general.options.TypeOption",
    "size": 9,
    "dependencies": [
      "output.MetricOutput"
    ]
  },
  {
    "type": "general.ProjectInfo",
    "size": 63,
    "dependencies": [
      "general.options.Options",
      "output.MetricOutput",
      "parser.TypeParser",
      "parser.java.JavaParser",
      "structures.results.MethodMetricResult",
      "structures.results.NamespaceMetricResult",
      "structures.results.TypeMetricResult",
      "utils.SystemUtils"
    ]
  },
  {
    "type": "main.Bootstrapper",
    "size": 82,
    "dependencies": [
      "general.ProjectInfo",
      "output.InfoConsole",
      "output.MetricOutput",
      "output.MetricResultCSV",
      "output.MetricResultConsole",
      "output.MetricResultJSON"
    ]
  },
  {
    "type": "output.InfoConsole",
    "size": 74,
    "dependencies": []
  },
  {
    "type": "output.MetricOutput",
    "size": 19,
    "dependencies": [
      "structures.results.MethodMetricResult",
      "structures.results.NamespaceMetricResult",
      "structures.results.TypeMetricResult"
    ]
  },
  {
    "type": "output.MetricResultConsole",
    "size": 171,
    "dependencies": [
      "structures.metrics.MethodMetric",
      "structures.metrics.MetricDefinition",
      "structures.metrics.MetricThreshold",
      "structures.metrics.NamespaceMetric",
      "structures.metrics.TypeMetric",
      "structures.results.MethodMetricResult",
      "structures.results.NamespaceMetricResult",
      "structures.results.TypeMetricResult",
      "utils.StringFormat"
    ]
  },
  {
    "type": "output.MetricResultCSV",
    "size": 143,
    "dependencies": [
      "structures.metrics.MethodMetric",
      "structures.metrics.MetricDefinition",
      "structures.metrics.MetricThreshold",
      "structures.metrics.NamespaceMetric",
      "structures.metrics.TypeMetric",
      "structures.results.MethodMetricResult",
      "structures.results.NamespaceMetricResult",
      "structures.results.TypeMetricResult"
    ]
  },
  {
    "type": "output.MetricResultJSON",
    "size": 218,
    "dependencies": [
      "structures.metrics.MethodMetric",
      "structures.metrics.MetricDefinition",
      "structures.metrics.MetricThreshold",
      "structures.metrics.NamespaceMetric",
      "structures.metrics.TypeMetric",
      "structures.results.MethodMetricResult",
      "structures.results.NamespaceMetricResult",
      "structures.results.TypeMetricResult",
      "utils.JSONBuilder"
    ]
  },
  {
    "type": "parser.java.JavaParser",
    "size": 52,
    "dependencies": [
      "parser.TypeParser",
      "parser.java.visitors.MethodVisitor",
      "parser.java.visitors.NamespaceVisitor",
      "parser.java.visitors.TypeVisitor",
      "structures.results.MethodMetricResult",
      "structures.results.NamespaceMetricResult",
      "structures.results.TypeMetricResult"
    ]
  },
  {
    "type": "parser.java.visitors.MethodVisitor",
    "size": 169,
    "dependencies": [
      "structures.MetricActivator",
      "structures.metrics.MethodMetric",
      "structures.results.MethodMetricResult"
    ]
  },
  {
    "type": "parser.java.visitors.NamespaceVisitor",
    "size": 24,
    "dependencies": [
      "structures.MetricActivator",
      "structures.metrics.NamespaceMetric",
      "structures.results.NamespaceMetricResult"
    ]
  },
  {
    "type": "parser.java.visitors.TypeVisitor",
    "size": 86,
    "dependencies": [
      "structures.MetricActivator",
      "structures.metrics.TypeMetric",
      "structures.results.TypeMetricResult"
    ]
  },
  {
    "type": "parser.TypeParser",
    "size": 4,
    "dependencies": []
  },
  {
    "type": "structures.MetricActivator",
    "size": 5,
    "dependencies": []
  },
  {
    "type": "structures.MetricResultNotifier",
    "size": 7,
    "dependencies": []
  },
  {
    "type": "structures.metrics.MethodMetric",
    "size": 69,
    "dependencies": []
  },
  {
    "type": "structures.metrics.MetricDefinition",
    "size": 33,
    "dependencies": []
  },
  {
    "type": "structures.metrics.MetricThreshold",
    "size": 51,
    "dependencies": []
  },
  {
    "type": "structures.metrics.NamespaceMetric",
    "size": 38,
    "dependencies": []
  },
  {
    "type": "structures.metrics.TypeMetric",
    "size": 118,
    "dependencies": [
      "structures.results.MethodMetricResult",
      "utils.SourceCodeLineCounter"
    ]
  },
  {
    "type": "structures.results.MethodMetricResult",
    "size": 70,
    "dependencies": [
      "structures.MetricResultNotifier",
      "structures.metrics.MethodMetric"
    ]
  },
  {
    "type": "structures.results.NamespaceMetricResult",
    "size": 76,
    "dependencies": [
      "structures.MetricResultNotifier",
      "structures.metrics.NamespaceMetric"
    ]
  },
  {
    "type": "structures.results.TypeMetricResult",
    "size": 171,
    "dependencies": [
      "structures.MetricResultNotifier",
      "structures.metrics.TypeMetric",
      "utils.StringFormat"
    ]
  },
  {
    "type": "utils.JSONBuilder",
    "size": 28,
    "dependencies": []
  },
  {
    "type": "utils.SourceCodeLineCounter",
    "size": 107,
    "dependencies": []
  },
  {
    "type": "utils.StringFormat",
    "size": 16,
    "dependencies": []
  },
  {
    "type": "utils.SystemUtils",
    "size": 22,
    "dependencies": []
  }
]
