"type","sloc","nom","npm","wmc","dep","i-dep","fan-in","fan-out","noa","lcom3"
"edu.umd.cs.findbugs.OpcodeStack",3001,157,104,629,58,22,45,46,76,0.7636639676113359
"edu.umd.cs.findbugs.BugInstance",1673,202,192,420,67,28,218,48,28,0.9328358208955224
"edu.umd.cs.findbugs.detect.FindNullDeref",1375,40,20,228,103,69,0,75,17,0.7948717948717948
"edu.umd.cs.findbugs.detect.DumbMethods",1308,30,21,575,49,29,0,42,33,0.4681295715778474
"edu.umd.cs.findbugs.PluginLoader",1296,53,20,160,62,21,3,36,24,0.7788461538461539
"edu.umd.cs.findbugs.ba.type.TypeFrameModelingVisitor",1153,126,117,206,38,24,4,31,12,0.956
"edu.umd.cs.findbugs.SortedBugCollection",1019,106,95,187,58,13,49,27,29,0.8666666666666667
"edu.umd.cs.findbugs.detect.UnreadFields",994,23,22,357,57,34,1,43,21,0.5735930735930735
"edu.umd.cs.findbugs.detect.FindRefComparison",991,65,48,214,86,50,1,71,32,0.83837890625
"edu.umd.cs.findbugs.gui2.CloudCommentsPane",960,67,36,136,59,8,1,23,33,0.7759412304866851
"edu.umd.cs.findbugs.visitclass.DismantleBytecode",932,63,58,192,35,12,11,19,45,0.6555555555555556
"edu.umd.cs.findbugs.gui2.MainFrame",913,121,111,200,53,21,3,42,51,0.8065359477124183
"edu.umd.cs.findbugs.detect.FindNoSideEffectMethods",895,38,23,10,34,17,0,27,37,0.5368882395909422
"edu.umd.cs.findbugs.ba.AbstractFrameModelingVisitor",882,199,198,211,4,2,5,4,3,0.9949494949494949
"edu.umd.cs.findbugs.classfile.engine.bcel.ValueRangeAnalysisFactory",869,61,49,221,58,16,1,39,37,0.7175675675675675
"edu.umd.cs.findbugs.FindBugs2",841,63,53,169,53,35,6,50,26,0.8021091811414391
"edu.umd.cs.findbugs.ba.ch.Subtypes2",806,58,38,156,28,9,46,15,19,0.8421052631578947
"edu.umd.cs.findbugs.cloud.AbstractCloud",789,76,67,190,34,15,2,27,20,0.8733333333333333
"edu.umd.cs.findbugs.ba.BetterCFGBuilder2",727,49,44,141,59,11,2,28,28,0.7395833333333334
"edu.umd.cs.findbugs.detect.FindInconsistentSync2",704,28,22,179,66,39,0,48,31,0.4444444444444444
"edu.umd.cs.findbugs.workflow.Filter",704,18,9,160,44,24,0,37,71,0.0
"edu.umd.cs.findbugs.gui2.PreferencesFrame",692,41,28,63,64,8,1,25,21,0.75
"edu.umd.cs.findbugs.ba.deref.UnconditionalValueDerefAnalysis",671,36,22,164,53,33,5,41,16,0.7857142857142857
"edu.umd.cs.findbugs.SAXBugCollectionHandler",669,24,10,87,39,22,4,32,24,0.5670289855072463
"edu.umd.cs.findbugs.detect.FindUnrelatedTypesInGenericContainer",669,14,6,86,77,44,0,50,7,0.7692307692307693
"edu.umd.cs.findbugs.Project",661,68,62,147,44,13,31,33,37,0.7313432835820896
"edu.umd.cs.findbugs.ba.npe.IsNullValueAnalysis",657,23,17,51,38,25,1,30,16,0.6590909090909091
"edu.umd.cs.findbugs.detect.FindUselessObjects",632,40,38,243,48,21,0,31,31,0.7212572373862697
"edu.umd.cs.findbugs.ba.npe.NullDerefAndRedundantComparisonFinder",625,20,9,151,45,28,2,31,17,0.5789473684210527
"edu.umd.cs.findbugs.ba.jsr305.TypeQualifierApplications",618,38,18,129,25,14,9,18,10,0.9054054054054054
"edu.umd.cs.findbugs.detect.SerializableIdiom",616,12,9,234,36,19,0,26,34,0.0
"edu.umd.cs.findbugs.ba.AnalysisContext",612,84,80,132,47,28,137,36,30,0.8337349397590362
"edu.umd.cs.findbugs.gui2.MainFrameMenu",605,47,46,63,36,12,1,22,13,0.8695652173913043
"edu.umd.cs.findbugs.detect.FindPuzzlers",594,10,7,255,33,22,0,29,22,0.0
"edu.umd.cs.findbugs.TextUICommandLine",593,21,14,139,23,4,2,14,39,0.05
"edu.umd.cs.findbugs.SourceLineAnnotation",581,59,54,113,29,16,76,24,27,0.7758620689655172
"edu.umd.cs.findbugs.gui2.MainFrameTree",581,45,43,72,51,4,1,17,13,0.8636363636363636
"edu.umd.cs.findbugs.ba.ClassContext",571,64,53,122,50,27,114,34,9,0.9488536155202822
"edu.umd.cs.findbugs.visitclass.PreorderVisitor",568,64,58,136,51,17,32,26,27,0.7936507936507936
"edu.umd.cs.findbugs.workflow.RejarClassesForAnalysis",556,29,23,105,34,5,1,28,28,0.5178571428571429
"edu.umd.cs.findbugs.ba.vna.ValueNumberFrameModelingVisitor",544,31,16,136,39,12,1,20,8,0.9041666666666667
"edu.umd.cs.findbugs.gui2.BugTreeModel",542,49,44,114,19,2,2,10,15,0.8541666666666666
"edu.umd.cs.findbugs.detect.FindHEmismatch",541,14,13,215,34,21,0,26,28,0.0
"edu.umd.cs.findbugs.detect.FindBadCast2",534,6,4,8,57,33,0,35,5,0.6
"edu.umd.cs.findbugs.ba.vna.ValueNumberFrame",530,41,26,152,18,5,43,14,11,0.875
"edu.umd.cs.findbugs.ba.type.TypeAnalysis",525,32,25,121,44,23,3,34,17,0.7419354838709677
"edu.umd.cs.findbugs.classfile.engine.ClassParserUsingASM",524,33,31,120,27,12,2,18,34,0.5119485294117647
"edu.umd.cs.findbugs.detect.Naming",524,25,12,168,37,21,0,29,11,0.7916666666666666
"edu.umd.cs.findbugs.gui2.NewProjectWizard",521,23,17,34,42,7,2,21,20,0.6431818181818182
"edu.umd.cs.findbugs.detect.FindDeadLocalStores",508,9,3,140,65,27,0,33,6,0.6875
"edu.umd.cs.findbugs.gui2.MainFrameLoadSaveHelper",499,29,27,47,21,9,1,15,4,0.9464285714285714
"edu.umd.cs.findbugs.util.Util",496,67,66,101,41,2,50,26,7,0.9545454545454546
"edu.umd.cs.findbugs.classfile.impl.ClassPathBuilder",493,35,18,115,40,23,1,38,15,0.7941176470588235
"edu.umd.cs.findbugs.classfile.analysis.MethodInfo",476,77,70,154,27,15,7,22,36,0.7719298245614036
"edu.umd.cs.findbugs.detect.CheckTypeQualifiers",475,16,2,120,59,45,0,51,9,0.7333333333333333
"edu.umd.cs.findbugs.workflow.Update",467,15,8,111,28,15,2,26,21,0.2959183673469387
"edu.umd.cs.findbugs.detect.FindUnsatisfiedObligation",466,28,16,100,50,33,0,41,27,0.5555555555555556
"edu.umd.cs.findbugs.updates.UpdateChecker",457,30,15,86,41,9,6,28,15,0.8114942528735631
"edu.umd.cs.findbugs.ba.XFactory",455,51,46,93,40,20,59,26,9,0.9377777777777777
"edu.umd.cs.findbugs.gui2.MainFrameComponentFactory",452,29,24,53,57,9,1,20,8,0.9107142857142857
"edu.umd.cs.findbugs.ba.Hierarchy",449,43,43,104,28,8,35,12,11,0.9307359307359307
"edu.umd.cs.findbugs.detect.FindSqlInjection",448,29,20,83,45,23,0,29,19,0.6973684210526316
"edu.umd.cs.findbugs.anttask.FindBugsTask",447,49,45,139,11,2,0,9,36,0.6591435185185185
"edu.umd.cs.findbugs.ba.DefaultNullnessAnnotations",444,2,1,3,1,1,1,2,1,1.0
"edu.umd.cs.findbugs.Plugin",434,76,73,102,24,5,17,16,27,0.8266666666666667
"edu.umd.cs.findbugs.ProjectStats",432,37,36,97,35,5,13,18,17,0.792483660130719
"edu.umd.cs.findbugs.detect.DroppedException",428,8,5,133,27,16,0,22,14,0.07142857142857142
"edu.umd.cs.findbugs.DetectorFactoryCollection",415,52,41,107,27,6,37,15,20,0.9411764705882353
"edu.umd.cs.findbugs.detect.InfiniteLoop",414,27,19,125,16,7,0,20,11,0.8741258741258741
"edu.umd.cs.findbugs.detect.OverridingEqualsNotSymmetrical",411,8,5,86,26,19,0,23,25,0.0
"edu.umd.cs.findbugs.config.UserPreferences",400,38,35,87,26,6,9,22,26,0.6621621621621622
"edu.umd.cs.findbugs.cloud.AbstractCloudTest",392,65,56,82,26,9,0,16,7,0.953125
"edu.umd.cs.findbugs.ba.SourceFinder",382,46,42,77,28,5,8,18,12,0.8907407407407408
"edu.umd.cs.findbugs.gui2.GUISaveState",381,42,39,54,21,3,4,9,42,0.5934959349593496
"edu.umd.cs.findbugs.ba.npe.IsNullValueFrameModelingVisitor",381,25,20,86,42,19,1,24,7,0.875
"edu.umd.cs.findbugs.gui2.ViewFilter",377,67,62,30,8,4,1,8,18,0.9006734006734006
"edu.umd.cs.findbugs.ba.Dataflow",371,20,13,28,13,7,23,14,7,0.8421052631578947
"edu.umd.cs.findbugs.classfile.analysis.ClassInfo",358,37,34,123,27,16,11,23,21,0.7222222222222222
"edu.umd.cs.findbugs.detect.FindUnreleasedLock",354,20,18,76,44,29,0,37,10,0.8157894736842105
"edu.umd.cs.findbugs.detect.NoiseNullDeref",354,18,11,72,63,43,0,49,10,0.7352941176470589
"edu.umd.cs.findbugs.ba.generic.GenericUtilities",352,31,30,78,11,3,7,9,1,1.0
"edu.umd.cs.findbugs.plan.ExecutionPlan",352,27,13,81,20,8,2,13,8,0.8653846153846154
"edu.umd.cs.findbugs.log.Profiler",344,33,32,65,17,5,16,25,18,0.8541666666666666
"edu.umd.cs.findbugs.detect.CheckExpectedWarnings",344,11,6,81,42,27,0,33,12,0.45
"edu.umd.cs.findbugs.workflow.MineBugHistory",341,23,21,81,15,7,1,15,19,0.5909090909090909
"edu.umd.cs.findbugs.cloud.DoNothingCloud",340,75,74,83,17,7,2,12,2,0.9932432432432432
"edu.umd.cs.findbugs.classfile.impl.AnalysisCache",340,32,27,61,28,19,1,31,16,0.7903225806451613
"edu.umd.cs.findbugs.gui2.SorterTableColumnModel",328,35,33,74,26,0,4,6,8,0.9779411764705882
"edu.umd.cs.findbugs.ba.Hierarchy2",328,20,15,68,27,10,16,13,3,0.9473684210526315
"edu.umd.cs.findbugs.FindBugs",327,20,19,45,21,7,30,17,12,0.7105263157894737
"edu.umd.cs.findbugs.ba.CFG",326,46,42,89,13,2,91,7,15,0.8444444444444444
"edu.umd.cs.findbugs.ba.npe.IsNullValue",323,43,36,87,9,8,20,13,22,0.75
"edu.umd.cs.findbugs.ba.npe.TypeQualifierNullnessAnnotationDatabase",320,15,13,69,33,27,3,33,4,0.8928571428571429
"edu.umd.cs.findbugs.detect.MutableStaticFields",319,11,7,66,22,11,0,15,22,0.004545454545454497
"edu.umd.cs.findbugs.ba.Frame",318,37,36,91,11,1,5,6,7,0.9166666666666666
"edu.umd.cs.findbugs.ba.AnnotationDatabase",318,18,10,44,16,5,6,11,9,0.7647058823529411
"edu.umd.cs.findbugs.classfile.engine.bcel.FinallyDuplicatesInfoFactory",318,13,10,84,32,6,1,18,8,0.7916666666666666
"edu.umd.cs.findbugs.gui2.SourceDirectoryWizard",315,26,22,13,16,7,2,27,31,0.4
"edu.umd.cs.findbugs.detect.DuplicateBranches",310,12,4,75,27,11,0,19,3,0.9090909090909091
"edu.umd.cs.findbugs.DiscoverSourceDirectories",306,48,45,50,22,13,2,25,7,0.9361702127659575
"edu.umd.cs.findbugs.jaif.JAIFParser",302,26,12,45,4,1,1,10,2,0.98
"edu.umd.cs.findbugs.detect.FindOpenStream",302,10,10,43,32,18,0,25,9,0.5555555555555556
"edu.umd.cs.findbugs.LocalVariableAnnotation",301,26,26,64,25,14,27,20,19,0.64
"edu.umd.cs.findbugs.ba.obl.ObligationAnalysis",300,18,13,85,31,18,1,21,11,0.7058823529411765
"edu.umd.cs.findbugs.MethodAnnotation",298,29,27,73,16,12,37,18,21,0.6428571428571429
"edu.umd.cs.findbugs.ba.bcp.PatternMatcher",292,25,21,69,21,13,1,19,22,0.5625
"edu.umd.cs.findbugs.workflow.MergeSummarizeAndView",292,18,12,48,26,14,1,23,20,0.5
"edu.umd.cs.findbugs.ba.BytecodeScanner",291,4,2,6,1,1,6,2,2,0.8333333333333334
"edu.umd.cs.findbugs.config.ProjectFilterSettings",289,24,23,60,13,5,2,15,15,0.6956521739130435
"edu.umd.cs.findbugs.detect.SwitchFallthrough",289,7,4,88,28,18,0,23,17,0.0
"edu.umd.cs.findbugs.detect.CheckRelaxingNullnessAnnotation",284,15,8,67,36,17,0,24,7,0.7857142857142857
"edu.umd.cs.findbugs.AbstractBugReporter",283,33,26,72,20,6,3,15,14,0.796875
"edu.umd.cs.findbugs.ba.jsr305.TypeQualifierValueSet",277,36,26,68,9,2,2,7,6,0.9285714285714286
"edu.umd.cs.findbugs.ba.jsr305.TypeQualifierValue",277,20,15,30,28,14,8,23,15,0.7473684210526316
"edu.umd.cs.findbugs.detect.LazyInit",277,7,6,65,49,33,0,39,4,1.0416666666666667
"edu.umd.cs.findbugs.detect.BuildObligationPolicyDatabase",276,12,5,46,39,25,1,33,12,0.5
"edu.umd.cs.findbugs.visitclass.BetterVisitor",271,70,70,70,37,0,1,3,0,0.0
"edu.umd.cs.findbugs.detect.FindSelfComparison",269,6,4,106,17,14,0,19,9,0.2
"edu.umd.cs.findbugs.detect.UselessSubclassMethod",266,12,9,97,17,5,0,11,9,0.6363636363636364
"edu.umd.cs.findbugs.gui2.SourceCodeDisplay",265,16,11,46,20,6,1,13,15,0.6711111111111111
"edu.umd.cs.findbugs.StackMapAnalyzer",262,12,4,42,25,4,0,8,3,0.9090909090909091
"edu.umd.cs.findbugs.ba.deref.UnconditionalValueDerefSet",258,24,23,63,15,5,7,9,6,0.8913043478260869
"edu.umd.cs.findbugs.ba.BasicBlock",255,38,37,63,10,2,37,11,11,0.8918918918918919
"edu.umd.cs.findbugs.gui2.BugSet",252,29,24,51,15,5,10,10,7,0.8928571428571429
"edu.umd.cs.findbugs.gui2.AbstractSwingGuiCallback",250,26,18,41,30,3,1,16,2,1.02
"edu.umd.cs.findbugs.Version",250,8,7,39,15,4,4,10,23,0.0
"edu.umd.cs.findbugs.cloud.Cloud",247,104,104,97,16,5,21,6,6,0.9757281553398058
"edu.umd.cs.findbugs.config.CommandLine",245,16,11,52,18,4,16,16,9,0.7777777777777779
"edu.umd.cs.findbugs.workflow.SetBugDatabaseInfo",244,4,2,58,19,9,0,18,18,0.0
"edu.umd.cs.findbugs.detect.MethodReturnCheck",243,7,4,53,25,19,0,24,12,0.16666666666666666
"edu.umd.cs.findbugs.ba.IncompatibleTypes",242,11,8,72,17,8,16,11,21,0.0
"edu.umd.cs.findbugs.ba.URLClassPath",241,28,27,52,17,2,2,10,7,0.8888888888888888
"edu.umd.cs.findbugs.ba.npe.IsNullValueFrame",241,20,20,65,13,6,11,10,5,0.8947368421052632
"edu.umd.cs.findbugs.detect.DontIgnoreResultOfPutIfAbsent",240,6,3,56,51,29,0,34,6,0.5
"edu.umd.cs.findbugs.detect.LoadOfKnownNullValue",239,5,3,46,35,21,0,26,2,0.875
"edu.umd.cs.findbugs.PackageStats",238,36,34,42,13,2,10,15,11,0.8857142857142857
"edu.umd.cs.findbugs.FieldAnnotation",238,25,23,50,23,11,36,17,13,0.75
"edu.umd.cs.findbugs.detect.UncallableMethodOfAnonymousClass",238,10,9,62,23,16,0,20,3,0.8888888888888888
"edu.umd.cs.findbugs.detect.StaticCalendarDetector",234,9,8,62,28,17,0,21,13,0.2692307692307693
"edu.umd.cs.findbugs.gui2.AnalyzingDialog",233,24,17,22,17,3,1,13,11,0.7865612648221344
"edu.umd.cs.findbugs.ba.LockSet",233,19,15,65,5,3,7,6,6,0.8611111111111112
"edu.umd.cs.findbugs.ba.ch.Subtypes2Test",232,32,30,17,8,5,0,7,26,0.5967741935483871
"edu.umd.cs.findbugs.classfile.engine.ClassParser",232,14,6,50,15,8,3,14,7,0.7692307692307693
"edu.umd.cs.findbugs.DetectorFactory",231,30,30,51,8,1,12,8,17,0.7464503042596349
"edu.umd.cs.findbugs.ba.SourceInfoMap",228,28,25,53,13,2,5,14,11,0.8148148148148148
"edu.umd.cs.findbugs.ba.vna.ValueNumberAnalysis",228,24,20,47,20,10,4,15,11,0.782608695652174
"edu.umd.cs.findbugs.DeepSubtypeAnalysis",227,11,10,55,13,5,6,9,7,0.7
"edu.umd.cs.findbugs.PrintingBugReporter",227,9,7,50,14,4,3,17,7,0.625
"edu.umd.cs.findbugs.anttask.FilterBugsTask",226,40,34,51,2,0,0,3,29,0.6410256410256411
"edu.umd.cs.findbugs.util.TopologicalSort",226,15,12,51,14,3,1,17,10,0.8142857142857143
"edu.umd.cs.findbugs.detect.BuildStringPassthruGraph",225,15,15,52,17,5,0,16,9,0.7301587301587301
"edu.umd.cs.findbugs.detect.FunctionsThatMightBeMistakenForProcedures",224,6,6,66,23,15,0,18,11,0.0
"edu.umd.cs.findbugs.anttask.AbstractFindBugsTask",223,31,20,56,9,0,7,9,18,0.7222222222222221
"edu.umd.cs.findbugs.gui2.BugLoader",223,15,10,31,31,16,0,25,3,0.9285714285714286
"edu.umd.cs.findbugs.ba.type.ExceptionSet",222,26,24,50,10,3,2,8,8,0.86
"edu.umd.cs.findbugs.graph.AbstractGraph",219,37,36,43,3,0,5,7,8,0.9305555555555556
"edu.umd.cs.findbugs.BugRanker",219,14,8,53,13,4,8,14,11,0.7132867132867133
"edu.umd.cs.findbugs.detect.WrongMapIterator",218,16,10,74,17,13,0,18,15,0.5422222222222222
"edu.umd.cs.findbugs.detect.FindNonShortCircuit",218,10,4,71,8,6,0,10,14,0.2777777777777778
"edu.umd.cs.findbugs.detect.StringConcatenation",217,5,3,72,10,6,0,14,14,0.0
"edu.umd.cs.findbugs.updates.UpdateCheckerTest",215,22,14,21,25,4,0,13,10,0.7857142857142857
"edu.umd.cs.findbugs.ba.CheckReturnAnnotationDatabase",215,4,3,19,6,0,2,4,1,1.0
"edu.umd.cs.findbugs.classfile.DescriptorFactory",214,30,28,49,16,5,89,10,6,0.9367816091954023
"edu.umd.cs.findbugs.util.TestDesktopIntegration",212,10,10,18,23,1,1,16,6,0.7777777777777778
"edu.umd.cs.findbugs.detect.RuntimeExceptionCapture",209,7,7,43,37,24,0,31,11,0.16666666666666666
"edu.umd.cs.findbugs.BugDesignation",206,23,23,62,9,4,7,10,6,0.8863636363636364
"edu.umd.cs.findbugs.model.ClassFeatureSet",204,19,18,51,17,7,6,17,13,0.717948717948718
"edu.umd.cs.findbugs.detect.Noise",204,15,15,88,9,6,0,9,7,0.7857142857142857
"edu.umd.cs.findbugs.ba.Edge",200,17,17,62,9,1,36,9,2,0.96875
"edu.umd.cs.findbugs.graph.AbstractDepthFirstSearch",199,28,15,43,5,0,2,8,15,0.7407407407407407
"edu.umd.cs.findbugs.workflow.CopyBuggySource",199,8,5,41,22,10,1,15,14,0.07142857142857142
"edu.umd.cs.findbugs.detect.FindMaskedFields",195,7,7,56,22,13,0,16,8,0.4166666666666667
"edu.umd.cs.findbugs.FuzzyBugComparator",194,16,13,45,6,1,0,8,6,0.8555555555555556
"edu.umd.cs.findbugs.detect.CrossSiteScripting",192,6,3,63,16,11,0,15,8,0.4
"edu.umd.cs.findbugs.ba.FieldSummary",191,14,14,44,20,9,11,11,7,0.7912087912087912
"edu.umd.cs.findbugs.gui2.PluginUpdateDialog",191,12,7,28,28,4,1,16,2,0.9545454545454546
"edu.umd.cs.findbugs.ba.PruneUnconditionalExceptionThrowerEdges",191,6,5,38,20,5,2,10,11,0.0
"edu.umd.cs.findbugs.cloud.BugFilingCommentHelper",190,10,9,26,19,10,0,15,6,0.7222222222222222
"edu.umd.cs.findbugs.detect.Stream",189,25,22,47,15,7,6,11,8,0.8541666666666666
"edu.umd.cs.findbugs.detect.FindSelfComparison2",189,7,3,66,26,18,0,23,1,1.0
"edu.umd.cs.findbugs.detect.RedundantConditions",189,7,3,68,25,11,0,14,2,0.9166666666666666
"edu.umd.cs.findbugs.workflow.Churn",188,11,12,40,12,6,1,15,8,0.65
"edu.umd.cs.findbugs.detect.IncompatMask",187,9,5,63,5,4,0,9,5,0.75
"edu.umd.cs.findbugs.detect.InitializationChain",187,8,7,49,20,8,0,16,14,0.16326530612244902
"edu.umd.cs.findbugs.detect.FindDoubleCheck",187,4,3,80,12,6,0,10,13,0.0
"edu.umd.cs.findbugs.filter.Filter",186,22,21,38,19,6,16,13,2,0.9761904761904762
"edu.umd.cs.findbugs.detect.FindJSR166LockMonitorenter",186,5,4,39,33,21,0,26,3,0.75
"edu.umd.cs.findbugs.ba.UnresolvedXMethod",185,31,30,39,15,7,0,12,2,0.9833333333333333
"edu.umd.cs.findbugs.ba.jsr305.TypeQualifierDataflowAnalysis",184,17,13,41,22,13,2,18,7,0.8125
"edu.umd.cs.findbugs.ba.generic.GenericSignatureParser",184,10,11,53,10,0,14,9,2,0.9444444444444444
"edu.umd.cs.findbugs.detect.FindUseOfNonSerializableValue",184,5,4,42,36,16,0,22,4,0.625
"edu.umd.cs.findbugs.ba.SignatureParser",183,19,20,51,7,0,43,10,4,0.9166666666666666
"edu.umd.cs.findbugs.detect.RepeatedConditionals",182,7,4,53,17,6,0,11,6,0.5833333333333334
"edu.umd.cs.findbugs.detect.BuildUnconditionalParamDerefDatabase",182,6,3,54,35,22,2,27,3,0.8
"edu.umd.cs.findbugs.ba.ClassHash",181,20,18,33,17,3,0,10,6,0.868421052631579
"edu.umd.cs.findbugs.SystemProperties",181,14,12,28,12,2,135,8,7,0.7692307692307693
"edu.umd.cs.findbugs.ba.InnerClassAccessMap",181,13,7,44,15,1,4,7,8,0.7083333333333334
"edu.umd.cs.findbugs.classfile.analysis.FieldInfo",180,31,29,107,23,14,6,20,9,0.9222222222222223
"edu.umd.cs.findbugs.Obfuscate",179,23,15,42,5,1,1,5,1,1.0
"edu.umd.cs.findbugs.detect.FindRoughConstants",177,13,8,49,16,5,0,13,10,0.7166666666666667
"edu.umd.cs.findbugs.ba.jsr305.ForwardTypeQualifierDataflowAnalysis",176,16,4,45,28,14,2,17,1,1.0
"edu.umd.cs.findbugs.VersionInsensitiveBugComparator",176,13,10,48,5,3,1,9,5,0.8333333333333334
"edu.umd.cs.findbugs.detect.FormatStringChecker",176,3,3,3,18,12,0,13,6,0.0
"edu.umd.cs.findbugs.Tokenizer",174,6,2,40,4,0,1,3,3,1.0666666666666667
"edu.umd.cs.findbugs.I18N",173,15,14,44,10,0,7,6,8,0.8125
"edu.umd.cs.findbugs.detect.CloneIdiom",170,9,9,47,21,16,0,20,11,0.375
"edu.umd.cs.findbugs.ProjectPackagePrefixes",169,12,10,41,16,3,3,20,7,0.7792207792207791
"edu.umd.cs.findbugs.ba.npe.DerefFinder",169,2,2,33,36,23,1,25,1,1.0
"edu.umd.cs.findbugs.io.IO",167,15,12,27,16,1,9,6,2,1.0714285714285714
"edu.umd.cs.findbugs.gui2.NewFilterFrame",167,10,10,8,21,0,2,8,3,0.9629629629629629
"edu.umd.cs.findbugs.cloud.username.WebCloudNameLookup",166,15,11,31,17,6,0,15,10,0.6785714285714286
"edu.umd.cs.findbugs.ba.jsr305.BackwardTypeQualifierDataflowAnalysis",166,13,7,41,28,17,2,19,4,0.875
"edu.umd.cs.findbugs.Analyze",165,7,6,37,12,7,2,10,6,0.5833333333333334
"edu.umd.cs.findbugs.util.ClassName",164,16,16,51,6,1,54,5,0,0.0
"edu.umd.cs.findbugs.detect.InvalidJUnitTest",163,9,5,57,14,11,0,14,6,0.6875
"edu.umd.cs.findbugs.classfile.engine.bcel.CFGFactory",163,3,3,3,34,23,1,24,1,1.0
"edu.umd.cs.findbugs.detect.StreamResourceTracker",162,16,15,35,21,9,1,12,7,0.8
"edu.umd.cs.findbugs.ba.AssertionMethods",159,9,7,55,20,1,7,7,5,0.75
"edu.umd.cs.findbugs.detect.DumbMethodInvocations",158,5,3,36,27,16,0,21,5,0.5
"edu.umd.cs.findbugs.PropertyBundle",157,19,18,30,9,2,8,4,5,0.8888888888888888
"edu.umd.cs.findbugs.TextUIBugReporter",157,18,15,28,4,1,5,4,10,0.7352941176470589
"edu.umd.cs.findbugs.classfile.impl.ZipInputStreamCodeBase",157,11,10,31,13,6,1,14,6,0.9
"edu.umd.cs.findbugs.detect.FindCircularDependencies",157,8,5,38,10,3,0,13,7,0.5714285714285714
"edu.umd.cs.findbugs.ba.obl.StateSet",155,24,23,37,8,1,4,4,5,0.9130434782608695
"edu.umd.cs.findbugs.ba.Path",155,15,13,32,2,0,5,5,6,0.8214285714285714
"edu.umd.cs.findbugs.ba.ResourceValueAnalysis",155,7,5,47,9,1,3,6,7,0.5
"edu.umd.cs.findbugs.detect.InfiniteRecursiveLoop",154,4,4,68,10,8,0,12,6,0.16666666666666666
"edu.umd.cs.findbugs.BugInstanceTest",153,18,11,22,8,2,0,6,1,1.0
"edu.umd.cs.findbugs.detect.FindFloatEquality",152,6,5,54,11,7,0,13,7,0.48571428571428565
"edu.umd.cs.findbugs.SAXBugCollectionHandlerTest",152,4,4,4,4,1,0,2,0,0.0
"edu.umd.cs.findbugs.props.WarningPropertySet",151,13,13,16,6,3,7,10,1,1.0
"edu.umd.cs.findbugs.detect.FindNullDerefsInvolvingNonShortCircuitEvaluation",151,7,5,29,24,18,0,21,2,0.9166666666666666
"edu.umd.cs.findbugs.tools.FixIndentation",151,3,1,35,14,3,0,10,6,0.25
"edu.umd.cs.findbugs.ba.BlockType",150,19,18,45,1,0,1,3,6,0.8611111111111112
"edu.umd.cs.findbugs.gui2.DockLayout",150,13,13,14,27,1,0,4,9,0.6666666666666666
"edu.umd.cs.findbugs.ba.obl.InstructionActionCache",150,5,4,32,32,13,1,17,7,0.25
"edu.umd.cs.findbugs.gui2.CommentsArea",149,17,14,16,19,5,1,12,5,0.875
"edu.umd.cs.findbugs.Lookup",149,12,12,34,15,9,5,11,0,0.0
"edu.umd.cs.findbugs.XDocsBugReporter",149,12,8,22,10,1,1,6,12,0.5
"edu.umd.cs.findbugs.gui2.ProjectSettings",149,11,10,21,10,0,2,1,5,0.8
"edu.umd.cs.findbugs.detect.BadSyntaxForRegularExpression",148,8,2,63,7,5,0,10,1,1.0
"edu.umd.cs.findbugs.detect.CovariantArrayAssignment",148,4,3,52,17,12,0,16,1,1.0
"edu.umd.cs.findbugs.tools.xml.CheckMessages",147,13,14,27,12,1,1,10,5,0.8333333333333334
"edu.umd.cs.findbugs.detect.ResolveAllReferences",146,10,5,33,29,13,0,18,2,0.9444444444444444
"edu.umd.cs.findbugs.detect.FindUninitializedGet",146,8,8,45,21,10,0,13,8,0.5
"edu.umd.cs.findbugs.ba.type.StandardTypeMerger",145,8,2,24,13,7,3,11,3,0.8571428571428571
"edu.umd.cs.findbugs.xml.OutputStreamXMLOutput",142,21,17,27,9,1,8,4,5,0.9
"edu.umd.cs.findbugs.gui2.StackedFilterMatcher",142,9,10,33,6,1,3,8,2,0.9375
"edu.umd.cs.findbugs.gui2.FilterFactory",142,8,5,50,16,14,0,17,0,0.0
"edu.umd.cs.findbugs.workflow.CloudSyncAndReport",142,8,7,25,16,8,1,15,8,0.6785714285714286
"edu.umd.cs.findbugs.classfile.impl.SingleFileCodeBase",141,20,20,23,20,13,1,16,8,0.8157894736842105
"edu.umd.cs.findbugs.tools.html.PrettyPrintBugDescriptions",141,15,7,29,10,3,1,8,7,0.8367346938775511
"edu.umd.cs.findbugs.classfile.analysis.ClassNameAndSuperclassInfo",139,29,28,97,10,3,9,5,14,0.7678571428571429
"edu.umd.cs.findbugs.sourceViewer.NavigableTextPane",139,15,9,26,13,1,1,12,1,1.0
"edu.umd.cs.findbugs.gui2.SplashFrame",139,7,7,11,13,0,2,10,10,0.25
"edu.umd.cs.findbugs.detect.ReadOfInstanceFieldInMethodInvokedByConstructorInSuperclass",139,4,3,37,21,15,0,18,2,0.8333333333333334
"edu.umd.cs.findbugs.cloud.BugCollectionStorageCloud",138,27,26,32,9,3,1,5,0,0.0
"edu.umd.cs.findbugs.SwitchHandler",138,11,11,31,8,4,1,7,7,0.7
"edu.umd.cs.findbugs.sourceViewer.JavaScanner",137,6,6,39,3,0,1,4,12,0.1666666666666666
"edu.umd.cs.findbugs.detect.DefaultEncodingDetector",136,9,7,15,16,11,0,16,5,0.875
"edu.umd.cs.findbugs.ResourceTrackingDetector",136,9,7,25,19,14,2,20,4,0.8125
"edu.umd.cs.findbugs.detect.InitializeNonnullFieldsInConstructor",136,8,8,41,14,9,0,12,5,1.0571428571428572
"edu.umd.cs.findbugs.ba.generic.GenericObjectType",135,19,19,41,12,4,14,9,3,0.9444444444444444
"edu.umd.cs.findbugs.detect.CallToUnconditionalThrower",135,4,3,22,30,21,0,26,4,0.5
"edu.umd.cs.findbugs.detect.FindReturnRef",134,7,6,39,10,7,0,10,11,0.16666666666666666
"edu.umd.cs.findbugs.detect.LostLoggerDueToWeakReference",134,7,4,39,12,8,0,12,6,0.5833333333333334
"edu.umd.cs.findbugs.CommandLineUiCallback",133,22,21,30,12,2,2,7,2,1.0238095238095237
"edu.umd.cs.findbugs.BugAccumulator",133,13,13,27,11,4,55,6,9,0.7962962962962963
"edu.umd.cs.findbugs.SelfCalls",133,12,10,29,16,4,1,7,6,0.7727272727272727
"edu.umd.cs.findbugs.util.Strings",133,9,8,36,5,0,6,8,8,0.65625
"edu.umd.cs.findbugs.BugPattern",132,23,23,27,2,1,8,5,12,0.768939393939394
"edu.umd.cs.findbugs.visitclass.PrintClass",132,3,3,36,11,0,0,7,3,0.5
"edu.umd.cs.findbugs.IntAnnotation",130,18,17,30,5,2,11,10,14,0.6176470588235294
"edu.umd.cs.findbugs.ba.SignatureConverter",130,13,13,32,7,1,18,4,1,1.0
"edu.umd.cs.findbugs.gui2.AboutDialog",130,11,6,7,9,3,1,16,11,0.5
"edu.umd.cs.findbugs.ba.jsr305.SourceSinkInfo",129,17,17,40,3,2,6,4,8,0.78125
"edu.umd.cs.findbugs.detect.MultithreadedInstanceAccess",129,7,6,25,17,5,0,9,8,0.4166666666666667
"edu.umd.cs.findbugs.detect.FindMismatchedWaitOrNotify",129,5,4,24,28,17,0,22,2,0.875
"edu.umd.cs.findbugs.TypeAnnotation",128,18,18,30,8,6,22,11,10,0.7352941176470589
"edu.umd.cs.findbugs.DetectorsTest",128,10,6,24,13,1,0,5,6,0.7222222222222222
"edu.umd.cs.findbugs.ba.jsr305.TypeQualifierResolver",128,6,4,27,13,9,0,11,9,0.2
"edu.umd.cs.findbugs.PackageMemberAnnotation",127,18,11,32,6,4,3,7,3,0.9411764705882353
"edu.umd.cs.findbugs.ba.LiveLocalStoreAnalysis",127,14,13,32,10,0,4,4,2,0.9615384615384616
"edu.umd.cs.findbugs.jaif.JAIFScanner",127,11,8,15,5,0,2,1,26,0.20769230769230768
"edu.umd.cs.findbugs.detect.FindNonSerializableValuePassedToWriteObject",127,4,3,25,26,15,0,21,2,0.8333333333333334
"edu.umd.cs.findbugs.detect.InefficientInitializationInsideLoop",126,7,4,43,18,7,0,13,15,0.0
"edu.umd.cs.findbugs.workflow.CountClassVersions",126,5,4,24,21,6,0,17,3,0.75
"edu.umd.cs.findbugs.ba.jsr305.Analysis",125,6,3,24,22,14,3,17,3,0.8
"edu.umd.cs.findbugs.detect.CallToUnsupportedMethod",125,4,3,22,28,17,0,19,1,1.0
"edu.umd.cs.findbugs.detect.FindFieldSelfAssignment",125,3,3,38,13,9,0,13,7,0.0
"edu.umd.cs.findbugs.ClassAnnotation",124,15,14,30,8,6,29,11,10,0.6785714285714286
"edu.umd.cs.findbugs.ba.ResourceValueFrameModelingVisitor",123,16,12,24,14,0,3,2,0,0.0
"edu.umd.cs.findbugs.anttask.FindBugsViewerTask",123,15,14,30,7,1,0,3,11,0.6428571428571429
"edu.umd.cs.findbugs.gui2.FilterMatcher",123,13,13,30,6,3,4,7,6,0.7916666666666666
"edu.umd.cs.findbugs.detect.FindTwoLockWait",123,7,6,24,23,12,0,17,4,0.9583333333333334
"edu.umd.cs.findbugs.detect.VolatileUsage",122,8,5,35,11,8,0,11,6,0.8333333333333334
"edu.umd.cs.findbugs.detect.FindNonSerializableStoreIntoSession",122,4,3,22,27,16,0,22,3,0.6666666666666666
"edu.umd.cs.findbugs.classfile.impl.ZipFileCodeBase",121,9,8,16,12,3,1,8,2,0.9375
"edu.umd.cs.findbugs.detect.UnnecessaryMath",121,4,4,22,13,5,0,10,8,0.4583333333333333
"edu.umd.cs.findbugs.classfile.ClassDescriptor",120,25,24,30,8,2,136,7,4,0.9791666666666666
"edu.umd.cs.findbugs.ba.bcp.Invoke",119,14,12,26,13,6,0,11,12,0.5769230769230769
"edu.umd.cs.findbugs.gui2.Driver",119,6,6,25,9,6,2,12,4,0.85
"edu.umd.cs.findbugs.visitclass.Util",119,5,5,36,16,1,7,3,0,0.0
"edu.umd.cs.findbugs.ba.interproc.ParameterProperty",118,19,18,26,2,0,10,3,3,0.9444444444444444
"edu.umd.cs.findbugs.gui2.SplitLayout",118,12,11,11,16,1,1,6,7,0.7662337662337663
"edu.umd.cs.findbugs.util.LaunchBrowser",118,7,1,19,9,1,8,10,8,0.4166666666666667
"edu.umd.cs.findbugs.Footprint",117,11,11,19,4,0,3,7,12,0.45
"edu.umd.cs.findbugs.sourceViewer.JavaSourceDocument",117,6,6,12,19,4,2,5,14,0.0
"edu.umd.cs.findbugs.detect.FieldItemSummary",117,5,5,40,17,13,0,16,3,0.8333333333333333
"edu.umd.cs.findbugs.ba.SourceFile",116,14,10,24,4,0,8,5,8,0.7307692307692307
"edu.umd.cs.findbugs.FindBugsTestCase",116,7,3,14,6,1,1,7,3,0.8333333333333334
"edu.umd.cs.findbugs.AnalysisError",115,14,13,34,2,0,4,5,6,0.8076923076923077
"edu.umd.cs.findbugs.ba.LockAnalysis",115,12,10,34,11,5,1,9,6,0.7727272727272727
"edu.umd.cs.findbugs.gui2.SorterDialog",114,11,7,14,19,0,1,7,4,0.85
"edu.umd.cs.findbugs.detect.NumberConstructor",114,8,5,22,13,6,0,11,5,0.7999999999999999
"edu.umd.cs.findbugs.detect.ConfusionBetweenInheritedAndOuterMethod",114,5,5,33,13,8,0,10,3,0.75
"edu.umd.cs.findbugs.detect.NoteSuppressedWarnings",113,8,6,20,23,16,1,21,2,1.0714285714285714
"edu.umd.cs.findbugs.workflow.FileBugHash",113,6,7,25,15,7,2,15,4,1.15
"edu.umd.cs.findbugs.AddMessages",113,5,3,16,11,1,1,7,2,0.875
"edu.umd.cs.findbugs.classfile.analysis.AnnotationValue",112,20,17,17,8,3,14,9,6,0.9210526315789473
"edu.umd.cs.findbugs.detect.ReadReturnShouldBeChecked",112,6,3,44,9,7,0,11,8,0.3
"edu.umd.cs.findbugs.ba.vna.ValueNumberSourceInfo",110,6,6,29,14,9,11,10,0,0.0
"edu.umd.cs.findbugs.gui2.SpringUtilities",110,4,3,12,4,0,0,3,0,0.0
"edu.umd.cs.findbugs.detect.FindUncalledPrivateMethods",110,4,4,34,16,7,0,11,4,0.5
"edu.umd.cs.findbugs.ba.interproc.PropertyDatabase",109,15,10,22,20,4,3,8,1,1.0
"edu.umd.cs.findbugs.cloud.CloudFactory",109,5,5,15,13,6,3,13,7,0.25
"edu.umd.cs.findbugs.ba.AbstractClassMember",108,18,17,22,4,2,2,5,6,0.8529411764705882
"edu.umd.cs.findbugs.ba.heap.FieldSetAnalysis",108,15,11,27,15,7,2,9,2,0.9642857142857143
"edu.umd.cs.findbugs.classfile.impl.ClassPathImpl",108,10,9,23,11,5,1,8,3,0.8888888888888888
"edu.umd.cs.findbugs.FindBugsCommandLine",108,8,6,23,7,2,2,7,3,0.8571428571428571
"edu.umd.cs.findbugs.detect.InheritanceUnsafeGetResource",108,5,4,30,13,7,0,11,9,0.0
"edu.umd.cs.findbugs.props.WarningPropertyUtil",108,5,2,17,17,10,4,11,1,1.0
"edu.umd.cs.findbugs.StringAnnotation",107,17,17,21,4,3,17,8,15,0.5625
"edu.umd.cs.findbugs.ba.NullnessAnnotationDatabase",107,9,9,47,4,3,2,8,0,0.0
"edu.umd.cs.findbugs.detect.SynchronizeOnClassLiteralNotGetClass",106,3,3,26,9,7,0,9,4,0.25
"edu.umd.cs.findbugs.ba.FrameDataflowAnalysis",105,13,10,31,2,0,5,2,0,0.0
"edu.umd.cs.findbugs.detect.CheckAnalysisContextContainedAnnotation",105,7,5,32,18,11,0,15,5,0.6666666666666666
"edu.umd.cs.findbugs.detect.BuildNonNullAnnotationDatabase",105,6,4,22,16,8,2,12,3,0.8
"edu.umd.cs.findbugs.detect.SynchronizingOnContentsOfFieldToProtectField",105,3,3,27,8,6,0,7,6,0.0
"edu.umd.cs.findbugs.ba.obl.ObligationFactory",104,12,12,21,15,5,3,8,2,0.9545454545454546
"edu.umd.cs.findbugs.classfile.impl.DirectoryCodeBase",104,12,12,18,13,4,1,11,4,0.8636363636363636
"edu.umd.cs.findbugs.util.HTML",104,11,3,23,12,0,1,3,2,0.95
"edu.umd.cs.findbugs.workflow.TestingGround",103,6,7,29,8,6,0,10,1,1.0
"edu.umd.cs.findbugs.anttask.SetBugDatabaseInfoTask",102,17,11,28,1,0,0,3,9,0.75
"edu.umd.cs.findbugs.ba.jsr305.TypeQualifierAnnotation",102,12,9,13,7,1,8,3,7,0.8441558441558441
"edu.umd.cs.findbugs.visitclass.AnnotationVisitor",102,7,5,19,15,2,8,5,1,1.0
"edu.umd.cs.findbugs.bugReporter.SuppressionDecorator",102,3,2,21,15,6,0,10,3,0.5
"edu.umd.cs.findbugs.detect.FindBugsSummaryStats",101,13,13,16,16,9,0,13,10,0.6833333333333332
"edu.umd.cs.findbugs.detect.BuildCheckReturnAnnotationDatabase",101,4,2,23,14,5,1,9,2,0.8333333333333334
"edu.umd.cs.findbugs.ba.type.TypeFrame",100,15,14,24,4,2,27,6,1,1.0
"edu.umd.cs.findbugs.anttask.ConvertXmlToTextTask",100,13,9,30,3,1,0,3,6,0.7916666666666666
"edu.umd.cs.findbugs.detect.URLProblems",100,7,7,21,12,7,0,10,10,0.5
"edu.umd.cs.findbugs.detect.SynchronizationOnSharedBuiltinConstant",100,5,3,17,16,11,0,16,7,0.25
"edu.umd.cs.findbugs.detect.VarArgsProblems",100,3,3,29,7,5,0,8,12,0.0
"edu.umd.cs.findbugs.jaif.JAIFScannerTest",99,13,11,13,2,0,0,2,0,0.0
"edu.umd.cs.findbugs.SloppyBugComparator",99,9,3,29,3,3,2,7,2,0.9375
"edu.umd.cs.findbugs.detect.TestDataflowAnalysis",99,6,4,13,18,17,0,25,4,0.7
"edu.umd.cs.findbugs.detect.InefficientToArray",99,5,5,19,15,9,0,13,9,0.11111111111111116
"edu.umd.cs.findbugs.ba.ch.ClassVertex",97,20,15,24,5,3,2,5,7,0.8421052631578947
"edu.umd.cs.findbugs.detect.FindComparatorProblems",96,6,5,23,14,9,0,14,6,0.5
"edu.umd.cs.findbugs.workflow.UnionResults",96,5,4,16,11,8,1,15,2,0.875
"edu.umd.cs.findbugs.detect.AtomicityProblem",96,4,4,31,9,7,0,10,4,0.5
"edu.umd.cs.findbugs.detect.SuspiciousThreadInterrupted",96,4,4,36,8,5,0,8,8,0.0
"edu.umd.cs.findbugs.util.Multiset",95,15,15,24,8,0,2,9,1,1.0
"edu.umd.cs.findbugs.gui2.FBFileChooser",95,10,6,12,11,1,4,5,0,0.0
"edu.umd.cs.findbugs.classfile.engine.ClassParserUsingBCEL",95,9,7,9,20,10,0,13,4,0.8125
"edu.umd.cs.findbugs.ba.vna.MergeTree",95,6,5,22,6,1,2,5,3,0.8
"edu.umd.cs.findbugs.xml.Dom4JXMLOutput",94,16,16,20,5,0,1,2,1,1.0
"edu.umd.cs.findbugs.AppVersion",94,15,15,16,5,3,8,9,6,0.8214285714285714
"edu.umd.cs.findbugs.ba.bcp.PatternElementMatch",94,13,13,25,2,1,3,4,5,0.8333333333333334
"edu.umd.cs.findbugs.util.FractionalMultiset",94,13,12,21,7,0,0,9,1,1.0
"edu.umd.cs.findbugs.ba.URLClassPathRepository",94,11,10,23,7,1,0,7,4,0.85
"edu.umd.cs.findbugs.detect.FindSleepWithLockHeld",94,6,3,18,19,11,0,14,2,0.9
"edu.umd.cs.findbugs.tools.junit.JUnitJarRunner",94,6,6,17,12,0,1,9,2,0.9
"edu.umd.cs.findbugs.detect.TrainFieldStoreTypes",94,4,3,16,23,15,0,18,2,0.8333333333333334
"edu.umd.cs.findbugs.detect.XMLFactoryBypass",94,4,4,17,9,4,0,9,5,0.8666666666666667
"edu.umd.cs.findbugs.tools.FilterAndCombineBitfieldPropertyDatabase",94,2,1,20,15,1,0,10,3,0.0
"edu.umd.cs.findbugs.gui2.BugAspects",93,18,18,22,3,1,5,5,5,0.8823529411764706
"edu.umd.cs.findbugs.ba.ca.CallList",93,16,16,26,2,0,3,4,2,0.9666666666666667
"edu.umd.cs.findbugs.bcel.BCELUtil",93,12,12,21,17,5,26,7,2,0.9545454545454546
"edu.umd.cs.findbugs.graph.AbstractVertex",93,11,11,23,0,0,5,4,3,0.9
"edu.umd.cs.findbugs.ba.PruneInfeasibleExceptionEdges",93,6,6,16,11,4,1,9,8,0.3
"edu.umd.cs.findbugs.workflow.RebornIssues",93,6,7,25,11,5,1,11,1,1.0
"edu.umd.cs.findbugs.ba.generic.TestGenericObjectType",93,6,5,14,7,0,0,3,7,0.4
"edu.umd.cs.findbugs.classfile.FieldOrMethodDescriptor",92,13,11,26,1,0,9,3,6,0.7916666666666666
"edu.umd.cs.findbugs.graph.StronglyConnectedComponents",92,11,9,15,4,0,0,4,3,0.9
"edu.umd.cs.findbugs.classfile.engine.bcel.AnalysisFactory",91,17,3,17,19,15,32,17,3,1.0
"edu.umd.cs.findbugs.ba.MethodHash",91,14,13,21,4,1,2,5,5,0.8461538461538461
"edu.umd.cs.findbugs.anttask.ComputeBugHistoryTask",91,13,9,22,4,0,0,1,8,0.7083333333333334
"edu.umd.cs.findbugs.ba.obl.ObligationSet",91,11,10,22,1,0,3,4,4,0.85
"edu.umd.cs.findbugs.config.ProjectFilterSettingsTest",91,9,8,11,4,2,0,4,6,0.6875
"edu.umd.cs.findbugs.gui2.DisplayNonmodelMessage",91,5,4,4,14,0,0,2,5,1.0
"edu.umd.cs.findbugs.workflow.ListBugDatabaseInfo",91,4,4,11,13,8,0,12,2,1.0
"edu.umd.cs.findbugs.ba.vna.ValueNumber",90,13,11,18,2,2,46,5,10,0.6416666666666667
"edu.umd.cs.findbugs.workflow.TreemapVisualization",90,5,5,21,10,7,1,12,4,0.625
"edu.umd.cs.findbugs.detect.BuildNonnullReturnDatabase",90,3,1,16,19,13,1,15,4,0.25
"edu.umd.cs.findbugs.detect.ExplicitSerialization",90,3,3,17,17,13,0,16,6,0.0
"edu.umd.cs.findbugs.ba.TargetEnumeratingVisitor",89,12,12,19,10,0,1,3,4,0.8636363636363636
"edu.umd.cs.findbugs.BugCollectionBugReporter",89,12,11,19,7,4,4,9,3,0.9090909090909091
"edu.umd.cs.findbugs.gui2.GUI2CommandLine",89,10,8,23,4,1,1,8,5,0.8
"edu.umd.cs.findbugs.gui.AnnotatedString",89,7,7,21,8,2,4,9,2,1.0
"edu.umd.cs.findbugs.detect.WaitInLoop",89,5,3,37,5,4,0,9,8,0.125
"edu.umd.cs.findbugs.classfile.engine.AbstractMethodVisitor",88,23,23,23,5,1,1,3,0,0.0
"edu.umd.cs.findbugs.workflow.FindSeqNumTest",88,19,18,20,10,1,0,3,2,0.9722222222222222
"edu.umd.cs.findbugs.ba.jsr305.ValidationSecurityManager",88,6,3,21,5,0,1,9,3,0.8666666666666666
"edu.umd.cs.findbugs.detect.HugeSharedStringConstants",88,5,5,18,14,6,0,13,5,0.5
"edu.umd.cs.findbugs.BugCollection",87,52,52,52,16,3,40,4,14,0.8725490196078431
"edu.umd.cs.findbugs.ba.npe.PointerUsageRequiringNonNullValue",87,20,20,11,4,3,2,4,3,1.0526315789473684
"edu.umd.cs.findbugs.ba.ca.CallListAnalysis",87,13,12,16,16,9,1,11,2,0.9583333333333334
"edu.umd.cs.findbugs.EmacsBugReporter",87,6,3,12,9,3,1,7,2,1.2
"edu.umd.cs.findbugs.detect.EqualsOperandShouldHaveClassCompatibleWithThis",87,4,3,25,16,14,0,18,3,0.7777777777777777
"edu.umd.cs.findbugs.ba.ExceptionHandlerMap",86,7,4,19,10,1,1,2,3,0.8333333333333334
"edu.umd.cs.findbugs.IGuiCallback",85,29,29,29,6,1,8,1,13,0.7857142857142857
"edu.umd.cs.findbugs.charsets.UTF8",85,16,16,16,17,0,30,2,2,0.9666666666666667
"edu.umd.cs.findbugs.ba.AbstractDominatorsAnalysis",85,13,13,18,4,0,2,2,2,0.9583333333333334
"edu.umd.cs.findbugs.ba.jsr305.ForwardTypeQualifierDataflowFactory",85,3,1,4,20,13,2,14,0,0.0
"edu.umd.cs.findbugs.classfile.engine.ClassDataAnalysisEngine",84,9,9,13,13,11,1,17,1,1.0
"edu.umd.cs.findbugs.detect.NoteDirectlyRelevantTypeQualifiers",84,6,5,20,19,14,0,18,2,0.9
"edu.umd.cs.findbugs.ba.bcp.PatternElement",83,16,15,21,7,4,5,10,6,0.8333333333333334
"edu.umd.cs.findbugs.ba.npe.ReturnPathTypeAnalysis",83,16,16,17,10,9,1,10,3,0.9333333333333333
"edu.umd.cs.findbugs.model.MovedClassMap",83,7,4,16,11,5,1,11,4,0.75
"edu.umd.cs.findbugs.ba.LineNumberMap",83,5,4,18,6,1,0,3,5,0.5
"edu.umd.cs.findbugs.cloud.MutableCloudTask",82,15,13,21,3,0,1,2,7,0.8367346938775511
"edu.umd.cs.findbugs.ba.heap.FieldSet",81,15,15,24,3,1,1,2,2,0.9642857142857143
"edu.umd.cs.findbugs.anttask.MineBugHistoryTask",81,13,8,21,2,0,0,3,5,0.8333333333333334
"edu.umd.cs.findbugs.ba.vna.ValueNumberCache",81,6,6,17,5,1,1,3,5,0.76
"edu.umd.cs.findbugs.util.JavaWebStart",81,4,2,5,6,0,2,0,3,0.6666666666666666
"edu.umd.cs.findbugs.detect.StreamFrameModelingVisitor",81,3,2,26,11,6,1,9,3,0.5
"edu.umd.cs.findbugs.detect.CheckCalls",80,4,3,13,17,12,0,16,3,0.6666666666666666
"edu.umd.cs.findbugs.LaunchAppropriateUI",80,3,3,19,5,0,1,8,7,0.0
"edu.umd.cs.findbugs.ByteCodePatternDetector",79,7,5,19,11,7,1,13,2,0.9166666666666666
"edu.umd.cs.findbugs.tools.ComparePerfomance",79,5,6,12,13,1,1,8,2,0.875
"edu.umd.cs.findbugs.detect.FindSpinLoop",79,3,3,25,7,6,0,9,5,0.0
"edu.umd.cs.findbugs.detect.QuestionableBooleanAssignment",78,3,3,21,5,4,0,7,9,0.0
"edu.umd.cs.findbugs.ba.BasicAbstractDataflowAnalysis",77,14,13,17,5,2,4,5,2,0.9615384615384616
"edu.umd.cs.findbugs.ClassScreener",77,7,6,20,3,0,5,6,5,0.7999999999999999
"edu.umd.cs.findbugs.detect.TrainLongInstantfParams",77,6,4,18,14,10,0,17,1,1.0
"edu.umd.cs.findbugs.detect.BadResultSetAccess",77,3,3,18,10,6,0,10,3,1.0
"edu.umd.cs.findbugs.ba.StackDepthAnalysis",76,10,10,18,4,0,0,1,3,0.8888888888888888
"edu.umd.cs.findbugs.gui2.PropertiesDialog",76,5,4,3,12,0,1,6,3,0.75
"edu.umd.cs.findbugs.detect.FindUselessControlFlow",76,4,4,15,10,5,0,9,2,1.0
"edu.umd.cs.findbugs.detect.FindLocalSelfAssignment2",76,3,3,19,10,8,0,11,5,0.19999999999999996
"edu.umd.cs.findbugs.DelegatingBugReporter",75,16,15,17,5,3,5,4,1,1.0
"edu.umd.cs.findbugs.filter.MethodMatcher",75,7,7,21,7,6,1,11,0,0.0
"edu.umd.cs.findbugs.detect.SuperfluousInstanceOf",75,4,4,16,9,5,0,8,6,0.16666666666666666
"edu.umd.cs.findbugs.filter.RelationalOp",74,13,11,8,4,0,1,2,9,0.9351851851851851
"edu.umd.cs.findbugs.filter.NameMatch",74,8,8,19,3,1,7,3,3,0.8571428571428571
"edu.umd.cs.findbugs.ba.jsr305.TypeQualifierDataflowFactory",74,6,3,10,12,10,2,12,5,0.6
"edu.umd.cs.findbugs.util.EditDistance",74,6,4,14,0,0,3,4,1,1.0
"edu.umd.cs.findbugs.ba.OpcodeStackScanner",73,8,8,19,6,3,2,7,9,0.42857142857142855
"edu.umd.cs.findbugs.util.WriteOnceProperties",73,8,7,20,3,0,1,7,3,1.0
"edu.umd.cs.findbugs.filter.BugMatcher",73,7,7,14,4,3,2,8,4,0.75
"edu.umd.cs.findbugs.anttask.UnionBugs",73,6,3,12,11,1,0,5,2,1.1
"edu.umd.cs.findbugs.RecursiveFileSearch",73,5,4,14,9,0,2,8,6,0.7083333333333334
"edu.umd.cs.findbugs.detect.MethodReturnValueStreamFactory",73,3,3,9,11,4,30,6,6,0.0
"edu.umd.cs.findbugs.sourceViewer.DocumentCharacterIterator",72,11,11,13,4,0,1,0,4,0.85
"edu.umd.cs.findbugs.ba.jsr305.null",72,8,7,1,1,0,0,0,5,0.7142857142857143
"edu.umd.cs.findbugs.filter.SourceMatcherTest",72,5,4,5,11,5,0,7,2,0.875
"edu.umd.cs.findbugs.gui2.BugRenderer",72,4,4,10,10,2,2,3,0,0.0
"edu.umd.cs.findbugs.detect.InefficientMemberAccess",72,3,3,16,10,8,0,11,3,0.5
"edu.umd.cs.findbugs.detect.InstantiateStaticClass",72,3,2,25,8,7,0,10,1,1.0
"edu.umd.cs.findbugs.detect.SynchronizeAndNullCheckField",72,3,3,23,5,4,0,5,4,0.25
"edu.umd.cs.findbugs.classfile.engine.bcel.LoadedFieldSetFactory",72,2,2,11,17,8,1,9,1,2.0
"edu.umd.cs.findbugs.ba.obl.ObligationPolicyDatabase",71,9,9,16,9,2,4,4,5,0.775
"edu.umd.cs.findbugs.filter.NotMatcherTest",71,9,8,9,8,3,0,5,2,1.0
"edu.umd.cs.findbugs.ba.SimplePathEnumerator",71,5,4,15,4,1,0,5,8,0.125
"edu.umd.cs.findbugs.sourceViewer.NumberedParagraphView",71,4,4,11,10,1,1,4,3,0.7777777777777777
"edu.umd.cs.findbugs.ba.Location",70,12,12,16,3,0,96,2,3,0.9090909090909091
"edu.umd.cs.findbugs.filter.SignatureUtil",70,4,2,15,2,0,0,2,0,0.0
"edu.umd.cs.findbugs.ba.UnresolvedXField",69,10,8,16,11,5,2,10,0,0.0
"edu.umd.cs.findbugs.detect.BuildInterproceduralCallGraph",69,6,5,14,13,11,0,14,2,0.9
"edu.umd.cs.findbugs.classfile.impl.NestedZipFileCodeBase",69,5,5,10,12,6,1,7,4,0.625
"edu.umd.cs.findbugs.detect.IteratorIdioms",69,5,5,19,11,9,0,12,5,0.5
"edu.umd.cs.findbugs.detect.FindNakedNotify",69,4,4,7,6,4,0,6,4,0.5
"edu.umd.cs.findbugs.ComponentPlugin",68,12,12,14,1,0,4,3,9,0.6363636363636364
"edu.umd.cs.findbugs.ba.npe.ReturnPathTypeTest",68,11,10,11,3,1,0,2,3,0.9
"edu.umd.cs.findbugs.classfile.impl.ClassFactory",68,9,6,14,13,10,3,12,1,1.125
"edu.umd.cs.findbugs.JavaVersion",68,8,8,11,2,0,4,3,6,0.7142857142857143
"edu.umd.cs.findbugs.ba.jsr305.ValidatorClassLoader",68,4,2,13,2,1,1,7,1,1.3333333333333333
"edu.umd.cs.findbugs.detect.FindFinalizeInvocations",68,4,4,24,9,7,0,11,4,0.5
"edu.umd.cs.findbugs.BugCategory",67,16,16,17,0,0,2,2,5,0.8666666666666667
"edu.umd.cs.findbugs.classfile.impl.AbstractScannableCodeBase",67,12,12,19,6,4,4,7,5,0.8181818181818182
"edu.umd.cs.findbugs.filter.CompoundMatcher",67,11,8,17,6,1,4,4,1,1.1
"edu.umd.cs.findbugs.TextUIProgressCallback",67,11,8,14,1,0,1,3,5,0.8
"edu.umd.cs.findbugs.detect.UnreadFieldsData",67,9,9,9,11,5,3,5,26,1.125
"edu.umd.cs.findbugs.plan.AnalysisPass",67,9,9,15,9,4,3,5,2,0.9375
"edu.umd.cs.findbugs.ba.vna.ValueNumberFactory",67,7,7,15,6,0,3,2,2,1.1666666666666667
"edu.umd.cs.findbugs.detect.BadlyOverriddenAdapter",67,4,4,14,7,3,0,6,4,0.5
"edu.umd.cs.findbugs.HTMLBugReporter",67,4,3,5,11,0,3,3,2,0.8333333333333334
"edu.umd.cs.findbugs.ba.npe.IsNullConditionDecision",66,8,8,14,5,4,2,6,3,0.8571428571428571
"edu.umd.cs.findbugs.gui2.FilterFromBugPicker",66,6,3,12,14,3,1,7,5,0.8
"edu.umd.cs.findbugs.classfile.ReflectionDatabaseFactory",66,5,3,9,4,0,1,4,1,1.0
"edu.umd.cs.findbugs.ba.JCIPAnnotationDatabase",65,10,8,15,5,0,4,1,2,1.1111111111111112
"edu.umd.cs.findbugs.ba.CFGPrinter",65,9,8,17,4,0,3,1,2,0.9375
"edu.umd.cs.findbugs.ba.vna.AvailableLoad",65,9,9,20,1,1,8,3,2,0.9375
"edu.umd.cs.findbugs.ClassScreenerTest",65,7,3,7,2,0,0,3,16,0.0
"edu.umd.cs.findbugs.workflow.ObfuscateBugs",65,6,6,15,8,7,0,9,1,1.0
"edu.umd.cs.findbugs.classfile.engine.bcel.EngineRegistrar",65,1,1,4,20,18,1,19,3,0.0
"edu.umd.cs.findbugs.workflow.CountByPackagePrefix",65,0,1,14,10,6,0,10,1,0.0
"edu.umd.cs.findbugs.cloud.CloudPluginBuilder",64,13,13,13,2,2,3,2,10,0.625
"edu.umd.cs.findbugs.ba.obl.MatchMethodEntry",64,7,7,12,9,6,2,7,7,0.5
"edu.umd.cs.findbugs.util.FutureValue",64,7,7,15,4,0,3,1,3,0.9444444444444445
"edu.umd.cs.findbugs.ba.jsr305.ValidationSecurityManagerTest",64,6,6,6,8,0,0,4,1,1.0
"edu.umd.cs.findbugs.ba.type.FieldStoreType",64,5,4,13,8,3,2,6,2,0.875
"edu.umd.cs.findbugs.detect.FinalizerNullsFields",64,5,5,16,7,4,0,6,6,0.375
"edu.umd.cs.findbugs.detect.MutableLock",64,5,5,17,9,4,0,7,4,0.9375
"edu.umd.cs.findbugs.L10N",64,3,1,9,6,1,9,3,5,0.0
"edu.umd.cs.findbugs.detect.DeadLocalStoreProperty",64,1,0,1,2,2,28,3,28,0.0
"edu.umd.cs.findbugs.ba.BlockTypeAnalysis",63,11,11,14,4,0,1,1,1,1.0
"edu.umd.cs.findbugs.asm.FBClassReader",63,9,8,12,6,1,5,5,2,0.9375
"edu.umd.cs.findbugs.ba.CheckReturnValueAnnotation",63,6,4,10,2,1,11,4,12,0.9333333333333333
"edu.umd.cs.findbugs.detect.PublicSemaphores",63,4,4,17,8,5,0,8,5,0.3333333333333333
"edu.umd.cs.findbugs.ba.jsr305.BackwardTypeQualifierDataflowFactory",63,3,1,4,14,12,2,13,0,0.0
"edu.umd.cs.findbugs.detect.CalledMethods",63,3,3,21,9,8,0,10,4,1.125
"edu.umd.cs.findbugs.tools.CheckClassfileVersion",63,1,1,15,6,0,0,8,0,0.0
"edu.umd.cs.findbugs.ba.constant.Constant",62,11,11,22,1,0,9,3,2,1.0
"edu.umd.cs.findbugs.xml.XMLAttributeList",62,9,9,13,6,1,27,5,3,0.875
"edu.umd.cs.findbugs.ba.constant.ConstantFrameModelingVisitor",62,8,8,9,8,1,1,2,0,0.0
"edu.umd.cs.findbugs.ba.type.ExceptionObjectType",62,7,6,13,3,0,1,6,2,0.9166666666666666
"edu.umd.cs.findbugs.detect.AppendingToAnObjectOutputStream",62,4,4,22,8,6,0,9,2,0.8333333333333334
"edu.umd.cs.findbugs.detect.MutableEnum",62,4,4,22,7,5,0,6,2,0.8333333333333334
"edu.umd.cs.findbugs.log.YourKitController",62,4,4,6,3,1,1,4,4,0.5
"edu.umd.cs.findbugs.FindBugsMessageFormat",62,3,3,12,0,0,9,4,1,1.0
"edu.umd.cs.findbugs.cloud.CloudPlugin",61,12,12,12,2,2,15,4,9,0.6363636363636364
"edu.umd.cs.findbugs.graph.AbstractEdge",61,12,12,14,0,0,5,3,5,0.8181818181818182
"edu.umd.cs.findbugs.util.MultiMap",61,10,9,14,4,0,8,4,2,0.9444444444444444
"edu.umd.cs.findbugs.util.MergeMap",61,9,7,14,3,0,0,5,1,1.0
"edu.umd.cs.findbugs.gui2.CloudCommentsPaneSwing",61,8,4,6,9,1,1,6,0,0.0
"edu.umd.cs.findbugs.io.SlowInputStream",61,7,6,12,3,0,0,3,3,0.8333333333333334
"edu.umd.cs.findbugs.ba.npe.UsagesRequiringNonNullValues",61,6,6,12,10,5,5,7,3,0.8
"edu.umd.cs.findbugs.detect.BadAppletConstructor",61,5,5,16,8,4,0,6,3,0.75
"edu.umd.cs.findbugs.detect.StartInConstructor",61,4,4,14,14,11,0,14,2,0.8333333333333334
"edu.umd.cs.findbugs.detect.DontCatchIllegalMonitorStateException",60,5,5,14,10,6,0,11,4,0.625
"edu.umd.cs.findbugs.workflow.DefectDensity",60,2,2,17,6,5,0,12,0,0.0
"edu.umd.cs.findbugs.workflow.BackdateHistoryUsingSource",60,0,1,12,12,9,0,10,1,0.0
"edu.umd.cs.findbugs.ba.npe.ReturnPathType",59,10,10,18,1,1,8,2,4,0.8333333333333334
"edu.umd.cs.findbugs.filter.MemberMatcher",59,6,6,13,2,1,2,4,3,0.8
"edu.umd.cs.findbugs.SuppressionMatcher",59,5,5,13,7,2,2,3,3,0.75
"edu.umd.cs.findbugs.ba.JavaClassAndMethod",58,10,9,16,6,2,15,4,2,0.9444444444444444
"edu.umd.cs.findbugs.classfile.impl.SingleFileCodeBaseEntry",58,10,10,13,7,5,3,7,2,0.9444444444444444
"edu.umd.cs.findbugs.filter.FieldMatcher",58,6,6,17,6,5,1,9,0,0.0
"edu.umd.cs.findbugs.detect.IDivResultCastToDouble",58,4,4,23,9,7,0,10,4,0.5
"edu.umd.cs.findbugs.detect.CbeckMustOverrideSuperAnnotation",58,3,3,13,11,9,0,11,4,0.25
"edu.umd.cs.findbugs.detect.FindBadForLoop",58,3,3,27,7,5,0,8,3,0.5
"edu.umd.cs.findbugs.classfile.impl.DelegatingCodeBaseEntry",57,10,10,12,7,5,2,7,2,0.9444444444444444
"edu.umd.cs.findbugs.ba.bcp.ByteCodePattern",57,8,5,15,0,0,2,2,4,0.7857142857142857
"edu.umd.cs.findbugs.ba.constant.ConstantAnalysis",57,6,5,10,8,6,1,7,2,0.9
"edu.umd.cs.findbugs.detect.DoInsideDoPrivileged",57,4,4,17,8,5,0,7,2,0.8333333333333334
"edu.umd.cs.findbugs.CheckBcel",57,3,1,8,1,0,0,4,5,0.0
"edu.umd.cs.findbugs.detect.PreferZeroLengthArrays",57,3,3,11,8,5,0,8,3,0.8333333333333334
"edu.umd.cs.findbugs.classfile.impl.ZipInputStreamCodeBaseEntry",56,10,10,12,6,2,2,5,3,0.8888888888888888
"edu.umd.cs.findbugs.gui2.CheckBoxList",56,5,5,8,10,0,2,5,1,1.25
"edu.umd.cs.findbugs.detect.IntCast2LongAsInstant",56,4,4,21,9,8,0,9,3,0.6666666666666666
"edu.umd.cs.findbugs.AnalysisCacheToRepositoryAdapter",54,8,8,9,9,5,2,9,0,0.0
"edu.umd.cs.findbugs.gui2.RecentMenu",54,5,5,12,3,0,1,4,3,0.75
"edu.umd.cs.findbugs.detect.ComparatorIdiom",54,4,4,14,10,8,0,11,1,1.0
"edu.umd.cs.findbugs.detect.FindUnsyncGet",54,4,4,11,9,4,0,8,5,1.2666666666666666
"edu.umd.cs.findbugs.detect.NoteJCIPAnnotation",54,4,4,9,13,10,0,14,2,0.8333333333333334
"edu.umd.cs.findbugs.filter.TypeMatcher",54,4,4,14,6,5,1,7,3,0.6666666666666666
"edu.umd.cs.findbugs.detect.IOStreamFactory",54,3,3,9,8,4,5,5,3,0.5
"edu.umd.cs.findbugs.model.RegenerateClassFeatures",54,3,4,8,10,2,1,8,2,0.75
"edu.umd.cs.findbugs.classfile.engine.bcel.MethodGenFactory",54,2,2,13,12,8,1,10,0,0.0
"edu.umd.cs.findbugs.ba.ReturnPathAnalysis",53,10,10,12,1,0,1,2,0,0.0
"edu.umd.cs.findbugs.ba.jsr305.TypeQualifierAnnotationLookupResult",53,9,8,11,4,1,2,5,3,0.875
"edu.umd.cs.findbugs.tools.html.PlainPrintBugDescriptions",53,9,2,11,5,2,2,4,2,0.9375
"edu.umd.cs.findbugs.gui2.OSXAdapter",53,7,6,10,2,0,1,2,3,1.1111111111111112
"edu.umd.cs.findbugs.ba.ReturnPath",53,7,7,12,0,0,3,1,7,0.5
"edu.umd.cs.findbugs.ba.AbstractDataflowAnalysis",53,5,5,16,5,1,4,5,1,1.0
"edu.umd.cs.findbugs.detect.TestASM",53,5,5,11,10,6,0,9,2,0.875
"edu.umd.cs.findbugs.ba.LockChecker",53,3,3,11,9,5,2,5,5,0.0
"edu.umd.cs.findbugs.detect.RedundantInterfaces",53,3,3,11,10,6,0,11,1,1.0
"edu.umd.cs.findbugs.BugProperty",52,10,9,10,5,3,2,10,6,0.7222222222222222
"edu.umd.cs.findbugs.ba.vna.LoadedFieldSet",52,9,9,10,6,1,4,2,4,0.8125
"edu.umd.cs.findbugs.classfile.impl.DirectoryCodeBaseEntry",52,9,9,11,6,3,2,7,2,0.9375
"edu.umd.cs.findbugs.ml.SplitCamelCaseIdentifierTest",52,8,6,9,4,1,0,4,6,0.6428571428571429
"edu.umd.cs.findbugs.ProgramPoint",52,6,6,14,1,1,5,2,2,0.9
"edu.umd.cs.findbugs.gui2.NewFilterFromBug",52,5,3,4,9,1,1,5,1,1.25
"edu.umd.cs.findbugs.ba.jsr305.TypeQualifierDatabase",52,5,5,11,5,3,1,4,4,0.625
"edu.umd.cs.findbugs.detect.InconsistentAnnotations",52,3,3,9,18,15,0,17,2,0.75
"edu.umd.cs.findbugs.classfile.engine.bcel.ValueNumberDataflowFactory",52,2,2,6,16,13,1,15,0,0.0
"edu.umd.cs.findbugs.ba.bcp.MatchAny",51,7,7,11,6,3,0,4,1,1.0
"edu.umd.cs.findbugs.detect.NoteAnnotationRetention",51,6,6,11,12,8,0,13,1,1.0
"edu.umd.cs.findbugs.AddAnnotation",51,5,6,10,4,0,1,6,3,0.75
"edu.umd.cs.findbugs.filter.ClassMatcher",51,5,5,12,7,6,2,9,3,0.75
"edu.umd.cs.findbugs.FindBugsMain",51,5,5,8,3,0,2,3,6,0.375
"edu.umd.cs.findbugs.detect.FindRunInvocations",51,4,3,15,7,6,0,10,3,0.6666666666666666
"edu.umd.cs.findbugs.xml.XPathFind",51,4,3,6,7,0,0,5,1,1.0
"edu.umd.cs.findbugs.classfile.engine.bcel.ObligationDataflowFactory",51,2,2,3,17,16,1,18,1,1.0
"edu.umd.cs.findbugs.classfile.impl.ZipFileCodeBaseEntry",50,9,9,11,5,2,2,5,2,0.9375
"edu.umd.cs.findbugs.ba.bcp.FieldVariable",50,8,8,10,2,1,6,5,4,0.7857142857142857
"edu.umd.cs.findbugs.ba.DebugRepositoryLookupFailureCallback",50,5,5,9,4,3,0,9,0,0.0
"edu.umd.cs.findbugs.ba.type.FieldStoreTypeDatabase",50,3,1,9,9,3,3,6,1,1.0
"edu.umd.cs.findbugs.detect.InefficientIndexOf",50,3,3,15,9,7,0,9,2,0.75
"edu.umd.cs.findbugs.workflow.SourceSearcher",50,3,3,9,6,3,1,4,3,0.5
"edu.umd.cs.findbugs.util.SplitCamelCaseIdentifier",50,2,2,11,4,0,4,4,1,1.0
"edu.umd.cs.findbugs.ba.XMethod",49,30,30,30,7,5,93,8,0,0.0
"edu.umd.cs.findbugs.classfile.impl.FilesystemCodeBaseLocator",49,7,7,10,4,2,3,5,1,1.0
"edu.umd.cs.findbugs.IFindBugsEngine",48,38,38,38,7,4,3,4,0,0.0
"edu.umd.cs.findbugs.BugCode",48,9,9,11,0,0,0,2,3,0.875
"edu.umd.cs.findbugs.gui2.MainFrameHelper",48,8,8,10,7,1,1,6,0,0.0
"edu.umd.cs.findbugs.ba.npe.NullValueUnconditionalDeref",48,7,7,11,3,1,3,1,5,0.6666666666666666
"edu.umd.cs.findbugs.JUnitDetectorAdapter",48,7,7,11,2,2,0,6,4,0.9583333333333334
"edu.umd.cs.findbugs.ba.DataflowCFGPrinter",48,6,6,9,2,0,3,1,1,1.0
"edu.umd.cs.findbugs.detect.DontUseEnum",48,6,4,11,9,5,0,8,1,1.0
"edu.umd.cs.findbugs.classfile.engine.SelfMethodCalls",48,5,4,3,13,7,1,10,0,0.0
"edu.umd.cs.findbugs.classfile.engine.bcel.TypeDataflowFactory",48,2,2,6,14,12,1,13,0,0.0
"edu.umd.cs.findbugs.tools.FilterPropertyDatabase",48,1,1,9,11,1,0,4,1,0.0
"edu.umd.cs.findbugs.ba.MethodHashTest",47,8,7,8,3,0,0,1,7,0.5714285714285714
"edu.umd.cs.findbugs.architecture.PackageDependenciesTest",47,4,1,4,4,0,0,5,1,1.0
"edu.umd.cs.findbugs.classfile.engine.ClassInfoAnalysisEngine",47,3,3,6,9,9,1,11,0,0.0
"edu.umd.cs.findbugs.ba.obl.State",46,8,7,10,1,1,5,3,2,0.9285714285714286
"edu.umd.cs.findbugs.util.Bag",46,7,7,10,4,0,4,1,1,1.0
"edu.umd.cs.findbugs.filter.NotMatcher",46,5,5,11,4,2,9,3,0,0.0
"edu.umd.cs.findbugs.util.DualKeyHashMap",46,5,5,10,4,0,8,2,1,1.25
"edu.umd.cs.findbugs.io.IOTest",46,5,4,9,5,0,0,1,1,1.25
"edu.umd.cs.findbugs.detect.BadUseOfReturnValue",46,3,3,18,5,4,0,6,3,0.5
"edu.umd.cs.findbugs.detect.InstanceFieldLoadStreamFactory",46,3,3,7,7,3,4,5,2,0.75
"edu.umd.cs.findbugs.gui2.BugLeafNode",45,7,7,12,2,1,2,2,1,1.0
"edu.umd.cs.findbugs.filter.DesignationMatcher",45,7,7,10,3,2,2,5,1,1.0
"edu.umd.cs.findbugs.anttask.UnionBugs2",45,6,3,10,4,0,0,1,2,1.1
"edu.umd.cs.findbugs.model.ClassNameRewriterUtil",45,4,4,10,4,3,2,7,0,0.0
"edu.umd.cs.findbugs.util.StringsTest",45,4,4,8,1,0,0,2,2,1.3333333333333333
"edu.umd.cs.findbugs.ba.AbstractMethod",44,8,7,9,5,3,1,5,0,0.0
"edu.umd.cs.findbugs.detect.TypeReturnNull",44,6,3,10,9,8,2,10,1,1.0
"edu.umd.cs.findbugs.ba.PutfieldScanner",44,5,5,17,6,2,1,4,4,0.875
"edu.umd.cs.findbugs.filter.AndMatcher",44,4,4,9,4,2,2,4,1,1.0
"edu.umd.cs.findbugs.classfile.engine.bcel.UnconditionalValueDerefDataflowFactory",44,2,2,5,12,11,1,12,0,0.0
"edu.umd.cs.findbugs.bcel.OpcodeStackDetector",43,8,8,9,4,2,61,6,2,0.9285714285714286
"edu.umd.cs.findbugs.classfile.impl.NestedZipFileCodeBaseLocator",43,8,8,10,4,3,2,6,2,0.9285714285714286
"edu.umd.cs.findbugs.ErrorCountingBugReporter",43,7,7,11,2,0,1,4,3,1.0
"edu.umd.cs.findbugs.filter.StringSetMatch",43,6,6,11,3,0,4,3,1,1.2
"edu.umd.cs.findbugs.ba.npe.NonNullParamPropertyTest",43,6,5,7,3,1,0,2,3,0.8
"edu.umd.cs.findbugs.bcel.CFGDetector",43,4,3,7,11,8,2,12,2,0.8333333333333334
"edu.umd.cs.findbugs.detect.EmptyZipFileEntry",43,4,4,13,6,4,0,7,3,0.6666666666666666
"edu.umd.cs.findbugs.detect.FindUnconditionalWait",43,4,4,11,5,4,0,7,2,0.8333333333333334
"edu.umd.cs.findbugs.ba.ClassNotFoundExceptionParser",43,1,1,6,8,4,3,6,3,0.0
"edu.umd.cs.findbugs.ba.bcp.Wild",42,8,8,8,5,3,3,4,1,1.0
"edu.umd.cs.findbugs.ba.bcp.ByteCodePatternMatch",42,7,7,12,4,0,3,2,3,0.8333333333333334
"edu.umd.cs.findbugs.ba.npe.LocationWhereValueBecomesNull",42,7,7,10,2,2,0,4,2,0.9166666666666666
"edu.umd.cs.findbugs.AWTEventQueueExecutor",42,6,6,7,6,0,1,1,0,0.0
"edu.umd.cs.findbugs.ba.bcp.FieldAccess",42,4,1,7,6,3,2,6,2,0.8333333333333334
"edu.umd.cs.findbugs.filter.SourceMatcher",42,4,4,9,6,5,9,8,2,0.8333333333333334
"edu.umd.cs.findbugs.util.ProfilingMapCache",42,4,4,7,1,0,0,7,2,0.8333333333333334
"edu.umd.cs.findbugs.detect.AnyMethodReturnValueStreamFactory",42,3,3,6,8,4,0,5,2,0.75
"edu.umd.cs.findbugs.classfile.engine.bcel.IsNullValueDataflowFactory",42,2,2,4,14,13,1,14,0,0.0
"edu.umd.cs.findbugs.InstructionScannerDriver",42,2,2,9,5,2,0,3,3,0.0
"edu.umd.cs.findbugs.xml.QuoteMetaCharacters",41,4,3,10,2,0,0,2,2,0.8333333333333334
"edu.umd.cs.findbugs.classfile.engine.bcel.JavaClassAnalysisEngine",41,3,3,5,12,8,1,9,2,0.75
"edu.umd.cs.findbugs.ba.interproc.FieldPropertyDatabase",41,2,0,3,8,5,1,8,0,0.0
"edu.umd.cs.findbugs.ba.XMethodParameter",40,7,7,9,0,0,9,1,2,0.9166666666666666
"edu.umd.cs.findbugs.ba.ResourceValueFrame",40,6,6,7,0,0,7,2,8,0.3
"edu.umd.cs.findbugs.filter.RankMatcher",40,6,6,8,5,4,2,6,1,1.0
"edu.umd.cs.findbugs.detect.ReflectiveClasses",40,5,4,11,8,7,0,11,1,1.0
"edu.umd.cs.findbugs.ba.npe.IsNullValueTest",40,5,5,5,1,0,0,1,0,0.0
"edu.umd.cs.findbugs.ba.NullnessAnnotation",40,3,2,10,3,1,14,4,5,1.2
"edu.umd.cs.findbugs.NewResults",40,3,4,7,3,0,1,4,2,0.75
"edu.umd.cs.findbugs.util.ClassPathUtil",40,3,3,9,5,0,2,2,0,0.0
"edu.umd.cs.findbugs.ba.AnalysisFeatures",40,2,1,3,4,0,11,1,10,0.0
"edu.umd.cs.findbugs.filter.ConfidenceMatcher",39,6,6,8,4,3,1,5,1,1.0
"edu.umd.cs.findbugs.filter.LastVersionMatcher",39,6,6,11,4,3,4,6,1,1.2
"edu.umd.cs.findbugs.filter.PriorityMatcher",39,6,6,8,4,3,2,5,1,1.0
"edu.umd.cs.findbugs.ba.ObjectTypeFactory",39,4,3,8,5,1,14,4,1,1.3333333333333333
"edu.umd.cs.findbugs.graph.Transpose",39,4,4,6,2,0,1,3,2,0.8333333333333334
"edu.umd.cs.findbugs.filter.OrMatcher",39,3,3,8,4,2,3,4,0,0.0
"edu.umd.cs.findbugs.ba.interproc.MethodPropertyDatabase",39,2,0,3,8,5,5,8,0,0.0
"edu.umd.cs.findbugs.gui2.FBDialog",38,6,4,9,5,0,7,2,0,0.0
"edu.umd.cs.findbugs.ba.npe.NonNullSpecification",38,5,5,7,2,2,0,3,3,0.75
"edu.umd.cs.findbugs.filter.LocalMatcher",38,5,5,8,5,4,1,5,1,1.0
"edu.umd.cs.findbugs.ba.type.TypeDataflow",38,4,4,6,6,5,33,6,2,0.8333333333333334
"edu.umd.cs.findbugs.util.ClassNameTest",38,4,4,4,1,0,0,1,0,0.0
"edu.umd.cs.findbugs.detect.FindFloatMath",38,2,2,15,4,4,0,6,1,1.0
"edu.umd.cs.findbugs.ba.type.ThrownException",37,7,7,9,1,0,1,1,2,0.9166666666666666
"edu.umd.cs.findbugs.CallSite",37,7,7,8,4,2,2,4,2,0.9166666666666666
"edu.umd.cs.findbugs.gui2.WideComboBox",37,6,6,7,4,0,2,4,1,1.0
"edu.umd.cs.findbugs.ba.generic.GenericUtilitiesTest",37,6,6,6,3,0,0,2,1,1.0
"edu.umd.cs.findbugs.ba.obl.ObligationPolicyDatabaseAction",37,5,5,5,1,0,6,0,3,0.75
"edu.umd.cs.findbugs.detect.CheckImmutableAnnotation",37,5,5,9,9,7,0,9,1,1.0
"edu.umd.cs.findbugs.graph.MergeVertices",37,2,2,14,3,0,0,3,0,0.0
"edu.umd.cs.findbugs.tools.html.PrintBugDescriptions",36,5,1,9,7,3,1,4,0,0.0
"edu.umd.cs.findbugs.ba.obl.Obligation",35,7,7,8,3,1,4,2,4,0.75
"edu.umd.cs.findbugs.AnalysisLocal",35,5,3,7,2,1,2,3,0,0.0
"edu.umd.cs.findbugs.xml.XMLOutputUtil",35,5,5,9,4,0,2,5,0,0.0
"edu.umd.cs.findbugs.gui2.FBFrame",35,4,1,6,5,0,1,4,0,0.0
"edu.umd.cs.findbugs.ba.ZipSourceFileDataSource",35,4,4,6,5,0,1,1,3,0.6666666666666666
"edu.umd.cs.findbugs.util.SubtypeTypeMatcher",35,4,4,5,7,5,2,6,1,1.0
"edu.umd.cs.findbugs.classfile.engine.bcel.MethodBytecodeSetFactory",35,3,3,5,7,5,0,6,0,0.0
"edu.umd.cs.findbugs.ba.SignatureParserTest",35,3,2,3,3,0,0,2,2,0.75
"edu.umd.cs.findbugs.ba.bcp.Store",35,2,2,5,9,3,1,4,0,0.0
"edu.umd.cs.findbugs.detect.StaticFieldLoadStreamFactory",35,2,2,6,7,2,3,4,4,0.0
"edu.umd.cs.findbugs.ba.EdgeTypes",35,0,0,1,0,0,22,0,17,0.0
"edu.umd.cs.findbugs.sourceViewer.HighlightInformation",34,6,6,8,4,0,1,2,2,1.1
"edu.umd.cs.findbugs.detect.StreamEscape",34,5,5,7,1,1,1,2,2,0.875
"edu.umd.cs.findbugs.classfile.engine.ClassNameAndSuperclassInfoAnalysisEngine",34,3,3,4,9,7,1,8,0,0.0
"edu.umd.cs.findbugs.cloud.username.PromptForNameLookup",34,3,3,5,3,2,0,3,2,0.75
"edu.umd.cs.findbugs.WarningSuppressor",34,3,3,10,3,2,2,4,2,0.75
"edu.umd.cs.findbugs.ba.bcp.Load",34,2,2,4,9,3,1,4,0,0.0
"edu.umd.cs.findbugs.ba.XClass",33,18,18,18,8,4,54,7,0,0.0
"edu.umd.cs.findbugs.ba.ca.Call",33,6,6,8,0,0,2,2,3,0.8
"edu.umd.cs.findbugs.bcel.generic.NullnessConversationInstruction",33,6,5,6,4,0,3,2,0,0.0
"edu.umd.cs.findbugs.filter.FirstVersionMatcher",33,6,6,7,4,3,2,6,0,0.0
"edu.umd.cs.findbugs.ba.bcp.Opcode",33,5,5,6,5,3,0,4,1,1.0
"edu.umd.cs.findbugs.charsets.SourceCharset",33,5,5,5,11,0,2,1,1,1.0
"edu.umd.cs.findbugs.asm.ClassNodeDetector",33,4,4,4,8,6,2,10,1,1.0
"edu.umd.cs.findbugs.detect.ConfusedInheritance",33,4,4,6,8,6,0,8,2,0.8333333333333334
"edu.umd.cs.findbugs.DetectorToDetector2Adapter",33,4,4,4,6,6,2,7,1,1.0
"edu.umd.cs.findbugs.sourceViewer.NumberedViewFactory",33,2,2,8,8,0,1,1,1,1.0
"edu.umd.cs.findbugs.classfile.engine.bcel.LiveLocalStoreDataflowFactory",33,2,2,4,9,8,1,9,0,0.0
"edu.umd.cs.findbugs.workflow.RecursiveSearchForJavaFiles",33,1,2,9,4,0,0,6,0,0.0
"edu.umd.cs.findbugs.classfile.IClassConstants",33,0,0,1,0,0,2,0,30,0.0
"edu.umd.cs.findbugs.workflow.FB",33,0,1,5,3,3,0,4,0,0.0
"edu.umd.cs.findbugs.ba.type.ExceptionSetFactory",32,5,5,6,4,0,6,2,3,0.75
"edu.umd.cs.findbugs.gui2.FilterActivity",32,4,4,7,5,0,0,1,1,1.3333333333333333
"edu.umd.cs.findbugs.ba.vna.ValueNumberDataflow",32,4,4,6,8,3,38,5,0,0.0
"edu.umd.cs.findbugs.util.Archive",32,3,2,4,4,0,3,3,1,1.5
"edu.umd.cs.findbugs.ba.AnnotationEnumeration",31,6,5,7,0,0,3,3,2,0.9
"edu.umd.cs.findbugs.classfile.analysis.ClassData",31,6,6,6,4,2,7,2,3,0.8
"edu.umd.cs.findbugs.ResourceCollection",31,6,6,6,6,1,3,2,2,0.9
"edu.umd.cs.findbugs.ba.ch.OverriddenMethodsVisitor",31,4,3,4,3,3,2,4,1,1.0
"edu.umd.cs.findbugs.charsets.UserTextFile",31,4,4,4,12,0,6,1,1,1.0
"edu.umd.cs.findbugs.ba.AbstractBlockOrder",31,3,3,3,4,0,2,1,2,0.75
"edu.umd.cs.findbugs.classfile.engine.bcel.MethodFactory",31,3,3,5,6,4,1,5,0,0.0
"edu.umd.cs.findbugs.ba.InnerClassAccess",30,6,6,6,1,0,5,0,4,0.7
"edu.umd.cs.findbugs.BugAnnotationWithSourceLines",30,6,6,6,0,0,4,2,2,0.9
"edu.umd.cs.findbugs.classfile.InvalidClassFileFormatException",30,6,6,6,0,0,11,1,2,0.9
"edu.umd.cs.findbugs.ba.CompactLocationNumbering",30,5,4,6,2,0,2,1,2,0.875
"edu.umd.cs.findbugs.visitclass.GetNumberArgumentsTest",30,5,5,9,1,0,0,2,1,1.25
"edu.umd.cs.findbugs.ba.jsr305.DirectlyRelevantTypeQualifiersDatabase",30,4,4,5,7,1,3,1,2,0.8333333333333334
"edu.umd.cs.findbugs.ba.jsr305.ParameterAnnotationAccumulator",30,4,2,6,1,1,0,3,3,0.6666666666666666
"edu.umd.cs.findbugs.SortingBugReporter",30,4,4,6,3,1,1,2,1,1.0
"edu.umd.cs.findbugs.gui2.BugSaver",30,3,3,3,8,3,0,4,1,1.0
"edu.umd.cs.findbugs.ba.bcp.BindingSet",30,3,3,7,0,0,2,3,2,0.75
"edu.umd.cs.findbugs.ba.bcp.IfNull",30,3,3,6,9,4,1,6,0,0.0
"edu.umd.cs.findbugs.ExcludingHashesBugReporter",30,3,3,5,5,0,2,3,1,1.5
"edu.umd.cs.findbugs.classfile.engine.bcel.LockDataflowFactory",30,2,2,3,10,9,1,10,0,0.0
"edu.umd.cs.findbugs.workflow.CloudReport",30,0,1,3,8,5,0,6,1,0.0
"edu.umd.cs.findbugs.ba.AnalysisException",29,7,7,7,4,1,0,2,1,1.0
"edu.umd.cs.findbugs.ba.jsr305.AbstractMethodAnnotationAccumulator",29,6,3,8,2,2,2,4,1,1.0
"edu.umd.cs.findbugs.CallGraph",29,5,4,5,3,1,2,3,1,1.0
"edu.umd.cs.findbugs.classfile.MethodDescriptor",29,5,5,6,6,2,103,4,0,0.0
"edu.umd.cs.findbugs.graph.SearchTree",29,5,5,6,3,0,2,4,2,0.875
"edu.umd.cs.findbugs.model.SimilarClassSet",29,5,5,8,2,0,1,0,1,1.0
"edu.umd.cs.findbugs.graph.SearchTreeBuilder",29,4,3,5,3,0,1,2,2,1.3333333333333333
"edu.umd.cs.findbugs.QueryBugAnnotations",29,4,3,7,3,0,0,3,1,1.0
"edu.umd.cs.findbugs.graph.VisitationTimeComparator",29,2,2,5,3,0,1,1,5,0.0
"edu.umd.cs.findbugs.ShowHelp",29,2,3,6,1,0,0,2,0,0.0
"edu.umd.cs.findbugs.detect.StreamEquivalenceClass",28,5,5,7,2,0,1,0,2,0.875
"edu.umd.cs.findbugs.ba.npe.RedundantBranch",28,4,4,4,2,2,4,2,4,0.5
"edu.umd.cs.findbugs.ParameterWarningSuppressor",28,2,2,8,0,0,1,2,2,0.5
"edu.umd.cs.findbugs.detect.RefComparisonWarningProperty",28,1,0,1,2,2,10,3,10,0.0
"edu.umd.cs.findbugs.ba.DataflowAnalysis",27,21,21,21,2,0,2,0,0,0.0
"edu.umd.cs.findbugs.classfile.IAnalysisCache",27,17,17,17,4,1,73,1,0,0.0
"edu.umd.cs.findbugs.ba.ResourceValue",27,6,5,9,0,0,5,0,2,1.2
"edu.umd.cs.findbugs.ba.MissingClassException",27,5,4,6,3,2,8,3,2,0.875
"edu.umd.cs.findbugs.classfile.analysis.EnumValue",27,4,4,6,2,2,5,3,2,0.8333333333333334
"edu.umd.cs.findbugs.detect.NoteNonNullAnnotations",27,4,3,5,7,6,0,10,0,0.0
"edu.umd.cs.findbugs.model.SimilarClassFinder",27,4,4,6,3,0,0,0,1,1.0
"edu.umd.cs.findbugs.XMLBugReporter",27,4,4,5,1,0,1,2,0,0.0
"edu.umd.cs.findbugs.classfile.engine.asm.ClassNodeAnalysisEngine",27,2,2,2,8,6,1,7,0,0.0
"edu.umd.cs.findbugs.log.ConsoleLogger",27,2,2,5,2,1,1,3,1,1.0
"edu.umd.cs.findbugs.gui2.FilterFactoryTest",27,2,2,2,6,3,0,3,0,0.0
"edu.umd.cs.findbugs.BugAnnotationUtil",27,1,1,6,3,2,0,2,0,0.0
"edu.umd.cs.findbugs.plan.DetectorOrderingConstraint",26,6,6,6,0,0,2,0,3,0.8
"edu.umd.cs.findbugs.ba.bcp.Binding",26,4,4,5,0,0,2,1,2,0.8333333333333334
"edu.umd.cs.findbugs.ba.CompoundMethodChooser",26,3,3,7,0,0,0,1,1,1.0
"edu.umd.cs.findbugs.FieldWarningSuppressor",26,3,3,7,0,0,1,3,1,1.0
"edu.umd.cs.findbugs.ba.DFSCFGPrinter",26,2,2,7,0,0,0,2,1,1.0
"edu.umd.cs.findbugs.FilterBugReporter",26,2,2,6,2,1,3,3,3,0.0
"edu.umd.cs.findbugs.detect.InconsistentSyncWarningProperty",26,1,0,1,2,2,9,3,9,0.0
"edu.umd.cs.findbugs.launchGUI.LaunchGUI",26,1,1,2,6,5,1,6,0,0.0
"edu.umd.cs.findbugs.props.GeneralWarningProperty",26,1,0,1,0,0,13,1,10,0.0
"edu.umd.cs.findbugs.classfile.TestClassDescriptor",26,1,1,1,2,0,0,0,0,0.0
"edu.umd.cs.findbugs.ba.ch.InterproceduralCallGraph",25,4,3,4,4,2,1,3,1,1.0
"edu.umd.cs.findbugs.Token",25,4,4,4,0,0,9,0,8,0.0
"edu.umd.cs.findbugs.gui2.SuppressionMatcher",25,3,3,4,5,3,0,5,1,1.0
"edu.umd.cs.findbugs.ClassWarningSuppressor",25,3,3,6,0,0,4,2,1,1.0
"edu.umd.cs.findbugs.filter.VersionMatcher",25,3,3,6,1,0,2,1,2,0.75
"edu.umd.cs.findbugs.classfile.engine.bcel.NonExceptionPostdominatorsAnalysisFactory",25,2,2,2,7,7,1,8,0,0.0
"edu.umd.cs.findbugs.classfile.engine.bcel.ReturnPathTypeDataflowFactory",25,2,2,2,8,8,1,9,0,0.0
"edu.umd.cs.findbugs.classfile.engine.bcel.UnpackedCodeFactory",25,2,2,3,6,4,1,5,0,0.0
"edu.umd.cs.findbugs.props.PriorityAdjustment",25,2,1,2,0,0,20,0,13,0.0
"edu.umd.cs.findbugs.ba.TestCaseDetector",25,1,1,5,3,3,2,3,2,0.0
"edu.umd.cs.findbugs.detect.NullDerefProperty",25,1,0,1,2,2,9,3,9,0.0
"edu.umd.cs.findbugs.graph.Graph",24,20,20,20,1,0,1,0,0,0.0
"edu.umd.cs.findbugs.NoOpFindBugsProgress",24,7,7,7,0,0,1,1,0,0.0
"edu.umd.cs.findbugs.ba.FileSourceFileDataSource",24,4,4,4,5,0,1,1,1,1.0
"edu.umd.cs.findbugs.ba.MethodUnprofitableException",24,4,4,4,3,1,18,2,2,0.8333333333333334
"edu.umd.cs.findbugs.FindBugsAnalysisFeatures",24,4,2,4,3,2,7,3,3,0.6666666666666666
"edu.umd.cs.findbugs.ba.ReverseDFSOrder",24,3,3,4,1,0,4,2,3,0.5
"edu.umd.cs.findbugs.bugReporter.BugReporterDecorator",24,2,2,2,4,3,3,7,1,1.0
"edu.umd.cs.findbugs.classfile.engine.bcel.LoadDataflowFactory",24,2,2,3,6,5,1,6,0,0.0
"edu.umd.cs.findbugs.classfile.engine.bcel.NonImplicitExceptionPostDominatorsAnalysisFactory",24,2,2,2,7,6,1,7,0,0.0
"edu.umd.cs.findbugs.classfile.engine.bcel.StoreDataflowFactory",24,2,2,3,6,5,1,6,0,0.0
"edu.umd.cs.findbugs.detect.IncompatMaskTest",24,2,2,3,1,0,0,2,0,0.0
"edu.umd.cs.findbugs.ba.AbstractField",23,4,3,4,4,2,1,4,0,0.0
"edu.umd.cs.findbugs.ba.BackwardDataflowAnalysis",23,4,3,6,0,0,2,1,2,0.8333333333333334
"edu.umd.cs.findbugs.ba.jsr305.ReturnTypeAnnotationAccumulator",23,4,3,4,1,1,0,2,2,0.8333333333333334
"edu.umd.cs.findbugs.ba.PostDominatorsAnalysis",23,4,2,4,0,0,6,1,2,0.8333333333333334
"edu.umd.cs.findbugs.ba.RepositoryClassParser",23,4,4,4,5,0,0,0,1,1.0
"edu.umd.cs.findbugs.ba.StackDepth",23,4,4,6,0,0,1,2,1,1.0
"edu.umd.cs.findbugs.classfile.FieldDescriptor",23,4,4,6,2,1,25,3,0,0.0
"edu.umd.cs.findbugs.classfile.impl.DelegatingCodeBaseIterator",23,3,3,3,4,4,1,5,2,0.75
"edu.umd.cs.findbugs.PackageWarningSuppressor",23,3,3,5,0,0,1,3,1,1.0
"edu.umd.cs.findbugs.gui2.CompoundMatcher",23,2,2,4,5,3,1,5,1,1.0
"edu.umd.cs.findbugs.ba.ClassSummary",23,2,2,4,5,1,3,1,2,2.0
"edu.umd.cs.findbugs.CategoryFilteringBugReporter",23,2,2,4,2,0,1,3,2,0.5
"edu.umd.cs.findbugs.classfile.engine.bcel.ConstantDataflowFactory",23,2,2,3,6,5,1,6,0,0.0
"edu.umd.cs.findbugs.classfile.engine.bcel.DominatorsAnalysisFactory",23,2,2,2,7,7,1,8,0,0.0
"edu.umd.cs.findbugs.gui2.GuiUtil",23,1,1,2,4,0,0,1,0,0.0
"edu.umd.cs.findbugs.workflow.ListErrors",23,0,1,5,3,3,0,7,0,0.0
"edu.umd.cs.findbugs.ba.DataflowAnalysisException",22,5,5,5,3,1,98,2,1,1.0
"edu.umd.cs.findbugs.plugins.DuplicatePluginIdError",22,4,4,4,1,0,1,1,3,0.6666666666666666
"edu.umd.cs.findbugs.plugins.DuplicatePluginIdException",22,4,4,4,1,0,1,1,3,0.6666666666666666
"edu.umd.cs.findbugs.xml.MetaCharacterMap",22,4,4,4,3,0,0,1,2,0.8333333333333334
"edu.umd.cs.findbugs.ba.AnnotationRetentionDatabase",22,3,3,5,1,0,1,2,1,1.5
"edu.umd.cs.findbugs.detect.TestingGround2",22,3,3,4,4,2,0,3,1,1.0
"edu.umd.cs.findbugs.ba.bcp.Monitorenter",22,2,2,3,6,2,0,3,0,0.0
"edu.umd.cs.findbugs.ba.bcp.New",22,2,2,3,6,2,0,3,0,0.0
"edu.umd.cs.findbugs.classfile.engine.bcel.BlockTypeAnalysisFactory",22,2,2,2,7,7,1,8,0,0.0
"edu.umd.cs.findbugs.classfile.engine.bcel.CompactLocationNumberingFactory",22,2,2,3,6,5,1,6,0,0.0
"edu.umd.cs.findbugs.classfile.engine.bcel.ReturnPathDataflowFactory",22,2,2,2,7,7,1,8,0,0.0
"edu.umd.cs.findbugs.classfile.engine.EngineRegistrar",22,2,2,4,5,5,1,6,2,1.5
"edu.umd.cs.findbugs.MethodWarningSuppressor",22,2,2,6,0,0,1,2,1,1.0
"edu.umd.cs.findbugs.CallGraphEdge",21,5,5,5,2,1,2,2,1,1.0
"edu.umd.cs.findbugs.ba.ForwardDataflowAnalysis",21,4,3,5,0,0,6,1,1,1.0
"edu.umd.cs.findbugs.BytecodeScanningDetector",21,4,4,4,3,2,55,4,1,1.0
"edu.umd.cs.findbugs.classfile.ResourceNotFoundException",21,4,4,4,0,0,12,1,2,1.0
"edu.umd.cs.findbugs.detect.NoteCheckReturnValueAnnotations",21,3,3,4,6,5,0,8,0,0.0
"edu.umd.cs.findbugs.detect.TrainUnconditionalDerefParams",21,3,2,3,4,4,0,6,0,0.0
"edu.umd.cs.findbugs.plan.ReportingDetectorFactorySelector",21,3,3,4,2,2,1,3,1,1.0
"edu.umd.cs.findbugs.internalAnnotations.SlashedClassNameTest",21,3,3,3,2,0,0,1,0,0.0
"edu.umd.cs.findbugs.gui2.ApplyNewFilter",21,2,2,3,3,2,1,2,3,0.0
"edu.umd.cs.findbugs.classfile.engine.asm.EngineRegistrar",21,2,2,4,4,4,1,5,2,1.5
"edu.umd.cs.findbugs.classfile.engine.bcel.ParameterSignatureListFactory",21,2,2,3,6,4,1,7,0,0.0
"edu.umd.cs.findbugs.config.SortedProperties",21,2,2,2,6,0,1,2,0,0.0
"edu.umd.cs.findbugs.util.TripleKeyHashMap",21,2,2,4,2,0,0,0,1,2.0
"edu.umd.cs.findbugs.detect.FindSqlInjectionTest",21,2,2,2,1,0,0,1,0,0.0
"edu.umd.cs.findbugs.AnalysisOptions",21,1,1,1,2,2,1,2,13,0.0
"edu.umd.cs.findbugs.xml.XMLOutput",20,12,12,12,3,0,51,0,0,0.0
"edu.umd.cs.findbugs.classfile.ICodeBase",20,11,11,9,0,0,14,0,1,1.0
"edu.umd.cs.findbugs.ba.npe.NullDerefAndRedundantComparisonCollector",20,4,4,4,9,5,2,5,0,0.0
"edu.umd.cs.findbugs.ba.type.BottomType",20,4,3,4,1,0,1,3,2,1.1666666666666667
"edu.umd.cs.findbugs.ba.type.DoubleExtraType",20,4,3,4,1,0,1,3,2,1.1666666666666667
"edu.umd.cs.findbugs.ba.type.LongExtraType",20,4,3,4,1,0,1,3,2,1.0
"edu.umd.cs.findbugs.ba.type.NullType",20,4,3,4,1,0,10,3,2,1.1666666666666667
"edu.umd.cs.findbugs.ba.type.TopType",20,4,3,4,1,0,8,3,2,1.1666666666666667
"edu.umd.cs.findbugs.graph.DepthFirstSearch",20,4,1,4,1,0,2,1,0,0.0
"edu.umd.cs.findbugs.graph.ReverseDepthFirstSearch",20,4,1,4,1,0,0,1,0,0.0
"edu.umd.cs.findbugs.gui2.Debug",20,3,4,7,0,0,1,2,0,0.0
"edu.umd.cs.findbugs.ba.bcp.LocalVariable",20,3,3,4,1,1,4,2,1,1.0
"edu.umd.cs.findbugs.jaif.JAIFToken",20,3,3,4,0,0,0,1,2,0.75
"edu.umd.cs.findbugs.plan.SingleDetectorFactorySelector",20,3,3,3,2,2,1,3,2,0.75
"edu.umd.cs.findbugs.ba.npe.ParameterNullnessPropertyDatabase",20,2,0,2,3,3,4,6,0,0.0
"edu.umd.cs.findbugs.classfile.engine.bcel.ClassContextClassAnalysisEngine",20,2,2,2,7,6,1,7,0,0.0
"edu.umd.cs.findbugs.classfile.engine.bcel.UsagesRequiringNonNullValuesFactory",20,2,2,2,7,6,1,7,0,0.0
"edu.umd.cs.findbugs.util.MapCache",20,2,1,5,3,0,9,4,2,0.5
"edu.umd.cs.findbugs.ba.generic.TestGenericSignatureParser",20,2,2,3,2,0,0,3,0,0.0
"edu.umd.cs.findbugs.OpcodeStackItemTest",20,2,2,2,1,0,0,1,0,0.0
"edu.umd.cs.findbugs.classfile.impl.ZipCodeBaseFactory",20,1,1,1,6,3,0,3,0,0.0
"edu.umd.cs.findbugs.gui2.FindBugsFBAFileFilter",19,4,3,4,1,0,1,2,1,1.3333333333333333
"edu.umd.cs.findbugs.gui2.FindBugsFBPFileFilter",19,4,3,4,1,0,1,2,1,1.3333333333333333
"edu.umd.cs.findbugs.bcel.AnnotationDetector",19,3,3,3,4,4,0,7,1,1.0
"edu.umd.cs.findbugs.classfile.engine.bcel.UnpackedBytecodeCallback",19,3,3,3,2,2,3,3,2,0.75
"edu.umd.cs.findbugs.detect.NoteUnconditionalParamDerefs",19,3,2,3,4,4,0,7,1,1.0
"edu.umd.cs.findbugs.util.ContainsCamelCaseWordStringMatcher",19,3,3,3,2,0,0,3,1,1.0
"edu.umd.cs.findbugs.ba.npe.MayReturnNullPropertyDatabase",19,2,1,3,3,3,1,5,0,0.0
"edu.umd.cs.findbugs.bugReporter.MaxRankDecorator",19,2,2,3,4,3,0,5,1,1.0
"edu.umd.cs.findbugs.classfile.engine.asm.ClassReaderAnalysisEngine",19,2,2,2,6,6,2,7,0,0.0
"edu.umd.cs.findbugs.classfile.engine.bcel.CallListDataflowFactory",19,2,2,2,5,5,1,6,0,0.0
"edu.umd.cs.findbugs.classfile.engine.bcel.ConstantPoolGenFactory",19,2,2,2,7,4,1,5,0,0.0
"edu.umd.cs.findbugs.classfile.engine.bcel.ReverseDepthFirstSearchFactory",19,2,2,2,5,5,1,6,0,0.0
"edu.umd.cs.findbugs.cloud.username.LocalNameLookup",19,2,2,2,2,2,0,4,1,1.0
"edu.umd.cs.findbugs.visitclass.LVTHelper",19,1,1,5,3,0,2,0,0,0.0
"edu.umd.cs.findbugs.IntAnnotationTest",19,1,1,1,2,0,0,0,0,0.0
"edu.umd.cs.findbugs.BugReporter",18,8,8,8,4,2,182,4,2,0.9285714285714286
"edu.umd.cs.findbugs.ba.ClassMember",18,6,6,6,4,1,5,3,0,0.0
"edu.umd.cs.findbugs.ba.InvalidBytecodeException",18,4,4,4,2,0,19,1,1,1.0
"edu.umd.cs.findbugs.ba.InstructionHandleMap",18,3,3,3,2,0,0,1,1,1.0
"edu.umd.cs.findbugs.bcel.PreorderDetector",18,3,3,3,3,3,1,5,1,1.0
"edu.umd.cs.findbugs.detect.OptionalReturnNull",18,3,1,3,2,2,0,4,0,0.0
"edu.umd.cs.findbugs.detect.TestingGround",18,3,3,3,3,2,0,4,0,0.0
"edu.umd.cs.findbugs.detect.TrainNonNullAnnotations",18,3,3,3,4,4,0,7,0,0.0
"edu.umd.cs.findbugs.util.RegexStringMatcher",18,3,3,3,2,0,1,1,1,1.0
"edu.umd.cs.findbugs.classfile.engine.bcel.AssertionMethodsFactory",18,2,2,2,6,5,1,6,0,0.0
"edu.umd.cs.findbugs.classfile.engine.bcel.DepthFirstSearchFactory",18,2,2,2,5,5,1,6,0,0.0
"edu.umd.cs.findbugs.classfile.engine.bcel.NonImplicitExceptionPostDominatorsAnalysis",18,2,2,1,7,7,2,8,0,0.0
"edu.umd.cs.findbugs.plan.ByInterfaceDetectorFactorySelector",18,2,2,4,2,2,1,3,2,0.5
"edu.umd.cs.findbugs.gui2.SaveTypeTest",18,2,1,2,2,0,0,2,0,0.0
"edu.umd.cs.findbugs.ba.jsr305.FindBugsDefaultAnnotations",18,0,0,1,6,2,1,2,4,0.0
"edu.umd.cs.findbugs.classfile.analysis.AnnotatedObject",17,7,7,7,5,1,9,1,0,0.0
"edu.umd.cs.findbugs.gui2.FindBugsAnalysisFileFilter",17,3,3,3,1,0,2,2,1,1.5
"edu.umd.cs.findbugs.gui2.FindBugsHtmlFileFilter",17,3,3,3,1,0,1,2,1,1.5
"edu.umd.cs.findbugs.ba.bcp.SingleInstruction",17,3,3,3,2,1,2,2,0,0.0
"edu.umd.cs.findbugs.ba.ReversePostOrder",17,3,3,3,1,0,5,2,1,1.0
"edu.umd.cs.findbugs.ba.Target",17,3,3,3,1,0,5,0,2,0.75
"edu.umd.cs.findbugs.detect.BooleanReturnNull",17,3,1,4,2,2,0,4,0,0.0
"edu.umd.cs.findbugs.detect.Methods",17,3,3,3,5,5,0,8,0,0.0
"edu.umd.cs.findbugs.props.AbstractWarningProperty",17,3,2,3,0,0,9,3,2,0.75
"edu.umd.cs.findbugs.util.NullIterator",17,3,3,3,2,0,1,1,0,0.0
"edu.umd.cs.findbugs.gui2.FindBugsLayoutManagerFactory",17,2,2,2,1,0,3,2,1,1.0
"edu.umd.cs.findbugs.ba.bcp.LongOrDoubleLocalVariable",17,2,2,3,1,1,1,2,1,1.0
"edu.umd.cs.findbugs.detect.FindEmptySynchronizedBlock",17,2,2,5,3,3,0,4,1,1.0
"edu.umd.cs.findbugs.detect.NoteNonnullReturnValues",17,2,2,3,5,5,0,10,0,0.0
"edu.umd.cs.findbugs.ba.INullnessAnnotationDatabase",16,7,7,7,2,0,7,0,0,0.0
"edu.umd.cs.findbugs.sourceViewer.NoWrapBoxView",16,3,3,3,2,0,1,0,0,0.0
"edu.umd.cs.findbugs.ba.DominatorsAnalysis",16,3,3,3,0,0,4,1,1,1.0
"edu.umd.cs.findbugs.ba.heap.LoadAnalysis",16,3,1,3,3,2,1,3,0,0.0
"edu.umd.cs.findbugs.ba.heap.StoreAnalysis",16,3,1,3,3,2,1,3,0,0.0
"edu.umd.cs.findbugs.ba.npe.NonNullParamViolation",16,3,3,3,1,1,0,1,2,0.75
"edu.umd.cs.findbugs.classfile.engine.bcel.UnpackedCode",16,3,3,3,1,1,2,1,2,0.75
"edu.umd.cs.findbugs.plan.DetectorNode",16,3,3,3,2,2,1,3,1,1.0
"edu.umd.cs.findbugs.ResourceCreationPoint",16,3,3,3,1,1,2,1,2,0.75
"edu.umd.cs.findbugs.ba.EqualsKindSummary",16,2,2,1,3,1,3,1,2,0.5
"edu.umd.cs.findbugs.classfile.engine.bcel.AssignedFieldMapFactory",16,2,2,2,5,5,0,6,0,0.0
"edu.umd.cs.findbugs.classfile.engine.bcel.LockCheckerFactory",16,2,2,2,4,4,1,5,0,0.0
"edu.umd.cs.findbugs.config.AnalysisFeatureSetting",16,2,2,2,2,1,6,1,2,0.5
"edu.umd.cs.findbugs.model.IdentityClassNameRewriter",16,2,2,3,1,0,3,2,2,1.5
"edu.umd.cs.findbugs.NoClassesFoundToAnalyzeException",16,2,2,3,2,1,1,1,1,1.0
"edu.umd.cs.findbugs.detect.NullArgumentWarningProperty",16,1,0,1,2,2,4,3,4,0.0
"edu.umd.cs.findbugs.tools.GenerateUpdateXml",16,0,1,2,3,3,0,4,0,0.0
"edu.umd.cs.findbugs.ba.ResourceTracker",15,7,7,7,2,0,3,0,0,0.0
"edu.umd.cs.findbugs.classfile.impl.AbstractScannableCodeBaseEntry",15,4,4,4,1,1,3,3,0,0.0
"edu.umd.cs.findbugs.ba.bcp.MatchResult",15,3,3,3,0,0,5,0,2,0.75
"edu.umd.cs.findbugs.classfile.MissingClassException",15,3,3,3,0,0,8,1,1,1.0
"edu.umd.cs.findbugs.util.ExactStringMatcher",15,3,3,3,0,0,2,2,1,1.0
"edu.umd.cs.findbugs.ba.ch.InheritanceGraph",15,2,1,3,1,1,1,2,0,0.0
"edu.umd.cs.findbugs.classfile.engine.bcel.BackwardTypeQualifierDataflowFactoryFactory",15,2,2,2,4,4,1,5,0,0.0
"edu.umd.cs.findbugs.classfile.engine.bcel.ForwardTypeQualifierDataflowFactoryFactory",15,2,2,2,4,4,1,5,0,0.0
"edu.umd.cs.findbugs.config.UserPreferencesTest",15,2,1,2,2,0,0,1,1,1.0
"edu.umd.cs.findbugs.ObfuscateTest",15,2,2,2,1,0,0,3,0,0.0
"edu.umd.cs.findbugs.ba.MethodBytecodeSet",15,1,1,2,2,0,3,1,0,0.0
"edu.umd.cs.findbugs.visitclass.PreorderVisitorTest",15,1,1,1,1,0,0,1,0,0.0
"edu.umd.cs.findbugs.StartTime",15,0,0,1,1,0,1,1,2,0.0
"edu.umd.cs.findbugs.workflow.PrintAppVersion",15,0,1,2,2,2,0,5,0,0.0
"edu.umd.cs.findbugs.classfile.CheckedAnalysisException",14,4,4,4,0,0,133,2,0,0.0
"edu.umd.cs.findbugs.asm.AbstractFBMethodVisitor",14,3,3,3,0,0,1,1,1,1.0
"edu.umd.cs.findbugs.jaif.JAIFEnumConstant",14,3,3,3,0,0,1,0,1,1.0
"edu.umd.cs.findbugs.plan.ConstraintEdge",14,3,3,3,1,1,1,2,1,1.0
"edu.umd.cs.findbugs.gui2.FindBugsFilterFileFilter",14,2,2,2,2,0,1,1,1,2.0
"edu.umd.cs.findbugs.ba.DepthFirstSearch",14,2,1,2,0,0,34,0,1,1.0
"edu.umd.cs.findbugs.ba.ReverseDepthFirstSearch",14,2,1,2,0,0,11,0,1,1.0
"edu.umd.cs.findbugs.classfile.engine.bcel.ExceptionSetFactoryFactory",14,2,2,2,4,4,1,5,0,0.0
"edu.umd.cs.findbugs.ba.AccessibleEntity",13,9,9,9,1,1,2,1,0,0.0
"edu.umd.cs.findbugs.gui2.FindBugsLayoutManager",13,8,8,8,2,0,2,0,0,0.0
"edu.umd.cs.findbugs.FindBugsProgress",13,7,7,7,1,1,4,2,0,0.0
"edu.umd.cs.findbugs.classfile.Global",13,3,3,3,0,0,84,0,1,1.5
"edu.umd.cs.findbugs.sourceViewer.NumberedEditorKit",13,2,2,2,2,0,1,0,1,1.0
"edu.umd.cs.findbugs.ba.npe.IsNullValueDataflow",13,2,2,2,4,4,15,5,0,0.0
"edu.umd.cs.findbugs.classfile.ClassNameMismatchException",13,2,2,2,0,0,2,1,1,1.0
"edu.umd.cs.findbugs.cloud.username.NoNameLookup",13,2,2,2,2,2,2,3,0,0.0
"edu.umd.cs.findbugs.ba.generic.GenericSignatureParserTest",13,2,2,2,1,0,0,1,0,0.0
"edu.umd.cs.findbugs.visitclass.DismantleBytecodeTest",13,1,1,1,2,0,0,1,0,0.0
"edu.umd.cs.findbugs.cloud.username.ClearCloudPreferences",13,0,1,1,2,0,0,1,0,0.0
"edu.umd.cs.findbugs.BugAnnotation",12,7,7,7,1,0,27,3,1,1.0
"edu.umd.cs.findbugs.classfile.IClassPath",12,7,7,7,2,0,7,0,0,0.0
"edu.umd.cs.findbugs.anttask.DataFile",12,3,3,3,0,0,6,0,1,1.0
"edu.umd.cs.findbugs.asm.FBMethodVisitor",12,3,3,3,2,1,1,2,0,0.0
"edu.umd.cs.findbugs.gui2.SortableStringComparator",12,2,2,2,1,0,1,1,1,1.0
"edu.umd.cs.findbugs.ba.ch.InterproceduralCallGraphVertex",12,2,2,2,2,2,1,3,1,1.0
"edu.umd.cs.findbugs.ba.npe.ReturnValueNullnessPropertyDatabase",12,2,0,2,1,1,2,3,0,0.0
"edu.umd.cs.findbugs.ba.obl.ObligationAcquiredOrReleasedInLoopException",12,2,2,2,1,1,2,2,1,1.0
"edu.umd.cs.findbugs.CallGraphNode",12,2,2,2,2,1,2,2,1,1.0
"edu.umd.cs.findbugs.classfile.engine.AbstractFieldAnnotationVisitor",12,2,2,2,3,1,0,2,0,0.0
"edu.umd.cs.findbugs.plan.ConstraintGraph",12,2,1,2,1,1,1,2,0,0.0
"edu.umd.cs.findbugs.util.AnyTypeMatcher",12,2,2,2,1,0,0,1,0,0.0
"edu.umd.cs.findbugs.BugAnnotationVisitor",11,8,8,8,0,0,0,0,0,0.0
"edu.umd.cs.findbugs.jaif.JAIFEvents",11,8,8,8,0,0,0,0,0,0.0
"edu.umd.cs.findbugs.classfile.ICodeBaseEntry",11,6,6,6,2,0,21,0,0,0.0
"edu.umd.cs.findbugs.ba.AbstractDataflow",11,2,2,2,0,0,5,1,0,0.0
"edu.umd.cs.findbugs.ba.bcp.OneVariableInstruction",11,2,1,3,0,0,3,2,1,1.0
"edu.umd.cs.findbugs.tools.html.ColorAlternator",11,2,2,2,0,0,1,0,2,0.5
"edu.umd.cs.findbugs.classfile.IClassPathBuilder",10,4,4,4,2,0,4,0,0,0.0
"edu.umd.cs.findbugs.gui2.DeadBugFilter",10,2,2,2,0,0,0,1,0,0.0
"edu.umd.cs.findbugs.FatalException",10,2,2,2,0,0,1,1,1,1.0
"edu.umd.cs.findbugs.filter.FilterException",10,2,2,2,0,0,6,1,1,1.0
"edu.umd.cs.findbugs.FindBugsDisplayFeatures",10,2,2,2,0,0,1,0,1,1.0
"edu.umd.cs.findbugs.JavaVersionException",10,2,2,2,0,0,2,1,1,1.0
"edu.umd.cs.findbugs.PluginException",10,2,2,2,0,0,21,1,1,1.0
"edu.umd.cs.findbugs.classfile.engine.bcel.NonExceptionPostdominatorsAnalysis",10,1,1,1,4,4,2,5,0,0.0
"edu.umd.cs.findbugs.detect.DoomedCodeWarningProperty",10,1,0,1,2,2,1,3,1,0.0
"edu.umd.cs.findbugs.detect.NonNullReturnProperty",10,1,0,1,2,2,1,3,1,0.0
"edu.umd.cs.findbugs.ba.type.ExtendedTypes",10,0,0,1,0,0,8,0,7,0.0
"edu.umd.cs.findbugs.classfile.IClassFactory",9,5,5,5,1,1,4,1,0,0.0
"edu.umd.cs.findbugs.ba.obl.ObligationPolicyDatabaseEntry",9,3,3,3,2,0,3,0,0,0.0
"edu.umd.cs.findbugs.cloud.BugFiler",9,3,3,3,3,1,0,1,0,0.0
"edu.umd.cs.findbugs.classfile.UncheckedAnalysisException",9,2,2,2,0,0,3,1,0,0.0
"edu.umd.cs.findbugs.cloud.SignInCancelledException",9,2,2,2,0,0,0,1,0,0.0
"edu.umd.cs.findbugs.cloud.username.NameLookup",9,2,2,2,3,2,8,2,1,1.0
"edu.umd.cs.findbugs.jaif.JAIFSyntaxException",9,2,2,2,0,0,5,1,0,0.0
"edu.umd.cs.findbugs.WarningComparator",9,2,2,2,3,1,3,2,0,0.0
"edu.umd.cs.findbugs.ba.CFGBuilderFactory",9,1,1,1,3,1,1,1,0,0.0
"edu.umd.cs.findbugs.ba.deref.UnconditionalValueDerefDataflow",9,1,1,1,2,2,7,3,0,0.0
"edu.umd.cs.findbugs.ba.jsr305.TypeQualifierDataflow",9,1,1,1,2,2,2,3,0,0.0
"edu.umd.cs.findbugs.detect.StreamFactory",9,1,1,1,4,2,5,2,0,0.0
"edu.umd.cs.findbugs.xml.XMLUtil",9,1,1,1,2,0,5,0,0,0.0
"edu.umd.cs.findbugs.gui2.ClearGuiSaveState",9,0,1,1,2,0,0,0,0,0.0
"edu.umd.cs.findbugs.ba.jsr305.JSR305NullnessAnnotations",9,0,0,1,2,2,2,2,3,0.0
"edu.umd.cs.findbugs.ba.npe.IsNullValueAnalysisFeatures",9,0,0,1,1,1,2,1,5,0.0
"edu.umd.cs.findbugs.classfile.IErrorLogger",8,5,5,5,0,0,7,0,0,0.0
"edu.umd.cs.findbugs.graph.GraphEdge",8,4,4,4,0,0,1,1,0,0.0
"edu.umd.cs.findbugs.ba.SourceFileDataSource",8,3,3,3,2,0,2,0,0,0.0
"edu.umd.cs.findbugs.ba.XField",8,3,3,3,2,2,68,5,0,0.0
"edu.umd.cs.findbugs.classfile.ICodeBaseLocator",8,3,3,3,1,0,10,0,0,0.0
"edu.umd.cs.findbugs.Detector2",8,3,3,3,2,2,8,3,0,0.0
"edu.umd.cs.findbugs.InstructionScanner",8,3,3,3,2,1,0,1,0,0.0
"edu.umd.cs.findbugs.ba.ch.InheritanceGraphVisitor",8,2,2,2,3,2,0,2,0,0.0
"edu.umd.cs.findbugs.classfile.engine.ClassParserInterface",8,2,2,2,3,3,5,3,0,0.0
"edu.umd.cs.findbugs.filter.Matcher",8,2,2,2,3,2,34,2,0,0.0
"edu.umd.cs.findbugs.GlobalOptions",8,2,2,2,1,0,1,0,0,0.0
"edu.umd.cs.findbugs.ba.ca.CallListDataflow",8,1,1,1,2,2,3,3,0,0.0
"edu.umd.cs.findbugs.ba.CFGBuilderException",8,1,1,1,1,1,47,2,1,0.0
"edu.umd.cs.findbugs.ba.constant.ConstantDataflow",8,1,1,1,2,2,4,3,0,0.0
"edu.umd.cs.findbugs.ba.heap.LoadDataflow",8,1,1,1,2,2,2,3,0,0.0
"edu.umd.cs.findbugs.ba.heap.StoreDataflow",8,1,1,1,2,2,2,3,0,0.0
"edu.umd.cs.findbugs.ba.npe.ReturnPathTypeDataflow",8,1,1,1,2,2,4,3,0,0.0
"edu.umd.cs.findbugs.ba.obl.ObligationDataflow",8,1,1,1,2,2,2,3,0,0.0
"edu.umd.cs.findbugs.plan.OrderingConstraintException",8,1,1,1,1,1,4,2,1,0.0
"edu.umd.cs.findbugs.graph.DFSEdgeTypes",8,0,0,1,0,0,2,0,5,0.0
"edu.umd.cs.findbugs.Priorities",8,0,0,1,0,0,38,0,5,0.0
"edu.umd.cs.findbugs.Test",8,0,1,1,1,0,0,2,0,0.0
"edu.umd.cs.findbugs.classfile.FieldOrMethodName",7,4,4,4,0,0,2,0,0,0.0
"edu.umd.cs.findbugs.ba.PathVisitor",7,3,3,3,1,0,1,0,0,0.0
"edu.umd.cs.findbugs.gui2.FilterListener",7,1,1,1,0,0,1,0,1,0.0
"edu.umd.cs.findbugs.ba.ch.InheritanceEdge",7,1,1,1,1,1,1,2,0,0.0
"edu.umd.cs.findbugs.ba.ch.InterproceduralCallGraphEdge",7,1,1,1,1,1,1,2,0,0.0
"edu.umd.cs.findbugs.ba.constant.ConstantFrame",7,1,1,1,1,1,3,2,0,0.0
"edu.umd.cs.findbugs.ba.interproc.PropertyDatabaseFormatException",7,1,1,1,0,0,10,1,1,0.0
"edu.umd.cs.findbugs.ba.jsr305.BackwardTypeQualifierDataflow",7,1,1,1,1,1,2,2,0,0.0
"edu.umd.cs.findbugs.ba.jsr305.ForwardTypeQualifierDataflow",7,1,1,1,1,1,2,2,0,0.0
"edu.umd.cs.findbugs.ba.jsr305.ParameterAnnotationLookupResult",7,1,0,1,0,0,1,1,0,0.0
"edu.umd.cs.findbugs.ba.jsr305.ReturnTypeAnnotationLookupResult",7,1,0,1,0,0,1,1,0,0.0
"edu.umd.cs.findbugs.ba.LiveLocalStoreDataflow",7,1,1,1,1,0,2,1,0,0.0
"edu.umd.cs.findbugs.ba.obl.NonexistentObligationException",7,1,1,1,0,0,0,1,1,0.0
"edu.umd.cs.findbugs.classfile.RecomputableClassAnalysisEngine",7,1,1,1,0,0,7,1,0,0.0
"edu.umd.cs.findbugs.log.Logger",7,1,1,1,0,0,3,0,3,0.0
"edu.umd.cs.findbugs.XMLWriteableWithMessages",7,1,1,1,3,2,1,3,0,0.0
"edu.umd.cs.findbugs.ba.type.TypeFrameModelingVisitorTest",7,1,1,1,1,0,0,0,0,0.0
"edu.umd.cs.findbugs.graph.GraphToolkit",6,3,3,3,0,0,0,0,0,0.0
"edu.umd.cs.findbugs.gui2.AnalysisCallback",6,2,2,2,1,1,1,1,0,0.0
"edu.umd.cs.findbugs.ba.BlockOrder",6,2,2,2,1,0,5,0,0,0.0
"edu.umd.cs.findbugs.ba.JavaClassAndMethodChooser",6,2,2,2,0,0,1,0,0,0.0
"edu.umd.cs.findbugs.Detector",6,2,2,2,1,1,56,2,0,0.0
"edu.umd.cs.findbugs.ba.BlockTypeDataflow",6,1,1,1,0,0,1,1,0,0.0
"edu.umd.cs.findbugs.ba.ch.SupertypeTraversalVisitor",6,1,1,1,2,2,2,2,0,0.0
"edu.umd.cs.findbugs.ba.LockDataflow",6,1,1,1,0,0,6,1,0,0.0
"edu.umd.cs.findbugs.ba.ReturnPathDataflow",6,1,1,1,0,0,1,1,0,0.0
"edu.umd.cs.findbugs.ba.type.TypeMerger",6,1,1,1,2,1,4,1,0,0.0
"edu.umd.cs.findbugs.bcel.generic.NONNULL2Z",6,1,1,1,0,0,2,1,0,0.0
"edu.umd.cs.findbugs.bcel.generic.NULL2Z",6,1,1,1,0,0,2,1,0,0.0
"edu.umd.cs.findbugs.NonReportingDetectorToDetector2Adapter",6,1,1,1,0,0,1,2,0,0.0
"edu.umd.cs.findbugs.PluginDoesntContainMetadataException",6,1,1,1,0,0,1,1,0,0.0
"edu.umd.cs.findbugs.updates.UpdateCheckCallback",6,1,1,1,2,1,2,2,0,0.0
"edu.umd.cs.findbugs.util.NotImplementedYetException",6,1,1,1,0,0,1,1,0,0.0
"edu.umd.cs.findbugs.ba.vna.ValueNumberAnalysisFeatures",6,0,0,1,1,1,4,1,2,0.0
"edu.umd.cs.findbugs.ExitCodes",6,0,0,1,0,0,3,0,3,0.0
"edu.umd.cs.findbugs.ba.CFGBuilder",5,2,2,2,0,0,2,0,0,0.0
"edu.umd.cs.findbugs.classfile.IAnalysisEngine",5,2,2,2,0,0,3,0,0,0.0
"edu.umd.cs.findbugs.classfile.IClassPathBuilderProgress",5,2,2,2,0,0,3,0,0,0.0
"edu.umd.cs.findbugs.classfile.ICodeBaseIterator",5,2,2,2,0,0,7,0,0,0.0
"edu.umd.cs.findbugs.classfile.IDatabaseFactory",5,2,2,2,0,0,3,0,0,0.0
"edu.umd.cs.findbugs.DetectorFactoryChooser",5,2,2,2,0,0,1,0,0,0.0
"edu.umd.cs.findbugs.graph.GraphVertex",5,2,2,2,0,0,1,1,0,0.0
"edu.umd.cs.findbugs.graph.SearchTreeCallback",5,2,2,2,0,0,1,0,0,0.0
"edu.umd.cs.findbugs.IClassScreener",5,2,2,2,0,0,1,0,0,0.0
"edu.umd.cs.findbugs.InstructionScannerGenerator",5,2,2,2,0,0,0,0,0,0.0
"edu.umd.cs.findbugs.log.LogSync",5,2,2,2,0,0,1,0,0,0.0
"edu.umd.cs.findbugs.props.WarningProperty",5,2,2,2,0,0,6,0,0,0.0
"edu.umd.cs.findbugs.gui2.FindBugsFileFilter",5,1,0,1,1,0,4,0,0,0.0
"edu.umd.cs.findbugs.ba.MethodChooser",5,1,1,1,1,0,0,0,0,0.0
"edu.umd.cs.findbugs.graph.VertexCombinator",5,1,1,1,1,0,0,0,0,0.0
"edu.umd.cs.findbugs.plan.DetectorFactorySelector",5,1,1,1,1,1,4,1,0,0.0
"edu.umd.cs.findbugs.updates.PluginUpdateListener",5,1,1,1,1,0,2,0,0,0.0
"edu.umd.cs.findbugs.util.TypeMatcher",5,1,1,1,1,0,3,0,0,0.0
"edu.umd.cs.findbugs.xml.XMLWriteable",5,1,1,1,1,0,11,0,0,0.0
"edu.umd.cs.findbugs.ba.Debug",5,0,0,1,1,1,10,1,1,0.0
"edu.umd.cs.findbugs.classfile.engine.asm.FindBugsASM",5,0,0,1,1,0,9,0,1,0.0
"edu.umd.cs.findbugs.ba.bcp.Variable",4,1,1,1,0,0,3,0,0,0.0
"edu.umd.cs.findbugs.ba.DataflowValueChooser",4,1,1,1,0,0,1,0,0,0.0
"edu.umd.cs.findbugs.ba.EdgeChooser",4,1,1,1,0,0,1,0,0,0.0
"edu.umd.cs.findbugs.BugReporterObserver",4,1,1,1,0,0,1,0,0,0.0
"edu.umd.cs.findbugs.classfile.IAnalysisEngineRegistrar",4,1,1,1,0,0,6,0,0,0.0
"edu.umd.cs.findbugs.classfile.IClassAnalysisEngine",4,1,1,1,0,0,8,1,0,0.0
"edu.umd.cs.findbugs.classfile.IClassObserver",4,1,1,1,0,0,3,0,0,0.0
"edu.umd.cs.findbugs.classfile.IScannableCodeBase",4,1,1,1,0,0,6,1,0,0.0
"edu.umd.cs.findbugs.graph.VertexChooser",4,1,1,1,0,0,0,0,0,0.0
"edu.umd.cs.findbugs.model.ClassNameRewriter",4,1,1,1,0,0,6,0,0,0.0
"edu.umd.cs.findbugs.StatelessDetector",4,1,1,1,0,0,45,1,0,0.0
"edu.umd.cs.findbugs.util.StringMatcher",4,1,1,1,0,0,4,0,0,0.0
"edu.umd.cs.findbugs.RunnableWithExceptions",4,1,1,1,0,0,1,0,0,0.0
"edu.umd.cs.findbugs.ba.AssignedFieldMap",4,0,0,1,1,0,1,1,0,0.0
"edu.umd.cs.findbugs.ba.RepositoryLookupFailureCallback",4,0,0,1,1,1,18,2,0,0.0
"edu.umd.cs.findbugs.ba.ComparableField",3,0,0,1,0,0,3,1,0,0.0
"edu.umd.cs.findbugs.ba.ComparableMethod",3,0,0,1,0,0,3,1,0,0.0
"edu.umd.cs.findbugs.ba.DFSEdgeTypes",3,0,0,1,0,0,3,1,0,0.0
"edu.umd.cs.findbugs.classfile.IMethodAnalysisEngine",3,0,0,1,0,0,7,1,0,0.0
"edu.umd.cs.findbugs.cloud.BugLinkInterface",3,0,0,1,0,0,0,0,0,0.0
"edu.umd.cs.findbugs.cloud.OnlineCloud",3,0,0,1,0,0,0,1,0,0.0
"edu.umd.cs.findbugs.FirstPassDetector",3,0,0,1,0,0,5,0,0,0.0
"edu.umd.cs.findbugs.InterproceduralFirstPassDetector",3,0,0,1,0,0,2,1,0,0.0
"edu.umd.cs.findbugs.NonReportingDetector",3,0,0,1,0,0,23,1,0,0.0
"edu.umd.cs.findbugs.TrainingDetector",3,0,0,1,0,0,4,0,0,0.0
"edu.umd.cs.findbugs.UseAnnotationDatabase",3,0,0,1,0,0,5,0,0,0.0
"edu.umd.cs.findbugs.visitclass.Constants2",3,0,0,1,0,0,3,1,0,0.0
