{"nodes":[{"name":"br.com.trevisantecnologia.centerweb.model","label":"br.com.trevisantecnologia.centerweb.model","id":"br.com.trevisantecnologia.centerweb.model","size":279},{"name":"br.com.trevisantecnologia.centerweb.service","label":"br.com.trevisantecnologia.centerweb.service","id":"br.com.trevisantecnologia.centerweb.service","size":271},{"name":"br.com.trevisantecnologia.centerweb.types","label":"br.com.trevisantecnologia.centerweb.types","id":"br.com.trevisantecnologia.centerweb.types","size":265},{"name":"br.com.trevisantecnologia.centerweb.controller","label":"br.com.trevisantecnologia.centerweb.controller","id":"br.com.trevisantecnologia.centerweb.controller","size":207},{"name":"br.com.trevisantecnologia.centerweb.fixture","label":"br.com.trevisantecnologia.centerweb.fixture","id":"br.com.trevisantecnologia.centerweb.fixture","size":164},{"name":"br.com.trevisantecnologia.centerweb.dao.impl","label":"br.com.trevisantecnologia.centerweb.dao.impl","id":"br.com.trevisantecnologia.centerweb.dao.impl","size":137},{"name":"br.com.trevisantecnologia.centerweb.dao","label":"br.com.trevisantecnologia.centerweb.dao","id":"br.com.trevisantecnologia.centerweb.dao","size":134},{"name":"br.com.trevisantecnologia.centerweb.util","label":"br.com.trevisantecnologia.centerweb.util","id":"br.com.trevisantecnologia.centerweb.util","size":88},{"name":"br.com.trevisantecnologia.centerweb.business","label":"br.com.trevisantecnologia.centerweb.business","id":"br.com.trevisantecnologia.centerweb.business","size":86},{"name":"br.com.trevisantecnologia.centerweb.serialization","label":"br.com.trevisantecnologia.centerweb.serialization","id":"br.com.trevisantecnologia.centerweb.serialization","size":61},{"name":"br.com.trevisantecnologia.centerweb.api.controller","label":"br.com.trevisantecnologia.centerweb.api.controller","id":"br.com.trevisantecnologia.centerweb.api.controller","size":56},{"name":"br.com.trevisantecnologia.centerweb.validation","label":"br.com.trevisantecnologia.centerweb.validation","id":"br.com.trevisantecnologia.centerweb.validation","size":45},{"name":"br.com.trevisantecnologia.centerweb.helper","label":"br.com.trevisantecnologia.centerweb.helper","id":"br.com.trevisantecnologia.centerweb.helper","size":44},{"name":"br.com.trevisantecnologia.centerweb.dao.structuralDaset","label":"br.com.trevisantecnologia.centerweb.dao.structuralDaset","id":"br.com.trevisantecnologia.centerweb.dao.structuralDaset","size":35},{"name":"br.com.trevisantecnologia.centerweb.api.exception","label":"br.com.trevisantecnologia.centerweb.api.exception","id":"br.com.trevisantecnologia.centerweb.api.exception","size":27},{"name":"br.com.trevisantecnologia.centerweb.web.handler","label":"br.com.trevisantecnologia.centerweb.web.handler","id":"br.com.trevisantecnologia.centerweb.web.handler","size":25},{"name":"br.com.trevisantecnologia.centerweb.business.schedule","label":"br.com.trevisantecnologia.centerweb.business.schedule","id":"br.com.trevisantecnologia.centerweb.business.schedule","size":25},{"name":"br.com.trevisantecnologia.centerweb.interceptor","label":"br.com.trevisantecnologia.centerweb.interceptor","id":"br.com.trevisantecnologia.centerweb.interceptor","size":23},{"name":"br.com.trevisantecnologia.centerweb.annotation","label":"br.com.trevisantecnologia.centerweb.annotation","id":"br.com.trevisantecnologia.centerweb.annotation","size":23},{"name":"br.com.trevisantecnologia.centerweb.structuralDataSet","label":"br.com.trevisantecnologia.centerweb.structuralDataSet","id":"br.com.trevisantecnologia.centerweb.structuralDataSet","size":21},{"name":"br.com.trevisantecnologia.centerweb.factory","label":"br.com.trevisantecnologia.centerweb.factory","id":"br.com.trevisantecnologia.centerweb.factory","size":20},{"name":"br.com.trevisantecnologia.centerweb.mock","label":"br.com.trevisantecnologia.centerweb.mock","id":"br.com.trevisantecnologia.centerweb.mock","size":19},{"name":"br.com.trevisantecnologia.centerweb.api.batch.service","label":"br.com.trevisantecnologia.centerweb.api.batch.service","id":"br.com.trevisantecnologia.centerweb.api.batch.service","size":19},{"name":"br.com.trevisantecnologia.centerweb.restriction.business","label":"br.com.trevisantecnologia.centerweb.restriction.business","id":"br.com.trevisantecnologia.centerweb.restriction.business","size":16},{"name":"br.com.trevisantecnologia.centerweb.strategy","label":"br.com.trevisantecnologia.centerweb.strategy","id":"br.com.trevisantecnologia.centerweb.strategy","size":14},{"name":"br.com.trevisantecnologia.centerweb.exception","label":"br.com.trevisantecnologia.centerweb.exception","id":"br.com.trevisantecnologia.centerweb.exception","size":14},{"name":"br.com.trevisantecnologia.centerweb.api.model","label":"br.com.trevisantecnologia.centerweb.api.model","id":"br.com.trevisantecnologia.centerweb.api.model","size":14},{"name":"br.com.trevisantecnologia.centerweb.web.annotation","label":"br.com.trevisantecnologia.centerweb.web.annotation","id":"br.com.trevisantecnologia.centerweb.web.annotation","size":14},{"name":"br.com.trevisantecnologia.centerweb.business.agentteam","label":"br.com.trevisantecnologia.centerweb.business.agentteam","id":"br.com.trevisantecnologia.centerweb.business.agentteam","size":13},{"name":"br.com.trevisantecnologia.centerweb.chart","label":"br.com.trevisantecnologia.centerweb.chart","id":"br.com.trevisantecnologia.centerweb.chart","size":13},{"name":"br.com.trevisantecnologia.centerweb.formula.strategies","label":"br.com.trevisantecnologia.centerweb.formula.strategies","id":"br.com.trevisantecnologia.centerweb.formula.strategies","size":12},{"name":"br.com.trevisantecnologia.centerweb.controller.widget","label":"br.com.trevisantecnologia.centerweb.controller.widget","id":"br.com.trevisantecnologia.centerweb.controller.widget","size":12},{"name":"br.com.trevisantecnologia.centerweb.persistence","label":"br.com.trevisantecnologia.centerweb.persistence","id":"br.com.trevisantecnologia.centerweb.persistence","size":11},{"name":"br.com.trevisantecnologia.centerweb.service.structural","label":"br.com.trevisantecnologia.centerweb.service.structural","id":"br.com.trevisantecnologia.centerweb.service.structural","size":10},{"name":"br.com.trevisantecnologia.centerweb.umobutilitieslib.impl","label":"br.com.trevisantecnologia.centerweb.umobutilitieslib.impl","id":"br.com.trevisantecnologia.centerweb.umobutilitieslib.impl","size":10},{"name":"br.com.trevisantecnologia.centerweb.geo.geocoder","label":"br.com.trevisantecnologia.centerweb.geo.geocoder","id":"br.com.trevisantecnologia.centerweb.geo.geocoder","size":9},{"name":"br.com.trevisantecnologia.centerweb.environment","label":"br.com.trevisantecnologia.centerweb.environment","id":"br.com.trevisantecnologia.centerweb.environment","size":8},{"name":"br.com.trevisantecnologia.centerweb.eca.connector.impl","label":"br.com.trevisantecnologia.centerweb.eca.connector.impl","id":"br.com.trevisantecnologia.centerweb.eca.connector.impl","size":8},{"name":"br.com.trevisantecnologia.centerweb.restriction","label":"br.com.trevisantecnologia.centerweb.restriction","id":"br.com.trevisantecnologia.centerweb.restriction","size":8},{"name":"br.com.trevisantecnologia.centerweb.mail","label":"br.com.trevisantecnologia.centerweb.mail","id":"br.com.trevisantecnologia.centerweb.mail","size":8},{"name":"br.com.trevisantecnologia.common.web.displaytag.decorator","label":"br.com.trevisantecnologia.common.web.displaytag.decorator","id":"br.com.trevisantecnologia.common.web.displaytag.decorator","size":8},{"name":"br.com.trevisantecnologia.centerweb.service.interfaceObject","label":"br.com.trevisantecnologia.centerweb.service.interfaceObject","id":"br.com.trevisantecnologia.centerweb.service.interfaceObject","size":8},{"name":"br.com.trevisantecnologia.centerweb.authentication","label":"br.com.trevisantecnologia.centerweb.authentication","id":"br.com.trevisantecnologia.centerweb.authentication","size":7},{"name":"br.com.trevisantecnologia.centerweb.web","label":"br.com.trevisantecnologia.centerweb.web","id":"br.com.trevisantecnologia.centerweb.web","size":7},{"name":"br.com.trevisantecnologia.centerweb.eca.connector","label":"br.com.trevisantecnologia.centerweb.eca.connector","id":"br.com.trevisantecnologia.centerweb.eca.connector","size":7},{"name":"br.com.trevisantecnologia.centerweb.service.recaptcha","label":"br.com.trevisantecnologia.centerweb.service.recaptcha","id":"br.com.trevisantecnologia.centerweb.service.recaptcha","size":7},{"name":"br.com.trevisantecnologia.centerweb.model.activity.section.field","label":"br.com.trevisantecnologia.centerweb.model.activity.section.field","id":"br.com.trevisantecnologia.centerweb.model.activity.section.field","size":7},{"name":"br.com.trevisantecnologia.centerweb.connector.model","label":"br.com.trevisantecnologia.centerweb.connector.model","id":"br.com.trevisantecnologia.centerweb.connector.model","size":7},{"name":"br.com.trevisantecnologia.centerweb.model.dashboard","label":"br.com.trevisantecnologia.centerweb.model.dashboard","id":"br.com.trevisantecnologia.centerweb.model.dashboard","size":7},{"name":"br.com.trevisantecnologia.centerweb.cache","label":"br.com.trevisantecnologia.centerweb.cache","id":"br.com.trevisantecnologia.centerweb.cache","size":6},{"name":"br.com.trevisantecnologia.centerweb.types.permission","label":"br.com.trevisantecnologia.centerweb.types.permission","id":"br.com.trevisantecnologia.centerweb.types.permission","size":6},{"name":"br.com.trevisantecnologia.centerweb.geo","label":"br.com.trevisantecnologia.centerweb.geo","id":"br.com.trevisantecnologia.centerweb.geo","size":6},{"name":"br.com.trevisantecnologia.centerweb.geo.router","label":"br.com.trevisantecnologia.centerweb.geo.router","id":"br.com.trevisantecnologia.centerweb.geo.router","size":6},{"name":"br.com.trevisantecnologia.centerweb.api.model.activityHistoryCreation","label":"br.com.trevisantecnologia.centerweb.api.model.activityHistoryCreation","id":"br.com.trevisantecnologia.centerweb.api.model.activityHistoryCreation","size":6},{"name":"br.com.trevisantecnologia.umob.map","label":"br.com.trevisantecnologia.umob.map","id":"br.com.trevisantecnologia.umob.map","size":6},{"name":"br.com.trevisantecnologia.centerweb.reflection","label":"br.com.trevisantecnologia.centerweb.reflection","id":"br.com.trevisantecnologia.centerweb.reflection","size":5},{"name":"br.com.trevisantecnologia.centerweb.connector","label":"br.com.trevisantecnologia.centerweb.connector","id":"br.com.trevisantecnologia.centerweb.connector","size":5},{"name":"br.com.trevisantecnologia.centerweb.service.idiom","label":"br.com.trevisantecnologia.centerweb.service.idiom","id":"br.com.trevisantecnologia.centerweb.service.idiom","size":5},{"name":"br.com.trevisantecnologia.centerweb.api.service","label":"br.com.trevisantecnologia.centerweb.api.service","id":"br.com.trevisantecnologia.centerweb.api.service","size":5},{"name":"br.com.trevisantecnologia.centerweb.serialization.view","label":"br.com.trevisantecnologia.centerweb.serialization.view","id":"br.com.trevisantecnologia.centerweb.serialization.view","size":5},{"name":"br.com.trevisantecnologia.centerweb.controller.managementPanel","label":"br.com.trevisantecnologia.centerweb.controller.managementPanel","id":"br.com.trevisantecnologia.centerweb.controller.managementPanel","size":4},{"name":"br.com.trevisantecnologia.centerweb.service.media","label":"br.com.trevisantecnologia.centerweb.service.media","id":"br.com.trevisantecnologia.centerweb.service.media","size":4},{"name":"br.com.trevisantecnologia.centerweb.service.activity.section","label":"br.com.trevisantecnologia.centerweb.service.activity.section","id":"br.com.trevisantecnologia.centerweb.service.activity.section","size":4},{"name":"br.com.trevisantecnologia.centerweb.geo.distancematrix","label":"br.com.trevisantecnologia.centerweb.geo.distancematrix","id":"br.com.trevisantecnologia.centerweb.geo.distancematrix","size":4},{"name":"br.com.trevisantecnologia.centerweb.mail.jaiminho","label":"br.com.trevisantecnologia.centerweb.mail.jaiminho","id":"br.com.trevisantecnologia.centerweb.mail.jaiminho","size":4},{"name":"br.com.trevisantecnologia.centerweb.serialization.converter.schedule","label":"br.com.trevisantecnologia.centerweb.serialization.converter.schedule","id":"br.com.trevisantecnologia.centerweb.serialization.converter.schedule","size":4},{"name":"br.com.trevisantecnologia.centerweb.serialization.converter.util","label":"br.com.trevisantecnologia.centerweb.serialization.converter.util","id":"br.com.trevisantecnologia.centerweb.serialization.converter.util","size":4},{"name":"br.com.trevisantecnologia.centerweb.serialization.converter.itinerary","label":"br.com.trevisantecnologia.centerweb.serialization.converter.itinerary","id":"br.com.trevisantecnologia.centerweb.serialization.converter.itinerary","size":4},{"name":"br.com.trevisantecnologia.centerweb.model.schedule.notification","label":"br.com.trevisantecnologia.centerweb.model.schedule.notification","id":"br.com.trevisantecnologia.centerweb.model.schedule.notification","size":4},{"name":"br.com.trevisantecnologia.centerweb.dao.internals","label":"br.com.trevisantecnologia.centerweb.dao.internals","id":"br.com.trevisantecnologia.centerweb.dao.internals","size":4},{"name":"br.com.trevisantecnologia.centerweb.api.interceptor","label":"br.com.trevisantecnologia.centerweb.api.interceptor","id":"br.com.trevisantecnologia.centerweb.api.interceptor","size":4},{"name":"br.com.trevisantecnologia.centerweb.router","label":"br.com.trevisantecnologia.centerweb.router","id":"br.com.trevisantecnologia.centerweb.router","size":3},{"name":"br.com.trevisantecnologia.centerweb.formula.builders","label":"br.com.trevisantecnologia.centerweb.formula.builders","id":"br.com.trevisantecnologia.centerweb.formula.builders","size":3},{"name":"br.com.trevisantecnologia.centerweb.http","label":"br.com.trevisantecnologia.centerweb.http","id":"br.com.trevisantecnologia.centerweb.http","size":3},{"name":"br.com.trevisantecnologia.centerweb.connector.controller","label":"br.com.trevisantecnologia.centerweb.connector.controller","id":"br.com.trevisantecnologia.centerweb.connector.controller","size":3},{"name":"br.com.trevisantecnologia.centerweb.eca.connector.controller","label":"br.com.trevisantecnologia.centerweb.eca.connector.controller","id":"br.com.trevisantecnologia.centerweb.eca.connector.controller","size":3},{"name":"br.com.trevisantecnologia.centerweb.sessionScoped","label":"br.com.trevisantecnologia.centerweb.sessionScoped","id":"br.com.trevisantecnologia.centerweb.sessionScoped","size":3},{"name":"br.com.trevisantecnologia.centerweb.service.recaptcha.dto","label":"br.com.trevisantecnologia.centerweb.service.recaptcha.dto","id":"br.com.trevisantecnologia.centerweb.service.recaptcha.dto","size":3},{"name":"br.com.trevisantecnologia.centerweb.io","label":"br.com.trevisantecnologia.centerweb.io","id":"br.com.trevisantecnologia.centerweb.io","size":3},{"name":"br.com.trevisantecnologia.centerweb.connector.exception","label":"br.com.trevisantecnologia.centerweb.connector.exception","id":"br.com.trevisantecnologia.centerweb.connector.exception","size":3},{"name":"br.com.trevisantecnologia.centerweb.eca.connector.context","label":"br.com.trevisantecnologia.centerweb.eca.connector.context","id":"br.com.trevisantecnologia.centerweb.eca.connector.context","size":3},{"name":"br.com.trevisantecnologia.centerweb.model.activity.section","label":"br.com.trevisantecnologia.centerweb.model.activity.section","id":"br.com.trevisantecnologia.centerweb.model.activity.section","size":3},{"name":"br.com.trevisantecnologia.centerweb.aws","label":"br.com.trevisantecnologia.centerweb.aws","id":"br.com.trevisantecnologia.centerweb.aws","size":3},{"name":"br.com.trevisantecnologia.centerweb.controller.ureport","label":"br.com.trevisantecnologia.centerweb.controller.ureport","id":"br.com.trevisantecnologia.centerweb.controller.ureport","size":2},{"name":"br.com.trevisantecnologia.centerweb.controller.payment","label":"br.com.trevisantecnologia.centerweb.controller.payment","id":"br.com.trevisantecnologia.centerweb.controller.payment","size":2},{"name":"br.com.trevisantecnologia.centerweb.bu","label":"br.com.trevisantecnologia.centerweb.bu","id":"br.com.trevisantecnologia.centerweb.bu","size":2},{"name":"br.com.trevisantecnologia.centerweb.provider","label":"br.com.trevisantecnologia.centerweb.provider","id":"br.com.trevisantecnologia.centerweb.provider","size":2},{"name":"br.com.trevisantecnologia.centerweb.service.ureport","label":"br.com.trevisantecnologia.centerweb.service.ureport","id":"br.com.trevisantecnologia.centerweb.service.ureport","size":2},{"name":"br.com.trevisantecnologia.centerweb.service.managementPanel","label":"br.com.trevisantecnologia.centerweb.service.managementPanel","id":"br.com.trevisantecnologia.centerweb.service.managementPanel","size":2},{"name":"br.com.trevisantecnologia.centerweb.service.payment","label":"br.com.trevisantecnologia.centerweb.service.payment","id":"br.com.trevisantecnologia.centerweb.service.payment","size":2},{"name":"br.com.trevisantecnologia.centerweb.filter","label":"br.com.trevisantecnologia.centerweb.filter","id":"br.com.trevisantecnologia.centerweb.filter","size":2},{"name":"br.com.trevisantecnologia.centerweb.api.internal.controller","label":"br.com.trevisantecnologia.centerweb.api.internal.controller","id":"br.com.trevisantecnologia.centerweb.api.internal.controller","size":2},{"name":"br.com.trevisantecnologia.centerweb.api.status","label":"br.com.trevisantecnologia.centerweb.api.status","id":"br.com.trevisantecnologia.centerweb.api.status","size":2},{"name":"br.com.trevisantecnologia.centerweb.api","label":"br.com.trevisantecnologia.centerweb.api","id":"br.com.trevisantecnologia.centerweb.api","size":2},{"name":"br.com.trevisantecnologia.centerweb.eca.connector.exception","label":"br.com.trevisantecnologia.centerweb.eca.connector.exception","id":"br.com.trevisantecnologia.centerweb.eca.connector.exception","size":2},{"name":"br.com.trevisantecnologia.centerweb.types.section","label":"br.com.trevisantecnologia.centerweb.types.section","id":"br.com.trevisantecnologia.centerweb.types.section","size":2},{"name":"br.com.trevisantecnologia.centerweb.api.internal.exception","label":"br.com.trevisantecnologia.centerweb.api.internal.exception","id":"br.com.trevisantecnologia.centerweb.api.internal.exception","size":2},{"name":"br.com.trevisantecnologia.centerweb.hibernate","label":"br.com.trevisantecnologia.centerweb.hibernate","id":"br.com.trevisantecnologia.centerweb.hibernate","size":1},{"name":"br.com.trevisantecnologia.centerweb.test","label":"br.com.trevisantecnologia.centerweb.test","id":"br.com.trevisantecnologia.centerweb.test","size":1},{"name":"br.com.trevisantecnologia.centerweb.fixture.activity.section","label":"br.com.trevisantecnologia.centerweb.fixture.activity.section","id":"br.com.trevisantecnologia.centerweb.fixture.activity.section","size":1},{"name":"br.com.trevisantecnologia.centerweb.fixture.dashboard","label":"br.com.trevisantecnologia.centerweb.fixture.dashboard","id":"br.com.trevisantecnologia.centerweb.fixture.dashboard","size":1},{"name":"br.com.trevisantecnologia.centerweb.jsp","label":"br.com.trevisantecnologia.centerweb.jsp","id":"br.com.trevisantecnologia.centerweb.jsp","size":1},{"name":"org.junit.rule.dbunit","label":"org.junit.rule.dbunit","id":"org.junit.rule.dbunit","size":1},{"name":"org.junit.rule.dbunit.postgresql.factory","label":"org.junit.rule.dbunit.postgresql.factory","id":"org.junit.rule.dbunit.postgresql.factory","size":1},{"name":"org.junit.rule.dbunit.postgresql.connection","label":"org.junit.rule.dbunit.postgresql.connection","id":"org.junit.rule.dbunit.postgresql.connection","size":1},{"name":"br.com.trevisantecnologia.centerweb.connector.context","label":"br.com.trevisantecnologia.centerweb.connector.context","id":"br.com.trevisantecnologia.centerweb.connector.context","size":1},{"name":"br.com.trevisantecnologia.centerweb.controller.map","label":"br.com.trevisantecnologia.centerweb.controller.map","id":"br.com.trevisantecnologia.centerweb.controller.map","size":1},{"name":"br.com.trevisantecnologia.centerweb.controller.recaptcha","label":"br.com.trevisantecnologia.centerweb.controller.recaptcha","id":"br.com.trevisantecnologia.centerweb.controller.recaptcha","size":1},{"name":"br.com.trevisantecnologia.centerweb.application","label":"br.com.trevisantecnologia.centerweb.application","id":"br.com.trevisantecnologia.centerweb.application","size":1},{"name":"br.com.trevisantecnologia.centerweb.dao.ureport","label":"br.com.trevisantecnologia.centerweb.dao.ureport","id":"br.com.trevisantecnologia.centerweb.dao.ureport","size":1},{"name":"br.com.trevisantecnologia.centerweb.dao.impl.activity.section","label":"br.com.trevisantecnologia.centerweb.dao.impl.activity.section","id":"br.com.trevisantecnologia.centerweb.dao.impl.activity.section","size":1},{"name":"br.com.trevisantecnologia.centerweb.api.internal.model","label":"br.com.trevisantecnologia.centerweb.api.internal.model","id":"br.com.trevisantecnologia.centerweb.api.internal.model","size":1},{"name":"org.joda.time.contrib.hibernate","label":"org.joda.time.contrib.hibernate","id":"org.joda.time.contrib.hibernate","size":1}],"links":[{"source":"br.com.trevisantecnologia.centerweb.model","target":"br.com.trevisantecnologia.centerweb.api.model"},{"source":"br.com.trevisantecnologia.centerweb.model","target":"br.com.trevisantecnologia.centerweb.fixture"},{"source":"br.com.trevisantecnologia.centerweb.model","target":"br.com.trevisantecnologia.centerweb.geo.geocoder"},{"source":"br.com.trevisantecnologia.centerweb.model","target":"br.com.trevisantecnologia.centerweb.helper"},{"source":"br.com.trevisantecnologia.centerweb.model","target":"br.com.trevisantecnologia.centerweb.model.activity.section.field"},{"source":"br.com.trevisantecnologia.centerweb.model","target":"br.com.trevisantecnologia.centerweb.persistence"},{"source":"br.com.trevisantecnologia.centerweb.model","target":"br.com.trevisantecnologia.centerweb.serialization"},{"source":"br.com.trevisantecnologia.centerweb.model","target":"br.com.trevisantecnologia.centerweb.serialization.converter.itinerary"},{"source":"br.com.trevisantecnologia.centerweb.model","target":"br.com.trevisantecnologia.centerweb.service.interfaceObject"},{"source":"br.com.trevisantecnologia.centerweb.model","target":"br.com.trevisantecnologia.centerweb.structuralDataSet"},{"source":"br.com.trevisantecnologia.centerweb.model","target":"br.com.trevisantecnologia.centerweb.types"},{"source":"br.com.trevisantecnologia.centerweb.model","target":"br.com.trevisantecnologia.centerweb.util"},{"source":"br.com.trevisantecnologia.centerweb.service","target":"br.com.trevisantecnologia.centerweb.api.exception"},{"source":"br.com.trevisantecnologia.centerweb.service","target":"br.com.trevisantecnologia.centerweb.api.internal.exception"},{"source":"br.com.trevisantecnologia.centerweb.service","target":"br.com.trevisantecnologia.centerweb.api.model"},{"source":"br.com.trevisantecnologia.centerweb.service","target":"br.com.trevisantecnologia.centerweb.application"},{"source":"br.com.trevisantecnologia.centerweb.service","target":"br.com.trevisantecnologia.centerweb.authentication"},{"source":"br.com.trevisantecnologia.centerweb.service","target":"br.com.trevisantecnologia.centerweb.aws"},{"source":"br.com.trevisantecnologia.centerweb.service","target":"br.com.trevisantecnologia.centerweb.bu"},{"source":"br.com.trevisantecnologia.centerweb.service","target":"br.com.trevisantecnologia.centerweb.business"},{"source":"br.com.trevisantecnologia.centerweb.service","target":"br.com.trevisantecnologia.centerweb.business.agentteam"},{"source":"br.com.trevisantecnologia.centerweb.service","target":"br.com.trevisantecnologia.centerweb.business.schedule"},{"source":"br.com.trevisantecnologia.centerweb.service","target":"br.com.trevisantecnologia.centerweb.cache"},{"source":"br.com.trevisantecnologia.centerweb.service","target":"br.com.trevisantecnologia.centerweb.chart"},{"source":"br.com.trevisantecnologia.centerweb.service","target":"br.com.trevisantecnologia.centerweb.connector.exception"},{"source":"br.com.trevisantecnologia.centerweb.service","target":"br.com.trevisantecnologia.centerweb.connector.model"},{"source":"br.com.trevisantecnologia.centerweb.service","target":"br.com.trevisantecnologia.centerweb.controller"},{"source":"br.com.trevisantecnologia.centerweb.service","target":"br.com.trevisantecnologia.centerweb.dao"},{"source":"br.com.trevisantecnologia.centerweb.service","target":"br.com.trevisantecnologia.centerweb.dao.impl"},{"source":"br.com.trevisantecnologia.centerweb.service","target":"br.com.trevisantecnologia.centerweb.eca.connector"},{"source":"br.com.trevisantecnologia.centerweb.service","target":"br.com.trevisantecnologia.centerweb.eca.connector.exception"},{"source":"br.com.trevisantecnologia.centerweb.service","target":"br.com.trevisantecnologia.centerweb.environment"},{"source":"br.com.trevisantecnologia.centerweb.service","target":"br.com.trevisantecnologia.centerweb.exception"},{"source":"br.com.trevisantecnologia.centerweb.service","target":"br.com.trevisantecnologia.centerweb.factory"},{"source":"br.com.trevisantecnologia.centerweb.service","target":"br.com.trevisantecnologia.centerweb.fixture"},{"source":"br.com.trevisantecnologia.centerweb.service","target":"br.com.trevisantecnologia.centerweb.fixture.activity.section"},{"source":"br.com.trevisantecnologia.centerweb.service","target":"br.com.trevisantecnologia.centerweb.geo"},{"source":"br.com.trevisantecnologia.centerweb.service","target":"br.com.trevisantecnologia.centerweb.geo.geocoder"},{"source":"br.com.trevisantecnologia.centerweb.service","target":"br.com.trevisantecnologia.centerweb.geo.router"},{"source":"br.com.trevisantecnologia.centerweb.service","target":"br.com.trevisantecnologia.centerweb.helper"},{"source":"br.com.trevisantecnologia.centerweb.service","target":"br.com.trevisantecnologia.centerweb.http"},{"source":"br.com.trevisantecnologia.centerweb.service","target":"br.com.trevisantecnologia.centerweb.io"},{"source":"br.com.trevisantecnologia.centerweb.service","target":"br.com.trevisantecnologia.centerweb.mail"},{"source":"br.com.trevisantecnologia.centerweb.service","target":"br.com.trevisantecnologia.centerweb.model"},{"source":"br.com.trevisantecnologia.centerweb.service","target":"br.com.trevisantecnologia.centerweb.model.activity.section"},{"source":"br.com.trevisantecnologia.centerweb.service","target":"br.com.trevisantecnologia.centerweb.model.dashboard"},{"source":"br.com.trevisantecnologia.centerweb.service","target":"br.com.trevisantecnologia.centerweb.model.schedule.notification"},{"source":"br.com.trevisantecnologia.centerweb.service","target":"br.com.trevisantecnologia.centerweb.reflection"},{"source":"br.com.trevisantecnologia.centerweb.service","target":"br.com.trevisantecnologia.centerweb.serialization"},{"source":"br.com.trevisantecnologia.centerweb.service","target":"br.com.trevisantecnologia.centerweb.service.activity.section"},{"source":"br.com.trevisantecnologia.centerweb.service","target":"br.com.trevisantecnologia.centerweb.service.idiom"},{"source":"br.com.trevisantecnologia.centerweb.service","target":"br.com.trevisantecnologia.centerweb.service.interfaceObject"},{"source":"br.com.trevisantecnologia.centerweb.service","target":"br.com.trevisantecnologia.centerweb.service.media"},{"source":"br.com.trevisantecnologia.centerweb.service","target":"br.com.trevisantecnologia.centerweb.service.structural"},{"source":"br.com.trevisantecnologia.centerweb.service","target":"br.com.trevisantecnologia.centerweb.strategy"},{"source":"br.com.trevisantecnologia.centerweb.service","target":"br.com.trevisantecnologia.centerweb.structuralDataSet"},{"source":"br.com.trevisantecnologia.centerweb.service","target":"br.com.trevisantecnologia.centerweb.types"},{"source":"br.com.trevisantecnologia.centerweb.service","target":"br.com.trevisantecnologia.centerweb.util"},{"source":"br.com.trevisantecnologia.centerweb.service","target":"br.com.trevisantecnologia.centerweb.validation"},{"source":"br.com.trevisantecnologia.centerweb.service","target":"br.com.trevisantecnologia.umob.map"},{"source":"br.com.trevisantecnologia.centerweb.types","target":"br.com.trevisantecnologia.centerweb.fixture"},{"source":"br.com.trevisantecnologia.centerweb.types","target":"br.com.trevisantecnologia.centerweb.model"},{"source":"br.com.trevisantecnologia.centerweb.types","target":"br.com.trevisantecnologia.centerweb.service"},{"source":"br.com.trevisantecnologia.centerweb.types","target":"br.com.trevisantecnologia.centerweb.util"},{"source":"br.com.trevisantecnologia.centerweb.controller","target":"br.com.trevisantecnologia.centerweb.api.controller"},{"source":"br.com.trevisantecnologia.centerweb.controller","target":"br.com.trevisantecnologia.centerweb.api.exception"},{"source":"br.com.trevisantecnologia.centerweb.controller","target":"br.com.trevisantecnologia.centerweb.authentication"},{"source":"br.com.trevisantecnologia.centerweb.controller","target":"br.com.trevisantecnologia.centerweb.business"},{"source":"br.com.trevisantecnologia.centerweb.controller","target":"br.com.trevisantecnologia.centerweb.connector.exception"},{"source":"br.com.trevisantecnologia.centerweb.controller","target":"br.com.trevisantecnologia.centerweb.controller.managementPanel"},{"source":"br.com.trevisantecnologia.centerweb.controller","target":"br.com.trevisantecnologia.centerweb.controller.recaptcha"},{"source":"br.com.trevisantecnologia.centerweb.controller","target":"br.com.trevisantecnologia.centerweb.dao"},{"source":"br.com.trevisantecnologia.centerweb.controller","target":"br.com.trevisantecnologia.centerweb.dao.impl"},{"source":"br.com.trevisantecnologia.centerweb.controller","target":"br.com.trevisantecnologia.centerweb.eca.connector.context"},{"source":"br.com.trevisantecnologia.centerweb.controller","target":"br.com.trevisantecnologia.centerweb.environment"},{"source":"br.com.trevisantecnologia.centerweb.controller","target":"br.com.trevisantecnologia.centerweb.exception"},{"source":"br.com.trevisantecnologia.centerweb.controller","target":"br.com.trevisantecnologia.centerweb.factory"},{"source":"br.com.trevisantecnologia.centerweb.controller","target":"br.com.trevisantecnologia.centerweb.fixture"},{"source":"br.com.trevisantecnologia.centerweb.controller","target":"br.com.trevisantecnologia.centerweb.formula.builders"},{"source":"br.com.trevisantecnologia.centerweb.controller","target":"br.com.trevisantecnologia.centerweb.formula.strategies"},{"source":"br.com.trevisantecnologia.centerweb.controller","target":"br.com.trevisantecnologia.centerweb.helper"},{"source":"br.com.trevisantecnologia.centerweb.controller","target":"br.com.trevisantecnologia.centerweb.http"},{"source":"br.com.trevisantecnologia.centerweb.controller","target":"br.com.trevisantecnologia.centerweb.mail"},{"source":"br.com.trevisantecnologia.centerweb.controller","target":"br.com.trevisantecnologia.centerweb.mock"},{"source":"br.com.trevisantecnologia.centerweb.controller","target":"br.com.trevisantecnologia.centerweb.model"},{"source":"br.com.trevisantecnologia.centerweb.controller","target":"br.com.trevisantecnologia.centerweb.model.activity.section"},{"source":"br.com.trevisantecnologia.centerweb.controller","target":"br.com.trevisantecnologia.centerweb.model.activity.section.field"},{"source":"br.com.trevisantecnologia.centerweb.controller","target":"br.com.trevisantecnologia.centerweb.serialization"},{"source":"br.com.trevisantecnologia.centerweb.controller","target":"br.com.trevisantecnologia.centerweb.serialization.view"},{"source":"br.com.trevisantecnologia.centerweb.controller","target":"br.com.trevisantecnologia.centerweb.service"},{"source":"br.com.trevisantecnologia.centerweb.controller","target":"br.com.trevisantecnologia.centerweb.service.activity.section"},{"source":"br.com.trevisantecnologia.centerweb.controller","target":"br.com.trevisantecnologia.centerweb.service.idiom"},{"source":"br.com.trevisantecnologia.centerweb.controller","target":"br.com.trevisantecnologia.centerweb.service.interfaceObject"},{"source":"br.com.trevisantecnologia.centerweb.controller","target":"br.com.trevisantecnologia.centerweb.service.media"},{"source":"br.com.trevisantecnologia.centerweb.controller","target":"br.com.trevisantecnologia.centerweb.service.recaptcha"},{"source":"br.com.trevisantecnologia.centerweb.controller","target":"br.com.trevisantecnologia.centerweb.service.recaptcha.dto"},{"source":"br.com.trevisantecnologia.centerweb.controller","target":"br.com.trevisantecnologia.centerweb.service.structural"},{"source":"br.com.trevisantecnologia.centerweb.controller","target":"br.com.trevisantecnologia.centerweb.types"},{"source":"br.com.trevisantecnologia.centerweb.controller","target":"br.com.trevisantecnologia.centerweb.umobutilitieslib.impl"},{"source":"br.com.trevisantecnologia.centerweb.controller","target":"br.com.trevisantecnologia.centerweb.util"},{"source":"br.com.trevisantecnologia.centerweb.controller","target":"br.com.trevisantecnologia.centerweb.validation"},{"source":"br.com.trevisantecnologia.centerweb.controller","target":"br.com.trevisantecnologia.umob.map"},{"source":"br.com.trevisantecnologia.centerweb.fixture","target":"br.com.trevisantecnologia.centerweb.api.model"},{"source":"br.com.trevisantecnologia.centerweb.fixture","target":"br.com.trevisantecnologia.centerweb.api.model.activityHistoryCreation"},{"source":"br.com.trevisantecnologia.centerweb.fixture","target":"br.com.trevisantecnologia.centerweb.authentication"},{"source":"br.com.trevisantecnologia.centerweb.fixture","target":"br.com.trevisantecnologia.centerweb.chart"},{"source":"br.com.trevisantecnologia.centerweb.fixture","target":"br.com.trevisantecnologia.centerweb.connector.context"},{"source":"br.com.trevisantecnologia.centerweb.fixture","target":"br.com.trevisantecnologia.centerweb.connector.model"},{"source":"br.com.trevisantecnologia.centerweb.fixture","target":"br.com.trevisantecnologia.centerweb.eca.connector.context"},{"source":"br.com.trevisantecnologia.centerweb.fixture","target":"br.com.trevisantecnologia.centerweb.environment"},{"source":"br.com.trevisantecnologia.centerweb.fixture","target":"br.com.trevisantecnologia.centerweb.factory"},{"source":"br.com.trevisantecnologia.centerweb.fixture","target":"br.com.trevisantecnologia.centerweb.geo.geocoder"},{"source":"br.com.trevisantecnologia.centerweb.fixture","target":"br.com.trevisantecnologia.centerweb.helper"},{"source":"br.com.trevisantecnologia.centerweb.fixture","target":"br.com.trevisantecnologia.centerweb.mail.jaiminho"},{"source":"br.com.trevisantecnologia.centerweb.fixture","target":"br.com.trevisantecnologia.centerweb.model"},{"source":"br.com.trevisantecnologia.centerweb.fixture","target":"br.com.trevisantecnologia.centerweb.types"},{"source":"br.com.trevisantecnologia.centerweb.fixture","target":"br.com.trevisantecnologia.centerweb.util"},{"source":"br.com.trevisantecnologia.centerweb.dao.impl","target":"br.com.trevisantecnologia.centerweb.authentication"},{"source":"br.com.trevisantecnologia.centerweb.dao.impl","target":"br.com.trevisantecnologia.centerweb.connector.model"},{"source":"br.com.trevisantecnologia.centerweb.dao.impl","target":"br.com.trevisantecnologia.centerweb.dao"},{"source":"br.com.trevisantecnologia.centerweb.dao.impl","target":"br.com.trevisantecnologia.centerweb.dao.internals"},{"source":"br.com.trevisantecnologia.centerweb.dao.impl","target":"br.com.trevisantecnologia.centerweb.dao.structuralDaset"},{"source":"br.com.trevisantecnologia.centerweb.dao.impl","target":"br.com.trevisantecnologia.centerweb.fixture"},{"source":"br.com.trevisantecnologia.centerweb.dao.impl","target":"br.com.trevisantecnologia.centerweb.helper"},{"source":"br.com.trevisantecnologia.centerweb.dao.impl","target":"br.com.trevisantecnologia.centerweb.mock"},{"source":"br.com.trevisantecnologia.centerweb.dao.impl","target":"br.com.trevisantecnologia.centerweb.model"},{"source":"br.com.trevisantecnologia.centerweb.dao.impl","target":"br.com.trevisantecnologia.centerweb.model.activity.section"},{"source":"br.com.trevisantecnologia.centerweb.dao.impl","target":"br.com.trevisantecnologia.centerweb.model.schedule.notification"},{"source":"br.com.trevisantecnologia.centerweb.dao.impl","target":"br.com.trevisantecnologia.centerweb.persistence"},{"source":"br.com.trevisantecnologia.centerweb.dao.impl","target":"br.com.trevisantecnologia.centerweb.reflection"},{"source":"br.com.trevisantecnologia.centerweb.dao.impl","target":"br.com.trevisantecnologia.centerweb.service"},{"source":"br.com.trevisantecnologia.centerweb.dao.impl","target":"br.com.trevisantecnologia.centerweb.structuralDataSet"},{"source":"br.com.trevisantecnologia.centerweb.dao.impl","target":"br.com.trevisantecnologia.centerweb.types"},{"source":"br.com.trevisantecnologia.centerweb.dao.impl","target":"br.com.trevisantecnologia.centerweb.util"},{"source":"br.com.trevisantecnologia.centerweb.dao","target":"br.com.trevisantecnologia.centerweb.connector.model"},{"source":"br.com.trevisantecnologia.centerweb.dao","target":"br.com.trevisantecnologia.centerweb.dao"},{"source":"br.com.trevisantecnologia.centerweb.dao","target":"br.com.trevisantecnologia.centerweb.dao.impl"},{"source":"br.com.trevisantecnologia.centerweb.dao","target":"br.com.trevisantecnologia.centerweb.fixture"},{"source":"br.com.trevisantecnologia.centerweb.dao","target":"br.com.trevisantecnologia.centerweb.mock"},{"source":"br.com.trevisantecnologia.centerweb.dao","target":"br.com.trevisantecnologia.centerweb.model"},{"source":"br.com.trevisantecnologia.centerweb.dao","target":"br.com.trevisantecnologia.centerweb.model.activity.section"},{"source":"br.com.trevisantecnologia.centerweb.dao","target":"br.com.trevisantecnologia.centerweb.model.dashboard"},{"source":"br.com.trevisantecnologia.centerweb.dao","target":"br.com.trevisantecnologia.centerweb.model.schedule.notification"},{"source":"br.com.trevisantecnologia.centerweb.util","target":"br.com.trevisantecnologia.centerweb.authentication"},{"source":"br.com.trevisantecnologia.centerweb.util","target":"br.com.trevisantecnologia.centerweb.chart"},{"source":"br.com.trevisantecnologia.centerweb.util","target":"br.com.trevisantecnologia.centerweb.controller"},{"source":"br.com.trevisantecnologia.centerweb.util","target":"br.com.trevisantecnologia.centerweb.controller.managementPanel"},{"source":"br.com.trevisantecnologia.centerweb.util","target":"br.com.trevisantecnologia.centerweb.exception"},{"source":"br.com.trevisantecnologia.centerweb.util","target":"br.com.trevisantecnologia.centerweb.fixture"},{"source":"br.com.trevisantecnologia.centerweb.util","target":"br.com.trevisantecnologia.centerweb.helper"},{"source":"br.com.trevisantecnologia.centerweb.util","target":"br.com.trevisantecnologia.centerweb.mock"},{"source":"br.com.trevisantecnologia.centerweb.util","target":"br.com.trevisantecnologia.centerweb.model"},{"source":"br.com.trevisantecnologia.centerweb.util","target":"br.com.trevisantecnologia.centerweb.reflection"},{"source":"br.com.trevisantecnologia.centerweb.util","target":"br.com.trevisantecnologia.centerweb.service"},{"source":"br.com.trevisantecnologia.centerweb.util","target":"br.com.trevisantecnologia.centerweb.types"},{"source":"br.com.trevisantecnologia.centerweb.util","target":"br.com.trevisantecnologia.centerweb.umobutilitieslib.impl"},{"source":"br.com.trevisantecnologia.centerweb.business","target":"br.com.trevisantecnologia.centerweb.api.exception"},{"source":"br.com.trevisantecnologia.centerweb.business","target":"br.com.trevisantecnologia.centerweb.api.model"},{"source":"br.com.trevisantecnologia.centerweb.business","target":"br.com.trevisantecnologia.centerweb.environment"},{"source":"br.com.trevisantecnologia.centerweb.business","target":"br.com.trevisantecnologia.centerweb.exception"},{"source":"br.com.trevisantecnologia.centerweb.business","target":"br.com.trevisantecnologia.centerweb.factory"},{"source":"br.com.trevisantecnologia.centerweb.business","target":"br.com.trevisantecnologia.centerweb.fixture"},{"source":"br.com.trevisantecnologia.centerweb.business","target":"br.com.trevisantecnologia.centerweb.helper"},{"source":"br.com.trevisantecnologia.centerweb.business","target":"br.com.trevisantecnologia.centerweb.model"},{"source":"br.com.trevisantecnologia.centerweb.business","target":"br.com.trevisantecnologia.centerweb.model.dashboard"},{"source":"br.com.trevisantecnologia.centerweb.business","target":"br.com.trevisantecnologia.centerweb.model.schedule.notification"},{"source":"br.com.trevisantecnologia.centerweb.business","target":"br.com.trevisantecnologia.centerweb.service"},{"source":"br.com.trevisantecnologia.centerweb.business","target":"br.com.trevisantecnologia.centerweb.service.media"},{"source":"br.com.trevisantecnologia.centerweb.business","target":"br.com.trevisantecnologia.centerweb.structuralDataSet"},{"source":"br.com.trevisantecnologia.centerweb.business","target":"br.com.trevisantecnologia.centerweb.types"},{"source":"br.com.trevisantecnologia.centerweb.business","target":"br.com.trevisantecnologia.centerweb.util"},{"source":"br.com.trevisantecnologia.centerweb.business","target":"br.com.trevisantecnologia.centerweb.validation"},{"source":"br.com.trevisantecnologia.centerweb.serialization","target":"br.com.trevisantecnologia.centerweb.api.internal.model"},{"source":"br.com.trevisantecnologia.centerweb.serialization","target":"br.com.trevisantecnologia.centerweb.api.model"},{"source":"br.com.trevisantecnologia.centerweb.serialization","target":"br.com.trevisantecnologia.centerweb.eca.connector"},{"source":"br.com.trevisantecnologia.centerweb.serialization","target":"br.com.trevisantecnologia.centerweb.eca.connector.context"},{"source":"br.com.trevisantecnologia.centerweb.serialization","target":"br.com.trevisantecnologia.centerweb.fixture"},{"source":"br.com.trevisantecnologia.centerweb.serialization","target":"br.com.trevisantecnologia.centerweb.helper"},{"source":"br.com.trevisantecnologia.centerweb.serialization","target":"br.com.trevisantecnologia.centerweb.mock"},{"source":"br.com.trevisantecnologia.centerweb.serialization","target":"br.com.trevisantecnologia.centerweb.model"},{"source":"br.com.trevisantecnologia.centerweb.serialization","target":"br.com.trevisantecnologia.centerweb.model.dashboard"},{"source":"br.com.trevisantecnologia.centerweb.serialization","target":"br.com.trevisantecnologia.centerweb.reflection"},{"source":"br.com.trevisantecnologia.centerweb.serialization","target":"br.com.trevisantecnologia.centerweb.serialization.converter.schedule"},{"source":"br.com.trevisantecnologia.centerweb.serialization","target":"br.com.trevisantecnologia.centerweb.serialization.converter.util"},{"source":"br.com.trevisantecnologia.centerweb.serialization","target":"br.com.trevisantecnologia.centerweb.serialization.view"},{"source":"br.com.trevisantecnologia.centerweb.serialization","target":"br.com.trevisantecnologia.centerweb.service"},{"source":"br.com.trevisantecnologia.centerweb.serialization","target":"br.com.trevisantecnologia.centerweb.types"},{"source":"br.com.trevisantecnologia.centerweb.serialization","target":"br.com.trevisantecnologia.centerweb.util"},{"source":"br.com.trevisantecnologia.centerweb.api.controller","target":"br.com.trevisantecnologia.centerweb.api"},{"source":"br.com.trevisantecnologia.centerweb.api.controller","target":"br.com.trevisantecnologia.centerweb.api.batch.service"},{"source":"br.com.trevisantecnologia.centerweb.api.controller","target":"br.com.trevisantecnologia.centerweb.api.exception"},{"source":"br.com.trevisantecnologia.centerweb.api.controller","target":"br.com.trevisantecnologia.centerweb.api.internal.exception"},{"source":"br.com.trevisantecnologia.centerweb.api.controller","target":"br.com.trevisantecnologia.centerweb.api.internal.model"},{"source":"br.com.trevisantecnologia.centerweb.api.controller","target":"br.com.trevisantecnologia.centerweb.api.model"},{"source":"br.com.trevisantecnologia.centerweb.api.controller","target":"br.com.trevisantecnologia.centerweb.api.service"},{"source":"br.com.trevisantecnologia.centerweb.api.controller","target":"br.com.trevisantecnologia.centerweb.environment"},{"source":"br.com.trevisantecnologia.centerweb.api.controller","target":"br.com.trevisantecnologia.centerweb.exception"},{"source":"br.com.trevisantecnologia.centerweb.api.controller","target":"br.com.trevisantecnologia.centerweb.fixture"},{"source":"br.com.trevisantecnologia.centerweb.api.controller","target":"br.com.trevisantecnologia.centerweb.helper"},{"source":"br.com.trevisantecnologia.centerweb.api.controller","target":"br.com.trevisantecnologia.centerweb.mock"},{"source":"br.com.trevisantecnologia.centerweb.api.controller","target":"br.com.trevisantecnologia.centerweb.model"},{"source":"br.com.trevisantecnologia.centerweb.api.controller","target":"br.com.trevisantecnologia.centerweb.model.schedule.notification"},{"source":"br.com.trevisantecnologia.centerweb.api.controller","target":"br.com.trevisantecnologia.centerweb.reflection"},{"source":"br.com.trevisantecnologia.centerweb.api.controller","target":"br.com.trevisantecnologia.centerweb.serialization"},{"source":"br.com.trevisantecnologia.centerweb.api.controller","target":"br.com.trevisantecnologia.centerweb.serialization.view"},{"source":"br.com.trevisantecnologia.centerweb.api.controller","target":"br.com.trevisantecnologia.centerweb.service"},{"source":"br.com.trevisantecnologia.centerweb.api.controller","target":"br.com.trevisantecnologia.centerweb.service.activity.section"},{"source":"br.com.trevisantecnologia.centerweb.api.controller","target":"br.com.trevisantecnologia.centerweb.util"},{"source":"br.com.trevisantecnologia.centerweb.api.controller","target":"br.com.trevisantecnologia.centerweb.validation"},{"source":"br.com.trevisantecnologia.centerweb.validation","target":"br.com.trevisantecnologia.centerweb.api.exception"},{"source":"br.com.trevisantecnologia.centerweb.validation","target":"br.com.trevisantecnologia.centerweb.api.model"},{"source":"br.com.trevisantecnologia.centerweb.validation","target":"br.com.trevisantecnologia.centerweb.business"},{"source":"br.com.trevisantecnologia.centerweb.validation","target":"br.com.trevisantecnologia.centerweb.exception"},{"source":"br.com.trevisantecnologia.centerweb.validation","target":"br.com.trevisantecnologia.centerweb.fixture"},{"source":"br.com.trevisantecnologia.centerweb.validation","target":"br.com.trevisantecnologia.centerweb.helper"},{"source":"br.com.trevisantecnologia.centerweb.validation","target":"br.com.trevisantecnologia.centerweb.model"},{"source":"br.com.trevisantecnologia.centerweb.validation","target":"br.com.trevisantecnologia.centerweb.reflection"},{"source":"br.com.trevisantecnologia.centerweb.validation","target":"br.com.trevisantecnologia.centerweb.service"},{"source":"br.com.trevisantecnologia.centerweb.validation","target":"br.com.trevisantecnologia.centerweb.structuralDataSet"},{"source":"br.com.trevisantecnologia.centerweb.validation","target":"br.com.trevisantecnologia.centerweb.util"},{"source":"br.com.trevisantecnologia.centerweb.helper","target":"br.com.trevisantecnologia.centerweb.exception"},{"source":"br.com.trevisantecnologia.centerweb.helper","target":"br.com.trevisantecnologia.centerweb.fixture"},{"source":"br.com.trevisantecnologia.centerweb.helper","target":"br.com.trevisantecnologia.centerweb.helper"},{"source":"br.com.trevisantecnologia.centerweb.helper","target":"br.com.trevisantecnologia.centerweb.mail"},{"source":"br.com.trevisantecnologia.centerweb.helper","target":"br.com.trevisantecnologia.centerweb.mock"},{"source":"br.com.trevisantecnologia.centerweb.helper","target":"br.com.trevisantecnologia.centerweb.model"},{"source":"br.com.trevisantecnologia.centerweb.helper","target":"br.com.trevisantecnologia.centerweb.serialization"},{"source":"br.com.trevisantecnologia.centerweb.helper","target":"br.com.trevisantecnologia.centerweb.serialization.view"},{"source":"br.com.trevisantecnologia.centerweb.helper","target":"br.com.trevisantecnologia.centerweb.service"},{"source":"br.com.trevisantecnologia.centerweb.helper","target":"br.com.trevisantecnologia.centerweb.util"},{"source":"br.com.trevisantecnologia.centerweb.dao.structuralDaset","target":"br.com.trevisantecnologia.centerweb.dao"},{"source":"br.com.trevisantecnologia.centerweb.dao.structuralDaset","target":"br.com.trevisantecnologia.centerweb.model"},{"source":"br.com.trevisantecnologia.centerweb.dao.structuralDaset","target":"br.com.trevisantecnologia.centerweb.reflection"},{"source":"br.com.trevisantecnologia.centerweb.dao.structuralDaset","target":"br.com.trevisantecnologia.centerweb.structuralDataSet"},{"source":"br.com.trevisantecnologia.centerweb.api.exception","target":"br.com.trevisantecnologia.centerweb.api.internal.exception"},{"source":"br.com.trevisantecnologia.centerweb.api.exception","target":"br.com.trevisantecnologia.centerweb.api.model"},{"source":"br.com.trevisantecnologia.centerweb.api.exception","target":"br.com.trevisantecnologia.centerweb.fixture"},{"source":"br.com.trevisantecnologia.centerweb.api.exception","target":"br.com.trevisantecnologia.centerweb.util"},{"source":"br.com.trevisantecnologia.centerweb.web.handler","target":"br.com.trevisantecnologia.centerweb.fixture"},{"source":"br.com.trevisantecnologia.centerweb.web.handler","target":"br.com.trevisantecnologia.centerweb.model"},{"source":"br.com.trevisantecnologia.centerweb.web.handler","target":"br.com.trevisantecnologia.centerweb.reflection"},{"source":"br.com.trevisantecnologia.centerweb.web.handler","target":"br.com.trevisantecnologia.centerweb.web"},{"source":"br.com.trevisantecnologia.centerweb.business.schedule","target":"br.com.trevisantecnologia.centerweb.business"},{"source":"br.com.trevisantecnologia.centerweb.business.schedule","target":"br.com.trevisantecnologia.centerweb.exception"},{"source":"br.com.trevisantecnologia.centerweb.business.schedule","target":"br.com.trevisantecnologia.centerweb.fixture"},{"source":"br.com.trevisantecnologia.centerweb.business.schedule","target":"br.com.trevisantecnologia.centerweb.model"},{"source":"br.com.trevisantecnologia.centerweb.business.schedule","target":"br.com.trevisantecnologia.centerweb.service"},{"source":"br.com.trevisantecnologia.centerweb.business.schedule","target":"br.com.trevisantecnologia.centerweb.types"},{"source":"br.com.trevisantecnologia.centerweb.business.schedule","target":"br.com.trevisantecnologia.centerweb.util"},{"source":"br.com.trevisantecnologia.centerweb.interceptor","target":"br.com.trevisantecnologia.centerweb.api.controller"},{"source":"br.com.trevisantecnologia.centerweb.interceptor","target":"br.com.trevisantecnologia.centerweb.api.exception"},{"source":"br.com.trevisantecnologia.centerweb.interceptor","target":"br.com.trevisantecnologia.centerweb.api.internal.controller"},{"source":"br.com.trevisantecnologia.centerweb.interceptor","target":"br.com.trevisantecnologia.centerweb.business"},{"source":"br.com.trevisantecnologia.centerweb.interceptor","target":"br.com.trevisantecnologia.centerweb.controller"},{"source":"br.com.trevisantecnologia.centerweb.interceptor","target":"br.com.trevisantecnologia.centerweb.dao.impl"},{"source":"br.com.trevisantecnologia.centerweb.interceptor","target":"br.com.trevisantecnologia.centerweb.exception"},{"source":"br.com.trevisantecnologia.centerweb.interceptor","target":"br.com.trevisantecnologia.centerweb.factory"},{"source":"br.com.trevisantecnologia.centerweb.interceptor","target":"br.com.trevisantecnologia.centerweb.fixture"},{"source":"br.com.trevisantecnologia.centerweb.interceptor","target":"br.com.trevisantecnologia.centerweb.mock"},{"source":"br.com.trevisantecnologia.centerweb.interceptor","target":"br.com.trevisantecnologia.centerweb.model"},{"source":"br.com.trevisantecnologia.centerweb.interceptor","target":"br.com.trevisantecnologia.centerweb.restriction"},{"source":"br.com.trevisantecnologia.centerweb.interceptor","target":"br.com.trevisantecnologia.centerweb.service"},{"source":"br.com.trevisantecnologia.centerweb.interceptor","target":"br.com.trevisantecnologia.centerweb.util"},{"source":"br.com.trevisantecnologia.centerweb.structuralDataSet","target":"br.com.trevisantecnologia.centerweb.business"},{"source":"br.com.trevisantecnologia.centerweb.structuralDataSet","target":"br.com.trevisantecnologia.centerweb.dao.impl"},{"source":"br.com.trevisantecnologia.centerweb.structuralDataSet","target":"br.com.trevisantecnologia.centerweb.fixture"},{"source":"br.com.trevisantecnologia.centerweb.structuralDataSet","target":"br.com.trevisantecnologia.centerweb.model"},{"source":"br.com.trevisantecnologia.centerweb.structuralDataSet","target":"br.com.trevisantecnologia.centerweb.reflection"},{"source":"br.com.trevisantecnologia.centerweb.structuralDataSet","target":"br.com.trevisantecnologia.centerweb.service"},{"source":"br.com.trevisantecnologia.centerweb.structuralDataSet","target":"br.com.trevisantecnologia.centerweb.types"},{"source":"br.com.trevisantecnologia.centerweb.structuralDataSet","target":"br.com.trevisantecnologia.centerweb.util"},{"source":"br.com.trevisantecnologia.centerweb.factory","target":"br.com.trevisantecnologia.centerweb.fixture"},{"source":"br.com.trevisantecnologia.centerweb.factory","target":"br.com.trevisantecnologia.centerweb.model"},{"source":"br.com.trevisantecnologia.centerweb.factory","target":"br.com.trevisantecnologia.centerweb.reflection"},{"source":"br.com.trevisantecnologia.centerweb.factory","target":"br.com.trevisantecnologia.centerweb.restriction"},{"source":"br.com.trevisantecnologia.centerweb.factory","target":"br.com.trevisantecnologia.centerweb.service"},{"source":"br.com.trevisantecnologia.centerweb.factory","target":"br.com.trevisantecnologia.centerweb.types"},{"source":"br.com.trevisantecnologia.centerweb.factory","target":"br.com.trevisantecnologia.centerweb.util"},{"source":"br.com.trevisantecnologia.centerweb.mock","target":"br.com.trevisantecnologia.centerweb.api.controller"},{"source":"br.com.trevisantecnologia.centerweb.mock","target":"br.com.trevisantecnologia.centerweb.controller"},{"source":"br.com.trevisantecnologia.centerweb.mock","target":"br.com.trevisantecnologia.centerweb.dao"},{"source":"br.com.trevisantecnologia.centerweb.mock","target":"br.com.trevisantecnologia.centerweb.dao.impl"},{"source":"br.com.trevisantecnologia.centerweb.mock","target":"br.com.trevisantecnologia.centerweb.eca.connector"},{"source":"br.com.trevisantecnologia.centerweb.mock","target":"br.com.trevisantecnologia.centerweb.model"},{"source":"br.com.trevisantecnologia.centerweb.mock","target":"br.com.trevisantecnologia.centerweb.service"},{"source":"br.com.trevisantecnologia.centerweb.mock","target":"br.com.trevisantecnologia.centerweb.util"},{"source":"br.com.trevisantecnologia.centerweb.mock","target":"br.com.trevisantecnologia.centerweb.validation"},{"source":"br.com.trevisantecnologia.centerweb.api.batch.service","target":"br.com.trevisantecnologia.centerweb.api.exception"},{"source":"br.com.trevisantecnologia.centerweb.api.batch.service","target":"br.com.trevisantecnologia.centerweb.dao"},{"source":"br.com.trevisantecnologia.centerweb.api.batch.service","target":"br.com.trevisantecnologia.centerweb.exception"},{"source":"br.com.trevisantecnologia.centerweb.api.batch.service","target":"br.com.trevisantecnologia.centerweb.fixture"},{"source":"br.com.trevisantecnologia.centerweb.api.batch.service","target":"br.com.trevisantecnologia.centerweb.model"},{"source":"br.com.trevisantecnologia.centerweb.api.batch.service","target":"br.com.trevisantecnologia.centerweb.serialization"},{"source":"br.com.trevisantecnologia.centerweb.api.batch.service","target":"br.com.trevisantecnologia.centerweb.service"},{"source":"br.com.trevisantecnologia.centerweb.api.batch.service","target":"br.com.trevisantecnologia.centerweb.service.activity.section"},{"source":"br.com.trevisantecnologia.centerweb.api.batch.service","target":"br.com.trevisantecnologia.centerweb.service.media"},{"source":"br.com.trevisantecnologia.centerweb.api.batch.service","target":"br.com.trevisantecnologia.centerweb.types"},{"source":"br.com.trevisantecnologia.centerweb.restriction.business","target":"br.com.trevisantecnologia.centerweb.restriction.business"},{"source":"br.com.trevisantecnologia.centerweb.restriction.business","target":"br.com.trevisantecnologia.centerweb.util"},{"source":"br.com.trevisantecnologia.centerweb.strategy","target":"br.com.trevisantecnologia.centerweb.fixture"},{"source":"br.com.trevisantecnologia.centerweb.strategy","target":"br.com.trevisantecnologia.centerweb.model"},{"source":"br.com.trevisantecnologia.centerweb.strategy","target":"br.com.trevisantecnologia.centerweb.service"},{"source":"br.com.trevisantecnologia.centerweb.strategy","target":"br.com.trevisantecnologia.centerweb.util"},{"source":"br.com.trevisantecnologia.centerweb.strategy","target":"br.com.trevisantecnologia.centerweb.web"},{"source":"br.com.trevisantecnologia.centerweb.api.model","target":"br.com.trevisantecnologia.centerweb.fixture"},{"source":"br.com.trevisantecnologia.centerweb.api.model","target":"br.com.trevisantecnologia.centerweb.model"},{"source":"br.com.trevisantecnologia.centerweb.api.model","target":"br.com.trevisantecnologia.centerweb.util"},{"source":"br.com.trevisantecnologia.centerweb.business.agentteam","target":"br.com.trevisantecnologia.centerweb.business"},{"source":"br.com.trevisantecnologia.centerweb.business.agentteam","target":"br.com.trevisantecnologia.centerweb.exception"},{"source":"br.com.trevisantecnologia.centerweb.business.agentteam","target":"br.com.trevisantecnologia.centerweb.fixture"},{"source":"br.com.trevisantecnologia.centerweb.business.agentteam","target":"br.com.trevisantecnologia.centerweb.model"},{"source":"br.com.trevisantecnologia.centerweb.business.agentteam","target":"br.com.trevisantecnologia.centerweb.service"},{"source":"br.com.trevisantecnologia.centerweb.business.agentteam","target":"br.com.trevisantecnologia.centerweb.util"},{"source":"br.com.trevisantecnologia.centerweb.chart","target":"br.com.trevisantecnologia.centerweb.exception"},{"source":"br.com.trevisantecnologia.centerweb.chart","target":"br.com.trevisantecnologia.centerweb.fixture"},{"source":"br.com.trevisantecnologia.centerweb.chart","target":"br.com.trevisantecnologia.centerweb.model"},{"source":"br.com.trevisantecnologia.centerweb.chart","target":"br.com.trevisantecnologia.centerweb.service"},{"source":"br.com.trevisantecnologia.centerweb.chart","target":"br.com.trevisantecnologia.centerweb.util"},{"source":"br.com.trevisantecnologia.centerweb.formula.strategies","target":"br.com.trevisantecnologia.centerweb.model"},{"source":"br.com.trevisantecnologia.centerweb.formula.strategies","target":"br.com.trevisantecnologia.centerweb.service"},{"source":"br.com.trevisantecnologia.centerweb.controller.widget","target":"br.com.trevisantecnologia.centerweb.controller"},{"source":"br.com.trevisantecnologia.centerweb.controller.widget","target":"br.com.trevisantecnologia.centerweb.fixture"},{"source":"br.com.trevisantecnologia.centerweb.controller.widget","target":"br.com.trevisantecnologia.centerweb.mock"},{"source":"br.com.trevisantecnologia.centerweb.controller.widget","target":"br.com.trevisantecnologia.centerweb.model"},{"source":"br.com.trevisantecnologia.centerweb.controller.widget","target":"br.com.trevisantecnologia.centerweb.service"},{"source":"br.com.trevisantecnologia.centerweb.controller.widget","target":"br.com.trevisantecnologia.centerweb.util"},{"source":"br.com.trevisantecnologia.centerweb.persistence","target":"br.com.trevisantecnologia.centerweb.model"},{"source":"br.com.trevisantecnologia.centerweb.service.structural","target":"br.com.trevisantecnologia.centerweb.fixture"},{"source":"br.com.trevisantecnologia.centerweb.service.structural","target":"br.com.trevisantecnologia.centerweb.model"},{"source":"br.com.trevisantecnologia.centerweb.service.structural","target":"br.com.trevisantecnologia.centerweb.service"},{"source":"br.com.trevisantecnologia.centerweb.service.structural","target":"br.com.trevisantecnologia.centerweb.service.structural"},{"source":"br.com.trevisantecnologia.centerweb.service.structural","target":"br.com.trevisantecnologia.centerweb.util"},{"source":"br.com.trevisantecnologia.centerweb.umobutilitieslib.impl","target":"br.com.trevisantecnologia.centerweb.model"},{"source":"br.com.trevisantecnologia.centerweb.umobutilitieslib.impl","target":"br.com.trevisantecnologia.centerweb.service"},{"source":"br.com.trevisantecnologia.centerweb.umobutilitieslib.impl","target":"br.com.trevisantecnologia.centerweb.types"},{"source":"br.com.trevisantecnologia.centerweb.umobutilitieslib.impl","target":"br.com.trevisantecnologia.centerweb.util"},{"source":"br.com.trevisantecnologia.centerweb.geo.geocoder","target":"br.com.trevisantecnologia.centerweb.fixture"},{"source":"br.com.trevisantecnologia.centerweb.geo.geocoder","target":"br.com.trevisantecnologia.centerweb.model"},{"source":"br.com.trevisantecnologia.centerweb.environment","target":"br.com.trevisantecnologia.centerweb.http"},{"source":"br.com.trevisantecnologia.centerweb.environment","target":"br.com.trevisantecnologia.centerweb.service"},{"source":"br.com.trevisantecnologia.centerweb.environment","target":"br.com.trevisantecnologia.centerweb.util"},{"source":"br.com.trevisantecnologia.centerweb.eca.connector.impl","target":"br.com.trevisantecnologia.centerweb.connector.exception"},{"source":"br.com.trevisantecnologia.centerweb.eca.connector.impl","target":"br.com.trevisantecnologia.centerweb.connector.model"},{"source":"br.com.trevisantecnologia.centerweb.eca.connector.impl","target":"br.com.trevisantecnologia.centerweb.dao.impl"},{"source":"br.com.trevisantecnologia.centerweb.eca.connector.impl","target":"br.com.trevisantecnologia.centerweb.eca.connector"},{"source":"br.com.trevisantecnologia.centerweb.eca.connector.impl","target":"br.com.trevisantecnologia.centerweb.eca.connector.context"},{"source":"br.com.trevisantecnologia.centerweb.eca.connector.impl","target":"br.com.trevisantecnologia.centerweb.eca.connector.exception"},{"source":"br.com.trevisantecnologia.centerweb.eca.connector.impl","target":"br.com.trevisantecnologia.centerweb.fixture"},{"source":"br.com.trevisantecnologia.centerweb.eca.connector.impl","target":"br.com.trevisantecnologia.centerweb.mail"},{"source":"br.com.trevisantecnologia.centerweb.eca.connector.impl","target":"br.com.trevisantecnologia.centerweb.model"},{"source":"br.com.trevisantecnologia.centerweb.eca.connector.impl","target":"br.com.trevisantecnologia.centerweb.serialization"},{"source":"br.com.trevisantecnologia.centerweb.eca.connector.impl","target":"br.com.trevisantecnologia.centerweb.service"},{"source":"br.com.trevisantecnologia.centerweb.restriction","target":"br.com.trevisantecnologia.centerweb.mock"},{"source":"br.com.trevisantecnologia.centerweb.restriction","target":"br.com.trevisantecnologia.centerweb.model"},{"source":"br.com.trevisantecnologia.centerweb.restriction","target":"br.com.trevisantecnologia.centerweb.restriction"},{"source":"br.com.trevisantecnologia.centerweb.restriction","target":"br.com.trevisantecnologia.centerweb.util"},{"source":"br.com.trevisantecnologia.centerweb.mail","target":"br.com.trevisantecnologia.centerweb.fixture"},{"source":"br.com.trevisantecnologia.centerweb.mail","target":"br.com.trevisantecnologia.centerweb.mail.jaiminho"},{"source":"br.com.trevisantecnologia.centerweb.mail","target":"br.com.trevisantecnologia.centerweb.service"},{"source":"br.com.trevisantecnologia.common.web.displaytag.decorator","target":"br.com.trevisantecnologia.centerweb.util"},{"source":"br.com.trevisantecnologia.centerweb.service.interfaceObject","target":"br.com.trevisantecnologia.centerweb.model"},{"source":"br.com.trevisantecnologia.centerweb.service.interfaceObject","target":"br.com.trevisantecnologia.centerweb.service"},{"source":"br.com.trevisantecnologia.centerweb.service.interfaceObject","target":"br.com.trevisantecnologia.centerweb.util"},{"source":"br.com.trevisantecnologia.centerweb.authentication","target":"br.com.trevisantecnologia.centerweb.fixture"},{"source":"br.com.trevisantecnologia.centerweb.authentication","target":"br.com.trevisantecnologia.centerweb.model"},{"source":"br.com.trevisantecnologia.centerweb.authentication","target":"br.com.trevisantecnologia.centerweb.service"},{"source":"br.com.trevisantecnologia.centerweb.authentication","target":"br.com.trevisantecnologia.centerweb.util"},{"source":"br.com.trevisantecnologia.centerweb.web","target":"br.com.trevisantecnologia.centerweb.fixture"},{"source":"br.com.trevisantecnologia.centerweb.web","target":"br.com.trevisantecnologia.centerweb.model"},{"source":"br.com.trevisantecnologia.centerweb.web","target":"br.com.trevisantecnologia.centerweb.web.handler"},{"source":"br.com.trevisantecnologia.centerweb.eca.connector","target":"br.com.trevisantecnologia.centerweb.connector.model"},{"source":"br.com.trevisantecnologia.centerweb.eca.connector","target":"br.com.trevisantecnologia.centerweb.dao.impl"},{"source":"br.com.trevisantecnologia.centerweb.eca.connector","target":"br.com.trevisantecnologia.centerweb.eca.connector.exception"},{"source":"br.com.trevisantecnologia.centerweb.eca.connector","target":"br.com.trevisantecnologia.centerweb.eca.connector.impl"},{"source":"br.com.trevisantecnologia.centerweb.eca.connector","target":"br.com.trevisantecnologia.centerweb.fixture"},{"source":"br.com.trevisantecnologia.centerweb.eca.connector","target":"br.com.trevisantecnologia.centerweb.mock"},{"source":"br.com.trevisantecnologia.centerweb.eca.connector","target":"br.com.trevisantecnologia.centerweb.model"},{"source":"br.com.trevisantecnologia.centerweb.eca.connector","target":"br.com.trevisantecnologia.centerweb.service"},{"source":"br.com.trevisantecnologia.centerweb.service.recaptcha","target":"br.com.trevisantecnologia.centerweb.controller.recaptcha"},{"source":"br.com.trevisantecnologia.centerweb.service.recaptcha","target":"br.com.trevisantecnologia.centerweb.dao"},{"source":"br.com.trevisantecnologia.centerweb.service.recaptcha","target":"br.com.trevisantecnologia.centerweb.fixture"},{"source":"br.com.trevisantecnologia.centerweb.service.recaptcha","target":"br.com.trevisantecnologia.centerweb.http"},{"source":"br.com.trevisantecnologia.centerweb.service.recaptcha","target":"br.com.trevisantecnologia.centerweb.model"},{"source":"br.com.trevisantecnologia.centerweb.service.recaptcha","target":"br.com.trevisantecnologia.centerweb.service"},{"source":"br.com.trevisantecnologia.centerweb.service.recaptcha","target":"br.com.trevisantecnologia.centerweb.service.recaptcha.dto"},{"source":"br.com.trevisantecnologia.centerweb.model.activity.section.field","target":"br.com.trevisantecnologia.centerweb.util"},{"source":"br.com.trevisantecnologia.centerweb.connector.model","target":"br.com.trevisantecnologia.centerweb.connector.exception"},{"source":"br.com.trevisantecnologia.centerweb.model.dashboard","target":"br.com.trevisantecnologia.centerweb.model"},{"source":"br.com.trevisantecnologia.centerweb.cache","target":"br.com.trevisantecnologia.centerweb.fixture"},{"source":"br.com.trevisantecnologia.centerweb.cache","target":"br.com.trevisantecnologia.centerweb.model"},{"source":"br.com.trevisantecnologia.centerweb.geo","target":"br.com.trevisantecnologia.centerweb.api.model"},{"source":"br.com.trevisantecnologia.centerweb.geo","target":"br.com.trevisantecnologia.centerweb.exception"},{"source":"br.com.trevisantecnologia.centerweb.geo","target":"br.com.trevisantecnologia.centerweb.model"},{"source":"br.com.trevisantecnologia.centerweb.geo","target":"br.com.trevisantecnologia.centerweb.service"},{"source":"br.com.trevisantecnologia.centerweb.geo","target":"br.com.trevisantecnologia.centerweb.util"},{"source":"br.com.trevisantecnologia.centerweb.geo.router","target":"br.com.trevisantecnologia.centerweb.api.exception"},{"source":"br.com.trevisantecnologia.centerweb.geo.router","target":"br.com.trevisantecnologia.centerweb.api.model"},{"source":"br.com.trevisantecnologia.centerweb.geo.router","target":"br.com.trevisantecnologia.centerweb.exception"},{"source":"br.com.trevisantecnologia.centerweb.geo.router","target":"br.com.trevisantecnologia.centerweb.fixture"},{"source":"br.com.trevisantecnologia.centerweb.geo.router","target":"br.com.trevisantecnologia.centerweb.geo.distancematrix"},{"source":"br.com.trevisantecnologia.centerweb.geo.router","target":"br.com.trevisantecnologia.centerweb.model"},{"source":"br.com.trevisantecnologia.centerweb.api.model.activityHistoryCreation","target":"br.com.trevisantecnologia.centerweb.model"},{"source":"br.com.trevisantecnologia.umob.map","target":"br.com.trevisantecnologia.centerweb.model"},{"source":"br.com.trevisantecnologia.centerweb.reflection","target":"br.com.trevisantecnologia.centerweb.fixture"},{"source":"br.com.trevisantecnologia.centerweb.reflection","target":"br.com.trevisantecnologia.centerweb.model"},{"source":"br.com.trevisantecnologia.centerweb.reflection","target":"br.com.trevisantecnologia.centerweb.model.dashboard"},{"source":"br.com.trevisantecnologia.centerweb.reflection","target":"br.com.trevisantecnologia.centerweb.reflection"},{"source":"br.com.trevisantecnologia.centerweb.connector","target":"br.com.trevisantecnologia.centerweb.connector.context"},{"source":"br.com.trevisantecnologia.centerweb.connector","target":"br.com.trevisantecnologia.centerweb.connector.exception"},{"source":"br.com.trevisantecnologia.centerweb.connector","target":"br.com.trevisantecnologia.centerweb.connector.model"},{"source":"br.com.trevisantecnologia.centerweb.connector","target":"br.com.trevisantecnologia.centerweb.fixture"},{"source":"br.com.trevisantecnologia.centerweb.connector","target":"br.com.trevisantecnologia.centerweb.mail"},{"source":"br.com.trevisantecnologia.centerweb.service.idiom","target":"br.com.trevisantecnologia.centerweb.fixture"},{"source":"br.com.trevisantecnologia.centerweb.service.idiom","target":"br.com.trevisantecnologia.centerweb.model"},{"source":"br.com.trevisantecnologia.centerweb.service.idiom","target":"br.com.trevisantecnologia.centerweb.service"},{"source":"br.com.trevisantecnologia.centerweb.service.idiom","target":"br.com.trevisantecnologia.centerweb.util"},{"source":"br.com.trevisantecnologia.centerweb.api.service","target":"br.com.trevisantecnologia.centerweb.api.exception"},{"source":"br.com.trevisantecnologia.centerweb.api.service","target":"br.com.trevisantecnologia.centerweb.api.model"},{"source":"br.com.trevisantecnologia.centerweb.api.service","target":"br.com.trevisantecnologia.centerweb.business"},{"source":"br.com.trevisantecnologia.centerweb.api.service","target":"br.com.trevisantecnologia.centerweb.exception"},{"source":"br.com.trevisantecnologia.centerweb.api.service","target":"br.com.trevisantecnologia.centerweb.fixture"},{"source":"br.com.trevisantecnologia.centerweb.api.service","target":"br.com.trevisantecnologia.centerweb.geo"},{"source":"br.com.trevisantecnologia.centerweb.api.service","target":"br.com.trevisantecnologia.centerweb.geo.router"},{"source":"br.com.trevisantecnologia.centerweb.api.service","target":"br.com.trevisantecnologia.centerweb.model"},{"source":"br.com.trevisantecnologia.centerweb.api.service","target":"br.com.trevisantecnologia.centerweb.serialization"},{"source":"br.com.trevisantecnologia.centerweb.api.service","target":"br.com.trevisantecnologia.centerweb.service.activity.section"},{"source":"br.com.trevisantecnologia.centerweb.api.service","target":"br.com.trevisantecnologia.centerweb.util"},{"source":"br.com.trevisantecnologia.centerweb.serialization.view","target":"br.com.trevisantecnologia.centerweb.model"},{"source":"br.com.trevisantecnologia.centerweb.controller.managementPanel","target":"br.com.trevisantecnologia.centerweb.controller"},{"source":"br.com.trevisantecnologia.centerweb.controller.managementPanel","target":"br.com.trevisantecnologia.centerweb.fixture"},{"source":"br.com.trevisantecnologia.centerweb.controller.managementPanel","target":"br.com.trevisantecnologia.centerweb.model"},{"source":"br.com.trevisantecnologia.centerweb.controller.managementPanel","target":"br.com.trevisantecnologia.centerweb.service"},{"source":"br.com.trevisantecnologia.centerweb.controller.managementPanel","target":"br.com.trevisantecnologia.centerweb.service.managementPanel"},{"source":"br.com.trevisantecnologia.centerweb.service.media","target":"br.com.trevisantecnologia.centerweb.aws"},{"source":"br.com.trevisantecnologia.centerweb.service.media","target":"br.com.trevisantecnologia.centerweb.business"},{"source":"br.com.trevisantecnologia.centerweb.service.media","target":"br.com.trevisantecnologia.centerweb.dao"},{"source":"br.com.trevisantecnologia.centerweb.service.media","target":"br.com.trevisantecnologia.centerweb.exception"},{"source":"br.com.trevisantecnologia.centerweb.service.media","target":"br.com.trevisantecnologia.centerweb.fixture"},{"source":"br.com.trevisantecnologia.centerweb.service.media","target":"br.com.trevisantecnologia.centerweb.model"},{"source":"br.com.trevisantecnologia.centerweb.service.media","target":"br.com.trevisantecnologia.centerweb.service"},{"source":"br.com.trevisantecnologia.centerweb.service.media","target":"br.com.trevisantecnologia.centerweb.util"},{"source":"br.com.trevisantecnologia.centerweb.service.activity.section","target":"br.com.trevisantecnologia.centerweb.dao"},{"source":"br.com.trevisantecnologia.centerweb.service.activity.section","target":"br.com.trevisantecnologia.centerweb.dao.impl.activity.section"},{"source":"br.com.trevisantecnologia.centerweb.service.activity.section","target":"br.com.trevisantecnologia.centerweb.exception"},{"source":"br.com.trevisantecnologia.centerweb.service.activity.section","target":"br.com.trevisantecnologia.centerweb.fixture.activity.section"},{"source":"br.com.trevisantecnologia.centerweb.service.activity.section","target":"br.com.trevisantecnologia.centerweb.model.activity.section"},{"source":"br.com.trevisantecnologia.centerweb.service.activity.section","target":"br.com.trevisantecnologia.centerweb.service"},{"source":"br.com.trevisantecnologia.centerweb.service.activity.section","target":"br.com.trevisantecnologia.centerweb.types"},{"source":"br.com.trevisantecnologia.centerweb.service.activity.section","target":"br.com.trevisantecnologia.centerweb.util"},{"source":"br.com.trevisantecnologia.centerweb.geo.distancematrix","target":"br.com.trevisantecnologia.centerweb.api.model"},{"source":"br.com.trevisantecnologia.centerweb.geo.distancematrix","target":"br.com.trevisantecnologia.centerweb.fixture"},{"source":"br.com.trevisantecnologia.centerweb.geo.distancematrix","target":"br.com.trevisantecnologia.centerweb.geo"},{"source":"br.com.trevisantecnologia.centerweb.geo.distancematrix","target":"br.com.trevisantecnologia.centerweb.model"},{"source":"br.com.trevisantecnologia.centerweb.geo.distancematrix","target":"br.com.trevisantecnologia.centerweb.service"},{"source":"br.com.trevisantecnologia.centerweb.geo.distancematrix","target":"br.com.trevisantecnologia.centerweb.util"},{"source":"br.com.trevisantecnologia.centerweb.mail.jaiminho","target":"br.com.trevisantecnologia.centerweb.fixture"},{"source":"br.com.trevisantecnologia.centerweb.mail.jaiminho","target":"br.com.trevisantecnologia.centerweb.http"},{"source":"br.com.trevisantecnologia.centerweb.mail.jaiminho","target":"br.com.trevisantecnologia.centerweb.service"},{"source":"br.com.trevisantecnologia.centerweb.serialization.converter.schedule","target":"br.com.trevisantecnologia.centerweb.fixture"},{"source":"br.com.trevisantecnologia.centerweb.serialization.converter.schedule","target":"br.com.trevisantecnologia.centerweb.mock"},{"source":"br.com.trevisantecnologia.centerweb.serialization.converter.schedule","target":"br.com.trevisantecnologia.centerweb.model"},{"source":"br.com.trevisantecnologia.centerweb.serialization.converter.util","target":"br.com.trevisantecnologia.centerweb.api.model"},{"source":"br.com.trevisantecnologia.centerweb.serialization.converter.util","target":"br.com.trevisantecnologia.centerweb.fixture"},{"source":"br.com.trevisantecnologia.centerweb.serialization.converter.util","target":"br.com.trevisantecnologia.centerweb.mock"},{"source":"br.com.trevisantecnologia.centerweb.serialization.converter.util","target":"br.com.trevisantecnologia.centerweb.model"},{"source":"br.com.trevisantecnologia.centerweb.serialization.converter.util","target":"br.com.trevisantecnologia.centerweb.reflection"},{"source":"br.com.trevisantecnologia.centerweb.serialization.converter.util","target":"br.com.trevisantecnologia.centerweb.serialization.converter.util"},{"source":"br.com.trevisantecnologia.centerweb.serialization.converter.itinerary","target":"br.com.trevisantecnologia.centerweb.exception"},{"source":"br.com.trevisantecnologia.centerweb.serialization.converter.itinerary","target":"br.com.trevisantecnologia.centerweb.mock"},{"source":"br.com.trevisantecnologia.centerweb.serialization.converter.itinerary","target":"br.com.trevisantecnologia.centerweb.model"},{"source":"br.com.trevisantecnologia.centerweb.model.schedule.notification","target":"br.com.trevisantecnologia.centerweb.fixture"},{"source":"br.com.trevisantecnologia.centerweb.model.schedule.notification","target":"br.com.trevisantecnologia.centerweb.model"},{"source":"br.com.trevisantecnologia.centerweb.api.interceptor","target":"br.com.trevisantecnologia.centerweb.api.controller"},{"source":"br.com.trevisantecnologia.centerweb.api.interceptor","target":"br.com.trevisantecnologia.centerweb.api.exception"},{"source":"br.com.trevisantecnologia.centerweb.api.interceptor","target":"br.com.trevisantecnologia.centerweb.api.internal.controller"},{"source":"br.com.trevisantecnologia.centerweb.api.interceptor","target":"br.com.trevisantecnologia.centerweb.api.model"},{"source":"br.com.trevisantecnologia.centerweb.api.interceptor","target":"br.com.trevisantecnologia.centerweb.authentication"},{"source":"br.com.trevisantecnologia.centerweb.api.interceptor","target":"br.com.trevisantecnologia.centerweb.controller"},{"source":"br.com.trevisantecnologia.centerweb.api.interceptor","target":"br.com.trevisantecnologia.centerweb.fixture"},{"source":"br.com.trevisantecnologia.centerweb.api.interceptor","target":"br.com.trevisantecnologia.centerweb.helper"},{"source":"br.com.trevisantecnologia.centerweb.api.interceptor","target":"br.com.trevisantecnologia.centerweb.interceptor"},{"source":"br.com.trevisantecnologia.centerweb.api.interceptor","target":"br.com.trevisantecnologia.centerweb.mock"},{"source":"br.com.trevisantecnologia.centerweb.api.interceptor","target":"br.com.trevisantecnologia.centerweb.model"},{"source":"br.com.trevisantecnologia.centerweb.api.interceptor","target":"br.com.trevisantecnologia.centerweb.service"},{"source":"br.com.trevisantecnologia.centerweb.api.interceptor","target":"br.com.trevisantecnologia.centerweb.util"},{"source":"br.com.trevisantecnologia.centerweb.router","target":"br.com.trevisantecnologia.centerweb.api.controller"},{"source":"br.com.trevisantecnologia.centerweb.router","target":"br.com.trevisantecnologia.centerweb.connector.controller"},{"source":"br.com.trevisantecnologia.centerweb.router","target":"br.com.trevisantecnologia.centerweb.controller"},{"source":"br.com.trevisantecnologia.centerweb.formula.builders","target":"br.com.trevisantecnologia.centerweb.formula.strategies"},{"source":"br.com.trevisantecnologia.centerweb.formula.builders","target":"br.com.trevisantecnologia.centerweb.service"},{"source":"br.com.trevisantecnologia.centerweb.http","target":"br.com.trevisantecnologia.centerweb.api.model"},{"source":"br.com.trevisantecnologia.centerweb.http","target":"br.com.trevisantecnologia.centerweb.authentication"},{"source":"br.com.trevisantecnologia.centerweb.http","target":"br.com.trevisantecnologia.centerweb.exception"},{"source":"br.com.trevisantecnologia.centerweb.http","target":"br.com.trevisantecnologia.centerweb.fixture"},{"source":"br.com.trevisantecnologia.centerweb.http","target":"br.com.trevisantecnologia.centerweb.model"},{"source":"br.com.trevisantecnologia.centerweb.http","target":"br.com.trevisantecnologia.centerweb.service"},{"source":"br.com.trevisantecnologia.centerweb.http","target":"br.com.trevisantecnologia.centerweb.util"},{"source":"br.com.trevisantecnologia.centerweb.connector.controller","target":"br.com.trevisantecnologia.centerweb.connector"},{"source":"br.com.trevisantecnologia.centerweb.connector.controller","target":"br.com.trevisantecnologia.centerweb.connector.exception"},{"source":"br.com.trevisantecnologia.centerweb.connector.controller","target":"br.com.trevisantecnologia.centerweb.connector.model"},{"source":"br.com.trevisantecnologia.centerweb.connector.controller","target":"br.com.trevisantecnologia.centerweb.eca.connector"},{"source":"br.com.trevisantecnologia.centerweb.connector.controller","target":"br.com.trevisantecnologia.centerweb.eca.connector.controller"},{"source":"br.com.trevisantecnologia.centerweb.connector.controller","target":"br.com.trevisantecnologia.centerweb.eca.connector.exception"},{"source":"br.com.trevisantecnologia.centerweb.eca.connector.controller","target":"br.com.trevisantecnologia.centerweb.eca.connector"},{"source":"br.com.trevisantecnologia.centerweb.eca.connector.controller","target":"br.com.trevisantecnologia.centerweb.eca.connector.exception"},{"source":"br.com.trevisantecnologia.centerweb.sessionScoped","target":"br.com.trevisantecnologia.centerweb.test"},{"source":"br.com.trevisantecnologia.centerweb.io","target":"br.com.trevisantecnologia.centerweb.service"},{"source":"br.com.trevisantecnologia.centerweb.io","target":"br.com.trevisantecnologia.centerweb.util"},{"source":"br.com.trevisantecnologia.centerweb.eca.connector.context","target":"br.com.trevisantecnologia.centerweb.model"},{"source":"br.com.trevisantecnologia.centerweb.model.activity.section","target":"br.com.trevisantecnologia.centerweb.model"},{"source":"br.com.trevisantecnologia.centerweb.aws","target":"br.com.trevisantecnologia.centerweb.model"},{"source":"br.com.trevisantecnologia.centerweb.controller.ureport","target":"br.com.trevisantecnologia.centerweb.controller"},{"source":"br.com.trevisantecnologia.centerweb.controller.ureport","target":"br.com.trevisantecnologia.centerweb.fixture"},{"source":"br.com.trevisantecnologia.centerweb.controller.ureport","target":"br.com.trevisantecnologia.centerweb.model"},{"source":"br.com.trevisantecnologia.centerweb.controller.ureport","target":"br.com.trevisantecnologia.centerweb.service"},{"source":"br.com.trevisantecnologia.centerweb.controller.ureport","target":"br.com.trevisantecnologia.centerweb.service.ureport"},{"source":"br.com.trevisantecnologia.centerweb.controller.ureport","target":"br.com.trevisantecnologia.centerweb.util"},{"source":"br.com.trevisantecnologia.centerweb.controller.payment","target":"br.com.trevisantecnologia.centerweb.fixture"},{"source":"br.com.trevisantecnologia.centerweb.controller.payment","target":"br.com.trevisantecnologia.centerweb.model"},{"source":"br.com.trevisantecnologia.centerweb.controller.payment","target":"br.com.trevisantecnologia.centerweb.service"},{"source":"br.com.trevisantecnologia.centerweb.controller.payment","target":"br.com.trevisantecnologia.centerweb.service.payment"},{"source":"br.com.trevisantecnologia.centerweb.provider","target":"br.com.trevisantecnologia.centerweb.interceptor"},{"source":"br.com.trevisantecnologia.centerweb.service.ureport","target":"br.com.trevisantecnologia.centerweb.authentication"},{"source":"br.com.trevisantecnologia.centerweb.service.ureport","target":"br.com.trevisantecnologia.centerweb.dao.ureport"},{"source":"br.com.trevisantecnologia.centerweb.service.ureport","target":"br.com.trevisantecnologia.centerweb.exception"},{"source":"br.com.trevisantecnologia.centerweb.service.ureport","target":"br.com.trevisantecnologia.centerweb.fixture"},{"source":"br.com.trevisantecnologia.centerweb.service.ureport","target":"br.com.trevisantecnologia.centerweb.model"},{"source":"br.com.trevisantecnologia.centerweb.service.ureport","target":"br.com.trevisantecnologia.centerweb.service"},{"source":"br.com.trevisantecnologia.centerweb.service.ureport","target":"br.com.trevisantecnologia.centerweb.util"},{"source":"br.com.trevisantecnologia.centerweb.service.managementPanel","target":"br.com.trevisantecnologia.centerweb.authentication"},{"source":"br.com.trevisantecnologia.centerweb.service.managementPanel","target":"br.com.trevisantecnologia.centerweb.exception"},{"source":"br.com.trevisantecnologia.centerweb.service.managementPanel","target":"br.com.trevisantecnologia.centerweb.fixture"},{"source":"br.com.trevisantecnologia.centerweb.service.managementPanel","target":"br.com.trevisantecnologia.centerweb.util"},{"source":"br.com.trevisantecnologia.centerweb.service.payment","target":"br.com.trevisantecnologia.centerweb.authentication"},{"source":"br.com.trevisantecnologia.centerweb.service.payment","target":"br.com.trevisantecnologia.centerweb.exception"},{"source":"br.com.trevisantecnologia.centerweb.service.payment","target":"br.com.trevisantecnologia.centerweb.fixture"},{"source":"br.com.trevisantecnologia.centerweb.service.payment","target":"br.com.trevisantecnologia.centerweb.util"},{"source":"br.com.trevisantecnologia.centerweb.api.internal.controller","target":"br.com.trevisantecnologia.centerweb.api.internal.exception"},{"source":"br.com.trevisantecnologia.centerweb.api.internal.controller","target":"br.com.trevisantecnologia.centerweb.api.internal.model"},{"source":"br.com.trevisantecnologia.centerweb.api.internal.controller","target":"br.com.trevisantecnologia.centerweb.fixture"},{"source":"br.com.trevisantecnologia.centerweb.api.internal.controller","target":"br.com.trevisantecnologia.centerweb.helper"},{"source":"br.com.trevisantecnologia.centerweb.api.internal.controller","target":"br.com.trevisantecnologia.centerweb.model"},{"source":"br.com.trevisantecnologia.centerweb.api.internal.controller","target":"br.com.trevisantecnologia.centerweb.reflection"},{"source":"br.com.trevisantecnologia.centerweb.api.internal.controller","target":"br.com.trevisantecnologia.centerweb.service"},{"source":"br.com.trevisantecnologia.centerweb.api.status","target":"br.com.trevisantecnologia.centerweb.api.model"},{"source":"br.com.trevisantecnologia.centerweb.api.status","target":"br.com.trevisantecnologia.centerweb.fixture"},{"source":"br.com.trevisantecnologia.centerweb.api.status","target":"br.com.trevisantecnologia.centerweb.util"},{"source":"br.com.trevisantecnologia.centerweb.api","target":"br.com.trevisantecnologia.centerweb.api.exception"},{"source":"br.com.trevisantecnologia.centerweb.api","target":"br.com.trevisantecnologia.centerweb.fixture"},{"source":"br.com.trevisantecnologia.centerweb.api","target":"br.com.trevisantecnologia.centerweb.model"},{"source":"br.com.trevisantecnologia.centerweb.api","target":"br.com.trevisantecnologia.centerweb.service"},{"source":"br.com.trevisantecnologia.centerweb.eca.connector.exception","target":"br.com.trevisantecnologia.centerweb.eca.connector"},{"source":"br.com.trevisantecnologia.centerweb.api.internal.exception","target":"br.com.trevisantecnologia.centerweb.api.exception"},{"source":"br.com.trevisantecnologia.centerweb.fixture.activity.section","target":"br.com.trevisantecnologia.centerweb.model.activity.section"},{"source":"br.com.trevisantecnologia.centerweb.fixture.dashboard","target":"br.com.trevisantecnologia.centerweb.model.dashboard"},{"source":"org.junit.rule.dbunit","target":"org.junit.rule.dbunit.postgresql.connection"},{"source":"org.junit.rule.dbunit","target":"org.junit.rule.dbunit.postgresql.factory"},{"source":"br.com.trevisantecnologia.centerweb.connector.context","target":"br.com.trevisantecnologia.centerweb.connector.model"},{"source":"br.com.trevisantecnologia.centerweb.controller.map","target":"br.com.trevisantecnologia.centerweb.controller"},{"source":"br.com.trevisantecnologia.centerweb.controller.map","target":"br.com.trevisantecnologia.centerweb.model"},{"source":"br.com.trevisantecnologia.centerweb.controller.map","target":"br.com.trevisantecnologia.centerweb.service"},{"source":"br.com.trevisantecnologia.centerweb.application","target":"br.com.trevisantecnologia.centerweb.model"},{"source":"br.com.trevisantecnologia.centerweb.dao.impl.activity.section","target":"br.com.trevisantecnologia.centerweb.model"},{"source":"br.com.trevisantecnologia.centerweb.dao.impl.activity.section","target":"br.com.trevisantecnologia.centerweb.model.activity.section"},{"source":"br.com.trevisantecnologia.centerweb.dao.impl.activity.section","target":"br.com.trevisantecnologia.centerweb.service"},{"source":"br.com.trevisantecnologia.centerweb.api.internal.model","target":"br.com.trevisantecnologia.centerweb.model"}]}