{"nodes":[{"name":"jdepend.framework","label":"jdepend.framework","id":"jdepend.framework","size":30},{"name":"jdepend.swingui","label":"jdepend.swingui","id":"jdepend.swingui","size":8},{"name":"epayment.framework","label":"epayment.framework","id":"epayment.framework","size":6},{"name":"epayment.commands","label":"epayment.commands","id":"epayment.commands","size":5},{"name":"epayment.adapters","label":"epayment.adapters","id":"epayment.adapters","size":2},{"name":"epayment.processor","label":"epayment.processor","id":"epayment.processor","size":2},{"name":"epayment.request","label":"epayment.request","id":"epayment.request","size":1},{"name":"epayment.response","label":"epayment.response","id":"epayment.response","size":1},{"name":"jdepend.textui","label":"jdepend.textui","id":"jdepend.textui","size":1},{"name":"jdepend.xmlui","label":"jdepend.xmlui","id":"jdepend.xmlui","size":1},{"name":"jdepend.framework.p1","label":"jdepend.framework.p1","id":"jdepend.framework.p1","size":1},{"name":"jdepend.framework.p2","label":"jdepend.framework.p2","id":"jdepend.framework.p2","size":1},{"name":"jdepend.framework.p3","label":"jdepend.framework.p3","id":"jdepend.framework.p3","size":1}],"links":[{"source":"jdepend.framework","target":"jdepend.framework"},{"source":"jdepend.swingui","target":"jdepend.framework"},{"source":"epayment.adapters","target":"epayment.framework"},{"source":"epayment.adapters","target":"epayment.response"},{"source":"epayment.processor","target":"epayment.framework"},{"source":"epayment.request","target":"epayment.framework"},{"source":"epayment.response","target":"epayment.framework"},{"source":"jdepend.textui","target":"jdepend.framework"},{"source":"jdepend.xmlui","target":"jdepend.framework"}]}