"namespace","noc","nac"
"com.puppycrawl.tools.checkstyle.checks.coding",93,2
"com.puppycrawl.tools.checkstyle.checks.indentation.indentation",80,7
"com.puppycrawl.tools.checkstyle",62,8
"com.puppycrawl.tools.checkstyle.api",53,18
"com.puppycrawl.tools.checkstyle.checks.javadoc",49,2
"com.puppycrawl.tools.checkstyle.grammar.java8",48,11
"com.puppycrawl.tools.checkstyle.grammar",41,6
"com.puppycrawl.tools.checkstyle.checks.imports.importorder",39,0
"com.puppycrawl.tools.checkstyle.checks.indentation",38,1
"com.puppycrawl.tools.checkstyle.checks.naming",37,3
"com.puppycrawl.tools.checkstyle.checks.whitespace",36,1
"org.checkstyle.suppressionxpathfilter",35,1
"com.puppycrawl.tools.checkstyle.checks.imports",33,2
"com.puppycrawl.tools.checkstyle.filters",32,1
"com.puppycrawl.tools.checkstyle.checks",30,0
"com.puppycrawl.tools.checkstyle.utils",21,1
"com.puppycrawl.tools.checkstyle.checks.javadoc.javadocmethod",21,6
"com.puppycrawl.tools.checkstyle.checks.design",19,0
"com.puppycrawl.tools.checkstyle.checks.coding.requirethis",18,4
"com.puppycrawl.tools.checkstyle.checks.regexp",17,1
"com.puppycrawl.tools.checkstyle.checks.sizes",17,0
"com.puppycrawl.tools.checkstyle.checks.design.visibilitymodifier",17,2
"com.puppycrawl.tools.checkstyle.checks.javadoc.missingjavadocmethod",17,5
"com.puppycrawl.tools.checkstyle.checks.whitespace.whitespacearound",17,4
"com.puppycrawl.tools.checkstyle.checks.blocks",16,0
"com.puppycrawl.tools.checkstyle.gui",16,0
"com.puppycrawl.tools.checkstyle.checks.blocks.rightcurly",16,3
"com.puppycrawl.tools.checkstyle.checks.modifier.redundantmodifier",16,9
"com.puppycrawl.tools.checkstyle.checks.annotation",15,0
"com.puppycrawl.tools.checkstyle.internal.powermock",15,0
"com.puppycrawl.tools.checkstyle.checks.coding.finallocalvariable",15,2
"com.puppycrawl.tools.checkstyle.checks.javadoc.abstractjavadoc",15,2
"com.puppycrawl.tools.checkstyle.checks.whitespace.emptylineseparator",15,4
"com.puppycrawl.tools.checkstyle.checks.metrics",14,1
"com.google.checkstyle.test.chapter4formatting.rule462horizontalwhitespace",13,4
"com.puppycrawl.tools.checkstyle.checks.annotation.annotationlocation",13,3
"com.puppycrawl.tools.checkstyle.checks.blocks.leftcurly",13,5
"com.puppycrawl.tools.checkstyle.checks.coding.illegaltype",13,5
"com.puppycrawl.tools.checkstyle.checks.imports.customimportorder",13,0
"com.puppycrawl.tools.checkstyle.checks.javadoc.javadoctype",13,5
"com.puppycrawl.tools.checkstyle.checks.whitespace.whitespaceafter",13,2
"com.puppycrawl.tools.checkstyle.checks.modifier.interfacememberimpliedmodifier",12,11
"com.puppycrawl.tools.checkstyle.checks.whitespace.parenpad",12,1
"com.puppycrawl.tools.checkstyle.xpath",11,1
"com.puppycrawl.tools.checkstyle.checks.design.hideutilityclassconstructor",11,3
"com.puppycrawl.tools.checkstyle.checks.imports.unusedimports",11,1
"com.google.checkstyle.test.chapter4formatting.rule412nonemptyblocks",10,0
"com.google.checkstyle.test.chapter4formatting.rule451wheretobreak",10,0
"com.puppycrawl.tools.checkstyle.checks.header.regexpheader",10,0
"com.puppycrawl.tools.checkstyle.checks.metrics.classfanoutcomplexity",10,4
"com.puppycrawl.tools.checkstyle.checks.outertypefilename",10,1
"com.google.checkstyle.test.chapter4formatting.rule4841indentation",9,1
"org.checkstyle.suppressionxpathfilter.genericwhitespace",9,0
"com.puppycrawl.tools.checkstyle.checks.modifier",9,0
"com.puppycrawl.tools.checkstyle.internal.utils",9,0
"com.puppycrawl.tools.checkstyle.checks.annotation.suppresswarnings",9,0
"com.puppycrawl.tools.checkstyle.checks.design.onetoplevelclass",9,2
"com.puppycrawl.tools.checkstyle.checks.javadoc.missingjavadoctype",9,4
"com.puppycrawl.tools.checkstyle.checks.whitespace.nowhitespaceafter",9,1
"com.puppycrawl.tools.checkstyle.utils.blockcommentposition",9,1
"com.google.checkstyle.test.chapter4formatting.rule413emptyblocks",8,1
"com.google.checkstyle.test.chapter7javadoc.rule713atclauses",8,3
"com.google.checkstyle.test.chapter4formatting.rule42blockindentation",8,1
"com.google.checkstyle.test.chapter4formatting.rule452indentcontinuationlines",8,1
"com.puppycrawl.tools.checkstyle.asttreestringprinter",8,0
"com.puppycrawl.tools.checkstyle.checks.annotation.annotationusestyle",8,0
"com.puppycrawl.tools.checkstyle.checks.indentation.commentsindentation",8,1
"com.puppycrawl.tools.checkstyle.checks.whitespace.genericwhitespace",8,2
"com.puppycrawl.tools.checkstyle.main",8,0
"com.puppycrawl.tools.checkstyle.grammar.comments",7,0
"com.puppycrawl.tools.checkstyle.internal.testmodules",7,0
"com.puppycrawl.tools.checkstyle.checks.annotation.missingdeprecated",7,3
"com.puppycrawl.tools.checkstyle.checks.annotation.missingoverride",7,4
"com.puppycrawl.tools.checkstyle.checks.blocks.needbraces",7,1
"com.puppycrawl.tools.checkstyle.checks.descendanttoken",7,0
"com.puppycrawl.tools.checkstyle.checks.naming.parametername",7,1
"com.puppycrawl.tools.checkstyle.checks.sizes.methodcount",7,1
"com.puppycrawl.tools.checkstyle.checks.suppresswarningsholder",7,1
"com.puppycrawl.tools.checkstyle.javadocpropertiesgenerator",7,1
"com.google.checkstyle.test.chapter3filestructure.rule333orderingandspacing",6,0
"com.google.checkstyle.test.chapter5naming.rule528typevariablenames",6,1
"com.puppycrawl.tools.checkstyle.checks.header",6,1
"com.puppycrawl.tools.checkstyle.checks.javadoc.utils",6,0
"com.puppycrawl.tools.checkstyle.checks.design.designforextension",6,2
"com.puppycrawl.tools.checkstyle.checks.javadoc.summaryjavadoc",6,0
"com.puppycrawl.tools.checkstyle.checks.whitespace.nowhitespacebefore",6,3
"com.puppycrawl.tools.checkstyle.checks.whitespace.separatorwrap",6,3
"com.puppycrawl.tools.checkstyle.checks.whitespace.singlespaceseparator",6,0
"com.google.checkstyle.test.chapter3filestructure.rule341onetoplevel",5,1
"com.google.checkstyle.test.chapter4formatting.rule4861blockcommentstyle",5,0
"com.puppycrawl.tools.checkstyle.internal",5,0
"com.puppycrawl.tools.checkstyle.checks.blocks.emptyblock",5,0
"com.puppycrawl.tools.checkstyle.checks.coding.hiddenfield",5,3
"com.puppycrawl.tools.checkstyle.checks.coding.onestatementperline",5,0
"com.puppycrawl.tools.checkstyle.checks.javadoc.javadocvariable",5,2
"com.puppycrawl.tools.checkstyle.checks.modifier.classmemberimpliedmodifier",5,5
"com.puppycrawl.tools.checkstyle.checks.naming.constantname",5,3
"com.puppycrawl.tools.checkstyle.checks.uncommentedmain",5,1
"com.puppycrawl.tools.checkstyle.xpath.xpathmapper",5,1
"com.google.checkstyle.test.chapter2filebasic.rule21filename",4,2
"com.google.checkstyle.test.chapter3filestructure.rule332nolinewrap",4,1
"com.google.checkstyle.test.chapter5naming.rule526parameternames",4,0
"com.google.checkstyle.test.chapter7javadoc.rule711generalform",4,0
"com.google.checkstyle.test.chapter7javadoc.rule731selfexplanatory",4,0
"org.checkstyle.suppressionxpathfilter.importcontrol",4,0
"org.checkstyle.suppressionxpathfilter.parenpad",4,0
"org.checkstyle.suppressionxpathfilter.rightcurly",4,0
"org.checkstyle.suppressionxpathfilter.typecastparenpad",4,0
"com.puppycrawl.tools.checkstyle.checks.coding.declarationorder",4,0
"com.puppycrawl.tools.checkstyle.checks.coding.equalsavoidnull",4,0
"com.puppycrawl.tools.checkstyle.checks.coding.equalshashcode",4,1
"com.puppycrawl.tools.checkstyle.checks.header.header",4,0
"com.puppycrawl.tools.checkstyle.checks.imports.importcontrol",4,1
"com.puppycrawl.tools.checkstyle.checks.imports.redundantimport",4,0
"com.puppycrawl.tools.checkstyle.checks.javadoc.javadocstyle",4,2
"com.puppycrawl.tools.checkstyle.checks.metrics.classdataabstractioncoupling",4,0
"com.puppycrawl.tools.checkstyle.checks.metrics.npathcomplexity",4,0
"com.puppycrawl.tools.checkstyle.checks.modifier.modifierorder",4,3
"com.puppycrawl.tools.checkstyle.checks.naming.abbreviationaswordinname",4,3
"com.puppycrawl.tools.checkstyle.checks.naming.membername",4,2
"com.puppycrawl.tools.checkstyle.checks.naming.methodname",4,1
"com.puppycrawl.tools.checkstyle.checks.newlineatendoffile",4,4
"com.puppycrawl.tools.checkstyle.filters.suppresswithplaintextcommentfilter",4,0
"com.google.checkstyle.test.chapter4formatting.rule485annotations",3,0
"com.google.checkstyle.test.chapter5naming.rule525nonconstantfieldnames",3,1
"com.google.checkstyle.test.chapter5naming.rule527localvariablenames",3,0
"com.google.checkstyle.test.chapter6programpractice.rule64finalizers",3,1
"com.google.checkstyle.test.chapter7javadoc.rule712paragraphs",3,0
"com.google.checkstyle.test.chapter7javadoc.rule72thesummaryfragment",3,0
"org.checkstyle.suppressionxpathfilter.leftcurly",3,0
"org.checkstyle.suppressionxpathfilter.methodparampad",3,0
"org.checkstyle.checks.importorder",3,0
"com.puppycrawl.tools.checkstyle.ant",3,0
"com.puppycrawl.tools.checkstyle.filefilters",3,0
"com.puppycrawl.tools.checkstyle.ant.checkstyleanttask",3,0
"com.puppycrawl.tools.checkstyle.checks.annotation.annotationonsameline",3,1
"com.puppycrawl.tools.checkstyle.checks.annotation.packageannotation",3,0
"com.puppycrawl.tools.checkstyle.checks.coding.defaultcomeslast",3,1
"com.puppycrawl.tools.checkstyle.checks.coding.fallthrough",3,0
"com.puppycrawl.tools.checkstyle.checks.coding.illegalinstantiation",3,0
"com.puppycrawl.tools.checkstyle.checks.coding.magicnumber",3,1
"com.puppycrawl.tools.checkstyle.checks.coding.modifiedcontrolvariable",3,1
"com.puppycrawl.tools.checkstyle.checks.coding.nofinalizer",3,0
"com.puppycrawl.tools.checkstyle.checks.coding.returncount",3,0
"com.puppycrawl.tools.checkstyle.checks.coding.superclone",3,1
"com.puppycrawl.tools.checkstyle.checks.coding.unnecessaryparentheses",3,2
"com.puppycrawl.tools.checkstyle.checks.coding.variabledeclarationusagedistance",3,1
"com.puppycrawl.tools.checkstyle.checks.design.innertypelast",3,1
"com.puppycrawl.tools.checkstyle.checks.design.mutableexception",3,0
"com.puppycrawl.tools.checkstyle.checks.finalparameters",3,1
"com.puppycrawl.tools.checkstyle.checks.javadoc.atclauseorder",3,2
"com.puppycrawl.tools.checkstyle.checks.javadoc.javadocpackage",3,0
"com.puppycrawl.tools.checkstyle.checks.javadoc.javadoctagcontinuationindentation",3,1
"com.puppycrawl.tools.checkstyle.checks.javadoc.writetag",3,0
"com.puppycrawl.tools.checkstyle.checks.metrics.booleanexpressioncomplexity",3,1
"com.puppycrawl.tools.checkstyle.checks.naming.localfinalvariablename",3,1
"com.puppycrawl.tools.checkstyle.checks.naming.localvariablename",3,1
"com.puppycrawl.tools.checkstyle.checks.regexp.regexp",3,0
"com.puppycrawl.tools.checkstyle.checks.sizes.linelength",3,0
"com.puppycrawl.tools.checkstyle.checks.sizes.methodlength",3,1
"com.puppycrawl.tools.checkstyle.javaparser",3,0
"com.puppycrawl.tools.checkstyle.treewalker",3,0
"com.google.checkstyle.test.base",2,2
"com.google.checkstyle.test.chapter2filebasic.rule231filetab",2,0
"com.google.checkstyle.test.chapter2filebasic.rule232specialescape",2,0
"com.google.checkstyle.test.chapter2filebasic.rule233nonascii",2,0
"com.google.checkstyle.test.chapter3filestructure.rule32packagestate",2,0
"com.google.checkstyle.test.chapter3filestructure.rule331nowildcard",2,0
"com.google.checkstyle.test.chapter3filestructure.rule3421overloadsplit",2,1
"com.google.checkstyle.test.chapter3filestructure.rule3sourcefile",2,1
"com.google.checkstyle.test.chapter4formatting.rule411bracesareused",2,0
"com.google.checkstyle.test.chapter4formatting.rule43onestatement",2,0
"com.google.checkstyle.test.chapter4formatting.rule44columnlimit",2,0
"com.google.checkstyle.test.chapter4formatting.rule461verticalwhitespace",2,1
"com.google.checkstyle.test.chapter4formatting.rule4821onevariableperline",2,0
"com.google.checkstyle.test.chapter4formatting.rule4822variabledistance",2,1
"com.google.checkstyle.test.chapter4formatting.rule4832nocstylearray",2,0
"com.google.checkstyle.test.chapter4formatting.rule4842fallthrough",2,0
"com.google.checkstyle.test.chapter4formatting.rule4843defaultcasepresent",2,1
"com.google.checkstyle.test.chapter4formatting.rule487modifiers",2,1
"com.google.checkstyle.test.chapter4formatting.rule488numericliterals",2,1
"com.google.checkstyle.test.chapter5naming.rule51identifiernames",2,0
"com.google.checkstyle.test.chapter5naming.rule521packagenames",2,0
"com.google.checkstyle.test.chapter5naming.rule522typenames",2,1
"com.google.checkstyle.test.chapter5naming.rule523methodnames",2,1
"com.google.checkstyle.test.chapter5naming.rule53camelcase",2,0
"com.google.checkstyle.test.chapter6programpractice.rule62donotignoreexceptions",2,0
"com.google.checkstyle.test.chapter7javadoc.rule734nonrequiredjavadoc",2,0
"com.sun.checkstyle.test.chapter5comments.rule52documentationcomments",2,0
"com.sun.checkstyle.test.chapter6declarations.rule61numberperline",2,0
"org.checkstyle.base",2,2
"org.checkstyle.suppressionxpathfilter.classmemberimpliedmodifier",2,1
"org.checkstyle.suppressionxpathfilter.cyclomaticcomplexity",2,0
"org.checkstyle.suppressionxpathfilter.declarationorder",2,0
"org.checkstyle.suppressionxpathfilter.defaultcomeslast",2,0
"org.checkstyle.suppressionxpathfilter.emptyforinitializerpad",2,0
"org.checkstyle.suppressionxpathfilter.emptyforiteratorpad",2,0
"org.checkstyle.suppressionxpathfilter.explicitinitialization",2,0
"org.checkstyle.suppressionxpathfilter.fallthrough",2,0
"org.checkstyle.suppressionxpathfilter.hiddenfield",2,0
"org.checkstyle.suppressionxpathfilter.illegalthrows",2,0
"org.checkstyle.suppressionxpathfilter.javadocvariable",2,0
"org.checkstyle.suppressionxpathfilter.multiplevariabledeclarations",2,0
"org.checkstyle.suppressionxpathfilter.npathcomplexity",2,0
"org.checkstyle.suppressionxpathfilter.onestatementperline",2,0
"org.checkstyle.suppressionxpathfilter.requirethis",2,0
"org.checkstyle.suppressionxpathfilter.whitespaceafter",2,0
"org.checkstyle.suppressionxpathfilter.whitespacearound",2,0
"com.puppycrawl.tools.checkstyle.grammar.javadoc",2,0
"com.puppycrawl.tools.checkstyle.checker",2,0
"com.puppycrawl.tools.checkstyle.checks.annotation.annotationlocation.inputs",2,0
"com.puppycrawl.tools.checkstyle.checks.avoidescapedunicodecharacters",2,0
"com.puppycrawl.tools.checkstyle.checks.blocks.emptycatchblock",2,0
"com.puppycrawl.tools.checkstyle.checks.coding.illegalcatch",2,0
"com.puppycrawl.tools.checkstyle.checks.coding.illegalthrows",2,0
"com.puppycrawl.tools.checkstyle.checks.coding.innerassignment",2,1
"com.puppycrawl.tools.checkstyle.checks.coding.multiplestringliterals",2,0
"com.puppycrawl.tools.checkstyle.checks.coding.parameterassignment",2,1
"com.puppycrawl.tools.checkstyle.checks.coding.unnecessarysemicolonintrywithresources",2,0
"com.puppycrawl.tools.checkstyle.checks.design.finalclass",2,1
"com.puppycrawl.tools.checkstyle.checks.design.throwscount",2,0
"com.puppycrawl.tools.checkstyle.checks.imports.avoidstaticimport",2,0
"com.puppycrawl.tools.checkstyle.checks.javadoc.invalidjavadocposition",2,0
"com.puppycrawl.tools.checkstyle.checks.javadoc.javadocpackage.bothfiles",2,0
"com.puppycrawl.tools.checkstyle.checks.javadoc.javadocparagraph",2,0
"com.puppycrawl.tools.checkstyle.checks.metrics.cyclomaticcomplexity",2,0
"com.puppycrawl.tools.checkstyle.checks.naming.abstractclassname",2,1
"com.puppycrawl.tools.checkstyle.checks.naming.catchparametername",2,0
"com.puppycrawl.tools.checkstyle.checks.naming.staticvariablename",2,1
"com.puppycrawl.tools.checkstyle.checks.regexp.regexponfilename",2,0
"com.puppycrawl.tools.checkstyle.checks.regexp.regexpsinglelinejava",2,0
"com.puppycrawl.tools.checkstyle.checks.sizes.outertypenumber",2,0
"com.puppycrawl.tools.checkstyle.checks.sizes.parameternumber",2,0
"com.puppycrawl.tools.checkstyle.checks.whitespace.emptyforinitializerpad",2,0
"com.puppycrawl.tools.checkstyle.checks.whitespace.methodparampad",2,0
"com.puppycrawl.tools.checkstyle.checks.whitespace.nolinewrap",2,1
"com.puppycrawl.tools.checkstyle.checks.whitespace.operatorwrap",2,1
"com.puppycrawl.tools.checkstyle.checks.whitespace.typecastparenpad",2,1
"com.puppycrawl.tools.checkstyle.filters.suppressioncommentfilter",2,0
"com.puppycrawl.tools.checkstyle.filters.suppresswarningsfilter",2,1
"com.puppycrawl.tools.checkstyle.filters.suppresswithnearbycommentfilter",2,0
"com.puppycrawl.tools.checkstyle.internal.allchecks",2,0
"com.puppycrawl.tools.checkstyle.xpath.xpathquerygenerator",2,0
"com.sun.checkstyle.test.base",1,1
"org.checkstyle.checks.imports",1,0
"com.google.checkstyle.test.chapter3filestructure.toolongpackagetotestcoveragegooglesjavastylerule",1,0
"com.google.checkstyle.test.chapter5naming.rule521$packagenames",1,0
"com.google.checkstyle.test.chapter5naming.rule521packageNamesCamelCase",1,0
"com.google.checkstyle.test.chapter5naming.rule521_packagenames",1,0
"org.checkstyle.suppressionxpathfilter.nestedfordepth",1,0
"org.checkstyle.suppressionxpathfilter.nestedifdepth",1,0
"org.checkstyle.suppressionxpathfilter.nestedtrydepth",1,0
"org.checkstyle.suppressionxpathfilter.nowhitespaceafter",1,0
"org.checkstyle.suppressionxpathfilter.nowhitespacebefore",1,0
"org.checkstyle.suppressionxpathfilter.outertypenumber",1,0
"org.checkstyle.suppressionxpathfilter.singlespaceseparator",1,0
"org.checkstyle.suppressionxpathfilter.unnecessarysemicoloninenumeration",1,0
"org.checkstyle.suppressionxpathfilter.unnecessarysemicolonintrywithresources",1,0
"org.checkstyle.suppressionxpathfilter.upperell",1,0
"com.puppycrawl.tools.checkstyle.api.abstractcheck",1,0
"com.puppycrawl.tools.checkstyle.api.fileset",1,0
"com.puppycrawl.tools.checkstyle.api.fullident",1,0
"com.puppycrawl.tools.checkstyle.checks.arraytypestyle",1,0
"com.puppycrawl.tools.checkstyle.checks.blocks.avoidnestedblocks",1,0
"com.puppycrawl.tools.checkstyle.checks.coding.arraytrailingcomma",1,0
"com.puppycrawl.tools.checkstyle.checks.coding.avoidinlineconditionals",1,0
"com.puppycrawl.tools.checkstyle.checks.coding.covariantequals",1,1
"com.puppycrawl.tools.checkstyle.checks.coding.emptystatement",1,0
"com.puppycrawl.tools.checkstyle.checks.coding.explicitinitialization",1,1
"com.puppycrawl.tools.checkstyle.checks.coding.illegaltoken",1,0
"com.puppycrawl.tools.checkstyle.checks.coding.illegaltokentext",1,0
"com.puppycrawl.tools.checkstyle.checks.coding.missingctor",1,1
"com.puppycrawl.tools.checkstyle.checks.coding.missingswitchdefault",1,0
"com.puppycrawl.tools.checkstyle.checks.coding.multiplevariabledeclarations",1,0
"com.puppycrawl.tools.checkstyle.checks.coding.nestedfordepth",1,0
"com.puppycrawl.tools.checkstyle.checks.coding.nestedifdepth",1,0
"com.puppycrawl.tools.checkstyle.checks.coding.nestedtrydepth",1,0
"com.puppycrawl.tools.checkstyle.checks.coding.noclone",1,0
"com.puppycrawl.tools.checkstyle.checks.coding.overloadmethodsdeclarationorder",1,1
"com.puppycrawl.tools.checkstyle.checks.coding.packagedeclaration",1,0
"com.puppycrawl.tools.checkstyle.checks.coding.simplifybooleanexpression",1,0
"com.puppycrawl.tools.checkstyle.checks.coding.simplifybooleanreturn",1,0
"com.puppycrawl.tools.checkstyle.checks.coding.stringliteralequality",1,0
"com.puppycrawl.tools.checkstyle.checks.coding.superfinalize",1,0
"com.puppycrawl.tools.checkstyle.checks.coding.unnecessarysemicoloninenumeration",1,1
"com.puppycrawl.tools.checkstyle.checks.design.interfaceistype",1,1
"com.puppycrawl.tools.checkstyle.checks.design.visibilitymodifier.inputs",1,0
"com.puppycrawl.tools.checkstyle.checks.imports.avoidstarimport",1,0
"com.puppycrawl.tools.checkstyle.checks.javadoc.abstracttypeaware",1,0
"com.puppycrawl.tools.checkstyle.checks.javadoc.javadocpackage.annotation",1,0
"com.puppycrawl.tools.checkstyle.checks.javadoc.javadocpackage.noparentfile",1,0
"com.puppycrawl.tools.checkstyle.checks.javadoc.javadocpackage.pkghtml",1,0
"com.puppycrawl.tools.checkstyle.checks.javadoc.javadocstyle.bothfiles",1,0
"com.puppycrawl.tools.checkstyle.checks.javadoc.javadocstyle.pkginfo.annotation",1,0
"com.puppycrawl.tools.checkstyle.checks.javadoc.javadocstyle.pkginfo.invalidformat",1,0
"com.puppycrawl.tools.checkstyle.checks.javadoc.javadocstyle.pkginfo.invalidinherit",1,0
"com.puppycrawl.tools.checkstyle.checks.javadoc.javadocstyle.pkginfo.valid",1,0
"com.puppycrawl.tools.checkstyle.checks.javadoc.missingjavadocpackage.annotation",1,0
"com.puppycrawl.tools.checkstyle.checks.javadoc.missingjavadocpackage.blank",1,0
"com.puppycrawl.tools.checkstyle.checks.javadoc.missingjavadocpackage.nojavadoc.annotation",1,0
"com.puppycrawl.tools.checkstyle.checks.javadoc.missingjavadocpackage.nojavadoc.blank",1,0
"com.puppycrawl.tools.checkstyle.checks.javadoc.missingjavadocpackage.nojavadoc.blockcomment",1,0
"com.puppycrawl.tools.checkstyle.checks.javadoc.missingjavadocpackage.nojavadoc",1,0
"com.puppycrawl.tools.checkstyle.checks.javadoc.missingjavadocpackage.nojavadoc.single",1,0
"com.puppycrawl.tools.checkstyle.checks.javadoc.missingjavadocpackage.nojavadoc.singleline",1,0
"com.puppycrawl.tools.checkstyle.checks.javadoc.missingjavadocpackage",1,0
"com.puppycrawl.tools.checkstyle.checks.javadoc.missingjavadocpackage.singleline",1,0
"com.puppycrawl.tools.checkstyle.checks.javadoc.nonemptyatclausedescription",1,0
"com.puppycrawl.tools.checkstyle.checks.javadoc.singlelinejavadoc",1,0
"com.puppycrawl.tools.checkstyle.checks.javadoc.summaryjavadoc.inputs",1,0
"com.puppycrawl.tools.checkstyle.checks.metrics.classdataabstractioncoupling.inputs.a.aa",1,0
"com.puppycrawl.tools.checkstyle.checks.metrics.classdataabstractioncoupling.inputs.a.ab",1,0
"com.puppycrawl.tools.checkstyle.checks.metrics.classdataabstractioncoupling.inputs.b",1,0
"com.puppycrawl.tools.checkstyle.checks.metrics.classdataabstractioncoupling.inputs.c",1,0
"com.puppycrawl.tools.checkstyle.checks.metrics.classfanoutcomplexity.inputs.a.aa",1,0
"com.puppycrawl.tools.checkstyle.checks.metrics.classfanoutcomplexity.inputs.a.ab",1,0
"com.puppycrawl.tools.checkstyle.checks.metrics.classfanoutcomplexity.inputs.b",1,0
"com.puppycrawl.tools.checkstyle.checks.metrics.classfanoutcomplexity.inputs.c",1,0
"com.puppycrawl.tools.checkstyle.checks.metrics.javancss",1,0
"com.puppycrawl.tools.checkstyle.checks.naming.classtypeparametername",1,1
"com.puppycrawl.tools.checkstyle.checks.naming.interfacetypeparametername",1,1
"com.puppycrawl.tools.checkstyle.checks.naming.lambdaparametername",1,0
"com.puppycrawl.tools.checkstyle.checks.naming.methodtypeparametername",1,1
"com.puppycrawl.tools.checkstyle.checks.naming.packagename",1,0
"com.puppycrawl.tools.checkstyle.checks.naming.typename",1,1
"com.puppycrawl.tools.checkstyle.checks.regexp.regexpmultiline",1,0
"com.puppycrawl.tools.checkstyle.checks.regexp.regexpsingleline",1,0
"com.puppycrawl.tools.checkstyle.checks.sizes.anoninnerlength",1,0
"com.puppycrawl.tools.checkstyle.checks.sizes.executablestatementcount",1,0
"com.puppycrawl.tools.checkstyle.checks.sizes.filelength",1,0
"com.puppycrawl.tools.checkstyle.checks.todocomment",1,0
"com.puppycrawl.tools.checkstyle.checks.trailingcomment",1,0
"com.puppycrawl.tools.checkstyle.checks.upperell",1,0
"com.puppycrawl.tools.checkstyle.checks.whitespace.emptyforiteratorpad",1,0
"com.puppycrawl.tools.checkstyle.checks.whitespace.emptylineseparator.packageinfo.test1",1,0
"com.puppycrawl.tools.checkstyle.checks.whitespace.emptylineseparator.packageinfo.test2",1,0
"com.puppycrawl.tools.checkstyle.checks.whitespace.emptylineseparator.packageinfo.test3",1,0
"com.puppycrawl.tools.checkstyle.checks.whitespace.emptylineseparator.packageinfo.test4",1,0
"com.puppycrawl.tools.checkstyle.checks.whitespace.filetabcharacter",1,0
"com.puppycrawl.tools.checkstyle.detailastimpl",1,0
"com.puppycrawl.tools.checkstyle.filters.suppressionsinglefilter",1,0
"com.puppycrawl.tools.checkstyle.filters.suppressionxpathfilter",1,0
"com.puppycrawl.tools.checkstyle.filters.suppressionxpathsinglefilter",1,0
"com.puppycrawl.tools.checkstyle.filters.xpathfilterelement",1,0
"com.puppycrawl.tools.checkstyle.gui.codeselectorpresentation",1,0
"com.puppycrawl.tools.checkstyle.gui.mainframemodel",1,0
"com.puppycrawl.tools.checkstyle.gui.parsetreetablepresentation",1,0
"com.puppycrawl.tools.checkstyle.javadocdetailnodeparser",1,0
"com.puppycrawl.tools.checkstyle.packagenamesloader",1,0
"com.puppycrawl.tools.checkstyle.packageobjectfactory.bar",1,0
"com.puppycrawl.tools.checkstyle.packageobjectfactory.foo",1,0
"com.puppycrawl.tools.checkstyle.suppressionsstringprinter",1,0
"com.puppycrawl.tools.checkstyle.utils.blockcommentposition.inputs.annotation",1,0
"com.puppycrawl.tools.checkstyle.utils.blockcommentposition.inputs.normal",1,0
"com.puppycrawl.tools.checkstyle.utils.checkutil",1,0
"com.puppycrawl.tools.checkstyle.xpathfilegeneratorastfilter",1,0
"com.puppycrawl.tools.checkstyle.xpathfilegeneratorauditlistener",1,0
"java.lang",1,0
"com.testing.packagediffdirectory",1,0
"com.puppycrawl.tools.checkstyle.checks.coding.packagedeclaration.subpackage",1,0
"java.util.concurrent",1,0
"java.util.concurrent.locks",1,0
"com.puppycrawl.tools.checkstyle.checks.imports.illegalimport",1,0
"com.nameofcompany.nameofdivision.nameofproject.systemtests.parallel.areaoftest.featuretested.flowtested",1,0
"com.puppycrawl.tools.checkstyle.grammar.java9",1,0
