"method","loc","cyclo","calls","nbd","param"
"edu.umd.cs.findbugs.detect.DumbMethods.sawOpcode(int seen)",769,339,526,5,1
"edu.umd.cs.findbugs.detect.FindPuzzlers.sawOpcode(int seen)",542,240,383,6,1
"edu.umd.cs.findbugs.detect.UnreadFields.sawOpcode(int seen)",382,168,235,11,1
"edu.umd.cs.findbugs.detect.FindUselessObjects.analyzeMethod(ClassContext classContext, Method method)",232,141,68,8,2
"edu.umd.cs.findbugs.OpcodeStack.processMethodCall(DismantleBytecode dbc, int seen)",277,124,191,5,2
"edu.umd.cs.findbugs.detect.FindDeadLocalStores.analyzeMethod(ClassContext classContext, Method method)",413,118,227,9,2
"edu.umd.cs.findbugs.detect.UnreadFields.report()",394,114,237,11,0
"edu.umd.cs.findbugs.detect.DroppedException.visit(Code obj)",229,86,70,5,1
"edu.umd.cs.findbugs.detect.FindHEmismatch.visitAfter(JavaClass obj)",212,82,96,6,1
"edu.umd.cs.findbugs.workflow.Filter$FilterCommandLine.evaluate(BugCollection collection, BugInstance bug)",153,80,65,4,2
"edu.umd.cs.findbugs.detect.FindSelfComparison.sawOpcode(int seen)",163,75,74,5,1
"edu.umd.cs.findbugs.detect.FindDoubleCheck.sawOpcode(int seen)",130,75,43,4,1
"edu.umd.cs.findbugs.detect.Noise.sawOpcode(int seen)",100,66,31,2,1
"edu.umd.cs.findbugs.detect.FindHEmismatch.visit(Method obj)",100,62,61,6,1
"edu.umd.cs.findbugs.detect.SwitchFallthrough.sawOpcode(int seen)",163,62,97,4,1
"edu.umd.cs.findbugs.detect.InfiniteRecursiveLoop.sawOpcode(int seen)",152,62,72,4,1
"edu.umd.cs.findbugs.detect.OverridingEqualsNotSymmetrical.sawOpcode(int seen)",117,61,87,9,1
"edu.umd.cs.findbugs.detect.StringConcatenation.sawOpcode(int seen)",171,61,70,3,1
"edu.umd.cs.findbugs.detect.SerializableIdiom.visit(Field obj)",136,58,87,8,1
"edu.umd.cs.findbugs.detect.CrossSiteScripting.sawOpcode(int seen)",129,53,93,4,1
"edu.umd.cs.findbugs.detect.SerializableIdiom.visit(Method obj)",96,52,86,8,1
"edu.umd.cs.findbugs.detect.LazyInit.reportMatch(ClassContext classContext, Method method, ByteCodePatternMatch match)",222,50,99,5,3
"edu.umd.cs.findbugs.TextUICommandLine.handleOptionWithArgument(String option, String argument)",194,50,109,4,2
"edu.umd.cs.findbugs.detect.SerializableIdiom.visitAfter(JavaClass obj)",97,46,40,8,1
"edu.umd.cs.findbugs.detect.DumbMethods$RangeCheckSubDetector.sawOpcode(int seen)",106,46,86,5,1
"edu.umd.cs.findbugs.detect.RedundantConditions.getPriority(MethodDescriptor methodDescriptor, RedundantCondition condition)",89,46,42,5,2
"edu.umd.cs.findbugs.detect.InfiniteLoop.sawOpcode(int seen)",133,46,71,4,1
"edu.umd.cs.findbugs.TextUICommandLine.handleOption(String option, String optionExtraPart)",121,46,67,4,2
"edu.umd.cs.findbugs.detect.EarlyExitException.hasNoSideEffect(MethodDescriptor m)",69,45,83,8,1
"edu.umd.cs.findbugs.detect.IncompatMask.sawOpcode(int seen)",137,44,24,2,1
"edu.umd.cs.findbugs.classfile.engine.bcel.ValueRangeAnalysisFactory.analyze(IAnalysisCache analysisCache, MethodDescriptor descriptor)",166,43,101,6,2
"edu.umd.cs.findbugs.detect.FindInconsistentSync2.analyzeMethod(ClassContext classContext, Method method, Set<Method> lockedMethodSet)",177,43,96,5,3
"edu.umd.cs.findbugs.detect.FindRefComparison.checkEqualsComparison(Location location, JavaClass jclass, Method method, MethodGen methodGen, ConstantPoolGen cpg, TypeDataflow typeDataflow)",172,42,117,5,6
"edu.umd.cs.findbugs.anttask.FindBugsTask.configureFindbugsEngine()",166,42,81,4,0
"edu.umd.cs.findbugs.detect.SerializableIdiom.visit(JavaClass obj)",154,40,80,8,1
"edu.umd.cs.findbugs.detect.EarlyExitException.sawOpcode(int seen)",91,40,42,8,1
"edu.umd.cs.findbugs.BugInstance.writeXML(XMLOutput xmlOutput, BugCollection bugCollection, boolean addMessages)",171,40,103,5,3
"edu.umd.cs.findbugs.detect.UselessSubclassMethod.sawOpcode(int seen)",82,40,20,5,1
"edu.umd.cs.findbugs.detect.CovariantArrayAssignment.sawOpcode(int seen)",99,39,80,7,1
"edu.umd.cs.findbugs.ba.ResourceValueAnalysis.meetInto(ResourceValueFrame fact, Edge edge, ResourceValueFrame result)",126,39,49,6,3
"edu.umd.cs.findbugs.classfile.engine.bcel.ValueRangeAnalysisFactory$Context.extractValue(BackIterator iterator, String defSignature)",86,39,69,6,2
"edu.umd.cs.findbugs.detect.FindInconsistentSync2.report()",176,39,72,5,0
"edu.umd.cs.findbugs.detect.FindFloatEquality.sawOpcode(int seen)",82,39,35,3,1
"edu.umd.cs.findbugs.detect.Naming.visit(Method obj)",94,37,63,7,1
"edu.umd.cs.findbugs.workflow.SetBugDatabaseInfo.main(String[] args)",149,37,76,6,1
"edu.umd.cs.findbugs.detect.BuildUnconditionalParamDerefDatabase.analyzeMethod(ClassContext classContext, Method method)",108,36,64,6,2
"edu.umd.cs.findbugs.OpcodeStack$Item.toString()",121,36,51,5,0
"edu.umd.cs.findbugs.detect.WrongMapIterator.sawOpcode(int seen)",63,36,69,4,1
"edu.umd.cs.findbugs.detect.FindSelfComparison2.analyzeMethod(ClassContext classContext, Method method)",72,36,38,3,2
"edu.umd.cs.findbugs.detect.ReadReturnShouldBeChecked.sawOpcode(int seen)",64,36,53,2,1
"edu.umd.cs.findbugs.FindBugs2.analyzeApplication()",201,35,100,7,0
"edu.umd.cs.findbugs.detect.MutableStaticFields.sawOpcode(int seen)",113,35,45,5,1
"edu.umd.cs.findbugs.detect.FindUnrelatedTypesInGenericContainer.compareTypes(Type expectedType, Type actualType, boolean ignoreBaseType)",141,35,26,4,3
"edu.umd.cs.findbugs.visitclass.DismantleBytecode.printOpCode(int seen)",33,35,28,3,1
"edu.umd.cs.findbugs.detect.FindFieldSelfAssignment.sawOpcode(int seen)",93,34,64,6,1
"edu.umd.cs.findbugs.sourceViewer.JavaScanner.next()",91,34,27,6,0
"edu.umd.cs.findbugs.detect.InfiniteLoop.visit(Code obj)",79,34,50,4,1
"edu.umd.cs.findbugs.workflow.RejarClassesForAnalysis.execute()",267,34,61,3,0
"edu.umd.cs.findbugs.ba.PruneUnconditionalExceptionThrowerEdges.execute()",135,33,47,8,0
"edu.umd.cs.findbugs.detect.DroppedException.catchBlockHasComment(SourceLineAnnotation srcLine)",150,32,32,5,1
"edu.umd.cs.findbugs.ba.jsr305.TypeQualifierApplications.computeEffectiveTypeQualifierAnnotation(TypeQualifierValue<?> typeQualifierValue, XMethod xmethod, int parameter)",121,32,35,5,3
"edu.umd.cs.findbugs.OpcodeStack.pushByLongMath(int seen, Item lhs, Item rhs)",50,32,31,5,3
"edu.umd.cs.findbugs.detect.FindNullDeref.checkUnconditionallyDereferencedParam(Location location, ConstantPoolGen cpg, TypeDataflow typeDataflow, InvokeInstruction invokeInstruction, BitSet nullArgSet, BitSet definitelyNullArgSet)",153,32,68,4,6
"edu.umd.cs.findbugs.detect.FindUninitializedGet.sawOpcode(int seen)",66,32,56,4,1
"edu.umd.cs.findbugs.detect.InefficientInitializationInsideLoop.sawOpcode(int seen)",46,32,81,4,1
"edu.umd.cs.findbugs.detect.SuspiciousThreadInterrupted.sawOpcode(int seen)",64,32,28,2,1
"edu.umd.cs.findbugs.detect.EarlyExitException.visit(Method method)",55,31,47,8,1
"edu.umd.cs.findbugs.OpcodeStack.mergeJumps(DismantleBytecode dbc)",122,31,53,5,1
"edu.umd.cs.findbugs.detect.FunctionsThatMightBeMistakenForProcedures.sawOpcode(int seen)",105,31,37,4,1
"edu.umd.cs.findbugs.ba.npe.DerefFinder.getAnalysis(ClassContext classContext, Method method)",142,30,76,7,2
"edu.umd.cs.findbugs.detect.LoadOfKnownNullValue.analyzeMethod(ClassContext classContext, Method method)",178,30,69,6,2
"edu.umd.cs.findbugs.workflow.Update.doit(String[] args)",141,30,47,6,1
"edu.umd.cs.findbugs.detect.Naming.checkSuper(XMethod m, Set<XMethod> others)",92,29,74,7,2
"edu.umd.cs.findbugs.detect.FindJSR166LockMonitorenter.analyzeMethod(ClassContext classContext, Method method)",132,29,72,6,2
"edu.umd.cs.findbugs.detect.FindInconsistentSync2.isGetterMethod(ClassContext classContext, Method method)",61,29,8,5,2
"edu.umd.cs.findbugs.detect.StaticCalendarDetector.sawOpcode(int seen)",109,29,43,4,1
"edu.umd.cs.findbugs.detect.ReadOfInstanceFieldInMethodInvokedByConstructorInSuperclass.sawOpcode(int opcode)",96,29,63,3,1
"edu.umd.cs.findbugs.detect.EarlyExitException.report()",86,28,54,8,0
"edu.umd.cs.findbugs.detect.EarlyExitException.computeFinalStatus()",71,28,36,8,0
"edu.umd.cs.findbugs.ba.type.TypeAnalysis.handleInstanceOfBranch(TypeFrame fact, TypeFrame tmpFact, Edge edge)",106,28,39,5,3
"edu.umd.cs.findbugs.detect.FindMaskedFields.visit(JavaClass obj)",74,28,56,5,1
"edu.umd.cs.findbugs.ba.AssertionMethods.init(JavaClass jclass)",54,28,42,5,1
"edu.umd.cs.findbugs.VersionInsensitiveBugComparator.compare(BugInstance lhs, BugInstance rhs)",129,28,58,3,2
"edu.umd.cs.findbugs.ba.deref.UnconditionalValueDerefAnalysis.checkUnconditionalDerefDatabase(Location location, ValueNumberFrame vnaFrame, ConstantPoolGen constantPool, @CheckForNull IsNullValueFrame invFrame, TypeDataflow typeDataflow)",103,27,48,7,5
"edu.umd.cs.findbugs.OpcodeStack$Item.merge(Item i1, Item i2)",67,27,17,5,2
"edu.umd.cs.findbugs.detect.CheckExpectedWarnings.visitClass(ClassDescriptor classDescriptor)",120,27,55,4,1
"edu.umd.cs.findbugs.detect.FunctionsThatMightBeMistakenForProcedures.visit(Code code)",95,27,33,4,1
"edu.umd.cs.findbugs.workflow.Filter$FilterCommandLine.handleOptionWithArgument(String option, String argument)",83,27,42,4,2
"edu.umd.cs.findbugs.detect.VarArgsProblems.sawOpcode(int seen)",81,27,17,3,1
"edu.umd.cs.findbugs.classfile.engine.ClassParserUsingASM$ClassParserMethodVisitor.visitMethodInsn(int opcode, String owner, String name, String desc, boolean itf)",62,27,18,3,5
"edu.umd.cs.findbugs.detect.FieldItemSummary.sawOpcode(int seen)",64,26,48,6,1
"edu.umd.cs.findbugs.detect.MethodReturnCheck.sawMethodCallWithIgnoredReturnValue()",76,26,59,5,0
"edu.umd.cs.findbugs.detect.AtomicityProblem.sawOpcode(int seen)",68,26,31,4,1
"edu.umd.cs.findbugs.ba.NullnessAnnotationDatabase.getResolvedAnnotation(final Object o, boolean getMinimal)",51,26,39,4,2
"edu.umd.cs.findbugs.cloud.AbstractCloud.getConsensusDesignation(BugInstance b)",75,26,14,3,1
"edu.umd.cs.findbugs.SAXBugCollectionHandler.parseMatcher(String qName, Attributes attributes)",74,26,77,3,2
"edu.umd.cs.findbugs.classfile.engine.ClassParserUsingASM$ClassParserMethodVisitor.visitEnd()",63,26,25,3,0
"edu.umd.cs.findbugs.visitclass.DismantleBytecode.isRegisterStore(int opcode)",36,26,0,3,1
"edu.umd.cs.findbugs.detect.FindReturnRef.sawOpcode(int seen)",71,26,51,2,1
"edu.umd.cs.findbugs.ba.obl.InstructionActionCache.getActions(BasicBlock block, InstructionHandle handle)",106,25,47,9,2
"edu.umd.cs.findbugs.detect.DontIgnoreResultOfPutIfAbsent.getPriorityForBeingMutable(Type type)",57,25,27,9,1
"edu.umd.cs.findbugs.detect.EarlyExitException.visit(Code obj)",42,25,39,8,1
"edu.umd.cs.findbugs.ba.vna.ValueNumberFrame.mergeAvailableLoadSets(ValueNumberFrame other, ValueNumberFactory factory, MergeTree mergeTree)",93,25,50,7,3
"edu.umd.cs.findbugs.ba.generic.GenericSignatureParser$ParameterSignatureIterator.next()",71,25,11,6,0
"edu.umd.cs.findbugs.detect.FindHEmismatch.sawOpcode(int seen)",25,25,37,6,1
"edu.umd.cs.findbugs.detect.FindSelfComparison.checkForSelfOperation(int opCode, String op)",73,25,52,5,2
"edu.umd.cs.findbugs.detect.ConfusionBetweenInheritedAndOuterMethod.sawOpcode(int seen)",76,25,57,4,1
"edu.umd.cs.findbugs.detect.FindBadForLoop.sawOpcode(int seen)",37,25,24,4,1
"edu.umd.cs.findbugs.detect.SynchronizingOnContentsOfFieldToProtectField.sawOpcode(int seen)",84,25,17,3,1
"edu.umd.cs.findbugs.detect.InitializationChain.sawOpcode(int seen)",51,24,41,5,1
"edu.umd.cs.findbugs.detect.FindNullDeref.foundNullDeref(Location location, ValueNumber valueNumber, IsNullValue refValue, ValueNumberFrame vnaFrame, boolean isConsistent)",73,24,34,4,5
"edu.umd.cs.findbugs.gui2.MainFrameMenu.setViewMenu()",176,24,84,3,0
"edu.umd.cs.findbugs.detect.BadSyntaxForRegularExpression.sawOpcode(int seen)",29,24,44,3,1
"edu.umd.cs.findbugs.detect.FindNonShortCircuit.scanForBooleanValue(int seen)",60,24,6,2,1
"edu.umd.cs.findbugs.PrintingBugReporter.main(String[] args)",105,23,56,6,1
"edu.umd.cs.findbugs.classfile.engine.bcel.FinallyDuplicatesInfoFactory$TryBlock.update(BitSet exceptionTargets, BitSet branchTargets, InstructionList il, Set<Integer> finallyTargets, BitSet usedTargets)",73,23,39,6,5
"edu.umd.cs.findbugs.detect.SynchronizeOnClassLiteralNotGetClass.sawOpcode(int seen)",77,23,27,5,1
"edu.umd.cs.findbugs.ba.IncompatibleTypes.getPriorityForAssumingCompatible(boolean pointerEquality, ClassDescriptor lhsDescriptor, ClassDescriptor rhsDescriptor)",63,23,32,5,3
"edu.umd.cs.findbugs.ba.obl.ObligationAnalysis.meetInto(StateSet fact, Edge edge, StateSet result)",82,23,51,4,3
"edu.umd.cs.findbugs.detect.VolatileUsage.sawOpcode(int seen)",65,23,25,3,1
"edu.umd.cs.findbugs.detect.FindUnsatisfiedObligation$MethodChecker$PostProcessingPathVisitor.checkForPossibleObligationTransfer(InvokeInstruction inv, InstructionHandle handle)",80,22,26,6,2
"edu.umd.cs.findbugs.ba.BetterCFGBuilder2.isPEI(InstructionHandle handle)",75,22,16,6,1
"edu.umd.cs.findbugs.visitclass.PrintClass.main(String argv[])",65,22,20,6,1
"edu.umd.cs.findbugs.ba.npe.NullDerefAndRedundantComparisonFinder.checkForUnconditionallyDereferencedNullValues(Location thisLocation, Map<ValueNumber,SortedSet<Location>> knownNullAndDoomedAt, Map<ValueNumber,NullValueUnconditionalDeref> nullValueGuaranteedDerefMap, ValueNumberFrame vnaFrame, IsNullValueFrame invFrame, UnconditionalValueDerefSet derefSet, boolean isEdge)",114,22,43,5,7
"edu.umd.cs.findbugs.detect.RepeatedConditionals.sawOpcode(int seen)",72,22,39,5,1
"edu.umd.cs.findbugs.detect.DumbMethods.stackEntryThatMustBeNonnegative(int seen)",39,22,8,5,1
"edu.umd.cs.findbugs.DeepSubtypeAnalysis.isDeepSerializable(JavaClass x)",90,22,34,4,1
"edu.umd.cs.findbugs.detect.InheritanceUnsafeGetResource.sawOpcode(int seen)",48,22,21,4,1
"edu.umd.cs.findbugs.gui2.CloudCommentsPane.updateBugCommentsView()",83,22,51,3,0
"edu.umd.cs.findbugs.detect.FindSelfComparison2.checkForSelfOperation(ClassContext classContext, Location location, ValueNumberDataflow valueNumberDataflow, String op, Method method, MethodGen methodGen, String sourceFile)",70,22,25,3,7
"edu.umd.cs.findbugs.detect.FindSpinLoop.sawOpcode(int seen)",56,22,17,1,1
"edu.umd.cs.findbugs.workflow.Update.mergeCollections(BugCollection origCollection, BugCollection newCollection, boolean copyDeadBugs, boolean incrementalAnalysis)",148,21,75,6,4
"edu.umd.cs.findbugs.ba.BetterCFGBuilder2.build(Subroutine subroutine)",121,21,47,6,1
"edu.umd.cs.findbugs.detect.RepeatedConditionals.compareCode(int first, int endOfFirstSegment, int second, int endOfSecondSegment, boolean oppositeChecks)",61,21,24,5,5
"edu.umd.cs.findbugs.anttask.FindBugsTask.checkParameters()",42,21,32,4,0
"edu.umd.cs.findbugs.SAXBugCollectionHandler.parseBugInstanceContents(String qName, Attributes attributes)",98,21,50,3,2
"edu.umd.cs.findbugs.detect.CloneIdiom.visitAfter(JavaClass obj)",45,21,20,3,1
"edu.umd.cs.findbugs.ba.npe.IsNullValue.toString()",45,21,2,3,0
"edu.umd.cs.findbugs.detect.LostLoggerDueToWeakReference.sawOpcode(int seen)",59,21,31,2,1
"edu.umd.cs.findbugs.detect.FindNonShortCircuit.scanForDanger(int seen)",42,21,4,2,1
"edu.umd.cs.findbugs.detect.SynchronizeAndNullCheckField.sawOpcode(int seen)",52,21,8,1,1
"edu.umd.cs.findbugs.FindBugs2.buildReferencedClassSet()",127,20,48,7,0
"edu.umd.cs.findbugs.ba.deref.UnconditionalValueDerefAnalysis.propagateDerefSetsToMergeInputValues(UnconditionalValueDerefSet fact, Edge edge)",87,20,42,7,2
"edu.umd.cs.findbugs.classfile.analysis.ClassInfo$Builder.build()",69,20,42,6,0
"edu.umd.cs.findbugs.detect.FindOpenStream.analyzeMethod(ClassContext classContext, Method method, StreamResourceTracker resourceTracker, ResourceCollection<Stream> resourceCollection)",120,20,44,5,4
"edu.umd.cs.findbugs.detect.DumbMethodInvocations.analyzeMethod(ClassContext classContext, Method method)",77,20,46,5,2
"edu.umd.cs.findbugs.detect.DumbMethods$NullMethodsSubDetector.sawOpcode(int seen)",65,20,46,5,1
"edu.umd.cs.findbugs.detect.DumbMethods$BadCastInEqualsSubDetector.sawOpcode(int seen)",34,20,26,5,1
"edu.umd.cs.findbugs.gui2.BugTreeModel.branchOperations(ArrayList<String> stringsToBranch, TreeModification whatToDo)",78,20,39,4,2
"edu.umd.cs.findbugs.cloud.AbstractCloud.printCloudSummary(PrintWriter w, Iterable<BugInstance> bugs, String[] packagePrefixes)",97,20,57,3,3
"edu.umd.cs.findbugs.detect.FindNonSerializableValuePassedToWriteObject.analyzeMethod(ClassContext classContext, Method method)",95,20,39,3,2
"edu.umd.cs.findbugs.detect.InitializeNonnullFieldsInConstructor.sawOpcode(int seen)",53,20,23,3,1
"edu.umd.cs.findbugs.detect.SerializableIdiom.sawOpcode(int seen)",67,19,40,8,1
"edu.umd.cs.findbugs.classfile.engine.bcel.FinallyDuplicatesInfoFactory$TryBlock.equalBlocks(InstructionHandle ih1, InstructionHandle ih2, int length, int[] positions)",56,19,27,6,4
"edu.umd.cs.findbugs.detect.CallToUnsupportedMethod.analyzeMethod(ClassContext classContext, Method method)",76,19,37,5,2
"edu.umd.cs.findbugs.detect.FindUseOfNonSerializableValue.analyzeMethod(ClassContext classContext, Method method)",92,19,33,4,2
"edu.umd.cs.findbugs.detect.FindUnrelatedTypesInGenericContainer.isGenericCollection(ClassDescriptor operandClass)",66,19,23,4,1
"edu.umd.cs.findbugs.detect.FindUnreleasedLock$LockFrameModelingVisitor.transferInstruction(InstructionHandle handle, BasicBlock basicBlock)",72,19,41,3,2
"edu.umd.cs.findbugs.detect.QuestionableBooleanAssignment.sawOpcode(int seen)",55,19,6,3,1
"edu.umd.cs.findbugs.I18N$DesignationKeyComparator.categoryOf(String key)",51,19,11,3,1
"edu.umd.cs.findbugs.detect.BadSyntaxForRegularExpression.singleDotPatternWouldBeSilly(int stackDepth, boolean ignorePasswordMasking)",36,19,21,3,2
"edu.umd.cs.findbugs.visitclass.DismantleBytecode.areOppositeBranches(int opcode1, int opcode2)",31,19,2,3,2
"edu.umd.cs.findbugs.detect.IDivResultCastToDouble.sawOpcode(int seen)",30,19,16,1,1
"edu.umd.cs.findbugs.detect.DontIgnoreResultOfPutIfAbsent.analyzeMethod(ClassContext classContext, Method method)",103,18,51,9,2
"edu.umd.cs.findbugs.ba.deref.UnconditionalValueDerefAnalysis.transferInstruction(InstructionHandle handle, BasicBlock basicBlock, UnconditionalValueDerefSet fact)",74,18,20,7,3
"edu.umd.cs.findbugs.plan.ExecutionPlan.build()",96,18,45,6,0
"edu.umd.cs.findbugs.detect.DuplicateBranches.findSwitchDuplicates(CFG cfg, Method method, BasicBlock bb)",92,18,25,6,3
"edu.umd.cs.findbugs.ba.vna.ValueNumberFrameModelingVisitor.visitInvokeOnException(Instruction obj)",33,18,24,6,1
"edu.umd.cs.findbugs.PluginLoader.constructMinimalPlugin(Document pluginDescriptor, List<Document> messageCollectionList)",92,18,47,5,2
"edu.umd.cs.findbugs.BugInstance.getAnnotationsForMessage(boolean showContext)",52,18,28,5,1
"edu.umd.cs.findbugs.detect.RuntimeExceptionCapture.visitAfter(Code obj)",49,18,11,5,1
"edu.umd.cs.findbugs.detect.IntCast2LongAsInstant.sawOpcode(int seen)",34,18,19,5,1
"edu.umd.cs.findbugs.classfile.impl.ClassPathBuilder.processWorkList(IClassPath classPath, LinkedList<WorkListItem> workList, IClassPathBuilderProgress progress)",99,18,50,4,3
"edu.umd.cs.findbugs.Analyze.deepInstanceOf(JavaClass x, JavaClass y)",73,18,28,4,2
"edu.umd.cs.findbugs.detect.CalledMethods.sawOpcode(int seen)",40,18,18,4,1
"edu.umd.cs.findbugs.classfile.engine.ClassParserUsingASM.parse(final ClassNameAndSuperclassInfo.Builder cBuilder)",183,18,14,3,1
"edu.umd.cs.findbugs.workflow.TestingGround.main(String[] args)",73,18,42,3,1
"edu.umd.cs.findbugs.gui2.MainFrameComponentFactory.bugSummaryComponent(BugAnnotation value, BugInstance bug)",67,18,36,3,2
"edu.umd.cs.findbugs.ba.jsr305.SourceSinkInfo.equals(Object obj)",49,18,5,2,1
"edu.umd.cs.findbugs.detect.AppendingToAnObjectOutputStream.sawOpcode(int seen)",38,18,27,2,1
"edu.umd.cs.findbugs.detect.EarlyExitException.sawCall(MethodCall methodCall, boolean finalPass)",47,17,15,8,2
"edu.umd.cs.findbugs.FindBugs2.configureFilters(UserPreferences userPreferences)",56,17,31,7,1
"edu.umd.cs.findbugs.detect.FindLocalSelfAssignment2.sawOpcode(int seen)",49,17,43,7,1
"edu.umd.cs.findbugs.ba.bcp.PatternMatcher.work(State state)",95,17,29,6,1
"edu.umd.cs.findbugs.ba.npe.NullDerefAndRedundantComparisonFinder.analyzeNullCheck(IsNullValueDataflow invDataflow, BasicBlock basicBlock)",77,17,36,5,2
"edu.umd.cs.findbugs.ba.IncompatibleTypes.getPriorityForAssumingCompatible(ObjectType expectedType, ObjectType actualType, boolean pointerEquality)",54,17,27,5,3
"edu.umd.cs.findbugs.detect.MethodReturnCheck.badUseOfCompareResult(Item left, Item right)",37,17,20,5,2
"edu.umd.cs.findbugs.detect.DumbMethods$InvalidMinMaxSubDetector.sawOpcode(int seen)",35,17,33,5,1
"edu.umd.cs.findbugs.detect.BuildCheckReturnAnnotationDatabase.visitAnnotation(@DottedClassName String annotationClassName, Map<String,ElementValue> map, boolean runtimeVisible)",65,17,32,4,3
"edu.umd.cs.findbugs.detect.CheckTypeQualifiers.checkValueSources(XMethod xMethod, CFG cfg, TypeQualifierValue<?> typeQualifierValue, ValueNumberDataflow vnaDataflow, ForwardTypeQualifierDataflow forwardDataflow, BackwardTypeQualifierDataflow backwardDataflow)",61,17,29,4,6
"edu.umd.cs.findbugs.detect.UnnecessaryMath.sawOpcode(int seen)",34,17,13,4,1
"edu.umd.cs.findbugs.ba.ClassContext.checkForBranchExit(byte[] codeBytes, int pos)",29,17,2,4,2
"edu.umd.cs.findbugs.detect.FindUncalledPrivateMethods.visitMethod(Method obj)",22,17,21,4,1
"edu.umd.cs.findbugs.detect.FindNonSerializableStoreIntoSession.analyzeMethod(ClassContext classContext, Method method)",82,17,35,3,2
"edu.umd.cs.findbugs.detect.StreamFrameModelingVisitor.instanceEscapes(InvokeInstruction inv, int instanceArgNum)",34,17,21,2,2
"edu.umd.cs.findbugs.detect.UnreadFields.isInjectionAttribute(@DottedClassName String annotationClass)",22,16,17,11,1
"edu.umd.cs.findbugs.detect.CallToUnconditionalThrower.analyzeMethod(ClassContext classContext, Method method)",82,16,33,5,2
"edu.umd.cs.findbugs.detect.FindRefComparison.checkRefComparison(Location location, JavaClass jclass, Method method, MethodGen methodGen, RefComparisonTypeFrameModelingVisitor visitor, TypeDataflow typeDataflow, List<WarningWithProperties> stringComparisonList, List<WarningWithProperties> refComparisonList)",60,16,35,5,8
"edu.umd.cs.findbugs.detect.UselessSubclassMethod.visitCode(Code obj)",43,16,23,5,1
"edu.umd.cs.findbugs.TextUICommandLine.configureEngine(IFindBugsEngine findBugs)",106,16,34,4,1
"edu.umd.cs.findbugs.ba.Hierarchy.resolveMethodCallTargets(ReferenceType receiverType, InvokeInstruction invokeInstruction, ConstantPoolGen cpg, boolean receiverTypeIsExact)",87,16,35,4,4
"edu.umd.cs.findbugs.util.TopologicalSort$Worker2.compute()",78,16,39,4,0
"edu.umd.cs.findbugs.classfile.impl.ClassPathBuilder.createFindBugsLibWorkList(String jarFileName)",72,16,21,4,1
"edu.umd.cs.findbugs.ProjectPackagePrefixes.report()",65,16,39,4,0
"edu.umd.cs.findbugs.ba.ClassContext.linesMentionedMultipleTimes(Method method)",65,16,25,4,1
"edu.umd.cs.findbugs.visitclass.Util.getSizeOfSurroundingTryBlock(ConstantPool constantPool, Code code, @CheckForNull @SlashedClassName String vmNameOfExceptionClass, int pc)",49,16,13,4,4
"edu.umd.cs.findbugs.workflow.MergeSummarizeAndView.load()",76,16,30,3,0
"edu.umd.cs.findbugs.ba.type.StandardTypeMerger.mergeTypes(Type a, Type b)",47,16,12,2,2
"edu.umd.cs.findbugs.detect.BadUseOfReturnValue.sawOpcode(int seen)",26,16,18,2,1
"edu.umd.cs.findbugs.detect.WaitInLoop.sawOpcode(int seen)",24,16,15,2,1
"edu.umd.cs.findbugs.detect.UnreadFields.visit(JavaClass obj)",52,15,35,11,1
"edu.umd.cs.findbugs.ba.npe.IsNullValueFrameModelingVisitor.handleInvoke(InvokeInstruction obj)",82,15,37,7,1
"edu.umd.cs.findbugs.detect.Naming.visit(JavaClass obj)",44,15,31,7,1
"edu.umd.cs.findbugs.ba.vna.ValueNumberFrameModelingVisitor.visitINVOKESTATIC(INVOKESTATIC obj)",60,15,28,6,1
"edu.umd.cs.findbugs.classfile.engine.bcel.FinallyDuplicatesInfoFactory.analyze(IAnalysisCache analysisCache, MethodDescriptor descriptor)",51,15,33,6,2
"edu.umd.cs.findbugs.classfile.engine.bcel.ValueRangeAnalysisFactory.convertNumber(String signature, Number number)",39,15,4,6,2
"edu.umd.cs.findbugs.ba.npe.NullDerefAndRedundantComparisonFinder.reportBugs(Map<ValueNumber,NullValueUnconditionalDeref> nullValueGuaranteedDerefMap, HashSet<ValueNumber> npeIfStatementCovered, Map<ValueNumber,SortedSet<Location>> bugLocationMap, Map<ValueNumber,Set<Location>> nullValueAssignmentMap)",76,15,32,5,4
"edu.umd.cs.findbugs.detect.FindMismatchedWaitOrNotify.analyzeMethod(ClassContext classContext, Method method)",71,15,33,5,2
"edu.umd.cs.findbugs.detect.FindRefComparison.handleStringComparison(JavaClass jclass, Method method, MethodGen methodGen, RefComparisonTypeFrameModelingVisitor visitor, List<WarningWithProperties> stringComparisonList, Location location, Type lhsType, Type rhsType)",53,15,22,5,8
"edu.umd.cs.findbugs.detect.DumbMethods$VacuousComparisonSubDetector.sawOpcode(int seen)",33,15,15,5,1
"edu.umd.cs.findbugs.ba.generic.GenericUtilities.getType(String signature)",73,15,27,4,1
"edu.umd.cs.findbugs.detect.ExplicitSerialization.sawOpcode(int seen)",56,15,27,4,1
"edu.umd.cs.findbugs.detect.BadResultSetAccess.sawOpcode(int seen)",26,15,25,4,1
"edu.umd.cs.findbugs.gui2.NewProjectWizard.NewProjectWizard(Project curProject)",263,15,75,3,1
"edu.umd.cs.findbugs.FuzzyBugComparator.compare(BugInstance lhs, BugInstance rhs)",70,15,36,3,2
"edu.umd.cs.findbugs.Tokenizer.maybeComment()",56,15,11,3,0
"edu.umd.cs.findbugs.detect.FindUnreleasedLock$LockResourceTracker.ignoreExceptionEdge(Edge edge, Lock resource, ConstantPoolGen cpg)",53,15,20,3,3
"edu.umd.cs.findbugs.cloud.AbstractCloud.getSelectiveCloudReport(BugInstance b, Set<String> usersToExclude)",40,15,38,3,2
"edu.umd.cs.findbugs.ba.Edge.stringToEdgeType(String s)",38,15,15,3,1
"edu.umd.cs.findbugs.ba.Edge.edgeTypeToString(@Type int edgeType)",35,15,0,3,1
"edu.umd.cs.findbugs.ba.CheckReturnAnnotationDatabase.getResolvedAnnotation(Object o, boolean getMinimal)",34,15,24,3,2
"edu.umd.cs.findbugs.ba.SignatureConverter.parseNext()",66,15,24,2,0
"edu.umd.cs.findbugs.ba.SignatureParser$ParameterSignatureIterator.next()",45,15,9,2,0
"edu.umd.cs.findbugs.AnalysisError.equals(Object obj)",40,15,5,2,1
"edu.umd.cs.findbugs.BugDesignation.merge(@CheckForNull BugDesignation other)",31,15,8,2,1
"edu.umd.cs.findbugs.detect.OverridingEqualsNotSymmetrical.checkForComparingClasses()",57,14,37,9,0
"edu.umd.cs.findbugs.FindBugs2.execute()",127,14,53,7,0
"edu.umd.cs.findbugs.ba.BetterCFGBuilder2.inline(Context context)",153,14,65,6,1
"edu.umd.cs.findbugs.detect.DuplicateBranches.findIfElseDuplicates(CFG cfg, Method method, BasicBlock bb)",64,14,27,6,3
"edu.umd.cs.findbugs.workflow.Update.matchBugs(Comparator<BugInstance> bugInstanceComparator, BugCollection origCollection, BugCollection newCollection, MatchOldBugs matchOld)",56,14,24,6,4
"edu.umd.cs.findbugs.detect.UncallableMethodOfAnonymousClass.skip(Method obj)",35,14,17,6,1
"edu.umd.cs.findbugs.ba.type.TypeAnalysis.computeThrownExceptionTypes(BasicBlock basicBlock)",110,14,30,5,1
"edu.umd.cs.findbugs.detect.FindInconsistentSync2.visitClassContext(ClassContext classContext)",90,14,42,5,1
"edu.umd.cs.findbugs.detect.FindNullDerefsInvolvingNonShortCircuitEvaluation.checkForNullForcingABranch(int seen, int nextOpcode, OpcodeStack.Item item)",87,14,73,5,3
"edu.umd.cs.findbugs.workflow.CountClassVersions.main(String args[])",71,14,34,5,1
"edu.umd.cs.findbugs.workflow.RebornIssues.execute()",46,14,24,5,0
"edu.umd.cs.findbugs.ba.IncompatibleTypes.getPriorityForAssumingCompatible(Type expectedType, Type actualType, boolean pointerEquality)",45,14,8,5,3
"edu.umd.cs.findbugs.detect.DumbMethods$RangeCheckSubDetector.checkRange(Item item, Object minValue, Object maxValue, String pattern)",44,14,21,5,4
"edu.umd.cs.findbugs.detect.DumbMethods$UrlCollectionSubDetector.sawOpcode(int seen)",12,14,21,5,1
"edu.umd.cs.findbugs.gui2.PreferencesFrame.rebuildPluginCheckboxes()",156,14,39,4,0
"edu.umd.cs.findbugs.gui2.StackedFilterMatcher.setActive(boolean active)",81,14,40,4,1
"edu.umd.cs.findbugs.detect.CheckTypeQualifiers.emitDataflowWarning(XMethod xMethod, TypeQualifierValue<?> typeQualifierValue, TypeQualifierValueSet forwardsFact, TypeQualifierValueSet backwardsFact, ValueNumber vn, FlowValue forward, FlowValue backward, Location locationToReport, @CheckForNull Location locationWhereDoomedValueIsObserved, ValueNumberFrame vnaFrame)",65,14,26,4,10
"edu.umd.cs.findbugs.tools.CheckClassfileVersion.main(String args[])",54,14,23,4,1
"edu.umd.cs.findbugs.detect.CheckTypeQualifiers.checkForEqualityTest(XMethod xmethod, CFG cfg, TypeQualifierValue<?> typeQualifierValue, TypeQualifierValueSet forwardsFact, Location loc, ValueNumberFrame factAtLocation)",51,14,34,4,6
"edu.umd.cs.findbugs.gui2.SourceCodeDisplay.search(JavaSourceDocument document, String target, int start, Boolean backwards)",49,14,14,4,4
"edu.umd.cs.findbugs.detect.FindUseOfNonSerializableValue.visitClassContext(ClassContext classContext)",47,14,24,4,1
"edu.umd.cs.findbugs.detect.FindUnrelatedTypesInGenericContainer.compareTypesOld(Type parmType, Type argType)",44,14,11,4,2
"edu.umd.cs.findbugs.ba.NullnessAnnotationDatabase.parameterMustBeNonNull(XMethod m, int param)",22,14,19,4,2
"edu.umd.cs.findbugs.ba.ch.Subtypes2.isSubtype(ReferenceType type, ReferenceType possibleSupertype)",87,14,16,3,2
"edu.umd.cs.findbugs.gui2.PluginUpdateDialog.showUpdateDialog(Collection<UpdateChecker.PluginUpdate> updates, boolean force)",60,14,22,3,2
"edu.umd.cs.findbugs.Version.main(String[] argv)",48,14,34,3,1
"edu.umd.cs.findbugs.ba.npe.TypeQualifierNullnessAnnotationDatabase.parameterMustBeNonNull(XMethod m, int param)",26,14,15,3,2
"edu.umd.cs.findbugs.workflow.CountByPackagePrefix.main(String[] args)",57,14,28,2,1
"edu.umd.cs.findbugs.detect.FindNonShortCircuit.scanForShortCircuit(int seen)",40,14,6,2,1
"edu.umd.cs.findbugs.ba.LockAnalysis.transferInstruction(InstructionHandle handle, BasicBlock basicBlock, LockSet fact)",28,14,19,2,3
"edu.umd.cs.findbugs.Obfuscate.hashSignature(String signature)",27,14,6,1,1
"edu.umd.cs.findbugs.detect.FindFloatMath.sawOpcode(int seen)",26,14,18,1,1
"edu.umd.cs.findbugs.detect.EarlyExitException.visitAfter(JavaClass obj)",42,13,19,8,1
"edu.umd.cs.findbugs.ba.npe.IsNullValueFrameModelingVisitor.visitGETSTATIC(GETSTATIC obj)",40,13,40,7,1
"edu.umd.cs.findbugs.Project.writeXML(XMLOutput xmlOutput, @CheckForNull File destination, @CheckForNull BugCollection bugCollection)",74,13,57,6,3
"edu.umd.cs.findbugs.Project.convertToRelative(String srcFile, String base)",66,13,27,6,2
"edu.umd.cs.findbugs.detect.CheckRelaxingNullnessAnnotation$DetectorNode.visitEnd()",51,13,16,6,0
"edu.umd.cs.findbugs.workflow.Update$UpdateCommandLine.handleOption(String option, String optionExtraPart)",38,13,17,6,2
"edu.umd.cs.findbugs.ba.SourceInfoMap.read(@WillClose InputStream inputStream)",93,13,30,5,1
"edu.umd.cs.findbugs.ba.jsr305.TypeQualifierApplications.checkFindBugsDefaultAnnotation(ClassDescriptor defaultAnnotation, AnnotatedObject o, TypeQualifierValue<?> typeQualifierValue)",64,13,16,5,3
"edu.umd.cs.findbugs.ba.npe.NullDerefAndRedundantComparisonFinder.analyzeRefComparisonBranch(BasicBlock basicBlock, InstructionHandle lastHandle)",60,13,26,5,2
"edu.umd.cs.findbugs.ba.jsr305.TypeQualifierApplications.computeEffectiveTypeQualifierAnnotation(TypeQualifierValue<?> typeQualifierValue, AnnotatedObject o)",52,13,16,5,2
"edu.umd.cs.findbugs.detect.RuntimeExceptionCapture.sawOpcode(int seen)",48,13,24,5,1
"edu.umd.cs.findbugs.ba.npe.NullDerefAndRedundantComparisonFinder.examineRedundantBranches()",48,13,17,5,0
"edu.umd.cs.findbugs.PluginLoader.getConstraintSelector(Element constraintElement, Plugin plugin, String singleDetectorElementName)",45,13,18,5,3
"edu.umd.cs.findbugs.detect.FindRefComparison.inspectLocation(JavaClass jclass, ConstantPoolGen cpg, Method method, MethodGen methodGen, LinkedList<WarningWithProperties> refComparisonList, LinkedList<WarningWithProperties> stringComparisonList, RefComparisonTypeFrameModelingVisitor visitor, TypeDataflow typeDataflow, Location location)",43,13,30,5,9
"edu.umd.cs.findbugs.detect.FindMaskedFields.report()",40,13,19,5,0
"edu.umd.cs.findbugs.workflow.DefectDensity.main(String args[])",39,13,37,5,1
"edu.umd.cs.findbugs.detect.FindNullDeref.checkNonNullParam(Location location, ConstantPoolGen cpg, TypeDataflow typeDataflow, InvokeInstruction invokeInstruction, BitSet nullArgSet, BitSet definitelyNullArgSet)",77,13,36,4,6
"edu.umd.cs.findbugs.ProjectStats.writeXML(XMLOutput xmlOutput, boolean withMessages)",71,13,57,4,2
"edu.umd.cs.findbugs.detect.BuildObligationPolicyDatabase.addObligations(XMethod xmethod)",62,13,22,4,1
"edu.umd.cs.findbugs.detect.InefficientMemberAccess.sawOpcode(int seen)",52,13,27,4,1
"edu.umd.cs.findbugs.ba.Hierarchy2.resolveVirtualMethodCallTargets(ClassDescriptor receiverDesc, String methodName, String methodSig, boolean receiverTypeIsExact, boolean invokeSpecial)",51,13,18,4,5
"edu.umd.cs.findbugs.classfile.impl.ClassPathBuilder.scanCodebase(IClassPath classPath, LinkedList<WorkListItem> workList, DiscoveredCodeBase discoveredCodeBase)",49,13,22,4,3
"edu.umd.cs.findbugs.detect.ResolveAllReferences.visit(JavaClass obj)",47,13,33,4,1
"edu.umd.cs.findbugs.detect.CheckExpectedWarnings.check(AnnotationValue expect, Object descriptor, Collection<BugInstance> warnings, boolean expectWarnings, int priority, ClassDescriptor cd)",44,13,22,4,6
"edu.umd.cs.findbugs.ba.obl.ObligationAnalysis.acmpNullCheck(short opcode, Edge edge, InstructionHandle last, BasicBlock sourceBlock)",36,13,12,4,4
"edu.umd.cs.findbugs.detect.BuildStringPassthruGraph.sawOpcode(int seen)",31,13,9,4,1
"edu.umd.cs.findbugs.util.TestDesktopIntegration.TestDesktopIntegration()",165,13,48,3,0
"edu.umd.cs.findbugs.config.UserPreferences.read(@WillClose InputStream in)",81,13,33,3,1
"edu.umd.cs.findbugs.FindBugs.isDetectorEnabled(IFindBugsEngine findBugs, DetectorFactory factory, int rankThreshold)",59,13,15,3,3
"edu.umd.cs.findbugs.detect.TrainLongInstantfParams.visit(Code obj)",38,13,23,3,1
"edu.umd.cs.findbugs.detect.FindComparatorProblems.sawOpcode(int seen)",32,13,31,3,1
"edu.umd.cs.findbugs.ba.jsr305.ForwardTypeQualifierDataflowAnalysis.registerInstructionSources()",30,13,14,3,0
"edu.umd.cs.findbugs.detect.InvalidJUnitTest.visit(Code obj)",25,13,28,3,1
"edu.umd.cs.findbugs.anttask.FindBugsViewerTask.execute()",74,13,35,2,0
"edu.umd.cs.findbugs.graph.MergeVertices.mergeVertices(Set<VertexType> vertexSet, GraphType g, VertexCombinator<VertexType> combinator, GraphToolkit<GraphType,EdgeType,VertexType> toolkit)",69,13,22,2,4
"edu.umd.cs.findbugs.detect.InstantiateStaticClass.isStaticOnlyClass(XClass xClass)",39,13,14,2,1
"edu.umd.cs.findbugs.gui2.FilterFactory.makeMatcher(Sortables s, BugInstance bug)",35,13,13,2,2
"edu.umd.cs.findbugs.gui2.FilterFactory.makeMatcher(SortableValue sv)",35,13,0,2,1
"edu.umd.cs.findbugs.ba.generic.GenericObjectType.getTypeCategory()",26,13,6,2,0
"edu.umd.cs.findbugs.detect.EarlyExitException.isObjectOnlyMethod(MethodDescriptor m)",23,12,17,8,1
"edu.umd.cs.findbugs.detect.EarlyExitException.hasNoSideEffectUnknown(MethodDescriptor m)",22,12,20,8,1
"edu.umd.cs.findbugs.detect.EarlyExitException.getMethodCall(MethodDescriptor methodDescriptorOperand)",20,12,22,8,1
"edu.umd.cs.findbugs.ba.deref.UnconditionalValueDerefAnalysis.checkNonNullParams(Location location, ValueNumberFrame vnaFrame, ConstantPoolGen constantPool, @CheckForNull Method method, @CheckForNull IsNullValueFrame invFrame)",42,12,26,7,5
"edu.umd.cs.findbugs.detect.DuplicateBranches.getFinalTarget(CFG cfg, int myPos, Collection<InstructionHandle> prevs)",58,12,19,6,3
"edu.umd.cs.findbugs.ba.type.TypeAnalysis.computeThrownExceptionTypes(BasicBlock basicBlock, @CheckForNull InstructionHandle end, TypeFrame result)",64,12,21,5,3
"edu.umd.cs.findbugs.ba.npe.NullDerefAndRedundantComparisonFinder.analyzeIfNullBranch(BasicBlock basicBlock, InstructionHandle lastHandle)",61,12,21,5,2
"edu.umd.cs.findbugs.detect.StreamResourceTracker.markTransitiveUninterestingStreamEscapes()",60,12,25,5,0
"edu.umd.cs.findbugs.ba.type.TypeAnalysis.initEntryFact(TypeFrame result)",57,12,21,5,1
"edu.umd.cs.findbugs.ByteCodePatternDetector.visitClassContext(ClassContext classContext)",55,12,29,5,1
"edu.umd.cs.findbugs.OpcodeStack.mergeLists(List<Item> mergeInto, List<Item> mergeFrom, boolean errorIfSizesDoNotMatch)",51,12,18,5,3
"edu.umd.cs.findbugs.detect.DumbMethods.flush()",47,12,13,5,0
"edu.umd.cs.findbugs.OpcodeStack$JumpInfoFactory.computeJumpInfo(JavaClass jclass, Method method, JumpStackComputation branchAnalysis)",46,12,19,5,3
"edu.umd.cs.findbugs.detect.FindNullDeref.examineCallSite(Location location, ConstantPoolGen cpg, TypeDataflow typeDataflow)",109,12,28,4,3
"edu.umd.cs.findbugs.ba.PruneInfeasibleExceptionEdges.execute()",68,12,19,4,0
"edu.umd.cs.findbugs.detect.FindNullDeref.analyzeMethod(ClassContext classContext, Method method)",61,12,19,4,2
"edu.umd.cs.findbugs.ba.deref.UnconditionalValueDerefSet.mergeWith(UnconditionalValueDerefSet fact, @CheckForNull ValueNumber skipMe, ValueNumberFactory valueNumberFactory)",56,12,21,4,3
"edu.umd.cs.findbugs.detect.StaticCalendarDetector.visit(Field aField)",47,12,26,4,1
"edu.umd.cs.findbugs.detect.CheckTypeQualifiers.annotateWarningWithSourceSinkInfo(BugInstance warning, XMethod xMethod, ValueNumber vn, SourceSinkInfo sourceSinkInfo)",45,12,27,4,4
"edu.umd.cs.findbugs.detect.FindNullDeref.addPropertiesForDereferenceLocations(WarningPropertySet<WarningProperty> propertySet, Collection<Location> derefLocationSet, boolean isConsistent)",44,12,11,4,3
"edu.umd.cs.findbugs.detect.FindSqlInjection.isSafeValue(Location location, ConstantPoolGen cpg)",26,12,15,4,2
"edu.umd.cs.findbugs.detect.InefficientIndexOf.sawOpcode(int seen)",23,12,19,4,1
"edu.umd.cs.findbugs.gui2.MainFrameMenu.createMainMenuBar()",279,12,111,3,0
"edu.umd.cs.findbugs.gui2.Driver.main(String[] args)",90,12,44,3,1
"edu.umd.cs.findbugs.gui2.CloudCommentsPane.updateHeader()",48,12,32,3,0
"edu.umd.cs.findbugs.classfile.engine.ClassParser.readConstant()",48,12,13,3,0
"edu.umd.cs.findbugs.detect.InefficientToArray.sawOpcode(int seen)",43,12,11,3,1
"edu.umd.cs.findbugs.detect.NoiseNullDeref.visitClassContext(ClassContext classContext)",40,12,19,3,1
"edu.umd.cs.findbugs.classfile.engine.bcel.MethodGenFactory.analyze(IAnalysisCache analysisCache, MethodDescriptor descriptor)",39,12,28,3,2
"edu.umd.cs.findbugs.classfile.engine.ClassParserUsingASM$ClassParserMethodVisitor.visitInsn(int opcode)",33,12,3,3,1
"edu.umd.cs.findbugs.MethodAnnotation.formatPackageMember(String key, ClassAnnotation primaryClass)",32,12,26,3,2
"edu.umd.cs.findbugs.detect.FindRoughConstants.sawOpcode(int seen)",25,12,16,3,1
"edu.umd.cs.findbugs.detect.FindRunInvocations.sawOpcode(int seen)",19,12,16,3,1
"edu.umd.cs.findbugs.workflow.BackdateHistoryUsingSource.main(String[] args)",48,12,25,2,1
"edu.umd.cs.findbugs.detect.NoteDirectlyRelevantTypeQualifiers.sawOpcode(int seen)",36,12,5,2,1
"edu.umd.cs.findbugs.detect.WaitInLoop.isConditionAwait()",27,12,14,2,0
"edu.umd.cs.findbugs.StackMapAnalyzer.get(int frame_type)",20,12,0,2,1
"edu.umd.cs.findbugs.detect.MutableLock.sawOpcode(int seen)",28,12,22,1,1
"edu.umd.cs.findbugs.detect.FindUselessObjects$UselessValuesContext.initObservedValues()",29,11,28,8,0
"edu.umd.cs.findbugs.detect.EarlyExitException.changedArg(MethodDescriptor m)",18,11,19,8,1
"edu.umd.cs.findbugs.detect.FindUselessObjects$UselessValuesContext.propagateToReturnValue(Set<ValueInfo> vals, ValueNumber vn, GenLocation location, MethodDescriptor m)",17,11,12,8,4
"edu.umd.cs.findbugs.detect.FindUselessObjects$UselessValuesContext.report()",16,11,7,8,0
"edu.umd.cs.findbugs.ba.deref.UnconditionalValueDerefAnalysis.checkInstance(Location location, ValueNumberFrame vnaFrame, UnconditionalValueDerefSet fact)",67,11,30,7,3
"edu.umd.cs.findbugs.detect.CovariantArrayAssignment.allImplementationsDerivedFromSubclass(@SlashedClassName String superClass, @SlashedClassName String subClass)",31,11,16,7,2
"edu.umd.cs.findbugs.ba.npe.IsNullValueFrameModelingVisitor.analyzeInstruction(Instruction ins)",30,11,21,7,1
"edu.umd.cs.findbugs.ba.deref.UnconditionalValueDerefAnalysis.check(InstructionHandle h, int[] opcodes)",24,11,3,7,2
"edu.umd.cs.findbugs.plan.ExecutionPlan.sortPass(List<DetectorOrderingConstraint> constraintList, Map<String,DetectorFactory> factoryMap, AnalysisPass pass)",64,11,32,6,3
"edu.umd.cs.findbugs.ba.jsr305.TypeQualifierResolver.resolveTypeQualifierNicknames(AnnotationValue value, LinkedList<AnnotationValue> result, LinkedList<ClassDescriptor> onStack)",59,11,25,6,3
"edu.umd.cs.findbugs.detect.UncallableMethodOfAnonymousClass.doVisitMethod(Method obj)",53,11,29,6,1
"edu.umd.cs.findbugs.detect.FindHEmismatch.visit(Signature obj)",49,11,24,6,1
"edu.umd.cs.findbugs.detect.UncallableMethodOfAnonymousClass.visit(Method obj)",43,11,19,6,1
"edu.umd.cs.findbugs.detect.SuperfluousInstanceOf.sawOpcode(int seen)",43,11,15,6,1
"edu.umd.cs.findbugs.detect.FindUnsatisfiedObligation$MethodChecker$PostProcessingPathVisitor.visitInstructionHandle(InstructionHandle handle)",41,11,13,6,1
"edu.umd.cs.findbugs.detect.CheckRelaxingNullnessAnnotation$DetectorNode.checkMethod(@Nonnull XMethod method)",39,11,15,6,1
"edu.umd.cs.findbugs.detect.FindUnsatisfiedObligation$MethodChecker.reportWarning(Obligation obligation, State state, StateSet factAtExit)",38,11,31,6,3
"edu.umd.cs.findbugs.classfile.analysis.ClassInfo.findField(String name, String signature, boolean isStatic)",33,11,16,6,3
"edu.umd.cs.findbugs.workflow.SetBugDatabaseInfo$SetInfoCommandLine.handleOptionWithArgument(String option, String argument)",31,11,16,6,2
"edu.umd.cs.findbugs.detect.FieldItemSummary.visit(Code obj)",25,11,17,6,1
"edu.umd.cs.findbugs.detect.FindInconsistentSync2.findNotUnlockedMethods(ClassContext classContext, SelfCalls selfCalls, Set<CallSite> obviouslyLockedSites)",65,11,22,5,3
"edu.umd.cs.findbugs.tools.FixIndentation.fix(File fileToUpdate, boolean partial)",57,11,15,5,2
"edu.umd.cs.findbugs.ba.npe.NullDerefAndRedundantComparisonFinder.checkEdges(CFG cfg, Map<ValueNumber,NullValueUnconditionalDeref> nullValueGuaranteedDerefMap, Map<ValueNumber,SortedSet<Location>> bugEdgeLocationMap)",51,11,23,5,3
"edu.umd.cs.findbugs.detect.BuildNonNullAnnotationDatabase.visitAnnotation(String annotationClass, Map<String,ElementValue> map, boolean runtimeVisible)",38,11,16,5,3
"edu.umd.cs.findbugs.BugInstance.getPrimarySourceLineAnnotation()",37,11,11,5,0
"edu.umd.cs.findbugs.tools.FixIndentation.fix(String s)",36,11,12,5,1
"edu.umd.cs.findbugs.OpcodeStack$Item.Item(String signature, Object constantValue)",23,11,6,5,2
"edu.umd.cs.findbugs.detect.FindSqlInjection.analyzeMethod(ClassContext classContext, Method method)",63,11,28,4,2
"edu.umd.cs.findbugs.ba.InnerClassAccessMap.getAccessMapForClass(String className)",62,11,18,4,1
"edu.umd.cs.findbugs.ba.InnerClassAccessMap$InstructionCallback.isValidAccessMethod(String methodSig, XField field, boolean isLoad)",57,11,23,4,3
"edu.umd.cs.findbugs.detect.FindUncalledPrivateMethods.visitClassContext(ClassContext classContext)",48,11,35,4,1
"edu.umd.cs.findbugs.detect.XMLFactoryBypass.sawOpcode(int seen)",46,11,24,4,1
"edu.umd.cs.findbugs.ba.type.TypeFrameModelingVisitor.getType(XField xfield)",46,11,20,4,1
"edu.umd.cs.findbugs.detect.FindSqlInjection.generateBugInstance(JavaClass javaClass, MethodGen methodGen, InstructionHandle handle, StringAppendState stringAppendState, boolean isExecute)",38,11,12,4,5
"edu.umd.cs.findbugs.detect.FindNullDeref.visitClassContext(ClassContext classContext)",37,11,17,4,1
"edu.umd.cs.findbugs.ba.jsr305.Analysis.addEffectiveRelevantQualifiers(HashSet<TypeQualifierValue<?>> result, XMethod xmethod)",37,11,8,4,2
"edu.umd.cs.findbugs.ba.Frame.toString()",36,11,18,4,0
"edu.umd.cs.findbugs.detect.ComparatorIdiom.visit(JavaClass obj)",35,11,14,4,1
"edu.umd.cs.findbugs.detect.FindCircularDependencies.sawOpcode(int seen)",29,11,11,4,1
"edu.umd.cs.findbugs.FindBugsCommandLine.handleOption(String option, String optionExtraPart)",28,11,10,4,2
"edu.umd.cs.findbugs.visitclass.Util.getSurroundingTryBlock(ConstantPool constantPool, Code code, @CheckForNull String vmNameOfExceptionClass, int pc)",26,11,9,4,4
"edu.umd.cs.findbugs.detect.EqualsOperandShouldHaveClassCompatibleWithThis.sawOpcode(int seen)",25,11,22,4,1
"edu.umd.cs.findbugs.LaunchAppropriateUI.getLaunchProperty()",68,11,13,3,0
"edu.umd.cs.findbugs.ba.ch.Subtypes2.computeFirstCommonSuperclassOfObjectTypes(ObjectType a, ObjectType b)",57,11,32,3,2
"edu.umd.cs.findbugs.ba.npe.TypeQualifierNullnessAnnotationDatabase.addDefaultAnnotation(Target target, String c, NullnessAnnotation n)",56,11,15,3,3
"edu.umd.cs.findbugs.detect.NoiseNullDeref.foundNullDeref(Location location, ValueNumber valueNumber, IsNullValue refValue, ValueNumberFrame vnaFrame, boolean isConsistent)",52,11,25,3,5
"edu.umd.cs.findbugs.ba.Edge.formatAsString(boolean reverse)",43,11,38,3,1
"edu.umd.cs.findbugs.config.CommandLine.parse(String argv[], boolean dryRun)",42,11,10,3,2
"edu.umd.cs.findbugs.cloud.AbstractCloud.printLeaderBoard2(PrintWriter w, Multiset<String> evaluations, int maxRows, String alwaysPrint, String format, String title)",39,11,9,3,6
"edu.umd.cs.findbugs.workflow.RejarClassesForAnalysis.processZipEntries(File f, ZipElementHandler handler)",36,11,20,3,2
"edu.umd.cs.findbugs.config.ProjectFilterSettings.fromEncodedString(String s)",79,11,25,2,1
"edu.umd.cs.findbugs.detect.TrainFieldStoreTypes.analyzeMethod(ClassContext classContext, Method method)",57,11,22,2,2
"edu.umd.cs.findbugs.detect.SynchronizationOnSharedBuiltinConstant.sawOpcode(int seen)",52,11,30,2,1
"edu.umd.cs.findbugs.cloud.BugFilingCommentHelper.getBugReportHead(BugInstance b)",44,11,31,2,1
"edu.umd.cs.findbugs.StackMapAnalyzer.getItem(StackMapType t)",33,11,16,2,1
"edu.umd.cs.findbugs.detect.InstantiateStaticClass.sawOpcode(int seen)",29,11,18,2,1
"edu.umd.cs.findbugs.gui2.FilterFactory.canFilter(Sortables s)",16,11,0,2,1
"edu.umd.cs.findbugs.ba.bcp.Invoke.match(InstructionHandle handle, ConstantPoolGen cpg, ValueNumberFrame before, ValueNumberFrame after, BindingSet bindingSet)",41,11,9,1,5
"edu.umd.cs.findbugs.ba.heap.FieldSetAnalysis.handleInstruction(InstructionHandle handle, BasicBlock basicBlock, FieldSet fact)",34,11,7,1,3
"edu.umd.cs.findbugs.detect.FindUselessObjects$UselessValuesContext.propagateValues(Set<ValueInfo> vals, ValueNumber origNumber, ValueNumber vn)",30,10,19,8,3
"edu.umd.cs.findbugs.detect.Naming.visitJavaClass(JavaClass obj)",35,10,20,7,1
"edu.umd.cs.findbugs.detect.Naming.markedAsNotUsable(Method obj)",24,10,3,7,1
"edu.umd.cs.findbugs.detect.Naming.visit(Field obj)",19,10,11,7,1
"edu.umd.cs.findbugs.ba.vna.ValueNumberFrame.killAllLoads(boolean primitiveOnly)",18,10,12,7,1
"edu.umd.cs.findbugs.classfile.engine.bcel.LoadedFieldSetFactory.analyze(IAnalysisCache analysisCache, MethodDescriptor descriptor)",50,10,22,6,2
"edu.umd.cs.findbugs.detect.LoadOfKnownNullValue.isNullTestedClose(ClassContext classContext, ALOAD load, InstructionHandle nextHandle, Instruction next)",48,10,14,6,4
"edu.umd.cs.findbugs.ba.bcp.PatternMatcher$State.dominatedInstructionStateIterable()",45,10,19,6,0
"edu.umd.cs.findbugs.detect.MultithreadedInstanceAccess.sawField()",42,10,30,6,0
"edu.umd.cs.findbugs.detect.FindHEmismatch.check(int pos)",41,10,25,6,1
"edu.umd.cs.findbugs.Project.getResolvedSourcePaths()",27,10,11,6,0
"edu.umd.cs.findbugs.PrintingBugReporter$PrintingCommandLine.handleOption(String option, String optionExtraPart)",25,10,14,6,2
"edu.umd.cs.findbugs.ba.type.TypeAnalysis.computeEdgeExceptionSet(Edge edge, ExceptionSet thrownExceptionSet)",82,10,25,5,2
"edu.umd.cs.findbugs.ba.type.TypeAnalysis.meetInto(TypeFrame fact, Edge edge, TypeFrame result)",63,10,18,5,3
"edu.umd.cs.findbugs.detect.FindInconsistentSync2.findLockedMethods(ClassContext classContext, SelfCalls selfCalls, Set<CallSite> obviouslyLockedSites)",54,10,18,5,3
"edu.umd.cs.findbugs.util.SplitCamelCaseIdentifier.split()",50,10,19,5,0
"edu.umd.cs.findbugs.detect.FindRefComparison.handleSuspiciousRefComparison(JavaClass jclass, Method method, MethodGen methodGen, List<WarningWithProperties> refComparisonList, Location location, String lhs, ReferenceType lhsType, ReferenceType rhsType)",33,10,18,5,8
"edu.umd.cs.findbugs.detect.MutableStaticFields.visit(Field obj)",29,10,10,5,1
"edu.umd.cs.findbugs.OpcodeStack$Item.Item(Item it, String signature)",26,10,15,5,2
"edu.umd.cs.findbugs.DetectorFactoryCollection.isDisabledByDefault(String bugPatternOrCode)",25,10,9,5,1
"edu.umd.cs.findbugs.detect.DumbMethodInvocations.isAbsoluteFileName(String v)",23,10,7,5,1
"edu.umd.cs.findbugs.FindBugsMessageFormat.format(BugAnnotation[] args, ClassAnnotation primaryClass, boolean abridgedMessages)",80,10,20,4,3
"edu.umd.cs.findbugs.detect.CheckTypeQualifiers.checkQualifier(XMethod xmethod, CFG cfg, TypeQualifierValue<?> typeQualifierValue, ForwardTypeQualifierDataflowFactory forwardDataflowFactory, BackwardTypeQualifierDataflowFactory backwardDataflowFactory, ValueNumberDataflow vnaDataflow)",59,10,21,4,6
"edu.umd.cs.findbugs.classfile.impl.ClassPathBuilder.build(IClassPath classPath, IClassPathBuilderProgress progress)",54,10,23,4,2
"edu.umd.cs.findbugs.SortedBugCollection.writeEpilogue(XMLOutput xmlOutput)",51,10,24,4,1
"edu.umd.cs.findbugs.ba.LineNumberMap.build()",49,10,16,4,0
"edu.umd.cs.findbugs.RecursiveFileSearch.search()",48,10,18,4,0
"edu.umd.cs.findbugs.detect.CheckTypeQualifiers.visitMethodCFG(MethodDescriptor methodDescriptor, CFG cfg)",46,10,26,4,2
"edu.umd.cs.findbugs.classfile.impl.ClassPathBuilder.locateCodebasesRequiredForAnalysis(IClassPath classPath, IClassPathBuilderProgress progress)",46,10,13,4,2
"edu.umd.cs.findbugs.gui2.MainFrame.callOnClose()",43,10,20,4,0
"edu.umd.cs.findbugs.gui2.PreferencesFrame.handleWindowClose()",42,10,26,4,0
"edu.umd.cs.findbugs.detect.SwitchFallthrough.hasFallThruComment(int startPC, int endPC)",42,10,17,4,2
"edu.umd.cs.findbugs.ba.CFG.getExceptionThrowerLocation(Edge exceptionEdge)",41,10,13,4,1
"edu.umd.cs.findbugs.gui2.SorterTableColumnModel.setVisible(Sortables s, boolean on)",39,10,26,4,2
"edu.umd.cs.findbugs.ba.type.TypeFrame.toString()",37,10,19,4,0
"edu.umd.cs.findbugs.ba.Frame.sameAs(Frame<ValueType> other)",36,10,6,4,1
"edu.umd.cs.findbugs.ba.generic.GenericUtilities.split(String signature, boolean skipInitialAngleBracket)",35,10,5,4,2
"edu.umd.cs.findbugs.detect.CheckExpectedWarnings.checkAnnotation(@CheckForNull String bugCode, Collection<BugInstance> warnings, boolean expectWarnings, int priority, Integer rank, Integer num, Object methodDescriptor, int minPriority, ClassDescriptor cd)",31,10,20,4,9
"edu.umd.cs.findbugs.ProjectStats.purgeClassesThatDontMatch(Pattern classPattern)",30,10,19,4,1
"edu.umd.cs.findbugs.BugRanker.rankBugPattern(BugPattern bugPattern, BugRanker... rankers)",30,10,9,4,2
"edu.umd.cs.findbugs.ba.SourceFinder.setSourceBaseList(Iterable<String> sourceBaseList)",28,10,15,4,1
"edu.umd.cs.findbugs.visitclass.PreorderVisitor.hasInterestingMethod(ConstantPool cp, Collection<MethodDescriptor> methods)",27,10,21,4,2
"edu.umd.cs.findbugs.classfile.impl.ZipFileCodeBase.ZipFileCodeBase(ICodeBaseLocator codeBaseLocator, File file)",50,10,19,3,2
"edu.umd.cs.findbugs.workflow.Churn.dump(PrintStream out)",48,10,7,3,1
"edu.umd.cs.findbugs.ResourceTrackingDetector.visitClassContext(ClassContext classContext)",47,10,22,3,1
"edu.umd.cs.findbugs.BugAccumulator.accumulateBug(BugInstance bug, SourceLineAnnotation sourceLine)",47,10,15,3,2
"edu.umd.cs.findbugs.Version.printVersion(boolean justPrintConfiguration)",40,10,29,3,1
"edu.umd.cs.findbugs.workflow.MineBugHistory.execute()",39,10,21,3,0
"edu.umd.cs.findbugs.ba.jsr305.TypeQualifierDataflowAnalysis.edgeTransfer(Edge edge, TypeQualifierValueSet fact)",37,10,21,3,2
"edu.umd.cs.findbugs.model.ClassFeatureSet.initialize(JavaClass javaClass)",36,10,25,3,1
"edu.umd.cs.findbugs.detect.InitializeNonnullFieldsInConstructor.visit(Code code)",33,10,17,3,1
"edu.umd.cs.findbugs.AbstractBugReporter.reportBug(@Nonnull BugInstance bugInstance)",31,10,12,3,1
"edu.umd.cs.findbugs.classfile.engine.ClassParserUsingASM$ClassParserMethodVisitor.visitVarInsn(int opcode, int var)",27,10,3,3,2
"edu.umd.cs.findbugs.detect.FindFinalizeInvocations.visit(Code obj)",26,10,23,3,1
"edu.umd.cs.findbugs.filter.MethodMatcher.match(BugInstance bugInstance)",24,10,9,3,1
"edu.umd.cs.findbugs.filter.FieldMatcher.match(BugInstance bugInstance)",23,10,9,3,1
"edu.umd.cs.findbugs.filter.TypeMatcher.match(BugInstance bugInstance)",22,10,9,3,1
"edu.umd.cs.findbugs.config.CommandLine.addCommandLineOptions(ArrayList<String> resultList, BufferedReader reader, boolean ignoreComments, boolean ignoreBlankLines)",21,10,13,3,4
"edu.umd.cs.findbugs.gui2.BugRenderer.getTreeCellRendererComponent(JTree tree, Object node, boolean selected, boolean expanded, boolean leaf, int row, boolean hasFocus)",60,10,6,2,7
"edu.umd.cs.findbugs.util.ClassName.getPrimitiveType(@SlashedClassName String cls)",30,10,10,2,1
"edu.umd.cs.findbugs.detect.PublicSemaphores.sawOpcode(int seen)",28,10,9,2,1
"edu.umd.cs.findbugs.detect.DoInsideDoPrivileged.sawOpcode(int seen)",23,10,19,2,1
"edu.umd.cs.findbugs.detect.CheckAnalysisContextContainedAnnotation.bad(Item left, Item right)",23,10,13,2,2
"edu.umd.cs.findbugs.detect.EmptyZipFileEntry.sawOpcode(int seen)",21,10,15,2,1
"edu.umd.cs.findbugs.detect.CheckAnalysisContextContainedAnnotation.visit(Field field)",16,10,16,2,1
"edu.umd.cs.findbugs.tools.html.PrettyPrintBugDescriptions.main(String[] args)",39,10,7,1,1
"edu.umd.cs.findbugs.Obfuscate.obfuscate(MethodAnnotation m)",22,10,18,1,1
"edu.umd.cs.findbugs.filter.SignatureUtil.scalarTypeToSiganture(String type)",22,10,10,1,1
"edu.umd.cs.findbugs.detect.EarlyExitException.isNew(OpcodeStack.Item item)",24,9,14,8,1
"edu.umd.cs.findbugs.FindBugs2.buildClassPath()",53,9,22,7,0
"edu.umd.cs.findbugs.ba.npe.IsNullValueFrameModelingVisitor.getReturnValueNullness(XMethod calledMethod)",29,9,17,7,1
"edu.umd.cs.findbugs.ba.vna.ValueNumberFrame.fromMatchingFields(ValueNumber v1, ValueNumber v2)",29,9,14,7,2
"edu.umd.cs.findbugs.ba.vna.ValueNumberFrame.sameAs(Frame<ValueNumber> other)",19,9,12,7,1
"edu.umd.cs.findbugs.Project.processComponentJar(URL jarFileURL, WorkList workList, List<String> implicitClasspath)",52,9,18,6,3
"edu.umd.cs.findbugs.plan.ExecutionPlan.buildPassList(ConstraintGraph constraintGraph)",44,9,21,6,1
"edu.umd.cs.findbugs.classfile.engine.bcel.ValueRangeAnalysisFactory$Context.revertOpcode(short opcode)",25,9,0,6,1
"edu.umd.cs.findbugs.ba.jsr305.TypeQualifierApplications.getDefaultAnnotation(AnnotatedObject o, TypeQualifierValue<?> typeQualifierValue, ElementType elementType)",66,9,10,5,3
"edu.umd.cs.findbugs.PluginLoader.validate(File file)",52,9,23,5,1
"edu.umd.cs.findbugs.detect.FindOpenStream.visitClassContext(ClassContext classContext)",42,9,14,5,1
"edu.umd.cs.findbugs.classfile.impl.ZipInputStreamCodeBase.ZipInputStreamCodeBase(ICodeBaseLocator codeBaseLocator, File file)",41,9,16,5,2
"edu.umd.cs.findbugs.PluginLoader.getPluginDescriptor()",36,9,16,5,0
"edu.umd.cs.findbugs.detect.FindMaskedFields.visit(LocalVariableTable obj)",34,9,14,5,1
"edu.umd.cs.findbugs.detect.UselessSubclassMethod.findSuperclassMethod(@DottedClassName String superclassName, Method subclassMethod)",32,9,14,5,2
"edu.umd.cs.findbugs.detect.RedundantConditions.visitClassContext(ClassContext classContext)",31,9,28,5,1
"edu.umd.cs.findbugs.detect.InitializationChain.report()",31,9,20,5,0
"edu.umd.cs.findbugs.LocalVariableAnnotation.getLocalVariableAnnotation(Method method, int local, int position1, int position2)",31,9,12,5,4
"edu.umd.cs.findbugs.OpcodeStack.addJumpValue(int from, int target)",29,9,18,5,2
"edu.umd.cs.findbugs.OpcodeStack.pushByDoubleMath(int seen, Item it, Item it2)",26,9,19,5,3
"edu.umd.cs.findbugs.tools.FixIndentation.recursiveFix(File root, boolean partial)",26,9,15,5,2
"edu.umd.cs.findbugs.OpcodeStack.pushByFloatMath(int seen, Item it, Item it2)",25,9,19,5,3
"edu.umd.cs.findbugs.LocalVariableAnnotation.format(String key, ClassAnnotation primaryClass)",23,9,8,5,2
"edu.umd.cs.findbugs.detect.FindInconsistentSync2$FieldStats.addAccess(MethodDescriptor method, InstructionHandle handle, boolean isLocked)",20,9,5,5,3
"edu.umd.cs.findbugs.detect.DumbMethods.checkForCompatibleLongComparison(OpcodeStack.Item left, OpcodeStack.Item right)",19,9,10,5,2
"edu.umd.cs.findbugs.detect.MutableStaticFields.interesting(XField f)",16,9,10,5,1
"edu.umd.cs.findbugs.gui2.MainFrame.setProjectAndBugCollection(@CheckForNull Project project, @CheckForNull BugCollection bugCollection)",65,9,27,4,2
"edu.umd.cs.findbugs.ba.SourceFinder.findSourceFile(String packageName, String fileName)",60,9,10,4,2
"edu.umd.cs.findbugs.BugRanker.BugRanker(@CheckForNull URL u)",46,9,15,4,1
"edu.umd.cs.findbugs.ba.SourceFinder.hasSourceFile(String packageName, String fileName)",46,9,8,4,2
"edu.umd.cs.findbugs.ba.deref.UnconditionalValueDerefSet.toString()",43,9,21,4,0
"edu.umd.cs.findbugs.ba.vna.MergeTree.getTransitiveInputSet(ValueNumber output)",43,9,19,4,1
"edu.umd.cs.findbugs.detect.RedundantInterfaces.visitClassContext(ClassContext classContext)",39,9,17,4,1
"edu.umd.cs.findbugs.ba.obl.ObligationAnalysis.comparesObligationTypeToNull(Edge edge)",38,9,10,4,1
"edu.umd.cs.findbugs.detect.FindNullDeref.examineReturnInstruction(Location location)",37,9,21,4,1
"edu.umd.cs.findbugs.gui2.SourceCodeDisplay$DisplayBug.run()",36,9,21,4,0
"edu.umd.cs.findbugs.bugReporter.SuppressionDecorator.SuppressionDecorator(ComponentPlugin<BugReporterDecorator> plugin, BugReporter delegate)",36,9,18,4,2
"edu.umd.cs.findbugs.util.LaunchBrowser.showDocumentViaExec(URL url)",36,9,9,4,1
"edu.umd.cs.findbugs.ProjectStats.addStats(ProjectStats stats2)",35,9,12,4,1
"edu.umd.cs.findbugs.ba.FrameDataflowAnalysis.getFactBeforeExceptionCheck(CFG cfg, int pc)",34,9,18,4,2
"edu.umd.cs.findbugs.visitclass.PreorderVisitor.getNumberArguments(String signature)",34,9,2,4,1
"edu.umd.cs.findbugs.detect.FindNullDeref.callToAssertionMethod(Location loc)",33,9,12,4,1
"edu.umd.cs.findbugs.detect.EqualsOperandShouldHaveClassCompatibleWithThis.check(ClassDescriptor c)",32,9,26,4,1
"edu.umd.cs.findbugs.detect.CheckTypeQualifiers.getEdgeTargetLocation(CFG cfg, Edge edge)",28,9,13,4,2
"edu.umd.cs.findbugs.ba.type.TypeFrameModelingVisitor.getLocalVariable(int index, int pos)",27,9,11,4,2
"edu.umd.cs.findbugs.detect.FindUselessControlFlow.sawOpcode(int seen)",26,9,13,4,1
"edu.umd.cs.findbugs.anttask.FindBugsTask.afterExecuteJavaProcess(int rc)",15,9,4,4,1
"edu.umd.cs.findbugs.util.Strings.unescapeXml(String s)",68,9,19,3,1
"edu.umd.cs.findbugs.workflow.MineBugHistory.dumpNoTabs(PrintStream out)",58,9,36,3,1
"edu.umd.cs.findbugs.anttask.AbstractFindBugsTask.createFindbugsEngine()",56,9,30,3,0
"edu.umd.cs.findbugs.sourceViewer.NavigableTextPane.scrollLinesToVisible(int startLine, int endLine, Collection<Integer> otherLines)",53,9,13,3,3
"edu.umd.cs.findbugs.SloppyBugComparator.compare(BugInstance lhs, BugInstance rhs)",48,9,19,3,2
"edu.umd.cs.findbugs.ba.jsr305.BackwardTypeQualifierDataflowAnalysis.modelArguments(Location location)",48,9,18,3,1
"edu.umd.cs.findbugs.workflow.MineBugHistory.dumpXml(PrintStream out)",47,9,27,3,1
"edu.umd.cs.findbugs.workflow.FileBugHash.FileBugHash(BugCollection bugs)",42,9,35,3,1
"edu.umd.cs.findbugs.workflow.Churn.execute()",40,9,17,3,0
"edu.umd.cs.findbugs.detect.Stream.isStreamClose(BasicBlock basicBlock, InstructionHandle handle, ConstantPoolGen cpg, ResourceValueFrame frame, RepositoryLookupFailureCallback lookupFailureCallback)",39,9,12,3,5
"edu.umd.cs.findbugs.ba.vna.ValueNumberSourceInfo.findAnnotationFromValueNumber(Method method, Location location, ValueNumber valueNumber, ValueNumberFrame vnaFrame, @CheckForNull String partialRole)",38,9,8,3,5
"edu.umd.cs.findbugs.detect.NumberConstructor.sawOpcode(int seen)",36,9,15,3,1
"edu.umd.cs.findbugs.gui2.GUI2CommandLine.handleOption(String option, String optionExtraPart)",35,9,15,3,2
"edu.umd.cs.findbugs.workflow.TreemapVisualization.generateTreeMap(BugCollection bugCollection)",34,9,42,3,1
"edu.umd.cs.findbugs.detect.BadSyntaxForRegularExpression.sawRegExPattern(int stackDepth, int flags)",33,9,24,3,2
"edu.umd.cs.findbugs.detect.NoiseNullDeref.addPropertiesForDereferenceLocations(WarningPropertySet<WarningProperty> propertySet, Collection<Location> derefLocationSet)",33,9,9,3,2
"edu.umd.cs.findbugs.detect.HugeSharedStringConstants.report()",32,9,18,3,0
"edu.umd.cs.findbugs.classfile.engine.ClassParser.extractReferencedClasses()",32,9,11,3,0
"edu.umd.cs.findbugs.ba.npe.IsNullValueAnalysis.handleIfNull(IsNullValue tos, ValueNumber prevTopValue, boolean ifnull)",27,9,12,3,3
"edu.umd.cs.findbugs.ba.AbstractDataflowAnalysis.transfer(BasicBlock basicBlock, @CheckForNull InstructionHandle end, Fact start, Fact result)",27,9,11,3,4
"edu.umd.cs.findbugs.detect.InvalidJUnitTest.hasTestMethods(JavaClass jClass)",25,9,14,3,1
"edu.umd.cs.findbugs.anttask.AbstractFindBugsTask.checkParameters()",25,9,8,3,0
"edu.umd.cs.findbugs.anttask.ConvertXmlToTextTask.afterExecuteJavaProcess(int rc)",25,9,5,3,1
"edu.umd.cs.findbugs.gui2.CloudCommentsPane.commentBoxClicked()",24,9,19,3,0
"edu.umd.cs.findbugs.workflow.RejarClassesForAnalysis$RejarClassesForAnalysisCommandLine.handleOptionWithArgument(String option, String argument)",21,9,11,3,2
"edu.umd.cs.findbugs.detect.MutableEnum.visitClassContext(ClassContext classContext)",19,9,15,3,1
"edu.umd.cs.findbugs.detect.MutableEnum.sawOpcode(int seen)",18,9,14,3,1
"edu.umd.cs.findbugs.detect.InvalidJUnitTest.visit(Method obj)",14,9,17,3,1
"edu.umd.cs.findbugs.classfile.analysis.MethodInfo.MethodInfo(@SlashedClassName String className, String methodName, String methodSignature, String methodSourceSignature, int accessFlags, boolean isUnconditionalThrower, boolean isUnsupported, boolean usesConcurrency, boolean hasBackBranch, boolean isStub, boolean isIdentity, boolean usesInvokeDynamic, int methodCallCount, @CheckForNull String[] exceptions, @CheckForNull MethodDescriptor accessMethodForMethod, @CheckForNull FieldDescriptor accessMethodForField, Map<ClassDescriptor,AnnotationValue> methodAnnotations, Map<Integer,Map<ClassDescriptor,AnnotationValue>> methodParameterAnnotations, long variableIsSynthetic)",42,9,16,2,19
"edu.umd.cs.findbugs.detect.BadAppletConstructor.sawOpcode(int seen)",12,9,12,2,1
"edu.umd.cs.findbugs.detect.Naming.report()",24,8,12,7,0
"edu.umd.cs.findbugs.ba.vna.ValueNumberFrame.killAllLoadsOf(@CheckForNull ValueNumber v)",24,8,11,7,1
"edu.umd.cs.findbugs.Project.write(String outputFile, boolean useRelativePaths, String relativeBase)",52,8,13,6,3
"edu.umd.cs.findbugs.ba.jsr305.TypeQualifierResolver.resolveTypeQualifierDefaults(AnnotationValue value, ElementType defaultFor, LinkedList<AnnotationValue> result)",47,8,17,6,3
"edu.umd.cs.findbugs.detect.FindUnsatisfiedObligation$MethodChecker$PostProcessingPathVisitor.applyPossibleObligationTransfers()",41,8,7,6,0
"edu.umd.cs.findbugs.ba.generic.GenericSignatureParser.getGenericSignatureIterator(Method target)",39,8,11,6,1
"edu.umd.cs.findbugs.detect.DuplicateBranches.visitMethod(Method method)",36,8,16,6,1
"edu.umd.cs.findbugs.ba.vna.ValueNumberFrameModelingVisitor.visitGETSTATIC(GETSTATIC obj)",35,8,21,6,1
"edu.umd.cs.findbugs.classfile.engine.bcel.FinallyDuplicatesInfoFactory$FinallyDuplicatesInfo.getDuplicates(int pos)",26,8,10,6,1
"edu.umd.cs.findbugs.classfile.engine.bcel.ValueRangeAnalysisFactory$BackIterator.next()",22,8,12,6,0
"edu.umd.cs.findbugs.classfile.engine.bcel.FinallyDuplicatesInfoFactory$FinallyDuplicatesInfo.getDuplicates(CFG cfg, Edge edge)",21,8,18,6,2
"edu.umd.cs.findbugs.workflow.SetBugDatabaseInfo$SetInfoCommandLine.handleOption(String option, String optionExtraPart)",20,8,7,6,2
"edu.umd.cs.findbugs.ba.jsr305.TypeQualifierApplications.getEffectiveTypeQualifierAnnotation(AnnotatedObject o, TypeQualifierValue<?> typeQualifierValue)",48,8,13,5,2
"edu.umd.cs.findbugs.classfile.impl.ZipInputStreamCodeBase.lookupResource(String resourceName)",47,8,14,5,1
"edu.umd.cs.findbugs.LocalVariableAnnotation.findMatchingIgnoredParameter(ClassContext classContext, Method method, String name, String signature)",45,8,21,5,4
"edu.umd.cs.findbugs.detect.RuntimeExceptionCapture.visit(CodeException obj)",44,8,37,5,1
"edu.umd.cs.findbugs.OpcodeStack.resetForMethodEntry0(@SlashedClassName String className, Method m)",43,8,24,5,2
"edu.umd.cs.findbugs.DetectorFactoryCollection.inferFindBugsHome()",40,8,24,5,0
"edu.umd.cs.findbugs.ba.npe.NullDerefAndRedundantComparisonFinder.examineBasicBlocks()",40,8,12,5,0
"edu.umd.cs.findbugs.tools.FilterAndCombineBitfieldPropertyDatabase.process(@WillClose InputStream inSource, Map<String,Integer> properties, Map<String,Integer> accessFlags)",38,8,18,5,3
"edu.umd.cs.findbugs.LocalVariableAnnotation.findUniqueBestMatchingParameter(ClassContext classContext, Method method, String name, String signature)",35,8,12,5,4
"edu.umd.cs.findbugs.detect.FindRefComparison.reportBest(ClassContext classContext, Method method, LinkedList<WarningWithProperties> warningList, boolean relaxed)",31,8,6,5,4
"edu.umd.cs.findbugs.ba.AssertionMethods.isAssertionInstruction(Instruction ins, ConstantPoolGen cpg)",28,8,8,5,2
"edu.umd.cs.findbugs.detect.StartInConstructor.sawOpcode(int seen)",25,8,21,5,1
"edu.umd.cs.findbugs.BugInstance.equals(Object o)",25,8,7,5,1
"edu.umd.cs.findbugs.OpcodeStack.handleDcmp(int opcode)",24,8,19,5,1
"edu.umd.cs.findbugs.tools.FilterAndCombineBitfieldPropertyDatabase.getStatus(@DottedClassName String name)",24,8,9,5,1
"edu.umd.cs.findbugs.OpcodeStack.handleFcmp(int opcode)",23,8,19,5,1
"edu.umd.cs.findbugs.OpcodeStack.precomputation(DismantleBytecode dbc)",17,8,9,5,1
"edu.umd.cs.findbugs.OpcodeStack.eraseKnowledgeOf(XField fieldOperand)",14,8,6,5,1
"edu.umd.cs.findbugs.gui2.BugTreeModel.getPathToBug(BugInstance b)",60,8,19,4,1
"edu.umd.cs.findbugs.detect.CheckTypeQualifiers.checkDataflow(XMethod xmethod, CFG cfg, TypeQualifierValue<?> typeQualifierValue, ValueNumberDataflow vnaDataflow, ForwardTypeQualifierDataflow forwardDataflow, BackwardTypeQualifierDataflow backwardDataflow)",58,8,24,4,6
"edu.umd.cs.findbugs.ba.Hierarchy.resolveMethodCallTargets(InvokeInstruction invokeInstruction, TypeFrame typeFrame, ConstantPoolGen cpg)",57,8,11,4,3
"edu.umd.cs.findbugs.workflow.CloudSyncAndReport.report(PrintWriter out)",53,8,36,4,1
"edu.umd.cs.findbugs.ba.obl.ObligationAnalysis.edgeTransfer(Edge edge, StateSet fact)",48,8,20,4,2
"edu.umd.cs.findbugs.ba.Hierarchy2.findInvocationLeastUpperBound(InvokeInstruction inv, ConstantPoolGen cpg, JavaClassAndMethodChooser methodChooser)",48,8,14,4,3
"edu.umd.cs.findbugs.ba.type.FieldStoreType.computeLoadType(ReferenceType fieldType)",48,8,11,4,1
"edu.umd.cs.findbugs.gui2.ProjectSettings.addFilter(FilterMatcher filter)",46,8,36,4,1
"edu.umd.cs.findbugs.ba.Hierarchy.findInvocationLeastUpperBound(InvokeInstruction inv, ConstantPoolGen cpg, JavaClassAndMethodChooser methodChooser)",44,8,13,4,3
"edu.umd.cs.findbugs.ba.URLClassPath.addURL(String fileName)",42,8,10,4,1
"edu.umd.cs.findbugs.detect.CheckExpectedWarnings.countWarnings(Collection<BugInstance> warnings, @CheckForNull String bugCode, int desiredPriority, int rank)",41,8,16,4,4
"edu.umd.cs.findbugs.SelfCalls.isSelfCall(InvokeInstruction inv)",41,8,15,4,1
"edu.umd.cs.findbugs.visitclass.PreorderVisitor.visitJavaClass(JavaClass obj)",38,8,16,4,1
"edu.umd.cs.findbugs.SelfCalls.scan(CallGraphNode node)",38,8,14,4,1
"edu.umd.cs.findbugs.ba.XFactory.resolveXField(FieldDescriptor originalDescriptor)",36,8,20,4,1
"edu.umd.cs.findbugs.ba.type.TypeFrameModelingVisitor.handleToArray(InvokeInstruction obj)",34,8,28,4,1
"edu.umd.cs.findbugs.ba.AnnotationDatabase.getResolvedAnnotation(Object o, boolean getMinimal)",34,8,15,4,2
"edu.umd.cs.findbugs.DiscoverSourceDirectories.findSourceDirectoriesForAllSourceFiles(List<String> fullyQualifiedSourceFileNameList, List<String> candidateSourceDirList)",33,8,8,4,2
"edu.umd.cs.findbugs.ba.XFactory.isCalledDirectlyOrIndirectly(XMethod m)",30,8,17,4,1
"edu.umd.cs.findbugs.BugRanker.findRankUnknownPlugin(BugPattern pattern)",29,8,16,4,1
"edu.umd.cs.findbugs.DeepSubtypeAnalysis.getLeastSerializableTypeComponent(ReferenceType type)",29,8,7,4,1
"edu.umd.cs.findbugs.detect.FindNullDeref.uniqueLocations(Collection<Location> derefLocationSet)",28,8,9,4,1
