"type","sloc","nom","npm","wmc","dep","i-dep","fan-in","fan-out","noa"
"edu.umd.cs.findbugs.OpcodeStack",3001,157,104,629,58,22,45,46,76
"edu.umd.cs.findbugs.BugInstance",1673,202,192,420,67,28,218,48,28
"edu.umd.cs.findbugs.detect.FindNullDeref",1375,40,20,228,103,69,0,75,17
"edu.umd.cs.findbugs.detect.DumbMethods",1308,30,21,575,49,29,0,42,33
"edu.umd.cs.findbugs.PluginLoader",1296,53,20,160,62,21,3,36,24
"edu.umd.cs.findbugs.ba.type.TypeFrameModelingVisitor",1153,126,117,206,38,24,4,31,12
"edu.umd.cs.findbugs.SortedBugCollection",1019,106,95,187,58,13,49,27,29
"edu.umd.cs.findbugs.detect.UnreadFields",994,23,22,357,57,34,1,43,21
"edu.umd.cs.findbugs.detect.FindRefComparison",991,65,48,214,86,50,1,71,32
"edu.umd.cs.findbugs.gui2.CloudCommentsPane",960,67,36,136,59,8,1,23,33
"edu.umd.cs.findbugs.visitclass.DismantleBytecode",932,63,58,192,35,12,11,19,45
"edu.umd.cs.findbugs.gui2.MainFrame",913,121,111,200,53,21,3,42,51
"edu.umd.cs.findbugs.detect.FindNoSideEffectMethods",895,38,23,10,34,17,0,27,37
"edu.umd.cs.findbugs.ba.AbstractFrameModelingVisitor",882,199,198,211,4,2,5,4,3
"edu.umd.cs.findbugs.classfile.engine.bcel.ValueRangeAnalysisFactory",869,61,49,221,58,16,1,39,37
"edu.umd.cs.findbugs.FindBugs2",841,63,53,169,53,35,6,50,26
"edu.umd.cs.findbugs.ba.ch.Subtypes2",806,58,38,156,28,9,46,15,19
"edu.umd.cs.findbugs.cloud.AbstractCloud",789,76,67,190,34,15,2,27,20
"edu.umd.cs.findbugs.ba.BetterCFGBuilder2",727,49,44,141,59,11,2,28,28
"edu.umd.cs.findbugs.detect.FindInconsistentSync2",704,28,22,179,66,39,0,48,31
"edu.umd.cs.findbugs.workflow.Filter",704,18,9,160,44,24,0,37,71
"edu.umd.cs.findbugs.gui2.PreferencesFrame",692,41,28,63,64,8,1,25,21
"edu.umd.cs.findbugs.ba.deref.UnconditionalValueDerefAnalysis",671,36,22,164,53,33,5,41,16
"edu.umd.cs.findbugs.SAXBugCollectionHandler",669,24,10,87,39,22,4,32,24
"edu.umd.cs.findbugs.detect.FindUnrelatedTypesInGenericContainer",669,14,6,86,77,44,0,50,7
"edu.umd.cs.findbugs.Project",661,68,62,147,44,13,31,33,37
"edu.umd.cs.findbugs.ba.npe.IsNullValueAnalysis",657,23,17,51,38,25,1,30,16
"edu.umd.cs.findbugs.detect.FindUselessObjects",632,40,38,243,48,21,0,31,31
"edu.umd.cs.findbugs.ba.npe.NullDerefAndRedundantComparisonFinder",625,20,9,151,45,28,2,31,17
"edu.umd.cs.findbugs.ba.jsr305.TypeQualifierApplications",618,38,18,129,25,14,9,18,10
"edu.umd.cs.findbugs.detect.SerializableIdiom",616,12,9,234,36,19,0,26,34
"edu.umd.cs.findbugs.ba.AnalysisContext",612,84,80,132,47,28,137,36,30
"edu.umd.cs.findbugs.gui2.MainFrameMenu",605,47,46,63,36,12,1,22,13
"edu.umd.cs.findbugs.detect.FindPuzzlers",594,10,7,255,33,22,0,29,22
"edu.umd.cs.findbugs.TextUICommandLine",593,21,14,139,23,4,2,14,39
"edu.umd.cs.findbugs.SourceLineAnnotation",581,59,54,113,29,16,76,24,27
"edu.umd.cs.findbugs.gui2.MainFrameTree",581,45,43,72,51,4,1,17,13
"edu.umd.cs.findbugs.ba.ClassContext",571,64,53,122,50,27,114,34,9
"edu.umd.cs.findbugs.visitclass.PreorderVisitor",568,64,58,136,51,17,32,26,27
"edu.umd.cs.findbugs.workflow.RejarClassesForAnalysis",556,29,23,105,34,5,1,28,28
"edu.umd.cs.findbugs.ba.vna.ValueNumberFrameModelingVisitor",544,31,16,136,39,12,1,20,8
"edu.umd.cs.findbugs.gui2.BugTreeModel",542,49,44,114,19,2,2,10,15
"edu.umd.cs.findbugs.detect.FindHEmismatch",541,14,13,215,34,21,0,26,28
"edu.umd.cs.findbugs.detect.FindBadCast2",534,6,4,8,57,33,0,35,5
"edu.umd.cs.findbugs.ba.vna.ValueNumberFrame",530,41,26,152,18,5,43,14,11
"edu.umd.cs.findbugs.ba.type.TypeAnalysis",525,32,25,121,44,23,3,34,17
"edu.umd.cs.findbugs.classfile.engine.ClassParserUsingASM",524,33,31,120,27,12,2,18,34
"edu.umd.cs.findbugs.detect.Naming",524,25,12,168,37,21,0,29,11
"edu.umd.cs.findbugs.gui2.NewProjectWizard",521,23,17,34,42,7,2,21,20
"edu.umd.cs.findbugs.detect.FindDeadLocalStores",508,9,3,140,65,27,0,33,6
"edu.umd.cs.findbugs.gui2.MainFrameLoadSaveHelper",499,29,27,47,21,9,1,15,4
"edu.umd.cs.findbugs.util.Util",496,67,66,101,41,2,50,26,7
"edu.umd.cs.findbugs.classfile.impl.ClassPathBuilder",493,35,18,115,40,23,1,38,15
"edu.umd.cs.findbugs.classfile.analysis.MethodInfo",476,77,70,154,27,15,7,22,36
"edu.umd.cs.findbugs.detect.CheckTypeQualifiers",475,16,2,120,59,45,0,51,9
"edu.umd.cs.findbugs.workflow.Update",467,15,8,111,28,15,2,26,21
"edu.umd.cs.findbugs.detect.FindUnsatisfiedObligation",466,28,16,100,50,33,0,41,27
"edu.umd.cs.findbugs.updates.UpdateChecker",457,30,15,86,41,9,6,28,15
"edu.umd.cs.findbugs.ba.XFactory",455,51,46,93,40,20,59,26,9
"edu.umd.cs.findbugs.gui2.MainFrameComponentFactory",452,29,24,53,57,9,1,20,8
"edu.umd.cs.findbugs.ba.Hierarchy",449,43,43,104,28,8,35,12,11
"edu.umd.cs.findbugs.detect.FindSqlInjection",448,29,20,83,45,23,0,29,19
"edu.umd.cs.findbugs.anttask.FindBugsTask",447,49,45,139,11,2,0,9,36
"edu.umd.cs.findbugs.ba.DefaultNullnessAnnotations",444,2,1,3,1,1,1,2,1
"edu.umd.cs.findbugs.Plugin",434,76,73,102,24,5,17,16,27
"edu.umd.cs.findbugs.ProjectStats",432,37,36,97,35,5,13,18,17
"edu.umd.cs.findbugs.detect.DroppedException",428,8,5,133,27,16,0,22,14
"edu.umd.cs.findbugs.DetectorFactoryCollection",415,52,41,107,27,6,37,15,20
"edu.umd.cs.findbugs.detect.InfiniteLoop",414,27,19,125,16,7,0,20,11
"edu.umd.cs.findbugs.detect.OverridingEqualsNotSymmetrical",411,8,5,86,26,19,0,23,25
"edu.umd.cs.findbugs.config.UserPreferences",400,38,35,87,26,6,9,22,26
"edu.umd.cs.findbugs.cloud.AbstractCloudTest",392,65,56,82,26,9,0,16,7
"edu.umd.cs.findbugs.ba.SourceFinder",382,46,42,77,28,5,8,18,12
"edu.umd.cs.findbugs.gui2.GUISaveState",381,42,39,54,21,3,4,9,42
"edu.umd.cs.findbugs.ba.npe.IsNullValueFrameModelingVisitor",381,25,20,86,42,19,1,24,7
"edu.umd.cs.findbugs.gui2.ViewFilter",377,67,62,31,8,4,1,8,18
"edu.umd.cs.findbugs.ba.Dataflow",371,20,13,28,13,7,23,14,7
"edu.umd.cs.findbugs.classfile.analysis.ClassInfo",358,37,34,123,27,16,11,23,21
"edu.umd.cs.findbugs.detect.FindUnreleasedLock",354,20,18,76,44,29,0,37,10
"edu.umd.cs.findbugs.detect.NoiseNullDeref",354,18,11,72,63,43,0,49,10
"edu.umd.cs.findbugs.ba.generic.GenericUtilities",352,31,30,78,11,3,7,9,1
"edu.umd.cs.findbugs.plan.ExecutionPlan",352,27,13,81,20,8,2,13,8
"edu.umd.cs.findbugs.log.Profiler",344,33,32,65,17,5,16,25,18
"edu.umd.cs.findbugs.detect.CheckExpectedWarnings",344,11,6,81,42,27,0,33,12
"edu.umd.cs.findbugs.workflow.MineBugHistory",341,23,21,81,15,7,1,15,19
"edu.umd.cs.findbugs.cloud.DoNothingCloud",340,75,74,83,17,7,2,12,2
"edu.umd.cs.findbugs.classfile.impl.AnalysisCache",340,32,27,61,28,19,1,31,16
"edu.umd.cs.findbugs.gui2.SorterTableColumnModel",328,35,33,74,26,0,4,6,8
"edu.umd.cs.findbugs.ba.Hierarchy2",328,20,15,68,27,10,16,13,3
"edu.umd.cs.findbugs.FindBugs",327,20,19,45,21,7,30,17,12
"edu.umd.cs.findbugs.ba.CFG",326,46,42,89,13,2,91,7,15
"edu.umd.cs.findbugs.ba.npe.IsNullValue",323,43,36,87,9,8,20,13,22
"edu.umd.cs.findbugs.ba.npe.TypeQualifierNullnessAnnotationDatabase",320,15,13,69,33,27,3,33,4
"edu.umd.cs.findbugs.detect.MutableStaticFields",319,11,7,66,22,11,0,15,22
"edu.umd.cs.findbugs.ba.Frame",318,37,36,91,11,1,5,6,7
"edu.umd.cs.findbugs.ba.AnnotationDatabase",318,18,10,44,16,5,6,11,9
"edu.umd.cs.findbugs.classfile.engine.bcel.FinallyDuplicatesInfoFactory",318,13,10,84,32,6,1,18,8
"edu.umd.cs.findbugs.gui2.SourceDirectoryWizard",315,26,22,13,16,7,2,27,31
"edu.umd.cs.findbugs.detect.DuplicateBranches",310,12,4,75,27,11,0,19,3
"edu.umd.cs.findbugs.DiscoverSourceDirectories",306,48,45,50,22,13,2,25,7
"edu.umd.cs.findbugs.jaif.JAIFParser",302,26,12,45,4,1,1,10,2
"edu.umd.cs.findbugs.detect.FindOpenStream",302,10,10,43,32,18,0,25,9
"edu.umd.cs.findbugs.LocalVariableAnnotation",301,26,26,64,25,14,27,20,19
"edu.umd.cs.findbugs.ba.obl.ObligationAnalysis",300,18,13,85,31,18,1,21,11
"edu.umd.cs.findbugs.MethodAnnotation",298,29,27,73,16,12,37,18,21
"edu.umd.cs.findbugs.ba.bcp.PatternMatcher",292,25,21,69,21,13,1,19,22
"edu.umd.cs.findbugs.workflow.MergeSummarizeAndView",292,18,12,48,26,14,1,23,20
"edu.umd.cs.findbugs.ba.BytecodeScanner",291,4,2,6,1,1,6,2,2
"edu.umd.cs.findbugs.config.ProjectFilterSettings",289,24,23,60,13,5,2,15,15
"edu.umd.cs.findbugs.detect.SwitchFallthrough",289,7,4,88,28,18,0,23,17
"edu.umd.cs.findbugs.detect.CheckRelaxingNullnessAnnotation",284,15,8,67,36,17,0,24,7
"edu.umd.cs.findbugs.AbstractBugReporter",283,33,26,72,20,6,3,15,14
"edu.umd.cs.findbugs.ba.jsr305.TypeQualifierValueSet",277,36,26,68,9,2,2,7,6
"edu.umd.cs.findbugs.ba.jsr305.TypeQualifierValue",277,20,15,30,28,14,8,23,15
"edu.umd.cs.findbugs.detect.LazyInit",277,7,6,65,49,33,0,39,4
"edu.umd.cs.findbugs.detect.BuildObligationPolicyDatabase",276,12,5,46,39,25,1,33,12
"edu.umd.cs.findbugs.visitclass.BetterVisitor",271,70,70,70,37,0,1,3,0
"edu.umd.cs.findbugs.detect.FindSelfComparison",269,6,4,106,17,14,0,19,9
"edu.umd.cs.findbugs.detect.UselessSubclassMethod",266,12,9,97,17,5,0,11,9
"edu.umd.cs.findbugs.gui2.SourceCodeDisplay",265,16,11,46,20,6,1,13,15
"edu.umd.cs.findbugs.StackMapAnalyzer",262,12,4,42,25,4,0,8,3
"edu.umd.cs.findbugs.ba.deref.UnconditionalValueDerefSet",258,24,23,63,15,5,7,9,6
"edu.umd.cs.findbugs.ba.BasicBlock",255,38,37,63,10,2,37,11,11
"edu.umd.cs.findbugs.gui2.BugSet",252,29,24,51,15,5,10,10,7
"edu.umd.cs.findbugs.gui2.AbstractSwingGuiCallback",250,26,18,41,30,3,1,16,2
"edu.umd.cs.findbugs.Version",250,8,7,39,15,4,4,10,23
"edu.umd.cs.findbugs.cloud.Cloud",247,104,104,97,16,5,21,6,6
"edu.umd.cs.findbugs.config.CommandLine",245,16,11,52,18,4,16,16,9
"edu.umd.cs.findbugs.workflow.SetBugDatabaseInfo",244,4,2,58,19,9,0,18,18
"edu.umd.cs.findbugs.detect.MethodReturnCheck",243,7,4,53,25,19,0,24,12
"edu.umd.cs.findbugs.ba.IncompatibleTypes",242,11,8,72,17,8,16,11,21
"edu.umd.cs.findbugs.ba.URLClassPath",241,28,27,52,17,2,2,10,7
"edu.umd.cs.findbugs.ba.npe.IsNullValueFrame",241,20,20,65,13,6,11,10,5
"edu.umd.cs.findbugs.detect.DontIgnoreResultOfPutIfAbsent",240,6,3,56,51,29,0,34,6
"edu.umd.cs.findbugs.detect.LoadOfKnownNullValue",239,5,3,46,35,21,0,26,2
"edu.umd.cs.findbugs.PackageStats",238,36,34,42,13,2,10,15,11
"edu.umd.cs.findbugs.FieldAnnotation",238,25,23,50,23,11,36,17,13
"edu.umd.cs.findbugs.detect.UncallableMethodOfAnonymousClass",238,10,9,62,23,16,0,20,3
"edu.umd.cs.findbugs.detect.StaticCalendarDetector",234,9,8,62,28,17,0,21,13
"edu.umd.cs.findbugs.gui2.AnalyzingDialog",233,24,17,22,17,3,1,13,11
"edu.umd.cs.findbugs.ba.LockSet",233,19,15,65,5,3,7,6,6
"edu.umd.cs.findbugs.ba.ch.Subtypes2Test",232,32,30,17,8,5,0,7,26
"edu.umd.cs.findbugs.classfile.engine.ClassParser",232,14,6,50,15,8,3,14,7
"edu.umd.cs.findbugs.DetectorFactory",231,30,30,51,8,1,12,8,17
"edu.umd.cs.findbugs.ba.SourceInfoMap",228,28,25,53,13,2,5,14,11
"edu.umd.cs.findbugs.ba.vna.ValueNumberAnalysis",228,24,20,47,20,10,4,15,11
"edu.umd.cs.findbugs.DeepSubtypeAnalysis",227,11,10,55,13,5,6,9,7
"edu.umd.cs.findbugs.PrintingBugReporter",227,9,7,50,14,4,3,17,7
"edu.umd.cs.findbugs.anttask.FilterBugsTask",226,40,34,51,2,0,0,3,29
"edu.umd.cs.findbugs.util.TopologicalSort",226,15,12,51,14,3,1,17,10
"edu.umd.cs.findbugs.detect.BuildStringPassthruGraph",225,15,15,52,17,5,0,16,9
"edu.umd.cs.findbugs.detect.FunctionsThatMightBeMistakenForProcedures",224,6,6,66,23,15,0,18,11
"edu.umd.cs.findbugs.anttask.AbstractFindBugsTask",223,31,20,56,9,0,7,9,18
"edu.umd.cs.findbugs.gui2.BugLoader",223,15,10,31,31,16,0,25,3
"edu.umd.cs.findbugs.ba.type.ExceptionSet",222,26,24,50,10,3,2,8,8
"edu.umd.cs.findbugs.graph.AbstractGraph",219,37,36,43,3,0,5,7,8
"edu.umd.cs.findbugs.BugRanker",219,14,8,53,13,4,8,14,11
"edu.umd.cs.findbugs.detect.WrongMapIterator",218,16,10,74,17,13,0,18,15
"edu.umd.cs.findbugs.detect.FindNonShortCircuit",218,10,4,71,8,6,0,10,14
"edu.umd.cs.findbugs.detect.StringConcatenation",217,5,3,72,10,6,0,14,14
"edu.umd.cs.findbugs.updates.UpdateCheckerTest",215,22,14,21,25,4,0,13,10
"edu.umd.cs.findbugs.ba.CheckReturnAnnotationDatabase",215,4,3,19,6,0,2,4,1
"edu.umd.cs.findbugs.classfile.DescriptorFactory",214,30,28,49,16,5,89,10,6
"edu.umd.cs.findbugs.util.TestDesktopIntegration",212,10,10,18,23,1,1,16,6
"edu.umd.cs.findbugs.detect.RuntimeExceptionCapture",209,7,7,43,37,24,0,31,11
"edu.umd.cs.findbugs.BugDesignation",206,23,23,62,9,4,7,10,6
"edu.umd.cs.findbugs.model.ClassFeatureSet",204,19,18,51,17,7,6,17,13
"edu.umd.cs.findbugs.detect.Noise",204,15,15,88,9,6,0,9,7
"edu.umd.cs.findbugs.ba.Edge",200,17,17,62,9,1,36,9,2
"edu.umd.cs.findbugs.graph.AbstractDepthFirstSearch",199,28,15,43,5,0,2,8,15
"edu.umd.cs.findbugs.workflow.CopyBuggySource",199,8,5,41,22,10,1,15,14
"edu.umd.cs.findbugs.detect.FindMaskedFields",195,7,7,56,22,13,0,16,8
"edu.umd.cs.findbugs.FuzzyBugComparator",194,16,13,45,6,1,0,8,6
"edu.umd.cs.findbugs.detect.CrossSiteScripting",192,6,3,63,16,11,0,15,8
"edu.umd.cs.findbugs.ba.FieldSummary",191,14,14,44,20,9,11,11,7
"edu.umd.cs.findbugs.gui2.PluginUpdateDialog",191,12,7,28,28,4,1,16,2
"edu.umd.cs.findbugs.ba.PruneUnconditionalExceptionThrowerEdges",191,6,5,38,20,5,2,10,11
"edu.umd.cs.findbugs.cloud.BugFilingCommentHelper",190,10,9,26,19,10,0,15,6
"edu.umd.cs.findbugs.detect.Stream",189,25,22,47,15,7,6,11,8
"edu.umd.cs.findbugs.detect.FindSelfComparison2",189,7,3,66,26,18,0,23,1
"edu.umd.cs.findbugs.detect.RedundantConditions",189,7,3,68,25,11,0,14,2
"edu.umd.cs.findbugs.workflow.Churn",188,11,12,40,12,6,1,15,8
"edu.umd.cs.findbugs.detect.IncompatMask",187,9,5,63,5,4,0,9,5
"edu.umd.cs.findbugs.detect.InitializationChain",187,8,7,49,20,8,0,16,14
"edu.umd.cs.findbugs.detect.FindDoubleCheck",187,4,3,80,12,6,0,10,13
"edu.umd.cs.findbugs.filter.Filter",186,22,21,38,19,6,16,13,2
"edu.umd.cs.findbugs.detect.FindJSR166LockMonitorenter",186,5,4,39,33,21,0,26,3
"edu.umd.cs.findbugs.ba.UnresolvedXMethod",185,31,30,39,15,7,0,12,2
"edu.umd.cs.findbugs.ba.jsr305.TypeQualifierDataflowAnalysis",184,17,13,41,22,13,2,18,7
"edu.umd.cs.findbugs.ba.generic.GenericSignatureParser",184,10,11,53,10,0,14,9,2
"edu.umd.cs.findbugs.detect.FindUseOfNonSerializableValue",184,5,4,42,36,16,0,22,4
"edu.umd.cs.findbugs.ba.SignatureParser",183,19,20,51,7,0,43,10,4
"edu.umd.cs.findbugs.detect.RepeatedConditionals",182,7,4,53,17,6,0,11,6
"edu.umd.cs.findbugs.detect.BuildUnconditionalParamDerefDatabase",182,6,3,54,35,22,2,27,3
"edu.umd.cs.findbugs.ba.ClassHash",181,20,18,33,17,3,0,10,6
"edu.umd.cs.findbugs.SystemProperties",181,14,12,28,12,2,135,8,7
"edu.umd.cs.findbugs.ba.InnerClassAccessMap",181,13,7,44,15,1,4,7,8
"edu.umd.cs.findbugs.classfile.analysis.FieldInfo",180,31,29,107,23,14,6,20,9
"edu.umd.cs.findbugs.Obfuscate",179,23,15,42,5,1,1,5,1
"edu.umd.cs.findbugs.detect.FindRoughConstants",177,13,8,49,16,5,0,13,10
"edu.umd.cs.findbugs.ba.jsr305.ForwardTypeQualifierDataflowAnalysis",176,16,4,45,28,14,2,17,1
"edu.umd.cs.findbugs.VersionInsensitiveBugComparator",176,13,10,48,5,3,1,9,5
"edu.umd.cs.findbugs.detect.FormatStringChecker",176,3,3,3,18,12,0,13,6
"edu.umd.cs.findbugs.Tokenizer",174,6,2,40,4,0,1,3,3
"edu.umd.cs.findbugs.I18N",173,15,14,44,10,0,7,6,8
"edu.umd.cs.findbugs.detect.CloneIdiom",170,9,9,47,21,16,0,20,11
"edu.umd.cs.findbugs.ProjectPackagePrefixes",169,12,10,41,16,3,3,20,7
"edu.umd.cs.findbugs.ba.npe.DerefFinder",169,2,2,33,36,23,1,25,1
"edu.umd.cs.findbugs.io.IO",167,15,12,27,16,1,9,6,2
"edu.umd.cs.findbugs.gui2.NewFilterFrame",167,10,10,8,21,0,2,8,3
"edu.umd.cs.findbugs.cloud.username.WebCloudNameLookup",166,15,11,31,17,6,0,15,10
"edu.umd.cs.findbugs.ba.jsr305.BackwardTypeQualifierDataflowAnalysis",166,13,7,41,28,17,2,19,4
"edu.umd.cs.findbugs.Analyze",165,7,6,37,12,7,2,10,6
"edu.umd.cs.findbugs.util.ClassName",164,16,16,51,6,1,54,5,0
"edu.umd.cs.findbugs.detect.InvalidJUnitTest",163,9,5,57,14,11,0,14,6
"edu.umd.cs.findbugs.classfile.engine.bcel.CFGFactory",163,3,3,3,34,23,1,24,1
"edu.umd.cs.findbugs.detect.StreamResourceTracker",162,16,15,35,21,9,1,12,7
"edu.umd.cs.findbugs.ba.AssertionMethods",159,9,7,55,20,1,7,7,5
"edu.umd.cs.findbugs.detect.DumbMethodInvocations",158,5,3,36,27,16,0,21,5
"edu.umd.cs.findbugs.PropertyBundle",157,19,18,30,9,2,8,4,5
"edu.umd.cs.findbugs.TextUIBugReporter",157,18,15,28,4,1,5,4,10
"edu.umd.cs.findbugs.classfile.impl.ZipInputStreamCodeBase",157,11,10,31,13,6,1,14,6
"edu.umd.cs.findbugs.detect.FindCircularDependencies",157,8,5,38,10,3,0,13,7
"edu.umd.cs.findbugs.ba.obl.StateSet",155,24,23,37,8,1,4,4,5
"edu.umd.cs.findbugs.ba.Path",155,15,13,32,2,0,5,5,6
"edu.umd.cs.findbugs.ba.ResourceValueAnalysis",155,7,5,47,9,1,3,6,7
"edu.umd.cs.findbugs.detect.InfiniteRecursiveLoop",154,4,4,68,10,8,0,12,6
"edu.umd.cs.findbugs.BugInstanceTest",153,18,11,22,8,2,0,6,1
"edu.umd.cs.findbugs.detect.FindFloatEquality",152,6,5,54,11,7,0,13,7
"edu.umd.cs.findbugs.SAXBugCollectionHandlerTest",152,4,4,4,4,1,0,2,0
"edu.umd.cs.findbugs.props.WarningPropertySet",151,13,13,16,6,3,7,10,1
"edu.umd.cs.findbugs.detect.FindNullDerefsInvolvingNonShortCircuitEvaluation",151,7,5,29,24,18,0,21,2
"edu.umd.cs.findbugs.tools.FixIndentation",151,3,1,35,14,3,0,10,6
"edu.umd.cs.findbugs.ba.BlockType",150,19,18,45,1,0,1,3,6
"edu.umd.cs.findbugs.gui2.DockLayout",150,13,13,14,27,1,0,4,9
"edu.umd.cs.findbugs.ba.obl.InstructionActionCache",150,5,4,32,32,13,1,17,7
"edu.umd.cs.findbugs.gui2.CommentsArea",149,17,14,16,19,5,1,12,5
"edu.umd.cs.findbugs.Lookup",149,12,12,34,15,9,5,11,0
"edu.umd.cs.findbugs.XDocsBugReporter",149,12,8,22,10,1,1,6,12
"edu.umd.cs.findbugs.gui2.ProjectSettings",149,11,10,21,10,0,2,1,5
"edu.umd.cs.findbugs.detect.BadSyntaxForRegularExpression",148,8,2,63,7,5,0,10,1
"edu.umd.cs.findbugs.detect.CovariantArrayAssignment",148,4,3,52,17,12,0,16,1
"edu.umd.cs.findbugs.tools.xml.CheckMessages",147,13,14,27,12,1,1,10,5
"edu.umd.cs.findbugs.detect.ResolveAllReferences",146,10,5,33,29,13,0,18,2
"edu.umd.cs.findbugs.detect.FindUninitializedGet",146,8,8,45,21,10,0,13,8
"edu.umd.cs.findbugs.ba.type.StandardTypeMerger",145,8,2,24,13,7,3,11,3
"edu.umd.cs.findbugs.xml.OutputStreamXMLOutput",142,21,17,27,9,1,8,4,5
"edu.umd.cs.findbugs.gui2.StackedFilterMatcher",142,9,10,33,6,1,3,8,2
"edu.umd.cs.findbugs.gui2.FilterFactory",142,8,5,50,16,14,0,17,0
"edu.umd.cs.findbugs.workflow.CloudSyncAndReport",142,8,7,25,16,8,1,15,8
"edu.umd.cs.findbugs.classfile.impl.SingleFileCodeBase",141,20,20,23,20,13,1,16,8
"edu.umd.cs.findbugs.tools.html.PrettyPrintBugDescriptions",141,15,7,29,10,3,1,8,7
"edu.umd.cs.findbugs.classfile.analysis.ClassNameAndSuperclassInfo",139,29,28,97,10,3,9,5,14
"edu.umd.cs.findbugs.sourceViewer.NavigableTextPane",139,15,9,26,13,1,1,12,1
"edu.umd.cs.findbugs.gui2.SplashFrame",139,7,7,11,13,0,2,10,10
"edu.umd.cs.findbugs.detect.ReadOfInstanceFieldInMethodInvokedByConstructorInSuperclass",139,4,3,37,21,15,0,18,2
"edu.umd.cs.findbugs.cloud.BugCollectionStorageCloud",138,27,26,32,9,3,1,5,0
"edu.umd.cs.findbugs.SwitchHandler",138,11,11,31,8,4,1,7,7
"edu.umd.cs.findbugs.sourceViewer.JavaScanner",137,6,6,39,3,0,1,4,12
"edu.umd.cs.findbugs.detect.DefaultEncodingDetector",136,9,7,15,16,11,0,16,5
"edu.umd.cs.findbugs.ResourceTrackingDetector",136,9,7,25,19,14,2,20,4
"edu.umd.cs.findbugs.detect.InitializeNonnullFieldsInConstructor",136,8,8,41,14,9,0,12,5
"edu.umd.cs.findbugs.ba.generic.GenericObjectType",135,19,19,41,12,4,14,9,3
"edu.umd.cs.findbugs.detect.CallToUnconditionalThrower",135,4,3,22,30,21,0,26,4
"edu.umd.cs.findbugs.detect.FindReturnRef",134,7,6,39,10,7,0,10,11
"edu.umd.cs.findbugs.detect.LostLoggerDueToWeakReference",134,7,4,39,12,8,0,12,6
"edu.umd.cs.findbugs.CommandLineUiCallback",133,22,21,30,12,2,2,7,2
"edu.umd.cs.findbugs.BugAccumulator",133,13,13,27,11,4,55,6,9
"edu.umd.cs.findbugs.SelfCalls",133,12,10,29,16,4,1,7,6
"edu.umd.cs.findbugs.util.Strings",133,9,8,36,5,0,6,8,8
"edu.umd.cs.findbugs.BugPattern",132,23,23,27,2,1,8,5,12
"edu.umd.cs.findbugs.visitclass.PrintClass",132,3,3,36,11,0,0,7,3
"edu.umd.cs.findbugs.IntAnnotation",130,18,17,30,5,2,11,10,14
"edu.umd.cs.findbugs.ba.SignatureConverter",130,13,13,32,7,1,18,4,1
"edu.umd.cs.findbugs.gui2.AboutDialog",130,11,6,7,9,3,1,16,11
"edu.umd.cs.findbugs.ba.jsr305.SourceSinkInfo",129,17,17,40,3,2,6,4,8
"edu.umd.cs.findbugs.detect.MultithreadedInstanceAccess",129,7,6,25,17,5,0,9,8
"edu.umd.cs.findbugs.detect.FindMismatchedWaitOrNotify",129,5,4,24,28,17,0,22,2
"edu.umd.cs.findbugs.TypeAnnotation",128,18,18,30,8,6,22,11,10
"edu.umd.cs.findbugs.DetectorsTest",128,10,6,24,13,1,0,5,6
"edu.umd.cs.findbugs.ba.jsr305.TypeQualifierResolver",128,6,4,27,13,9,0,11,9
"edu.umd.cs.findbugs.PackageMemberAnnotation",127,18,11,32,6,4,3,7,3
"edu.umd.cs.findbugs.ba.LiveLocalStoreAnalysis",127,14,13,32,10,0,4,4,2
"edu.umd.cs.findbugs.jaif.JAIFScanner",127,11,8,15,5,0,2,1,26
"edu.umd.cs.findbugs.detect.FindNonSerializableValuePassedToWriteObject",127,4,3,25,26,15,0,21,2
"edu.umd.cs.findbugs.detect.InefficientInitializationInsideLoop",126,7,4,43,18,7,0,13,15
"edu.umd.cs.findbugs.workflow.CountClassVersions",126,5,4,24,21,6,0,17,3
"edu.umd.cs.findbugs.ba.jsr305.Analysis",125,6,3,24,22,14,3,17,3
"edu.umd.cs.findbugs.detect.CallToUnsupportedMethod",125,4,3,22,28,17,0,19,1
"edu.umd.cs.findbugs.detect.FindFieldSelfAssignment",125,3,3,38,13,9,0,13,7
"edu.umd.cs.findbugs.ClassAnnotation",124,15,14,30,8,6,29,11,10
"edu.umd.cs.findbugs.ba.ResourceValueFrameModelingVisitor",123,16,12,24,14,0,3,2,0
"edu.umd.cs.findbugs.anttask.FindBugsViewerTask",123,15,14,30,7,1,0,3,11
"edu.umd.cs.findbugs.gui2.FilterMatcher",123,13,13,30,6,3,4,7,6
"edu.umd.cs.findbugs.detect.FindTwoLockWait",123,7,6,24,23,12,0,17,4
"edu.umd.cs.findbugs.detect.VolatileUsage",122,8,5,35,11,8,0,11,6
"edu.umd.cs.findbugs.detect.FindNonSerializableStoreIntoSession",122,4,3,22,27,16,0,22,3
"edu.umd.cs.findbugs.classfile.impl.ZipFileCodeBase",121,9,8,16,12,3,1,8,2
"edu.umd.cs.findbugs.detect.UnnecessaryMath",121,4,4,22,13,5,0,10,8
"edu.umd.cs.findbugs.classfile.ClassDescriptor",120,25,24,30,8,2,136,7,4
"edu.umd.cs.findbugs.ba.bcp.Invoke",119,14,12,26,13,6,0,11,12
"edu.umd.cs.findbugs.gui2.Driver",119,6,6,25,9,6,2,12,4
"edu.umd.cs.findbugs.visitclass.Util",119,5,5,36,16,1,7,3,0
"edu.umd.cs.findbugs.ba.interproc.ParameterProperty",118,19,18,26,2,0,10,3,3
"edu.umd.cs.findbugs.gui2.SplitLayout",118,12,11,11,16,1,1,6,7
"edu.umd.cs.findbugs.util.LaunchBrowser",118,7,1,19,9,1,8,10,8
"edu.umd.cs.findbugs.Footprint",117,11,11,19,4,0,3,7,12
"edu.umd.cs.findbugs.sourceViewer.JavaSourceDocument",117,6,6,12,19,4,2,5,14
"edu.umd.cs.findbugs.detect.FieldItemSummary",117,5,5,40,17,13,0,16,3
"edu.umd.cs.findbugs.ba.SourceFile",116,14,10,24,4,0,8,5,8
"edu.umd.cs.findbugs.FindBugsTestCase",116,7,3,14,6,1,1,7,3
"edu.umd.cs.findbugs.AnalysisError",115,14,13,34,2,0,4,5,6
"edu.umd.cs.findbugs.ba.LockAnalysis",115,12,10,34,11,5,1,9,6
"edu.umd.cs.findbugs.gui2.SorterDialog",114,11,7,14,19,0,1,7,4
"edu.umd.cs.findbugs.detect.NumberConstructor",114,8,5,22,13,6,0,11,5
"edu.umd.cs.findbugs.detect.ConfusionBetweenInheritedAndOuterMethod",114,5,5,33,13,8,0,10,3
"edu.umd.cs.findbugs.detect.NoteSuppressedWarnings",113,8,6,20,23,16,1,21,2
"edu.umd.cs.findbugs.workflow.FileBugHash",113,6,7,25,15,7,2,15,4
"edu.umd.cs.findbugs.AddMessages",113,5,3,16,11,1,1,7,2
"edu.umd.cs.findbugs.classfile.analysis.AnnotationValue",112,20,17,17,8,3,14,9,6
"edu.umd.cs.findbugs.detect.ReadReturnShouldBeChecked",112,6,3,44,9,7,0,11,8
"edu.umd.cs.findbugs.ba.vna.ValueNumberSourceInfo",110,6,6,29,14,9,11,10,0
"edu.umd.cs.findbugs.gui2.SpringUtilities",110,4,3,12,4,0,0,3,0
"edu.umd.cs.findbugs.detect.FindUncalledPrivateMethods",110,4,4,34,16,7,0,11,4
"edu.umd.cs.findbugs.ba.interproc.PropertyDatabase",109,15,10,22,20,4,3,8,1
"edu.umd.cs.findbugs.cloud.CloudFactory",109,5,5,15,13,6,3,13,7
"edu.umd.cs.findbugs.ba.AbstractClassMember",108,18,17,22,4,2,2,5,6
"edu.umd.cs.findbugs.ba.heap.FieldSetAnalysis",108,15,11,27,15,7,2,9,2
"edu.umd.cs.findbugs.classfile.impl.ClassPathImpl",108,10,9,23,11,5,1,8,3
"edu.umd.cs.findbugs.FindBugsCommandLine",108,8,6,23,7,2,2,7,3
"edu.umd.cs.findbugs.detect.InheritanceUnsafeGetResource",108,5,4,30,13,7,0,11,9
"edu.umd.cs.findbugs.props.WarningPropertyUtil",108,5,2,17,17,10,4,11,1
"edu.umd.cs.findbugs.StringAnnotation",107,17,17,21,4,3,17,8,15
"edu.umd.cs.findbugs.ba.NullnessAnnotationDatabase",107,9,9,47,4,3,2,8,0
"edu.umd.cs.findbugs.detect.SynchronizeOnClassLiteralNotGetClass",106,3,3,26,9,7,0,9,4
"edu.umd.cs.findbugs.ba.FrameDataflowAnalysis",105,13,10,31,2,0,5,2,0
"edu.umd.cs.findbugs.detect.CheckAnalysisContextContainedAnnotation",105,7,5,32,18,11,0,15,5
"edu.umd.cs.findbugs.detect.BuildNonNullAnnotationDatabase",105,6,4,22,16,8,2,12,3
"edu.umd.cs.findbugs.detect.SynchronizingOnContentsOfFieldToProtectField",105,3,3,27,8,6,0,7,6
"edu.umd.cs.findbugs.ba.obl.ObligationFactory",104,12,12,21,15,5,3,8,2
"edu.umd.cs.findbugs.classfile.impl.DirectoryCodeBase",104,12,12,18,13,4,1,11,4
"edu.umd.cs.findbugs.util.HTML",104,11,3,23,12,0,1,3,2
"edu.umd.cs.findbugs.workflow.TestingGround",103,6,7,29,8,6,0,10,1
"edu.umd.cs.findbugs.anttask.SetBugDatabaseInfoTask",102,17,11,28,1,0,0,3,9
"edu.umd.cs.findbugs.ba.jsr305.TypeQualifierAnnotation",102,12,9,13,7,1,8,3,7
"edu.umd.cs.findbugs.visitclass.AnnotationVisitor",102,7,5,19,15,2,8,5,1
"edu.umd.cs.findbugs.bugReporter.SuppressionDecorator",102,3,2,21,15,6,0,10,3
"edu.umd.cs.findbugs.detect.FindBugsSummaryStats",101,13,13,16,16,9,0,13,10
"edu.umd.cs.findbugs.detect.BuildCheckReturnAnnotationDatabase",101,4,2,23,14,5,1,9,2
"edu.umd.cs.findbugs.ba.type.TypeFrame",100,15,14,24,4,2,27,6,1
"edu.umd.cs.findbugs.anttask.ConvertXmlToTextTask",100,13,9,30,3,1,0,3,6
"edu.umd.cs.findbugs.detect.URLProblems",100,7,7,21,12,7,0,10,10
"edu.umd.cs.findbugs.detect.SynchronizationOnSharedBuiltinConstant",100,5,3,17,16,11,0,16,7
"edu.umd.cs.findbugs.detect.VarArgsProblems",100,3,3,29,7,5,0,8,12
"edu.umd.cs.findbugs.jaif.JAIFScannerTest",99,13,11,13,2,0,0,2,0
"edu.umd.cs.findbugs.SloppyBugComparator",99,9,3,29,3,3,2,7,2
"edu.umd.cs.findbugs.detect.TestDataflowAnalysis",99,6,4,13,18,17,0,25,4
"edu.umd.cs.findbugs.detect.InefficientToArray",99,5,5,19,15,9,0,13,9
"edu.umd.cs.findbugs.ba.ch.ClassVertex",97,20,15,24,5,3,2,5,7
"edu.umd.cs.findbugs.detect.FindComparatorProblems",96,6,5,23,14,9,0,14,6
"edu.umd.cs.findbugs.workflow.UnionResults",96,5,4,16,11,8,1,15,2
"edu.umd.cs.findbugs.detect.AtomicityProblem",96,4,4,31,9,7,0,10,4
"edu.umd.cs.findbugs.detect.SuspiciousThreadInterrupted",96,4,4,36,8,5,0,8,8
"edu.umd.cs.findbugs.util.Multiset",95,15,15,24,8,0,2,9,1
"edu.umd.cs.findbugs.gui2.FBFileChooser",95,10,6,12,11,1,4,5,0
"edu.umd.cs.findbugs.classfile.engine.ClassParserUsingBCEL",95,9,7,9,20,10,0,13,4
"edu.umd.cs.findbugs.ba.vna.MergeTree",95,6,5,22,6,1,2,5,3
"edu.umd.cs.findbugs.xml.Dom4JXMLOutput",94,16,16,20,5,0,1,2,1
"edu.umd.cs.findbugs.AppVersion",94,15,15,16,5,3,8,9,6
"edu.umd.cs.findbugs.ba.bcp.PatternElementMatch",94,13,13,25,2,1,3,4,5
"edu.umd.cs.findbugs.util.FractionalMultiset",94,13,12,21,7,0,0,9,1
"edu.umd.cs.findbugs.ba.URLClassPathRepository",94,11,10,23,7,1,0,7,4
"edu.umd.cs.findbugs.detect.FindSleepWithLockHeld",94,6,3,18,19,11,0,14,2
"edu.umd.cs.findbugs.tools.junit.JUnitJarRunner",94,6,6,17,12,0,1,9,2
"edu.umd.cs.findbugs.detect.TrainFieldStoreTypes",94,4,3,16,23,15,0,18,2
"edu.umd.cs.findbugs.detect.XMLFactoryBypass",94,4,4,17,9,4,0,9,5
"edu.umd.cs.findbugs.tools.FilterAndCombineBitfieldPropertyDatabase",94,2,1,20,15,1,0,10,3
"edu.umd.cs.findbugs.gui2.BugAspects",93,18,18,22,3,1,5,5,5
"edu.umd.cs.findbugs.ba.ca.CallList",93,16,16,26,2,0,3,4,2
"edu.umd.cs.findbugs.bcel.BCELUtil",93,12,12,21,17,5,26,7,2
"edu.umd.cs.findbugs.graph.AbstractVertex",93,11,11,23,0,0,5,4,3
"edu.umd.cs.findbugs.ba.PruneInfeasibleExceptionEdges",93,6,6,16,11,4,1,9,8
"edu.umd.cs.findbugs.workflow.RebornIssues",93,6,7,25,11,5,1,11,1
"edu.umd.cs.findbugs.ba.generic.TestGenericObjectType",93,6,5,14,7,0,0,3,7
"edu.umd.cs.findbugs.classfile.FieldOrMethodDescriptor",92,13,11,26,1,0,9,3,6
"edu.umd.cs.findbugs.graph.StronglyConnectedComponents",92,11,9,15,4,0,0,4,3
"edu.umd.cs.findbugs.classfile.engine.bcel.AnalysisFactory",91,17,3,17,19,15,32,17,3
"edu.umd.cs.findbugs.ba.MethodHash",91,14,13,21,4,1,2,5,5
"edu.umd.cs.findbugs.anttask.ComputeBugHistoryTask",91,13,9,22,4,0,0,1,8
"edu.umd.cs.findbugs.ba.obl.ObligationSet",91,11,10,22,1,0,3,4,4
"edu.umd.cs.findbugs.config.ProjectFilterSettingsTest",91,9,8,11,4,2,0,4,6
"edu.umd.cs.findbugs.gui2.DisplayNonmodelMessage",91,5,4,4,14,0,0,2,5
"edu.umd.cs.findbugs.workflow.ListBugDatabaseInfo",91,4,4,11,13,8,0,12,2
"edu.umd.cs.findbugs.ba.vna.ValueNumber",90,13,11,18,2,2,46,5,10
"edu.umd.cs.findbugs.workflow.TreemapVisualization",90,5,5,21,10,7,1,12,4
"edu.umd.cs.findbugs.detect.BuildNonnullReturnDatabase",90,3,1,16,19,13,1,15,4
"edu.umd.cs.findbugs.detect.ExplicitSerialization",90,3,3,17,17,13,0,16,6
"edu.umd.cs.findbugs.ba.TargetEnumeratingVisitor",89,12,12,19,10,0,1,3,4
"edu.umd.cs.findbugs.BugCollectionBugReporter",89,12,11,19,7,4,4,9,3
"edu.umd.cs.findbugs.gui2.GUI2CommandLine",89,10,8,23,4,1,1,8,5
"edu.umd.cs.findbugs.gui.AnnotatedString",89,7,7,21,8,2,4,9,2
"edu.umd.cs.findbugs.detect.WaitInLoop",89,5,3,37,5,4,0,9,8
"edu.umd.cs.findbugs.classfile.engine.AbstractMethodVisitor",88,23,23,23,5,1,1,3,0
"edu.umd.cs.findbugs.workflow.FindSeqNumTest",88,19,18,20,10,1,0,3,2
"edu.umd.cs.findbugs.ba.jsr305.ValidationSecurityManager",88,6,3,21,5,0,1,9,3
"edu.umd.cs.findbugs.detect.HugeSharedStringConstants",88,5,5,18,14,6,0,13,5
"edu.umd.cs.findbugs.BugCollection",87,52,52,52,16,3,40,4,14
"edu.umd.cs.findbugs.ba.npe.PointerUsageRequiringNonNullValue",87,20,20,11,4,3,2,4,3
"edu.umd.cs.findbugs.ba.ca.CallListAnalysis",87,13,12,16,16,9,1,11,2
"edu.umd.cs.findbugs.EmacsBugReporter",87,6,3,12,9,3,1,7,2
"edu.umd.cs.findbugs.detect.EqualsOperandShouldHaveClassCompatibleWithThis",87,4,3,25,16,14,0,18,3
"edu.umd.cs.findbugs.ba.ExceptionHandlerMap",86,7,4,19,10,1,1,2,3
"edu.umd.cs.findbugs.IGuiCallback",85,29,29,29,6,1,8,1,13
"edu.umd.cs.findbugs.charsets.UTF8",85,16,16,16,17,0,30,2,2
"edu.umd.cs.findbugs.ba.AbstractDominatorsAnalysis",85,13,13,18,4,0,2,2,2
"edu.umd.cs.findbugs.ba.jsr305.ForwardTypeQualifierDataflowFactory",85,3,1,4,20,13,2,14,0
"edu.umd.cs.findbugs.classfile.engine.ClassDataAnalysisEngine",84,9,9,13,13,11,1,17,1
"edu.umd.cs.findbugs.detect.NoteDirectlyRelevantTypeQualifiers",84,6,5,20,19,14,0,18,2
"edu.umd.cs.findbugs.ba.bcp.PatternElement",83,16,15,21,7,4,5,10,6
"edu.umd.cs.findbugs.ba.npe.ReturnPathTypeAnalysis",83,16,16,17,10,9,1,10,3
"edu.umd.cs.findbugs.model.MovedClassMap",83,7,4,16,11,5,1,11,4
"edu.umd.cs.findbugs.ba.LineNumberMap",83,5,4,18,6,1,0,3,5
"edu.umd.cs.findbugs.cloud.MutableCloudTask",82,15,13,21,3,0,1,2,7
"edu.umd.cs.findbugs.ba.heap.FieldSet",81,15,15,24,3,1,1,2,2
"edu.umd.cs.findbugs.anttask.MineBugHistoryTask",81,13,8,21,2,0,0,3,5
"edu.umd.cs.findbugs.ba.vna.ValueNumberCache",81,6,6,17,5,1,1,3,5
"edu.umd.cs.findbugs.util.JavaWebStart",81,4,2,5,6,0,2,0,3
"edu.umd.cs.findbugs.detect.StreamFrameModelingVisitor",81,3,2,26,11,6,1,9,3
"edu.umd.cs.findbugs.detect.CheckCalls",80,4,3,13,17,12,0,16,3
"edu.umd.cs.findbugs.LaunchAppropriateUI",80,3,3,19,5,0,1,8,7
"edu.umd.cs.findbugs.ByteCodePatternDetector",79,7,5,19,11,7,1,13,2
"edu.umd.cs.findbugs.tools.ComparePerfomance",79,5,6,12,13,1,1,8,2
"edu.umd.cs.findbugs.detect.FindSpinLoop",79,3,3,25,7,6,0,9,5
"edu.umd.cs.findbugs.detect.QuestionableBooleanAssignment",78,3,3,21,5,4,0,7,9
"edu.umd.cs.findbugs.ba.BasicAbstractDataflowAnalysis",77,14,13,17,5,2,4,5,2
"edu.umd.cs.findbugs.ClassScreener",77,7,6,20,3,0,5,6,5
"edu.umd.cs.findbugs.detect.TrainLongInstantfParams",77,6,4,18,14,10,0,17,1
"edu.umd.cs.findbugs.detect.BadResultSetAccess",77,3,3,18,10,6,0,10,3
"edu.umd.cs.findbugs.ba.StackDepthAnalysis",76,10,10,18,4,0,0,1,3
"edu.umd.cs.findbugs.gui2.PropertiesDialog",76,5,4,3,12,0,1,6,3
"edu.umd.cs.findbugs.detect.FindUselessControlFlow",76,4,4,15,10,5,0,9,2
"edu.umd.cs.findbugs.detect.FindLocalSelfAssignment2",76,3,3,19,10,8,0,11,5
"edu.umd.cs.findbugs.DelegatingBugReporter",75,16,15,17,5,3,5,4,1
"edu.umd.cs.findbugs.filter.MethodMatcher",75,7,7,21,7,6,1,11,0
"edu.umd.cs.findbugs.detect.SuperfluousInstanceOf",75,4,4,16,9,5,0,8,6
"edu.umd.cs.findbugs.filter.RelationalOp",74,13,11,8,4,0,1,2,9
"edu.umd.cs.findbugs.filter.NameMatch",74,8,8,19,3,1,7,3,3
"edu.umd.cs.findbugs.ba.jsr305.TypeQualifierDataflowFactory",74,6,3,10,12,10,2,12,5
"edu.umd.cs.findbugs.util.EditDistance",74,6,4,14,0,0,3,4,1
"edu.umd.cs.findbugs.ba.OpcodeStackScanner",73,8,8,19,6,3,2,7,9
"edu.umd.cs.findbugs.util.WriteOnceProperties",73,8,7,20,3,0,1,7,3
"edu.umd.cs.findbugs.filter.BugMatcher",73,7,7,14,4,3,2,8,4
"edu.umd.cs.findbugs.anttask.UnionBugs",73,6,3,12,11,1,0,5,2
"edu.umd.cs.findbugs.RecursiveFileSearch",73,5,4,14,9,0,2,8,6
"edu.umd.cs.findbugs.detect.MethodReturnValueStreamFactory",73,3,3,9,11,4,30,6,6
"edu.umd.cs.findbugs.sourceViewer.DocumentCharacterIterator",72,11,11,13,4,0,1,0,4
"edu.umd.cs.findbugs.ba.jsr305.null",72,8,7,1,1,0,0,0,5
"edu.umd.cs.findbugs.filter.SourceMatcherTest",72,5,4,5,11,5,0,7,2
"edu.umd.cs.findbugs.gui2.BugRenderer",72,4,4,10,10,2,2,3,0
"edu.umd.cs.findbugs.detect.InefficientMemberAccess",72,3,3,16,10,8,0,11,3
"edu.umd.cs.findbugs.detect.InstantiateStaticClass",72,3,2,25,8,7,0,10,1
"edu.umd.cs.findbugs.detect.SynchronizeAndNullCheckField",72,3,3,23,5,4,0,5,4
"edu.umd.cs.findbugs.classfile.engine.bcel.LoadedFieldSetFactory",72,2,2,11,17,8,1,9,1
"edu.umd.cs.findbugs.ba.obl.ObligationPolicyDatabase",71,9,9,16,9,2,4,4,5
"edu.umd.cs.findbugs.filter.NotMatcherTest",71,9,8,9,8,3,0,5,2
"edu.umd.cs.findbugs.ba.SimplePathEnumerator",71,5,4,15,4,1,0,5,8
"edu.umd.cs.findbugs.sourceViewer.NumberedParagraphView",71,4,4,11,10,1,1,4,3
"edu.umd.cs.findbugs.ba.Location",70,12,12,16,3,0,96,2,3
"edu.umd.cs.findbugs.filter.SignatureUtil",70,4,2,15,2,0,0,2,0
"edu.umd.cs.findbugs.ba.UnresolvedXField",69,10,8,16,11,5,2,10,0
"edu.umd.cs.findbugs.detect.BuildInterproceduralCallGraph",69,6,5,14,13,11,0,14,2
"edu.umd.cs.findbugs.classfile.impl.NestedZipFileCodeBase",69,5,5,10,12,6,1,7,4
"edu.umd.cs.findbugs.detect.IteratorIdioms",69,5,5,19,11,9,0,12,5
"edu.umd.cs.findbugs.detect.FindNakedNotify",69,4,4,7,6,4,0,6,4
"edu.umd.cs.findbugs.ComponentPlugin",68,12,12,14,1,0,4,3,9
"edu.umd.cs.findbugs.ba.npe.ReturnPathTypeTest",68,11,10,11,3,1,0,2,3
"edu.umd.cs.findbugs.classfile.impl.ClassFactory",68,9,6,14,13,10,3,12,1
"edu.umd.cs.findbugs.JavaVersion",68,8,8,11,2,0,4,3,6
"edu.umd.cs.findbugs.ba.jsr305.ValidatorClassLoader",68,4,2,13,2,1,1,7,1
"edu.umd.cs.findbugs.detect.FindFinalizeInvocations",68,4,4,24,9,7,0,11,4
"edu.umd.cs.findbugs.BugCategory",67,16,16,17,0,0,2,2,5
"edu.umd.cs.findbugs.classfile.impl.AbstractScannableCodeBase",67,12,12,19,6,4,4,7,5
"edu.umd.cs.findbugs.filter.CompoundMatcher",67,11,8,17,6,1,4,4,1
"edu.umd.cs.findbugs.TextUIProgressCallback",67,11,8,14,1,0,1,3,5
"edu.umd.cs.findbugs.detect.UnreadFieldsData",67,9,9,9,11,5,3,5,26
"edu.umd.cs.findbugs.plan.AnalysisPass",67,9,9,15,9,4,3,5,2
"edu.umd.cs.findbugs.ba.vna.ValueNumberFactory",67,7,7,15,6,0,3,2,2
"edu.umd.cs.findbugs.detect.BadlyOverriddenAdapter",67,4,4,14,7,3,0,6,4
"edu.umd.cs.findbugs.HTMLBugReporter",67,4,3,5,11,0,3,3,2
"edu.umd.cs.findbugs.ba.npe.IsNullConditionDecision",66,8,8,14,5,4,2,6,3
"edu.umd.cs.findbugs.gui2.FilterFromBugPicker",66,6,3,12,14,3,1,7,5
"edu.umd.cs.findbugs.classfile.ReflectionDatabaseFactory",66,5,3,9,4,0,1,4,1
"edu.umd.cs.findbugs.ba.JCIPAnnotationDatabase",65,10,8,15,5,0,4,1,2
"edu.umd.cs.findbugs.ba.CFGPrinter",65,9,8,17,4,0,3,1,2
"edu.umd.cs.findbugs.ba.vna.AvailableLoad",65,9,9,20,1,1,8,3,2
"edu.umd.cs.findbugs.ClassScreenerTest",65,7,3,7,2,0,0,3,16
"edu.umd.cs.findbugs.workflow.ObfuscateBugs",65,6,6,15,8,7,0,9,1
"edu.umd.cs.findbugs.classfile.engine.bcel.EngineRegistrar",65,1,1,4,20,18,1,19,3
"edu.umd.cs.findbugs.workflow.CountByPackagePrefix",65,0,1,14,10,6,0,10,1
"edu.umd.cs.findbugs.cloud.CloudPluginBuilder",64,13,13,13,2,2,3,2,10
"edu.umd.cs.findbugs.ba.obl.MatchMethodEntry",64,7,7,12,9,6,2,7,7
"edu.umd.cs.findbugs.util.FutureValue",64,7,7,15,4,0,3,1,3
"edu.umd.cs.findbugs.ba.jsr305.ValidationSecurityManagerTest",64,6,6,6,8,0,0,4,1
"edu.umd.cs.findbugs.ba.type.FieldStoreType",64,5,4,13,8,3,2,6,2
"edu.umd.cs.findbugs.detect.FinalizerNullsFields",64,5,5,16,7,4,0,6,6
"edu.umd.cs.findbugs.detect.MutableLock",64,5,5,17,9,4,0,7,4
"edu.umd.cs.findbugs.L10N",64,3,1,9,6,1,9,3,5
"edu.umd.cs.findbugs.detect.DeadLocalStoreProperty",64,1,0,1,2,2,28,3,28
"edu.umd.cs.findbugs.ba.BlockTypeAnalysis",63,11,11,14,4,0,1,1,1
"edu.umd.cs.findbugs.asm.FBClassReader",63,9,8,12,6,1,5,5,2
"edu.umd.cs.findbugs.ba.CheckReturnValueAnnotation",63,6,4,10,2,1,11,4,12
"edu.umd.cs.findbugs.detect.PublicSemaphores",63,4,4,17,8,5,0,8,5
"edu.umd.cs.findbugs.ba.jsr305.BackwardTypeQualifierDataflowFactory",63,3,1,4,14,12,2,13,0
"edu.umd.cs.findbugs.detect.CalledMethods",63,3,3,21,9,8,0,10,4
"edu.umd.cs.findbugs.tools.CheckClassfileVersion",63,1,1,15,6,0,0,8,0
"edu.umd.cs.findbugs.ba.constant.Constant",62,11,11,22,1,0,9,3,2
"edu.umd.cs.findbugs.xml.XMLAttributeList",62,9,9,13,6,1,27,5,3
"edu.umd.cs.findbugs.ba.constant.ConstantFrameModelingVisitor",62,8,8,9,8,1,1,2,0
"edu.umd.cs.findbugs.ba.type.ExceptionObjectType",62,7,6,13,3,0,1,6,2
"edu.umd.cs.findbugs.detect.AppendingToAnObjectOutputStream",62,4,4,22,8,6,0,9,2
"edu.umd.cs.findbugs.detect.MutableEnum",62,4,4,22,7,5,0,6,2
"edu.umd.cs.findbugs.log.YourKitController",62,4,4,6,3,1,1,4,4
"edu.umd.cs.findbugs.FindBugsMessageFormat",62,3,3,12,0,0,9,4,1
"edu.umd.cs.findbugs.cloud.CloudPlugin",61,12,12,12,2,2,15,4,9
"edu.umd.cs.findbugs.graph.AbstractEdge",61,12,12,14,0,0,5,3,5
"edu.umd.cs.findbugs.util.MultiMap",61,10,9,14,4,0,8,4,2
"edu.umd.cs.findbugs.util.MergeMap",61,9,7,14,3,0,0,5,1
"edu.umd.cs.findbugs.gui2.CloudCommentsPaneSwing",61,8,4,6,9,1,1,6,0
"edu.umd.cs.findbugs.io.SlowInputStream",61,7,6,12,3,0,0,3,3
"edu.umd.cs.findbugs.ba.npe.UsagesRequiringNonNullValues",61,6,6,12,10,5,5,7,3
"edu.umd.cs.findbugs.detect.BadAppletConstructor",61,5,5,16,8,4,0,6,3
"edu.umd.cs.findbugs.detect.StartInConstructor",61,4,4,14,14,11,0,14,2
"edu.umd.cs.findbugs.detect.DontCatchIllegalMonitorStateException",60,5,5,14,10,6,0,11,4
"edu.umd.cs.findbugs.workflow.DefectDensity",60,2,2,17,6,5,0,12,0
"edu.umd.cs.findbugs.workflow.BackdateHistoryUsingSource",60,0,1,12,12,9,0,10,1
"edu.umd.cs.findbugs.ba.npe.ReturnPathType",59,10,10,18,1,1,8,2,4
"edu.umd.cs.findbugs.filter.MemberMatcher",59,6,6,13,2,1,2,4,3
"edu.umd.cs.findbugs.SuppressionMatcher",59,5,5,13,7,2,2,3,3
"edu.umd.cs.findbugs.ba.JavaClassAndMethod",58,10,9,16,6,2,15,4,2
"edu.umd.cs.findbugs.classfile.impl.SingleFileCodeBaseEntry",58,10,10,13,7,5,3,7,2
"edu.umd.cs.findbugs.filter.FieldMatcher",58,6,6,17,6,5,1,9,0
"edu.umd.cs.findbugs.detect.IDivResultCastToDouble",58,4,4,23,9,7,0,10,4
"edu.umd.cs.findbugs.detect.CbeckMustOverrideSuperAnnotation",58,3,3,13,11,9,0,11,4
"edu.umd.cs.findbugs.detect.FindBadForLoop",58,3,3,27,7,5,0,8,3
"edu.umd.cs.findbugs.classfile.impl.DelegatingCodeBaseEntry",57,10,10,12,7,5,2,7,2
"edu.umd.cs.findbugs.ba.bcp.ByteCodePattern",57,8,5,15,0,0,2,2,4
"edu.umd.cs.findbugs.ba.constant.ConstantAnalysis",57,6,5,10,8,6,1,7,2
"edu.umd.cs.findbugs.detect.DoInsideDoPrivileged",57,4,4,17,8,5,0,7,2
"edu.umd.cs.findbugs.CheckBcel",57,3,1,8,1,0,0,4,5
"edu.umd.cs.findbugs.detect.PreferZeroLengthArrays",57,3,3,11,8,5,0,8,3
"edu.umd.cs.findbugs.classfile.impl.ZipInputStreamCodeBaseEntry",56,10,10,12,6,2,2,5,3
"edu.umd.cs.findbugs.gui2.CheckBoxList",56,5,5,8,10,0,2,5,1
"edu.umd.cs.findbugs.detect.IntCast2LongAsInstant",56,4,4,21,9,8,0,9,3
"edu.umd.cs.findbugs.AnalysisCacheToRepositoryAdapter",54,8,8,9,9,5,2,9,0
"edu.umd.cs.findbugs.gui2.RecentMenu",54,5,5,12,3,0,1,4,3
"edu.umd.cs.findbugs.detect.ComparatorIdiom",54,4,4,14,10,8,0,11,1
"edu.umd.cs.findbugs.detect.FindUnsyncGet",54,4,4,11,9,4,0,8,5
"edu.umd.cs.findbugs.detect.NoteJCIPAnnotation",54,4,4,9,13,10,0,14,2
"edu.umd.cs.findbugs.filter.TypeMatcher",54,4,4,14,6,5,1,7,3
"edu.umd.cs.findbugs.detect.IOStreamFactory",54,3,3,9,8,4,5,5,3
"edu.umd.cs.findbugs.model.RegenerateClassFeatures",54,3,4,8,10,2,1,8,2
"edu.umd.cs.findbugs.classfile.engine.bcel.MethodGenFactory",54,2,2,13,12,8,1,10,0
"edu.umd.cs.findbugs.ba.ReturnPathAnalysis",53,10,10,12,1,0,1,2,0
"edu.umd.cs.findbugs.ba.jsr305.TypeQualifierAnnotationLookupResult",53,9,8,11,4,1,2,5,3
"edu.umd.cs.findbugs.tools.html.PlainPrintBugDescriptions",53,9,2,11,5,2,2,4,2
"edu.umd.cs.findbugs.gui2.OSXAdapter",53,7,6,10,2,0,1,2,3
"edu.umd.cs.findbugs.ba.ReturnPath",53,7,7,12,0,0,3,1,7
"edu.umd.cs.findbugs.ba.AbstractDataflowAnalysis",53,5,5,16,5,1,4,5,1
"edu.umd.cs.findbugs.detect.TestASM",53,5,5,11,10,6,0,9,2
"edu.umd.cs.findbugs.ba.LockChecker",53,3,3,11,9,5,2,5,5
"edu.umd.cs.findbugs.detect.RedundantInterfaces",53,3,3,11,10,6,0,11,1
"edu.umd.cs.findbugs.BugProperty",52,10,9,10,5,3,2,10,6
"edu.umd.cs.findbugs.ba.vna.LoadedFieldSet",52,9,9,10,6,1,4,2,4
"edu.umd.cs.findbugs.classfile.impl.DirectoryCodeBaseEntry",52,9,9,11,6,3,2,7,2
"edu.umd.cs.findbugs.ml.SplitCamelCaseIdentifierTest",52,8,6,9,4,1,0,4,6
"edu.umd.cs.findbugs.ProgramPoint",52,6,6,14,1,1,5,2,2
"edu.umd.cs.findbugs.gui2.NewFilterFromBug",52,5,3,4,9,1,1,5,1
"edu.umd.cs.findbugs.ba.jsr305.TypeQualifierDatabase",52,5,5,11,5,3,1,4,4
"edu.umd.cs.findbugs.detect.InconsistentAnnotations",52,3,3,9,18,15,0,17,2
"edu.umd.cs.findbugs.classfile.engine.bcel.ValueNumberDataflowFactory",52,2,2,6,16,13,1,15,0
"edu.umd.cs.findbugs.ba.bcp.MatchAny",51,7,7,11,6,3,0,4,1
"edu.umd.cs.findbugs.detect.NoteAnnotationRetention",51,6,6,11,12,8,0,13,1
"edu.umd.cs.findbugs.AddAnnotation",51,5,6,10,4,0,1,6,3
"edu.umd.cs.findbugs.filter.ClassMatcher",51,5,5,12,7,6,2,9,3
"edu.umd.cs.findbugs.FindBugsMain",51,5,5,8,3,0,2,3,6
"edu.umd.cs.findbugs.detect.FindRunInvocations",51,4,3,15,7,6,0,10,3
"edu.umd.cs.findbugs.xml.XPathFind",51,4,3,6,7,0,0,5,1
"edu.umd.cs.findbugs.classfile.engine.bcel.ObligationDataflowFactory",51,2,2,3,17,16,1,18,1
"edu.umd.cs.findbugs.classfile.impl.ZipFileCodeBaseEntry",50,9,9,11,5,2,2,5,2
"edu.umd.cs.findbugs.ba.bcp.FieldVariable",50,8,8,10,2,1,6,5,4
"edu.umd.cs.findbugs.ba.DebugRepositoryLookupFailureCallback",50,5,5,9,4,3,0,9,0
"edu.umd.cs.findbugs.ba.type.FieldStoreTypeDatabase",50,3,1,9,9,3,3,6,1
"edu.umd.cs.findbugs.detect.InefficientIndexOf",50,3,3,15,9,7,0,9,2
"edu.umd.cs.findbugs.workflow.SourceSearcher",50,3,3,9,6,3,1,4,3
"edu.umd.cs.findbugs.util.SplitCamelCaseIdentifier",50,2,2,11,4,0,4,4,1
"edu.umd.cs.findbugs.ba.XMethod",49,30,30,30,7,5,93,8,0
"edu.umd.cs.findbugs.classfile.impl.FilesystemCodeBaseLocator",49,7,7,10,4,2,3,5,1
"edu.umd.cs.findbugs.IFindBugsEngine",48,38,38,38,7,4,3,4,0
"edu.umd.cs.findbugs.BugCode",48,9,9,11,0,0,0,2,3
"edu.umd.cs.findbugs.gui2.MainFrameHelper",48,8,8,10,7,1,1,6,0
