{"nodes":[{"name":"edu.umd.cs.findbugs.detect","label":"edu.umd.cs.findbugs.detect","id":"edu.umd.cs.findbugs.detect","size":196},{"name":"edu.umd.cs.findbugs","label":"edu.umd.cs.findbugs","id":"edu.umd.cs.findbugs","size":154},{"name":"edu.umd.cs.findbugs.ba","label":"edu.umd.cs.findbugs.ba","id":"edu.umd.cs.findbugs.ba","size":136},{"name":"edu.umd.cs.findbugs.gui2","label":"edu.umd.cs.findbugs.gui2","id":"edu.umd.cs.findbugs.gui2","size":74},{"name":"edu.umd.cs.findbugs.classfile.engine.bcel","label":"edu.umd.cs.findbugs.classfile.engine.bcel","id":"edu.umd.cs.findbugs.classfile.engine.bcel","size":46},{"name":"edu.umd.cs.findbugs.classfile","label":"edu.umd.cs.findbugs.classfile","id":"edu.umd.cs.findbugs.classfile","size":35},{"name":"edu.umd.cs.findbugs.util","label":"edu.umd.cs.findbugs.util","id":"edu.umd.cs.findbugs.util","size":34},{"name":"edu.umd.cs.findbugs.ba.jsr305","label":"edu.umd.cs.findbugs.ba.jsr305","id":"edu.umd.cs.findbugs.ba.jsr305","size":32},{"name":"edu.umd.cs.findbugs.ba.npe","label":"edu.umd.cs.findbugs.ba.npe","id":"edu.umd.cs.findbugs.ba.npe","size":28},{"name":"edu.umd.cs.findbugs.filter","label":"edu.umd.cs.findbugs.filter","id":"edu.umd.cs.findbugs.filter","size":28},{"name":"edu.umd.cs.findbugs.workflow","label":"edu.umd.cs.findbugs.workflow","id":"edu.umd.cs.findbugs.workflow","size":27},{"name":"edu.umd.cs.findbugs.annotations","label":"edu.umd.cs.findbugs.annotations","id":"edu.umd.cs.findbugs.annotations","size":25},{"name":"edu.umd.cs.findbugs.ba.bcp","label":"edu.umd.cs.findbugs.ba.bcp","id":"edu.umd.cs.findbugs.ba.bcp","size":25},{"name":"edu.umd.cs.findbugs.classfile.impl","label":"edu.umd.cs.findbugs.classfile.impl","id":"edu.umd.cs.findbugs.classfile.impl","size":21},{"name":"edu.umd.cs.findbugs.ba.type","label":"edu.umd.cs.findbugs.ba.type","id":"edu.umd.cs.findbugs.ba.type","size":20},{"name":"edu.umd.cs.findbugs.graph","label":"edu.umd.cs.findbugs.graph","id":"edu.umd.cs.findbugs.graph","size":20},{"name":"edu.umd.cs.findbugs.ba.obl","label":"edu.umd.cs.findbugs.ba.obl","id":"edu.umd.cs.findbugs.ba.obl","size":17},{"name":"edu.umd.cs.findbugs.cloud","label":"edu.umd.cs.findbugs.cloud","id":"edu.umd.cs.findbugs.cloud","size":14},{"name":"edu.umd.cs.findbugs.ba.vna","label":"edu.umd.cs.findbugs.ba.vna","id":"edu.umd.cs.findbugs.ba.vna","size":13},{"name":"edu.umd.cs.findbugs.ba.ch","label":"edu.umd.cs.findbugs.ba.ch","id":"edu.umd.cs.findbugs.ba.ch","size":12},{"name":"edu.umd.cs.findbugs.classfile.engine","label":"edu.umd.cs.findbugs.classfile.engine","id":"edu.umd.cs.findbugs.classfile.engine","size":12},{"name":"edu.umd.cs.findbugs.anttask","label":"edu.umd.cs.findbugs.anttask","id":"edu.umd.cs.findbugs.anttask","size":11},{"name":"edu.umd.cs.findbugs.plan","label":"edu.umd.cs.findbugs.plan","id":"edu.umd.cs.findbugs.plan","size":11},{"name":"edu.umd.cs.findbugs.visitclass","label":"edu.umd.cs.findbugs.visitclass","id":"edu.umd.cs.findbugs.visitclass","size":11},{"name":"edu.umd.cs.findbugs.xml","label":"edu.umd.cs.findbugs.xml","id":"edu.umd.cs.findbugs.xml","size":10},{"name":"edu.umd.cs.findbugs.sourceViewer","label":"edu.umd.cs.findbugs.sourceViewer","id":"edu.umd.cs.findbugs.sourceViewer","size":9},{"name":"edu.umd.cs.findbugs.classfile.analysis","label":"edu.umd.cs.findbugs.classfile.analysis","id":"edu.umd.cs.findbugs.classfile.analysis","size":9},{"name":"edu.umd.cs.findbugs.ba.generic","label":"edu.umd.cs.findbugs.ba.generic","id":"edu.umd.cs.findbugs.ba.generic","size":8},{"name":"edu.umd.cs.findbugs.jaif","label":"edu.umd.cs.findbugs.jaif","id":"edu.umd.cs.findbugs.jaif","size":8},{"name":"edu.umd.cs.findbugs.model","label":"edu.umd.cs.findbugs.model","id":"edu.umd.cs.findbugs.model","size":8},{"name":"edu.umd.cs.findbugs.ba.heap","label":"edu.umd.cs.findbugs.ba.heap","id":"edu.umd.cs.findbugs.ba.heap","size":7},{"name":"edu.umd.cs.findbugs.config","label":"edu.umd.cs.findbugs.config","id":"edu.umd.cs.findbugs.config","size":7},{"name":"edu.umd.cs.findbugs.ba.constant","label":"edu.umd.cs.findbugs.ba.constant","id":"edu.umd.cs.findbugs.ba.constant","size":6},{"name":"edu.umd.cs.findbugs.ba.interproc","label":"edu.umd.cs.findbugs.ba.interproc","id":"edu.umd.cs.findbugs.ba.interproc","size":6},{"name":"edu.umd.cs.findbugs.bcel","label":"edu.umd.cs.findbugs.bcel","id":"edu.umd.cs.findbugs.bcel","size":6},{"name":"edu.umd.cs.findbugs.cloud.username","label":"edu.umd.cs.findbugs.cloud.username","id":"edu.umd.cs.findbugs.cloud.username","size":6},{"name":"edu.umd.cs.findbugs.props","label":"edu.umd.cs.findbugs.props","id":"edu.umd.cs.findbugs.props","size":6},{"name":"edu.umd.cs.findbugs.tools","label":"edu.umd.cs.findbugs.tools","id":"edu.umd.cs.findbugs.tools","size":6},{"name":"edu.umd.cs.findbugs.ba.ca","label":"edu.umd.cs.findbugs.ba.ca","id":"edu.umd.cs.findbugs.ba.ca","size":5},{"name":"edu.umd.cs.findbugs.classfile.engine.asm","label":"edu.umd.cs.findbugs.classfile.engine.asm","id":"edu.umd.cs.findbugs.classfile.engine.asm","size":5},{"name":"edu.umd.cs.findbugs.internalAnnotations","label":"edu.umd.cs.findbugs.internalAnnotations","id":"edu.umd.cs.findbugs.internalAnnotations","size":5},{"name":"edu.umd.cs.findbugs.log","label":"edu.umd.cs.findbugs.log","id":"edu.umd.cs.findbugs.log","size":5},{"name":"edu.umd.cs.findbugs.asm","label":"edu.umd.cs.findbugs.asm","id":"edu.umd.cs.findbugs.asm","size":4},{"name":"edu.umd.cs.findbugs.ba.deref","label":"edu.umd.cs.findbugs.ba.deref","id":"edu.umd.cs.findbugs.ba.deref","size":4},{"name":"edu.umd.cs.findbugs.bcel.generic","label":"edu.umd.cs.findbugs.bcel.generic","id":"edu.umd.cs.findbugs.bcel.generic","size":4},{"name":"edu.umd.cs.findbugs.updates","label":"edu.umd.cs.findbugs.updates","id":"edu.umd.cs.findbugs.updates","size":4},{"name":"edu.umd.cs.findbugs.tools.html","label":"edu.umd.cs.findbugs.tools.html","id":"edu.umd.cs.findbugs.tools.html","size":4},{"name":"edu.umd.cs.findbugs.bugReporter","label":"edu.umd.cs.findbugs.bugReporter","id":"edu.umd.cs.findbugs.bugReporter","size":3},{"name":"edu.umd.cs.findbugs.charsets","label":"edu.umd.cs.findbugs.charsets","id":"edu.umd.cs.findbugs.charsets","size":3},{"name":"edu.umd.cs.findbugs.io","label":"edu.umd.cs.findbugs.io","id":"edu.umd.cs.findbugs.io","size":3},{"name":"edu.umd.cs.findbugs.plugins","label":"edu.umd.cs.findbugs.plugins","id":"edu.umd.cs.findbugs.plugins","size":2},{"name":"edu.umd.cs.findbugs.gui","label":"edu.umd.cs.findbugs.gui","id":"edu.umd.cs.findbugs.gui","size":1},{"name":"edu.umd.cs.findbugs.launchGUI","label":"edu.umd.cs.findbugs.launchGUI","id":"edu.umd.cs.findbugs.launchGUI","size":1},{"name":"edu.umd.cs.findbugs.architecture","label":"edu.umd.cs.findbugs.architecture","id":"edu.umd.cs.findbugs.architecture","size":1},{"name":"edu.umd.cs.findbugs.ml","label":"edu.umd.cs.findbugs.ml","id":"edu.umd.cs.findbugs.ml","size":1},{"name":"edu.umd.cs.findbugs.tools.junit","label":"edu.umd.cs.findbugs.tools.junit","id":"edu.umd.cs.findbugs.tools.junit","size":1},{"name":"edu.umd.cs.findbugs.tools.xml","label":"edu.umd.cs.findbugs.tools.xml","id":"edu.umd.cs.findbugs.tools.xml","size":1}],"links":[{"source":"edu.umd.cs.findbugs.detect","target":"edu.umd.cs.findbugs"},{"source":"edu.umd.cs.findbugs.detect","target":"edu.umd.cs.findbugs.asm"},{"source":"edu.umd.cs.findbugs.detect","target":"edu.umd.cs.findbugs.ba"},{"source":"edu.umd.cs.findbugs.detect","target":"edu.umd.cs.findbugs.ba.bcp"},{"source":"edu.umd.cs.findbugs.detect","target":"edu.umd.cs.findbugs.ba.ch"},{"source":"edu.umd.cs.findbugs.detect","target":"edu.umd.cs.findbugs.ba.constant"},{"source":"edu.umd.cs.findbugs.detect","target":"edu.umd.cs.findbugs.ba.deref"},{"source":"edu.umd.cs.findbugs.detect","target":"edu.umd.cs.findbugs.ba.generic"},{"source":"edu.umd.cs.findbugs.detect","target":"edu.umd.cs.findbugs.ba.interproc"},{"source":"edu.umd.cs.findbugs.detect","target":"edu.umd.cs.findbugs.ba.jsr305"},{"source":"edu.umd.cs.findbugs.detect","target":"edu.umd.cs.findbugs.ba.npe"},{"source":"edu.umd.cs.findbugs.detect","target":"edu.umd.cs.findbugs.ba.obl"},{"source":"edu.umd.cs.findbugs.detect","target":"edu.umd.cs.findbugs.ba.type"},{"source":"edu.umd.cs.findbugs.detect","target":"edu.umd.cs.findbugs.ba.vna"},{"source":"edu.umd.cs.findbugs.detect","target":"edu.umd.cs.findbugs.bcel"},{"source":"edu.umd.cs.findbugs.detect","target":"edu.umd.cs.findbugs.bcel.generic"},{"source":"edu.umd.cs.findbugs.detect","target":"edu.umd.cs.findbugs.charsets"},{"source":"edu.umd.cs.findbugs.detect","target":"edu.umd.cs.findbugs.classfile"},{"source":"edu.umd.cs.findbugs.detect","target":"edu.umd.cs.findbugs.classfile.analysis"},{"source":"edu.umd.cs.findbugs.detect","target":"edu.umd.cs.findbugs.classfile.engine.asm"},{"source":"edu.umd.cs.findbugs.detect","target":"edu.umd.cs.findbugs.log"},{"source":"edu.umd.cs.findbugs.detect","target":"edu.umd.cs.findbugs.props"},{"source":"edu.umd.cs.findbugs.detect","target":"edu.umd.cs.findbugs.util"},{"source":"edu.umd.cs.findbugs.detect","target":"edu.umd.cs.findbugs.visitclass"},{"source":"edu.umd.cs.findbugs","target":"edu.umd.cs.findbugs.asm"},{"source":"edu.umd.cs.findbugs","target":"edu.umd.cs.findbugs.ba"},{"source":"edu.umd.cs.findbugs","target":"edu.umd.cs.findbugs.ba.bcp"},{"source":"edu.umd.cs.findbugs","target":"edu.umd.cs.findbugs.ba.ch"},{"source":"edu.umd.cs.findbugs","target":"edu.umd.cs.findbugs.ba.generic"},{"source":"edu.umd.cs.findbugs","target":"edu.umd.cs.findbugs.ba.jsr305"},{"source":"edu.umd.cs.findbugs","target":"edu.umd.cs.findbugs.ba.vna"},{"source":"edu.umd.cs.findbugs","target":"edu.umd.cs.findbugs.bcel"},{"source":"edu.umd.cs.findbugs","target":"edu.umd.cs.findbugs.bugReporter"},{"source":"edu.umd.cs.findbugs","target":"edu.umd.cs.findbugs.charsets"},{"source":"edu.umd.cs.findbugs","target":"edu.umd.cs.findbugs.classfile"},{"source":"edu.umd.cs.findbugs","target":"edu.umd.cs.findbugs.classfile.analysis"},{"source":"edu.umd.cs.findbugs","target":"edu.umd.cs.findbugs.classfile.engine"},{"source":"edu.umd.cs.findbugs","target":"edu.umd.cs.findbugs.classfile.impl"},{"source":"edu.umd.cs.findbugs","target":"edu.umd.cs.findbugs.cloud"},{"source":"edu.umd.cs.findbugs","target":"edu.umd.cs.findbugs.cloud.username"},{"source":"edu.umd.cs.findbugs","target":"edu.umd.cs.findbugs.config"},{"source":"edu.umd.cs.findbugs","target":"edu.umd.cs.findbugs.detect"},{"source":"edu.umd.cs.findbugs","target":"edu.umd.cs.findbugs.filter"},{"source":"edu.umd.cs.findbugs","target":"edu.umd.cs.findbugs.graph"},{"source":"edu.umd.cs.findbugs","target":"edu.umd.cs.findbugs.io"},{"source":"edu.umd.cs.findbugs","target":"edu.umd.cs.findbugs.log"},{"source":"edu.umd.cs.findbugs","target":"edu.umd.cs.findbugs.model"},{"source":"edu.umd.cs.findbugs","target":"edu.umd.cs.findbugs.plan"},{"source":"edu.umd.cs.findbugs","target":"edu.umd.cs.findbugs.plugins"},{"source":"edu.umd.cs.findbugs","target":"edu.umd.cs.findbugs.updates"},{"source":"edu.umd.cs.findbugs","target":"edu.umd.cs.findbugs.util"},{"source":"edu.umd.cs.findbugs","target":"edu.umd.cs.findbugs.visitclass"},{"source":"edu.umd.cs.findbugs","target":"edu.umd.cs.findbugs.workflow"},{"source":"edu.umd.cs.findbugs","target":"edu.umd.cs.findbugs.xml"},{"source":"edu.umd.cs.findbugs.ba","target":"edu.umd.cs.findbugs"},{"source":"edu.umd.cs.findbugs.ba","target":"edu.umd.cs.findbugs.ba"},{"source":"edu.umd.cs.findbugs.ba","target":"edu.umd.cs.findbugs.ba.ca"},{"source":"edu.umd.cs.findbugs.ba","target":"edu.umd.cs.findbugs.ba.ch"},{"source":"edu.umd.cs.findbugs.ba","target":"edu.umd.cs.findbugs.ba.constant"},{"source":"edu.umd.cs.findbugs.ba","target":"edu.umd.cs.findbugs.ba.deref"},{"source":"edu.umd.cs.findbugs.ba","target":"edu.umd.cs.findbugs.ba.generic"},{"source":"edu.umd.cs.findbugs.ba","target":"edu.umd.cs.findbugs.ba.heap"},{"source":"edu.umd.cs.findbugs.ba","target":"edu.umd.cs.findbugs.ba.interproc"},{"source":"edu.umd.cs.findbugs.ba","target":"edu.umd.cs.findbugs.ba.jsr305"},{"source":"edu.umd.cs.findbugs.ba","target":"edu.umd.cs.findbugs.ba.npe"},{"source":"edu.umd.cs.findbugs.ba","target":"edu.umd.cs.findbugs.ba.obl"},{"source":"edu.umd.cs.findbugs.ba","target":"edu.umd.cs.findbugs.ba.type"},{"source":"edu.umd.cs.findbugs.ba","target":"edu.umd.cs.findbugs.ba.vna"},{"source":"edu.umd.cs.findbugs.ba","target":"edu.umd.cs.findbugs.bcel"},{"source":"edu.umd.cs.findbugs.ba","target":"edu.umd.cs.findbugs.bcel.generic"},{"source":"edu.umd.cs.findbugs.ba","target":"edu.umd.cs.findbugs.classfile"},{"source":"edu.umd.cs.findbugs.ba","target":"edu.umd.cs.findbugs.classfile.analysis"},{"source":"edu.umd.cs.findbugs.ba","target":"edu.umd.cs.findbugs.classfile.engine.bcel"},{"source":"edu.umd.cs.findbugs.ba","target":"edu.umd.cs.findbugs.detect"},{"source":"edu.umd.cs.findbugs.ba","target":"edu.umd.cs.findbugs.graph"},{"source":"edu.umd.cs.findbugs.ba","target":"edu.umd.cs.findbugs.io"},{"source":"edu.umd.cs.findbugs.ba","target":"edu.umd.cs.findbugs.log"},{"source":"edu.umd.cs.findbugs.ba","target":"edu.umd.cs.findbugs.util"},{"source":"edu.umd.cs.findbugs.ba","target":"edu.umd.cs.findbugs.visitclass"},{"source":"edu.umd.cs.findbugs.ba","target":"edu.umd.cs.findbugs.xml"},{"source":"edu.umd.cs.findbugs.gui2","target":"edu.umd.cs.findbugs"},{"source":"edu.umd.cs.findbugs.gui2","target":"edu.umd.cs.findbugs.ba"},{"source":"edu.umd.cs.findbugs.gui2","target":"edu.umd.cs.findbugs.charsets"},{"source":"edu.umd.cs.findbugs.gui2","target":"edu.umd.cs.findbugs.classfile"},{"source":"edu.umd.cs.findbugs.gui2","target":"edu.umd.cs.findbugs.cloud"},{"source":"edu.umd.cs.findbugs.gui2","target":"edu.umd.cs.findbugs.config"},{"source":"edu.umd.cs.findbugs.gui2","target":"edu.umd.cs.findbugs.filter"},{"source":"edu.umd.cs.findbugs.gui2","target":"edu.umd.cs.findbugs.gui"},{"source":"edu.umd.cs.findbugs.gui2","target":"edu.umd.cs.findbugs.gui2"},{"source":"edu.umd.cs.findbugs.gui2","target":"edu.umd.cs.findbugs.log"},{"source":"edu.umd.cs.findbugs.gui2","target":"edu.umd.cs.findbugs.sourceViewer"},{"source":"edu.umd.cs.findbugs.gui2","target":"edu.umd.cs.findbugs.updates"},{"source":"edu.umd.cs.findbugs.gui2","target":"edu.umd.cs.findbugs.util"},{"source":"edu.umd.cs.findbugs.gui2","target":"edu.umd.cs.findbugs.workflow"},{"source":"edu.umd.cs.findbugs.gui2","target":"edu.umd.cs.findbugs.xml"},{"source":"edu.umd.cs.findbugs.classfile.engine.bcel","target":"edu.umd.cs.findbugs"},{"source":"edu.umd.cs.findbugs.classfile.engine.bcel","target":"edu.umd.cs.findbugs.ba"},{"source":"edu.umd.cs.findbugs.classfile.engine.bcel","target":"edu.umd.cs.findbugs.ba.ca"},{"source":"edu.umd.cs.findbugs.classfile.engine.bcel","target":"edu.umd.cs.findbugs.ba.ch"},{"source":"edu.umd.cs.findbugs.classfile.engine.bcel","target":"edu.umd.cs.findbugs.ba.constant"},{"source":"edu.umd.cs.findbugs.classfile.engine.bcel","target":"edu.umd.cs.findbugs.ba.deref"},{"source":"edu.umd.cs.findbugs.classfile.engine.bcel","target":"edu.umd.cs.findbugs.ba.heap"},{"source":"edu.umd.cs.findbugs.classfile.engine.bcel","target":"edu.umd.cs.findbugs.ba.jsr305"},{"source":"edu.umd.cs.findbugs.classfile.engine.bcel","target":"edu.umd.cs.findbugs.ba.npe"},{"source":"edu.umd.cs.findbugs.classfile.engine.bcel","target":"edu.umd.cs.findbugs.ba.obl"},{"source":"edu.umd.cs.findbugs.classfile.engine.bcel","target":"edu.umd.cs.findbugs.ba.type"},{"source":"edu.umd.cs.findbugs.classfile.engine.bcel","target":"edu.umd.cs.findbugs.ba.vna"},{"source":"edu.umd.cs.findbugs.classfile.engine.bcel","target":"edu.umd.cs.findbugs.classfile"},{"source":"edu.umd.cs.findbugs.classfile.engine.bcel","target":"edu.umd.cs.findbugs.classfile.analysis"},{"source":"edu.umd.cs.findbugs.classfile.engine.bcel","target":"edu.umd.cs.findbugs.log"},{"source":"edu.umd.cs.findbugs.classfile","target":"edu.umd.cs.findbugs"},{"source":"edu.umd.cs.findbugs.classfile","target":"edu.umd.cs.findbugs.ba"},{"source":"edu.umd.cs.findbugs.classfile","target":"edu.umd.cs.findbugs.classfile.analysis"},{"source":"edu.umd.cs.findbugs.classfile","target":"edu.umd.cs.findbugs.log"},{"source":"edu.umd.cs.findbugs.classfile","target":"edu.umd.cs.findbugs.util"},{"source":"edu.umd.cs.findbugs.util","target":"edu.umd.cs.findbugs"},{"source":"edu.umd.cs.findbugs.util","target":"edu.umd.cs.findbugs.ba.ch"},{"source":"edu.umd.cs.findbugs.util","target":"edu.umd.cs.findbugs.bcel"},{"source":"edu.umd.cs.findbugs.util","target":"edu.umd.cs.findbugs.charsets"},{"source":"edu.umd.cs.findbugs.util","target":"edu.umd.cs.findbugs.classfile"},{"source":"edu.umd.cs.findbugs.util","target":"edu.umd.cs.findbugs.log"},{"source":"edu.umd.cs.findbugs.ba.jsr305","target":"edu.umd.cs.findbugs"},{"source":"edu.umd.cs.findbugs.ba.jsr305","target":"edu.umd.cs.findbugs.ba"},{"source":"edu.umd.cs.findbugs.ba.jsr305","target":"edu.umd.cs.findbugs.ba.ch"},{"source":"edu.umd.cs.findbugs.ba.jsr305","target":"edu.umd.cs.findbugs.ba.vna"},{"source":"edu.umd.cs.findbugs.ba.jsr305","target":"edu.umd.cs.findbugs.classfile"},{"source":"edu.umd.cs.findbugs.ba.jsr305","target":"edu.umd.cs.findbugs.classfile.analysis"},{"source":"edu.umd.cs.findbugs.ba.jsr305","target":"edu.umd.cs.findbugs.log"},{"source":"edu.umd.cs.findbugs.ba.jsr305","target":"edu.umd.cs.findbugs.util"},{"source":"edu.umd.cs.findbugs.ba.npe","target":"edu.umd.cs.findbugs"},{"source":"edu.umd.cs.findbugs.ba.npe","target":"edu.umd.cs.findbugs.ba"},{"source":"edu.umd.cs.findbugs.ba.npe","target":"edu.umd.cs.findbugs.ba.deref"},{"source":"edu.umd.cs.findbugs.ba.npe","target":"edu.umd.cs.findbugs.ba.interproc"},{"source":"edu.umd.cs.findbugs.ba.npe","target":"edu.umd.cs.findbugs.ba.jsr305"},{"source":"edu.umd.cs.findbugs.ba.npe","target":"edu.umd.cs.findbugs.ba.type"},{"source":"edu.umd.cs.findbugs.ba.npe","target":"edu.umd.cs.findbugs.ba.vna"},{"source":"edu.umd.cs.findbugs.ba.npe","target":"edu.umd.cs.findbugs.classfile"},{"source":"edu.umd.cs.findbugs.ba.npe","target":"edu.umd.cs.findbugs.classfile.analysis"},{"source":"edu.umd.cs.findbugs.ba.npe","target":"edu.umd.cs.findbugs.log"},{"source":"edu.umd.cs.findbugs.ba.npe","target":"edu.umd.cs.findbugs.util"},{"source":"edu.umd.cs.findbugs.filter","target":"edu.umd.cs.findbugs"},{"source":"edu.umd.cs.findbugs.filter","target":"edu.umd.cs.findbugs.ba"},{"source":"edu.umd.cs.findbugs.filter","target":"edu.umd.cs.findbugs.util"},{"source":"edu.umd.cs.findbugs.filter","target":"edu.umd.cs.findbugs.xml"},{"source":"edu.umd.cs.findbugs.workflow","target":"edu.umd.cs.findbugs"},{"source":"edu.umd.cs.findbugs.workflow","target":"edu.umd.cs.findbugs.ba"},{"source":"edu.umd.cs.findbugs.workflow","target":"edu.umd.cs.findbugs.charsets"},{"source":"edu.umd.cs.findbugs.workflow","target":"edu.umd.cs.findbugs.cloud"},{"source":"edu.umd.cs.findbugs.workflow","target":"edu.umd.cs.findbugs.config"},{"source":"edu.umd.cs.findbugs.workflow","target":"edu.umd.cs.findbugs.filter"},{"source":"edu.umd.cs.findbugs.workflow","target":"edu.umd.cs.findbugs.launchGUI"},{"source":"edu.umd.cs.findbugs.workflow","target":"edu.umd.cs.findbugs.model"},{"source":"edu.umd.cs.findbugs.workflow","target":"edu.umd.cs.findbugs.util"},{"source":"edu.umd.cs.findbugs.ba.bcp","target":"edu.umd.cs.findbugs"},{"source":"edu.umd.cs.findbugs.ba.bcp","target":"edu.umd.cs.findbugs.ba"},{"source":"edu.umd.cs.findbugs.ba.bcp","target":"edu.umd.cs.findbugs.ba.vna"},{"source":"edu.umd.cs.findbugs.classfile.impl","target":"edu.umd.cs.findbugs"},{"source":"edu.umd.cs.findbugs.classfile.impl","target":"edu.umd.cs.findbugs.asm"},{"source":"edu.umd.cs.findbugs.classfile.impl","target":"edu.umd.cs.findbugs.ba"},{"source":"edu.umd.cs.findbugs.classfile.impl","target":"edu.umd.cs.findbugs.classfile"},{"source":"edu.umd.cs.findbugs.classfile.impl","target":"edu.umd.cs.findbugs.classfile.analysis"},{"source":"edu.umd.cs.findbugs.classfile.impl","target":"edu.umd.cs.findbugs.classfile.engine"},{"source":"edu.umd.cs.findbugs.classfile.impl","target":"edu.umd.cs.findbugs.io"},{"source":"edu.umd.cs.findbugs.classfile.impl","target":"edu.umd.cs.findbugs.log"},{"source":"edu.umd.cs.findbugs.classfile.impl","target":"edu.umd.cs.findbugs.util"},{"source":"edu.umd.cs.findbugs.ba.type","target":"edu.umd.cs.findbugs"},{"source":"edu.umd.cs.findbugs.ba.type","target":"edu.umd.cs.findbugs.ba"},{"source":"edu.umd.cs.findbugs.ba.type","target":"edu.umd.cs.findbugs.ba.ch"},{"source":"edu.umd.cs.findbugs.ba.type","target":"edu.umd.cs.findbugs.ba.generic"},{"source":"edu.umd.cs.findbugs.ba.type","target":"edu.umd.cs.findbugs.ba.interproc"},{"source":"edu.umd.cs.findbugs.ba.type","target":"edu.umd.cs.findbugs.ba.vna"},{"source":"edu.umd.cs.findbugs.ba.type","target":"edu.umd.cs.findbugs.classfile"},{"source":"edu.umd.cs.findbugs.ba.type","target":"edu.umd.cs.findbugs.util"},{"source":"edu.umd.cs.findbugs.ba.obl","target":"edu.umd.cs.findbugs"},{"source":"edu.umd.cs.findbugs.ba.obl","target":"edu.umd.cs.findbugs.ba"},{"source":"edu.umd.cs.findbugs.ba.obl","target":"edu.umd.cs.findbugs.ba.npe"},{"source":"edu.umd.cs.findbugs.ba.obl","target":"edu.umd.cs.findbugs.ba.type"},{"source":"edu.umd.cs.findbugs.ba.obl","target":"edu.umd.cs.findbugs.bcel"},{"source":"edu.umd.cs.findbugs.ba.obl","target":"edu.umd.cs.findbugs.classfile"},{"source":"edu.umd.cs.findbugs.ba.obl","target":"edu.umd.cs.findbugs.util"},{"source":"edu.umd.cs.findbugs.cloud","target":"edu.umd.cs.findbugs"},{"source":"edu.umd.cs.findbugs.cloud","target":"edu.umd.cs.findbugs.ba"},{"source":"edu.umd.cs.findbugs.cloud","target":"edu.umd.cs.findbugs.charsets"},{"source":"edu.umd.cs.findbugs.cloud","target":"edu.umd.cs.findbugs.cloud.username"},{"source":"edu.umd.cs.findbugs.cloud","target":"edu.umd.cs.findbugs.util"},{"source":"edu.umd.cs.findbugs.ba.vna","target":"edu.umd.cs.findbugs"},{"source":"edu.umd.cs.findbugs.ba.vna","target":"edu.umd.cs.findbugs.ba"},{"source":"edu.umd.cs.findbugs.ba.vna","target":"edu.umd.cs.findbugs.classfile"},{"source":"edu.umd.cs.findbugs.ba.vna","target":"edu.umd.cs.findbugs.util"},{"source":"edu.umd.cs.findbugs.ba.ch","target":"edu.umd.cs.findbugs"},{"source":"edu.umd.cs.findbugs.ba.ch","target":"edu.umd.cs.findbugs.ba"},{"source":"edu.umd.cs.findbugs.ba.ch","target":"edu.umd.cs.findbugs.classfile"},{"source":"edu.umd.cs.findbugs.ba.ch","target":"edu.umd.cs.findbugs.detect"},{"source":"edu.umd.cs.findbugs.ba.ch","target":"edu.umd.cs.findbugs.graph"},{"source":"edu.umd.cs.findbugs.ba.ch","target":"edu.umd.cs.findbugs.util"},{"source":"edu.umd.cs.findbugs.classfile.engine","target":"edu.umd.cs.findbugs.asm"},{"source":"edu.umd.cs.findbugs.classfile.engine","target":"edu.umd.cs.findbugs.ba"},{"source":"edu.umd.cs.findbugs.classfile.engine","target":"edu.umd.cs.findbugs.classfile"},{"source":"edu.umd.cs.findbugs.classfile.engine","target":"edu.umd.cs.findbugs.classfile.analysis"},{"source":"edu.umd.cs.findbugs.classfile.engine","target":"edu.umd.cs.findbugs.classfile.engine.asm"},{"source":"edu.umd.cs.findbugs.classfile.engine","target":"edu.umd.cs.findbugs.classfile.impl"},{"source":"edu.umd.cs.findbugs.classfile.engine","target":"edu.umd.cs.findbugs.io"},{"source":"edu.umd.cs.findbugs.classfile.engine","target":"edu.umd.cs.findbugs.util"},{"source":"edu.umd.cs.findbugs.classfile.engine","target":"edu.umd.cs.findbugs.visitclass"},{"source":"edu.umd.cs.findbugs.anttask","target":"edu.umd.cs.findbugs"},{"source":"edu.umd.cs.findbugs.anttask","target":"edu.umd.cs.findbugs.workflow"},{"source":"edu.umd.cs.findbugs.plan","target":"edu.umd.cs.findbugs"},{"source":"edu.umd.cs.findbugs.plan","target":"edu.umd.cs.findbugs.classfile"},{"source":"edu.umd.cs.findbugs.plan","target":"edu.umd.cs.findbugs.graph"},{"source":"edu.umd.cs.findbugs.visitclass","target":"edu.umd.cs.findbugs"},{"source":"edu.umd.cs.findbugs.visitclass","target":"edu.umd.cs.findbugs.ba"},{"source":"edu.umd.cs.findbugs.visitclass","target":"edu.umd.cs.findbugs.classfile"},{"source":"edu.umd.cs.findbugs.visitclass","target":"edu.umd.cs.findbugs.classfile.analysis"},{"source":"edu.umd.cs.findbugs.visitclass","target":"edu.umd.cs.findbugs.util"},{"source":"edu.umd.cs.findbugs.xml","target":"edu.umd.cs.findbugs.util"},{"source":"edu.umd.cs.findbugs.sourceViewer","target":"edu.umd.cs.findbugs.ba"},{"source":"edu.umd.cs.findbugs.sourceViewer","target":"edu.umd.cs.findbugs.gui2"},{"source":"edu.umd.cs.findbugs.classfile.analysis","target":"edu.umd.cs.findbugs"},{"source":"edu.umd.cs.findbugs.classfile.analysis","target":"edu.umd.cs.findbugs.ba"},{"source":"edu.umd.cs.findbugs.classfile.analysis","target":"edu.umd.cs.findbugs.ba.jsr305"},{"source":"edu.umd.cs.findbugs.classfile.analysis","target":"edu.umd.cs.findbugs.classfile"},{"source":"edu.umd.cs.findbugs.classfile.analysis","target":"edu.umd.cs.findbugs.classfile.engine"},{"source":"edu.umd.cs.findbugs.classfile.analysis","target":"edu.umd.cs.findbugs.classfile.engine.asm"},{"source":"edu.umd.cs.findbugs.classfile.analysis","target":"edu.umd.cs.findbugs.util"},{"source":"edu.umd.cs.findbugs.ba.generic","target":"edu.umd.cs.findbugs.ba"},{"source":"edu.umd.cs.findbugs.ba.generic","target":"edu.umd.cs.findbugs.ba.type"},{"source":"edu.umd.cs.findbugs.ba.generic","target":"edu.umd.cs.findbugs.classfile"},{"source":"edu.umd.cs.findbugs.ba.generic","target":"edu.umd.cs.findbugs.util"},{"source":"edu.umd.cs.findbugs.jaif","target":"edu.umd.cs.findbugs.charsets"},{"source":"edu.umd.cs.findbugs.model","target":"edu.umd.cs.findbugs"},{"source":"edu.umd.cs.findbugs.model","target":"edu.umd.cs.findbugs.ba"},{"source":"edu.umd.cs.findbugs.model","target":"edu.umd.cs.findbugs.bcel"},{"source":"edu.umd.cs.findbugs.model","target":"edu.umd.cs.findbugs.xml"},{"source":"edu.umd.cs.findbugs.ba.heap","target":"edu.umd.cs.findbugs.ba"},{"source":"edu.umd.cs.findbugs.config","target":"edu.umd.cs.findbugs"},{"source":"edu.umd.cs.findbugs.config","target":"edu.umd.cs.findbugs.ba"},{"source":"edu.umd.cs.findbugs.config","target":"edu.umd.cs.findbugs.charsets"},{"source":"edu.umd.cs.findbugs.config","target":"edu.umd.cs.findbugs.util"},{"source":"edu.umd.cs.findbugs.ba.constant","target":"edu.umd.cs.findbugs.ba"},{"source":"edu.umd.cs.findbugs.ba.interproc","target":"edu.umd.cs.findbugs.ba"},{"source":"edu.umd.cs.findbugs.ba.interproc","target":"edu.umd.cs.findbugs.charsets"},{"source":"edu.umd.cs.findbugs.ba.interproc","target":"edu.umd.cs.findbugs.classfile"},{"source":"edu.umd.cs.findbugs.ba.interproc","target":"edu.umd.cs.findbugs.util"},{"source":"edu.umd.cs.findbugs.bcel","target":"edu.umd.cs.findbugs"},{"source":"edu.umd.cs.findbugs.bcel","target":"edu.umd.cs.findbugs.ba"},{"source":"edu.umd.cs.findbugs.bcel","target":"edu.umd.cs.findbugs.classfile"},{"source":"edu.umd.cs.findbugs.bcel","target":"edu.umd.cs.findbugs.util"},{"source":"edu.umd.cs.findbugs.bcel","target":"edu.umd.cs.findbugs.visitclass"},{"source":"edu.umd.cs.findbugs.cloud.username","target":"edu.umd.cs.findbugs"},{"source":"edu.umd.cs.findbugs.cloud.username","target":"edu.umd.cs.findbugs.charsets"},{"source":"edu.umd.cs.findbugs.cloud.username","target":"edu.umd.cs.findbugs.cloud"},{"source":"edu.umd.cs.findbugs.cloud.username","target":"edu.umd.cs.findbugs.util"},{"source":"edu.umd.cs.findbugs.props","target":"edu.umd.cs.findbugs"},{"source":"edu.umd.cs.findbugs.props","target":"edu.umd.cs.findbugs.ba"},{"source":"edu.umd.cs.findbugs.props","target":"edu.umd.cs.findbugs.ba.ca"},{"source":"edu.umd.cs.findbugs.props","target":"edu.umd.cs.findbugs.ba.type"},{"source":"edu.umd.cs.findbugs.tools","target":"edu.umd.cs.findbugs"},{"source":"edu.umd.cs.findbugs.tools","target":"edu.umd.cs.findbugs.charsets"},{"source":"edu.umd.cs.findbugs.tools","target":"edu.umd.cs.findbugs.util"},{"source":"edu.umd.cs.findbugs.tools","target":"edu.umd.cs.findbugs.xml"},{"source":"edu.umd.cs.findbugs.ba.ca","target":"edu.umd.cs.findbugs.ba"},{"source":"edu.umd.cs.findbugs.classfile.engine.asm","target":"edu.umd.cs.findbugs.asm"},{"source":"edu.umd.cs.findbugs.classfile.engine.asm","target":"edu.umd.cs.findbugs.classfile"},{"source":"edu.umd.cs.findbugs.classfile.engine.asm","target":"edu.umd.cs.findbugs.classfile.analysis"},{"source":"edu.umd.cs.findbugs.log","target":"edu.umd.cs.findbugs"},{"source":"edu.umd.cs.findbugs.log","target":"edu.umd.cs.findbugs.ba"},{"source":"edu.umd.cs.findbugs.log","target":"edu.umd.cs.findbugs.xml"},{"source":"edu.umd.cs.findbugs.asm","target":"edu.umd.cs.findbugs"},{"source":"edu.umd.cs.findbugs.asm","target":"edu.umd.cs.findbugs.classfile"},{"source":"edu.umd.cs.findbugs.asm","target":"edu.umd.cs.findbugs.classfile.engine.asm"},{"source":"edu.umd.cs.findbugs.ba.deref","target":"edu.umd.cs.findbugs"},{"source":"edu.umd.cs.findbugs.ba.deref","target":"edu.umd.cs.findbugs.ba"},{"source":"edu.umd.cs.findbugs.ba.deref","target":"edu.umd.cs.findbugs.ba.interproc"},{"source":"edu.umd.cs.findbugs.ba.deref","target":"edu.umd.cs.findbugs.ba.npe"},{"source":"edu.umd.cs.findbugs.ba.deref","target":"edu.umd.cs.findbugs.ba.type"},{"source":"edu.umd.cs.findbugs.ba.deref","target":"edu.umd.cs.findbugs.ba.vna"},{"source":"edu.umd.cs.findbugs.ba.deref","target":"edu.umd.cs.findbugs.util"},{"source":"edu.umd.cs.findbugs.ba.deref","target":"edu.umd.cs.findbugs.visitclass"},{"source":"edu.umd.cs.findbugs.updates","target":"edu.umd.cs.findbugs"},{"source":"edu.umd.cs.findbugs.updates","target":"edu.umd.cs.findbugs.util"},{"source":"edu.umd.cs.findbugs.updates","target":"edu.umd.cs.findbugs.xml"},{"source":"edu.umd.cs.findbugs.tools.html","target":"edu.umd.cs.findbugs"},{"source":"edu.umd.cs.findbugs.tools.html","target":"edu.umd.cs.findbugs.charsets"},{"source":"edu.umd.cs.findbugs.bugReporter","target":"edu.umd.cs.findbugs"},{"source":"edu.umd.cs.findbugs.bugReporter","target":"edu.umd.cs.findbugs.charsets"},{"source":"edu.umd.cs.findbugs.io","target":"edu.umd.cs.findbugs.util"},{"source":"edu.umd.cs.findbugs.gui","target":"edu.umd.cs.findbugs"},{"source":"edu.umd.cs.findbugs.launchGUI","target":"edu.umd.cs.findbugs"},{"source":"edu.umd.cs.findbugs.launchGUI","target":"edu.umd.cs.findbugs.gui2"},{"source":"edu.umd.cs.findbugs.ml","target":"edu.umd.cs.findbugs.util"},{"source":"edu.umd.cs.findbugs.tools.xml","target":"edu.umd.cs.findbugs.xml"}]}