"namespace","noc","nac"
"org.sonar.ce.task.projectanalysis.step",110,2
"org.sonar.ce.task.projectanalysis.component",95,19
"org.sonar.ce.task.projectanalysis.issue",89,6
"org.sonar.server.qualityprofile",71,9
"org.sonar.server.qualityprofile.ws",71,1
"org.sonar.server.es",65,8
"org.sonar.server.authentication",65,9
"org.sonar.db.component",59,6
"org.sonar.server.platform",52,9
"org.sonar.db",50,11
"org.sonar.db.qualityprofile",48,7
"org.sonar.server.issue",47,6
"org.sonar.server.issue.notification",46,5
"org.sonar.server.platform.ws",46,2
"org.sonar.api.utils",45,7
"org.sonar.db.user",43,7
"org.sonar.server.util",43,6
"org.sonar.server.issue.ws",43,1
"org.sonar.process",42,6
"org.sonar.core.util",41,4
"org.sonar.scanner.bootstrap",41,6
"org.sonar.xoo.rule",40,1
"org.sonar.ce.task.projectanalysis.source",39,6
"org.sonar.server.qualitygate.ws",39,1
"org.sonar.application",38,9
"org.sonar.scanner.scan",38,2
"org.sonar.db.ce",37,6
"org.sonar.server.qualitygate",37,1
"org.sonar.ce.task.projectanalysis.measure",36,5
"org.sonar.server.issue.workflow",36,2
"org.sonar.server.rule",36,5
"org.sonar.server.ce.ws",36,1
"org.sonar.server.permission.ws.template",36,1
"org.sonar.server.user.ws",36,2
"org.sonar.server.webhook",35,3
"org.sonar.server.health",35,5
"org.sonar.api.utils.log",34,5
"org.sonar.server.platform.db.migration.version.v81",33,0
"org.sonar.auth.ldap",32,0
"org.sonar.ce.taskprocessor",32,8
"org.sonar.server.organization",32,9
"org.sonar.server.platform.db.migration.step",31,14
"org.sonar.server.es.request",31,0
"org.sonar.server.user",31,5
"org.sonar.server.measure.ws",31,1
"org.sonar.scanner.scan.filesystem",31,2
"org.sonarqube.ws.client",31,12
"org.sonar.server.platform.web",30,1
"org.sonar.server.component.ws",30,1
"org.sonar.core.platform",30,5
"org.sonar.ce.task.projectanalysis.qualitygate",29,6
"org.sonar.server.rule.ws",29,1
"org.sonarqube.ws.client.qualityprofiles",29,0
"org.sonar.ce.task.projectanalysis.duplication",28,4
"org.sonar.server.issue.index",28,1
"org.sonar.server.permission",28,3
"org.sonar.server.permission.ws",28,2
"org.sonar.server.plugins.ws",28,2
"org.sonar.server.platform.db.migration.version.v82",27,0
"org.sonar.server.plugins",27,1
"org.sonar.server.organization.ws",27,1
"org.sonar.server.project.ws",27,1
"org.sonar.server.component.index",26,1
"org.sonar.server.projectanalysis.ws",26,1
"org.sonar.server.setting.ws",26,1
"org.sonar.server.ws",26,1
"org.sonar.api.batch.fs.internal.predicates",26,3
"org.sonar.ce.task.projectanalysis.filemove",25,9
"org.sonar.server.platform.monitoring",25,4
"org.sonar.server.app",25,3
"org.sonar.scanner.ci.vendors",25,0
"org.sonarqube.ws.client.permissions",25,0
"org.sonar.server.platform.db.migration.version.v84.activerules",24,0
"org.sonar.server.platform.monitoring.cluster",24,2
"org.sonar.scanner.report",24,1
"org.sonar.scanner.repository",24,4
"org.sonarqube.ws.client.views",24,0
"org.sonar.db.property",23,3
"org.sonar.server.platform.db.migration",23,4
"org.sonar.server.platform.db.migration.def",23,2
"org.sonar.server.platform.db.migration.version.v80",23,0
"org.sonar.server.usergroups.ws",23,1
"org.sonar.server.hotspot.ws",22,1
"org.sonar.db.measure",21,2
"org.sonar.server.platform.db.migration.sql",21,0
"org.sonar.server.notification",21,5
"org.sonar.server.metric.ws",21,1
"org.sonar.server.source.ws",21,1
"org.sonar.server.webhook.ws",21,1
"org.sonar.ce.task.projectanalysis.formula",20,5
"org.sonar.ce.task.projectanalysis.issue.commonrule",20,4
"org.sonar.db.rule",20,2
"org.sonar.server.es.newindex",20,3
"org.sonar.server.measure.custom.ws",20,1
"org.sonar.scanner.scan.branch",20,5
"org.sonar.auth.github",19,1
"org.sonar.server.platform.db.migration.charset",19,2
"org.sonar.application.config",19,2
"org.sonar.server.setting",19,2
"org.sonar.server.notification.ws",19,2
"org.sonar.api.batch.rule",19,6
"org.sonar.api",19,7
"org.sonar.api.rules",19,1
"org.sonarqube.ws.client.almsettings",19,0
"org.sonarqube.ws.client.qualitygates",19,0
"org.sonar.db.permission",18,3
"org.sonar.server.platform.db.migration.version.v84.qualitygates",18,0
"org.sonar.application.command",18,2
"org.sonar.server.permission.index",18,1
"org.sonar.server.badge.ws",18,1
"org.sonar.server.batch",18,1
"org.sonar.ce.task.projectanalysis.api.posttask",17,0
"org.sonar.ce.task.projectanalysis.formula.coverage",17,4
"org.sonar.ce.task.projectanalysis.scm",17,2
"org.sonar.db.issue",17,2
"org.sonar.db.organization",17,2
"org.sonar.db.permission.template",17,2
"org.sonar.db.qualitygate",17,3
"org.sonar.server.measure.live",17,4
"org.sonar.api.config",17,3
"org.sonar.scanner.rule",17,2
"org.sonar.scanner.sensor",17,3
"org.sonar.ce.task.projectanalysis.analysis",16,3
"org.sonar.ce.task.projectanalysis.qualitymodel",16,0
"org.sonar.db.alm",16,3
"org.sonar.db.purge",16,2
"org.sonar.server.platform.db.migration.version.v84.projectmeasures",16,0
"org.sonar.server.platform.db.migration.version.v84.rules",16,0
"org.sonar.server.platform.db.migration.version.v84.rulesprofiles",16,0
"org.sonar.server.platform.db.migration.version.v84.users.fk.groupsusers",16,0
"org.sonar.server.platform.db.migration.version.v84.users.fk.organizationmembers",16,0
"org.sonar.process.cluster.hz",16,3
"org.sonar.server.ui.ws",16,1
"org.sonar.core.issue.tracking",16,4
"org.sonar.api.ce.posttask",16,8
"org.sonar.api.batch.fs.internal",16,5
"org.sonarqube.ws.client.issues",16,0
"org.sonar.ce.task.projectanalysis.source.linereader",15,1
"org.sonar.db.event",15,2
"org.sonar.application.process",15,4
"org.sonar.server.es.searchrequest",15,2
"org.sonar.server.measure.index",15,1
"org.sonar.server.telemetry",15,2
"org.sonar.server.branch.ws",15,1
"org.sonar.duplications.detector.suffixtree",15,3
"org.sonar.markdown",15,1
"org.sonar.api.resources",15,2
"org.sonar.auth.gitlab",14,0
"org.sonar.ce.monitoring",14,4
"org.sonar.ce.task",14,4
"org.sonar.ce.task.projectanalysis.formula.counter",14,1
"org.sonar.ce.task.projectanalysis.metric",14,3
"org.sonar.db.webhook",14,2
"org.sonar.server.platform.db.migration.version.v84.permissiontemplates",14,0
"org.sonar.process.cluster.health",14,3
"org.sonar.server.favorite.ws",14,1
"org.sonar.server.newcodeperiod.ws",14,1
"org.sonar.server.usertoken.ws",14,1
"org.sonar.core.extension",14,3
"org.sonar.duplications.statement.matcher",14,1
"org.sonar.api.ce.measure.test",14,0
"org.sonar.api.profiles",14,3
"org.sonar.api.batch.rule.internal",14,0
"org.sonar.scanner.scm",14,1
"org.sonar.ce",13,2
"org.sonar.ce.queue",13,2
"org.sonar.db.dialect",13,2
"org.sonar.db.profiling",13,1
"org.sonar.db.purge.period",13,1
"org.sonar.server.platform.serverid",13,1
"org.sonar.server.startup",13,0
"org.sonar.server.component",13,0
"org.sonar.core.config",13,1
"org.sonar.api.batch.fs",13,12
"org.sonar.api.security",13,5
"org.sonar.api.server.rule",13,1
"org.sonar.api.config.internal",13,2
"org.sonar.api.impl.utils",13,0
"org.sonarqube.ws.client.applications",13,0
"org.sonar.xoo.lang",12,0
"org.sonar.ce.task.projectanalysis.qualityprofile",12,3
"org.sonar.server.platform.db.migration.version.v84.activeruleparameters",12,0
"org.sonar.server.platform.db.migration.version.v84.duplicationsindex",12,0
"org.sonar.server.platform.db.migration.version.v84.filesources",12,0
"org.sonar.server.platform.db.migration.version.v84.grouproles",12,0
"org.sonar.server.platform.db.migration.version.v84.groups",12,0
"org.sonar.server.platform.db.migration.version.v84.groups.groupsusers",12,0
"org.sonar.server.platform.db.migration.version.v84.groups.qprofileeditgroups",12,0
"org.sonar.server.platform.db.migration.version.v84.issuechanges",12,0
"org.sonar.server.platform.db.migration.version.v84.manualmeasures",12,0
"org.sonar.server.platform.db.migration.version.v84.metrics",12,0
"org.sonar.server.platform.db.migration.version.v84.metrics.livemeasures",12,0
"org.sonar.server.platform.db.migration.version.v84.metrics.projectmeasures",12,0
"org.sonar.server.platform.db.migration.version.v84.notifications",12,0
"org.sonar.server.platform.db.migration.version.v84.permissiontemplates.fk.permtplcharacteristics",12,0
"org.sonar.server.platform.db.migration.version.v84.permtemplatesgroups",12,0
"org.sonar.server.platform.db.migration.version.v84.permtemplatesusers",12,0
"org.sonar.server.platform.db.migration.version.v84.permtplcharacteristics",12,0
"org.sonar.server.platform.db.migration.version.v84.projectqprofiles",12,0
"org.sonar.server.platform.db.migration.version.v84.properties",12,0
"org.sonar.server.platform.db.migration.version.v84.qualitygateconditions",12,0
"org.sonar.server.platform.db.migration.version.v84.rules.activerules",12,0
"org.sonar.server.platform.db.migration.version.v84.rules.deprecatedrulekeys",12,0
"org.sonar.server.platform.db.migration.version.v84.rules.rulesmetadata",12,0
"org.sonar.server.platform.db.migration.version.v84.rules.rulesparameters",12,0
"org.sonar.server.platform.db.migration.version.v84.rulesparameters",12,0
"org.sonar.server.platform.db.migration.version.v84.rulesprofiles.fk.activerules",12,0
"org.sonar.server.platform.db.migration.version.v84.users.fk.qprofileeditusers",12,0
"org.sonar.server.platform.db.migration.version.v84.usertokens",12,0
"org.sonar.process.logging",12,3
"org.sonar.server.async",12,4
"org.sonar.server.authentication.ws",12,1
"org.sonar.server.branch.pr.ws",12,1
"org.sonar.server.projectlink.ws",12,1
"org.sonar.server.root.ws",12,1
"org.sonar.server.source",12,0
"org.sonar.batch.bootstrapper",12,1
"org.sonar.ce.task.projectanalysis.notification",11,1
"org.sonar.ce.task.projectanalysis.util.cache",11,2
"org.sonar.server.platform.db.migration.engine",11,4
"org.sonar.application.es",11,1
"org.sonar.server.project",11,2
"org.sonar.server.rule.index",11,0
"org.sonar.server.platform.platformlevel",11,1
"org.sonar.server.exceptions",11,0
"org.sonar.server.platform.web.requestid",11,2
"org.sonar.server.ws.ws",11,1
"org.sonar.duplications.statement",11,0
"org.sonar.api.server.rule.internal",11,0
"org.sonar.scanner.genericcoverage",11,1
"org.sonar.scanner.issue.ignore.pattern",11,1
"org.sonarqube.ws.client.projects",11,0
"org.sonarqube.ws.client.users",11,0
"org.sonar.ce.task.projectanalysis.api.measurecomputer",10,0
"org.sonar.ce.task.projectanalysis.batch",10,3
"org.sonar.db.alm.setting",10,2
"org.sonar.db.metric",10,1
"org.sonar.db.source",10,1
"org.sonar.server.platform.db.migration.history",10,2
"org.sonar.server.platform.db.migration.version.v84.groups.grouproles",10,0
"org.sonar.server.platform.db.migration.version.v84.rules.issues",10,0
"org.sonar.server.platform.db.migration.version.v84.users.fk.userroles",10,0
"org.sonar.server.es.metadata",10,2
"org.sonar.server.duplication.ws",10,1
"org.sonar.server.projecttag.ws",10,1
"org.sonar.duplications.index",10,3
"org.sonar.duplications.token",10,0
"org.sonar.api.batch.sensor.internal",10,2
"org.sonar.api.server.ws",10,6
"org.sonarqube.ws.client.rules",10,0
"org.sonar.ce.configuration",9,2
"org.sonar.ce.container",9,2
"org.sonar.ce.task.step",9,4
"org.sonar.ce.task.projectanalysis.dbmigration",9,2
"org.sonar.db.newcodeperiod",9,1
"org.sonar.server.platform.db.migration.version",9,2
"org.sonar.process.systeminfo",9,2
"org.sonar.server.user.index",9,0
"org.sonar.server.ce.queue",9,2
"org.sonar.duplications.block",9,1
"org.sonar.api.server.authentication",9,3
"org.sonar.api.test",9,7
"org.sonar.api.utils.command",9,1
"org.sonar.api.batch.sensor.issue.internal",9,1
"org.sonar.api.batch.fs.internal.fs",9,0
"org.sonar.scanner.cpd",9,0
"org.sonar.scanner.repository.settings",9,3
"org.sonar.test",9,0
"org.sonarqube.ws.client.ce",9,0
"org.sonarqube.ws.client.hotspots",9,0
"org.sonarqube.ws.client.organizations",9,0
"org.sonarqube.ws.client.projectanalyses",9,0
"org.sonarqube.ws.client.sources",9,0
"org.sonarqube.ws.client.usergroups",9,0
"org.sonar.ce.cleaning",8,2
"org.sonar.ce.task.projectanalysis.period",8,1
"org.sonar.server.platform.db.migration.version.v83",8,0
"org.sonar.server.platform.db.migration.version.v84.cequeue",8,0
"org.sonar.server.platform.db.migration.version.v84.metrics.manualmeasures",8,0
"org.sonar.server.platform.db.migration.version.v84.metrics.qualitygateconditions",8,0
"org.sonar.server.platform.db.migration.version.v84.permissiontemplates.fk.permtemplatesgroups",8,0
"org.sonar.server.platform.db.migration.version.v84.permissiontemplates.fk.permtemplatesusers",8,0
"org.sonar.server.platform.db.migration.version.v84.rulesparameters.fk",8,0
"org.sonar.server.platform.db.migration.version.v84.users",8,0
"org.sonar.server.platform.db.migration.version.v84.users.fk.permtemplatesusers",8,0
"org.sonar.application.cluster",8,1
"org.sonar.server.view.index",8,0
"org.sonar.server.qualitygate.changeevent",8,2
"org.sonar.server.authentication.event",8,1
"org.sonar.server.usertoken",8,1
"org.sonar.server.tester",8,1
"org.sonar.server.ui",8,1
"org.sonar.server.updatecenter.ws",8,1
"org.sonar.core.i18n",8,1
"org.sonar.core.issue",8,0
"org.sonar.api.batch.sensor.issue",8,7
"org.sonar.api.ce.measure",8,5
"org.sonar.api.measures",8,4
"org.sonar.api.platform",8,6
"org.sonar.api.rule",8,0
"org.sonar.api.utils.text",8,0
"org.sonar.api.batch.fs.internal.charhandler",8,1
"org.sonar.scanner",8,0
"org.sonar.scanner.issue",8,0
"org.sonarqube.ws.client.components",8,0
"org.sonarqube.ws.client.governancereports",8,0
"org.sonarqube.ws.client.webhooks",8,0
"org.sonar.xoo.coverage",7,1
"org.sonar.auth.saml",7,0
"org.sonar.ce.task.log",7,1
"org.sonar.ce.task.projectanalysis.purge",7,0
"org.sonar.db.plugin",7,1
"org.sonar.server.platform.db.migration.version.v00",7,0
"org.sonar.application.cluster.health",7,1
"org.sonar.server.es.textsearch",7,1
"org.sonar.server.favorite",7,0
"org.sonar.server.platform.db",7,0
"org.sonar.server.email.ws",7,1
"org.sonar.check",7,1
"org.sonar.core.hash",7,0
"org.sonar.core.util.logs",7,1
"org.sonar.duplications.detector.original",7,0
"org.sonar.duplications.java",7,0
"org.sonar.api.batch",7,1
"org.sonar.api.batch.bootstrap",7,1
"org.sonar.api.batch.scm",7,3
"org.sonar.api.web.page",7,1
"org.sonar.scanner.ci",7,2
"org.sonar.scanner.deprecated.test",7,0
"org.sonar.scanner.mediumtest",7,1
"org.sonar.scanner.postjob",7,0
"org.sonar.scanner.mediumtest.issues",7,0
"org.sonar.scanner.protocol.input",7,1
"org.sonar.scanner.protocol.output",7,0
"org.sonar.test.html",7,1
"org.sonarqube.ws.client.almintegrations",7,0
"org.sonarqube.ws.client.custommeasures",7,0
"org.sonarqube.ws.client.plugins",7,0
"org.sonarqube.ws.client.settings",7,0
"org.sonar.xoo.scm",6,0
"org.sonar.ce.platform",6,0
"org.sonar.ce.task.taskprocessor",6,3
"org.sonar.ce.task.projectanalysis.container",6,2
"org.sonar.ce.task.projectanalysis.event",6,1
"org.sonar.db.es",6,1
"org.sonar.db.measure.custom",6,1
"org.sonar.db.notification",6,1
"org.sonar.db.project",6,1
"org.sonar.server.platform.db.migration.version.v83.grouproles",6,0
"org.sonar.server.platform.db.migration.version.v83.properties",6,0
"org.sonar.server.platform.db.migration.version.v83.userroles",6,0
"org.sonar.server.platform.db.migration.version.v84.ceactivity",6,0
"org.sonar.server.platform.db.migration.version.v84.events",6,0
"org.sonar.server.platform.db.migration.version.v84.groups.organizations",6,0
"org.sonar.server.platform.db.migration.version.v84.groups.permtemplatesgroups",6,0
"org.sonar.server.platform.db.migration.version.v84.issues",6,0
"org.sonar.server.platform.db.migration.version.v84.userroles",6,0
"org.sonar.server.platform.db.migration.version.v84.users.fk.properties",6,0
"org.sonar.process.sharedmemoryfile",6,1
"org.sonar.server.extension",6,1
"org.sonar.server.metric",6,0
"org.sonar.server.property",6,1
"org.sonar.server.qualitygate.notification",6,0
"org.sonar.server.branch",6,3
"org.sonar.server.usergroups",6,1
"org.sonar.server.language",6,0
"net.sourceforge.pmd.cpd",6,2
"org.sonar.duplications.internal.pmd",6,0
"org.sonar.api.issue",6,4
"org.sonar.api.task",6,3
"org.sonar.api.user",6,1
"org.sonar.api.internal",6,0
"org.sonar.scanner.externalissue",6,0
"org.sonarqube.ws.client.measures",6,0
"org.sonarqube.ws.client.metrics",6,0
"org.sonarqube.ws.client.projectbranches",6,0
"org.sonar.xoo",5,0
"org.sonar.ce.httpd",5,2
"org.sonar.ce.logging",5,0
"org.sonar.ce.task.container",5,1
"org.sonar.ce.task.projectanalysis.issue.filter",5,0
"org.sonar.ce.task.projectanalysis.measure.qualitygatedetails",5,0
"org.sonar.db.alm.pat",5,1
"org.sonar.db.duplication",5,1
"org.sonar.db.mapping",5,1
"org.sonar.db.schemamigration",5,1
"org.sonar.server.platform.db.migration.version.v84",5,0
"org.sonar.server.platform.db.migration.version.v84.util",5,0
"org.sonar.server.security",5,0
"org.sonar.server.ce.http",5,2
"org.sonar.plugins.testbase.api",5,0
"org.sonar.server.language.ws",5,1
"org.sonar.core.component",5,0
"org.sonar.duplications.detector",5,1
"org.sonar.duplications.utils",5,0
"org.sonar.api.batch.sensor.cpd.internal",5,0
"org.sonar.api.scan.filesystem",5,0
"org.sonar.api.server.profile",5,1
"org.sonar.api.utils.dag",5,0
"org.sonar.api.web",5,2
"org.sonar.api.impl.ws",5,1
"org.sonar.scanner.analysis",5,0
"org.sonar.scanner.issue.ignore",5,0
"org.sonar.scanner.issue.ignore.scanner",5,0
"org.sonar.test.i18n",5,0
"org.sonarqube.ws.client.batch",5,0
"org.sonarqube.ws.client.favorites",5,0
"org.sonarqube.ws.client.newcodeperiods",5,0
"org.sonarqube.ws.client.notifications",5,0
"org.sonarqube.ws.client.projectdump",5,0
"org.sonarqube.ws.client.projectlinks",5,0
"org.sonarqube.ws.client.usertokens",5,0
"org.sonarqube.ws",5,0
"org.sonarqube.wsgenerator",5,0
"org.sonar.xoo.extensions",4,0
"org.sonar.ce.task.projectanalysis.language",4,1
"org.sonar.ce.task.projectanalysis.filemove.FileMoveDetectionStepTest.v1",4,0
"org.sonar.server.platform.db.migration.version.v84.common",4,4
"org.sonar.server.l18n",4,0
"org.sonar.server.log",4,1
"org.sonar.server.measure",4,0
"org.sonar.server.qualityprofile.index",4,0
"org.sonar.server.text",4,1
"org.sonar.api.batch.postjob",4,3
"org.sonar.api.batch.sensor.highlighting",4,1
"org.sonar.api.batch.sensor",4,3
"org.sonar.api.notifications",4,2
"org.sonar.api.scan.issue.filter",4,3
"org.sonar.api.test.exception",4,0
"org.sonar.api.batch.sensor.highlighting.internal",4,0
"org.sonar.scanner.deprecated.perspectives",4,2
"org.sonar.scanner.repository.language",4,1
"org.sonar.scanner.util",4,0
"org.sonar.scanner.phases",4,0
"org.sonarqube.ws.client.navigation",4,0
"org.sonarqube.ws.client.projectbadges",4,0
"org.sonarqube.ws.client.projectpullrequests",4,0
"org.sonarqube.ws.client.projecttags",4,0
"org.sonarqube.ws.client.roots",4,0
"org.sonarqube.ws.client.system",4,0
"org.sonarqube.ws.client.updatecenter",4,0
"org.sonarqube.ws.client.webservices",4,0
"org.sonar.xoo.test",3,0
"org.sonar.auth",3,0
"org.sonar.ce.app",3,0
"org.sonar.ce.async",3,0
"org.sonar.ce.db",3,0
"org.sonar.ce.notification",3,0
"org.sonar.ce.systeminfo",3,0
"org.sonar.ce.task.setting",3,0
"org.sonar.ce.task.projectanalysis.organization",3,0
"org.sonar.ce.task.projectanalysis.webhook",3,0
"org.sonar.server.platform.db.migration.version.v84.snapshots.issues",3,0
"org.sonar.server.platform.db.migration.version.v84.snapshots",3,0
"org.sonar.process.cluster",3,0
"org.sonar.server.config",3,0
"org.sonar.server.notification.email",3,0
"org.sonar.server.plugins.edition",3,0
"org.sonar.server.authentication.exception",3,1
"org.sonar.server.ce",3,0
"org.sonar.server.updatecenter",3,0
"org.sonar.core.metric",3,0
"org.sonar.core.util.stream",3,0
"org.sonar.duplications.cpd",3,1
"org.sonar.duplications",3,0
"net.sourceforge.pmd.cpd.fork",3,0
"org.sonar.api.batch.measure",3,2
"org.sonar.api.batch.sensor.coverage",3,1
"org.sonar.api.batch.sensor.error",3,2
"org.sonar.api.batch.sensor.measure",3,2
"org.sonar.api.batch.sensor.rule",3,2
"org.sonar.api.batch.sensor.symbol",3,2
"org.sonar.api.component",3,2
"org.sonar.api.database",3,1
"org.sonar.api.database.model",3,0
"org.sonar.api.server.debt",3,1
"org.sonar.api.batch.sensor.code.internal",3,0
"org.sonar.api.batch.sensor.error.internal",3,0
"org.sonar.api.batch.sensor.measure.internal",3,0
"org.sonar.api.batch.sensor.rule.internal",3,0
"org.sonar.api.batch.sensor.symbol.internal",3,0
"org.sonar.scanner.config",3,1
"org.sonar.scanner.extension",3,0
"org.sonar.scanner.fs",3,1
"org.sonar.scanner.notifications",3,0
"org.sonar.scanner.platform",3,0
"org.sonar.scanner.qualitygate",3,0
"org.sonar.scanner.mediumtest.fs",3,0
"org.sonar.scanner.protocol.viewer",3,0
"org.sonar.ldap",3,0
"org.sonarqube.ws.client.authentication",3,0
"org.sonarqube.ws.client.developers",3,0
"org.sonarqube.ws.client.duplications",3,0
"org.sonarqube.ws.client.editions",3,0
"org.sonarqube.ws.client.emails",3,0
"org.sonarqube.ws.client.l10n",3,0
"org.sonarqube.ws.client.languages",3,0
"org.sonarqube.ws.client.properties",3,0
"org.sonarqube.ws.client.securityreports",3,0
"org.sonar.xoo.checks",2,1
"org.sonar.xoo.global",2,0
"org.sonar.auth.ldap.server",2,0
"org.sonar.ce.task.util",2,0
"org.sonar.ce.task.projectanalysis.filesystem",2,0
"org.sonar.ce.task.projectanalysis",2,0
"org.sonar.ce.task.projectanalysis.taskprocessor",2,0
"org.sonar.ce.task.projectanalysis.view",2,1
"org.sonar.ce.task.projectanalysis.filemove.FileMoveDetectionStepTest.v2",2,0
"org.sonar.db.version",2,0
"org.sonar.core.permission",2,0
"org.sonar.db.dump",2,0
"org.sonar.db.alm.integration.pat",2,0
"org.sonar.db.almsettings",2,0
"org.sonar.server.platform.db.migration.es",2,1
"org.sonar.server.platform.db.migration.version.v84.rulesprofiles.fk.orgqprofiles",2,0
"org.sonar.server.platform.db.migration.version.v84.rulesprofiles.fk.qprofilechanges",2,0
"org.sonar.server.platform.db.migration.version.v84.users.fk.util",2,0
"org.sonar.process.jmx",2,1
"org.sonar.server.almsettings",2,0
"org.sonar.server.ui.page",2,1
"org.sonar.core.user",2,0
"org.apache.struts.util",2,1
"org.sonar.api.batch.bootstrap.internal",2,0
"org.sonar.api.batch.postjob.issue",2,1
"org.sonar.api.batch.sensor.code",2,1
"org.sonar.api.batch.sensor.cpd",2,1
"org.sonar.api.ce",2,0
"org.sonar.api.i18n",2,1
"org.sonar.api.scanner.fs",2,1
"org.sonar.api.scanner",2,0
"org.sonar.api.scanner.sensor",2,1
"org.sonar.api.server.debt.internal",2,0
"org.sonar.api.server",2,0
"org.sonarsource.api.sonarlint",2,0
"org.sonar.api.batch.postjob.internal",2,0
"org.sonar.api.batch.sensor.coverage.internal",2,0
"org.sonar.api.impl.server",2,0
"org.sonar.scanner.cpd.index",2,0
"org.sonar.scanner.scan.measure",2,0
"org.sonar.scanner.sensor.noop",2,0
"org.sonar.scanner.source",2,0
"org.sonar.scanner.mediumtest.branch",2,0
"org.sonar.scanner.mediumtest.coverage",2,0
"org.sonar.scanner.mediumtest.log",2,0
"org.sonar.runner.batch.ProjectReactorBuilderTest.simple",2,0
"org.sonar.scanner.protocol",2,0
"org.sonarqube.ws.client.analysisreports",2,0
"org.sonarqube.ws.client.issue",2,0
"org.sonarqube.ws.client.permission",2,0
"org.sonarqube.ws.client.project",2,0
"org.sonarqube.ws.client.qualityprofile",2,1
"org.sonarqube.ws.client.server",2,0
"org.sonarqube.ws.client.support",2,0
"org.sonarqube.ws.client.timemachine",2,0
"org.sonarqube.ws.client.user",2,0
"org.sonarqube.ws.client.userproperties",2,0
"org.sonar.ce.task.projectanalysis.util",1,0
"org.sonar.db.createdb",1,0
"org.sonar.db.favorite",1,0
"org.sonar.application.logging",1,0
"org.sonar.process.jmx.test",1,0
"org.sonar.process.test",1,0
"org.elasticsearch.transport",1,0
"org.sonar.server.source.index",1,0
"org.sonar.server.search",1,0
"org.sonar.server.projecttag",1,0
"com.sonarsource.plugins.license.api",1,1
"org.sonar.plugins.base.api",1,0
"org.sonar.plugins.base",1,0
"org.sonar.plugins.dependent",1,0
"org.sonar.duplications.internal",1,0
"org.sonar.duplications.junit",1,0
"org.sonar",1,0
"org.sonar.scanner.mediumtest.cpd",1,0
"org.sonar.scanner.mediumtest.highlighting",1,0
"org.sonar.scanner.mediumtest.measures",1,0
"org.sonar.scanner.mediumtest.scm",1,0
"org.sonar.scanner.mediumtest.symbol",1,0
"org.sonar.scanner.mediumtest.tasks",1,0
"org.sonar.scanner.mediumtest.tests",1,0
"org.foo",1,0
"org.sonarqube.ws.client.component",1,0
