{"name":"variants","children":[{"name":"com.trevisan.servletfotoumobile.util","children":[{"name":"HttpUtils","sloc":10,"wmc":2},{"name":"Utils","sloc":6,"wmc":1},{"name":"CalendarUtil","sloc":25,"wmc":5},{"name":"LogManager","sloc":47,"wmc":7}]},{"name":"com.trevisan.servletfotoumobile.database.query","children":[{"name":"QueriesFactory","sloc":374,"wmc":32}]},{"name":"com.trevisan.servletfotoumobile.database","children":[{"name":"UmovmeDatabaseConnection","sloc":13,"wmc":3},{"name":"DataBaseConnection","sloc":109,"wmc":17},{"name":"MediaDBConnection","sloc":13,"wmc":3}]},{"name":"com.trevisan.servletfotoumobile.database.table","children":[{"name":"GenericTable","sloc":26,"wmc":6},{"name":"Tables","sloc":45,"wmc":9},{"name":"SynchronismLogTable","sloc":66,"wmc":13},{"name":"SynchronismErrorLogTable","sloc":61,"wmc":12},{"name":"ActivityHistoryTable","sloc":39,"wmc":8},{"name":"FieldHistoryTable","sloc":34,"wmc":7},{"name":"ActivityHistoryPhotoTable","sloc":63,"wmc":13},{"name":"TemporaryPhotoTable","sloc":44,"wmc":9},{"name":"AgentTable","sloc":24,"wmc":5},{"name":"ClientTable","sloc":19,"wmc":4}]},{"name":"com.trevisan.servletfotoumobile.service","children":[{"name":"ResultService","sloc":55,"wmc":8}]},{"name":"com.trevisan.servletfotoumobile.application","children":[{"name":"Version","sloc":41,"wmc":5},{"name":"RequestLogFactory","sloc":19,"wmc":3},{"name":"MountMedia","sloc":32,"wmc":3},{"name":"RequestLog","sloc":45,"wmc":5},{"name":"SaveMediaPart","sloc":33,"wmc":3},{"name":"MediaManager","sloc":223,"wmc":26},{"name":"RequestLogByLogin","sloc":30,"wmc":3},{"name":"RequestLogByToken","sloc":24,"wmc":2}]},{"name":"com.trevisan.servletfotoumobile.model","children":[{"name":"SynchronismErrorLog","sloc":59,"wmc":15},{"name":"SynchronismLog","sloc":84,"wmc":21},{"name":"UMovResponses","sloc":6,"wmc":1},{"name":"ConnectionAttributes","sloc":131,"wmc":36},{"name":"Agent","sloc":54,"wmc":15},{"name":"Result","sloc":55,"wmc":16}]},{"name":"com.trevisan.servletfotoumobile.dao","children":[{"name":"ClientDao","sloc":25,"wmc":4},{"name":"ScheduleFeedDao","sloc":25,"wmc":2},{"name":"ActivityHistoryPhotoDao","sloc":107,"wmc":14},{"name":"ActivityHistoryDao","sloc":123,"wmc":19},{"name":"ConnectionAttributesDao","sloc":72,"wmc":10},{"name":"SynchronismLogDao","sloc":45,"wmc":5},{"name":"AbstractDao","sloc":27,"wmc":4},{"name":"TemporaryPhotoDao","sloc":137,"wmc":21},{"name":"SynchronismErrorLogDao","sloc":44,"wmc":5},{"name":"AgentDao","sloc":50,"wmc":8}]},{"name":"com.trevisan.servletfotoumobile.exception","children":[{"name":"ResultSetNotFoundException","sloc":9,"wmc":1},{"name":"AuthenticationException","sloc":9,"wmc":1},{"name":"ClientNotFoudException","sloc":8,"wmc":1},{"name":"ActivityHistoryNotFoundException","sloc":8,"wmc":1},{"name":"DataBaseException","sloc":8,"wmc":1},{"name":"ActivityHistoryPhotoRepeatedException","sloc":8,"wmc":1},{"name":"UMovException","sloc":14,"wmc":3},{"name":"EmptyPhotoException","sloc":8,"wmc":1},{"name":"AgentNotFoundException","sloc":9,"wmc":1}]}]}