"method","loc","cyclo","calls","nbd","param"
"com.trevisan.servletfotoumobile.model.ConnectionAttributes.toString()",43,10,40,1,0
"com.trevisan.servletfotoumobile.dao.ActivityHistoryDao.getHistoryId(Connection connection, ConnectionAttributes attributes)",35,5,22,2,2
"com.trevisan.servletfotoumobile.dao.TemporaryPhotoDao.savePhotoPart(DataBaseConnection databaseConnection, ConnectionAttributes attributes, ConnectionAttributesDao connectionAttributesDao, HttpServletRequest request, String requestId)",43,4,39,3,5
"com.trevisan.servletfotoumobile.database.DataBaseConnection.getConnection()",36,4,10,3,0
"com.trevisan.servletfotoumobile.dao.TemporaryPhotoDao.getCompletePhoto(Connection connection, ConnectionAttributes attributes)",34,4,21,3,2
"com.trevisan.servletfotoumobile.dao.TemporaryPhotoDao.isValidChecksum(long receivedChecksum, byte[] photoPart)",10,4,1,3,2
"com.trevisan.servletfotoumobile.dao.ActivityHistoryDao.getActivityHistoryIdByFieldHistoryId(Connection connection, long fieldHistoryId)",29,4,8,2,2
"com.trevisan.servletfotoumobile.dao.ActivityHistoryDao.isCreateScheduleFeed(Long activityId, Long clientId, Connection connection)",26,4,8,2,3
"com.trevisan.servletfotoumobile.dao.AbstractDao.executeQuery(Connection connection, String query)",26,4,5,2,2
"com.trevisan.servletfotoumobile.dao.AgentDao.getAgentIdByToken(Connection connection, String token)",28,4,14,1,2
"com.trevisan.servletfotoumobile.dao.ClientDao.getClientId(Connection connection, ConnectionAttributes attributes)",19,4,14,1,2
"com.trevisan.servletfotoumobile.dao.AgentDao.getAgentId(Connection connection, long clientId, String agentUsername)",19,4,12,1,3
"com.trevisan.servletfotoumobile.application.MediaManager.execute(HttpServletRequest request, int actionType, String requestId)",41,3,17,2,3
"com.trevisan.servletfotoumobile.dao.SynchronismLogDao.insertLog(Connection connection, SynchronismLog log)",30,3,31,2,2
"com.trevisan.servletfotoumobile.dao.ActivityHistoryPhotoDao.getPicViewerLink(Connection connection, long photoId, long clientId)",22,3,8,2,3
"com.trevisan.servletfotoumobile.dao.ActivityHistoryPhotoDao.getPhotoId(Connection connection, long fieldHistoryId)",22,3,8,2,2
"com.trevisan.servletfotoumobile.dao.ActivityHistoryPhotoDao.getNextMediaId(Connection connection)",21,3,8,2,1
"com.trevisan.servletfotoumobile.dao.ActivityHistoryPhotoDao.containsActivityHistoryPhoto(Connection connection, ConnectionAttributes attributes, long historyId)",20,3,9,2,3
"com.trevisan.servletfotoumobile.application.MediaManager.validateMedia(Connection mergeConnection, long historyId, byte[] photo)",11,3,1,2,3
"com.trevisan.servletfotoumobile.dao.SynchronismErrorLogDao.getErrorDetails(final SynchronismErrorLog log)",10,3,13,2,1
"com.trevisan.servletfotoumobile.database.query.QueriesFactory.deletePhotoPart(final String photoNumber, final String taskId, final String activityId, final String photoPart, boolean imageByFieldImage, String identifier)",44,3,55,1,6
"com.trevisan.servletfotoumobile.dao.TemporaryPhotoDao.deletePhoto(Connection connection, ConnectionAttributes attributes)",13,2,10,3,2
"com.trevisan.servletfotoumobile.dao.TemporaryPhotoDao.mergePhotoParts(List<byte[]> photoParts, int photoSize)",13,2,4,3,2
"com.trevisan.servletfotoumobile.dao.TemporaryPhotoDao.deletePhotoPart(Connection connection, ConnectionAttributes attributes)",12,2,11,3,2
"com.trevisan.servletfotoumobile.database.DataBaseConnection.close(final ResultSet rs)",10,2,4,3,1
"com.trevisan.servletfotoumobile.database.DataBaseConnection.closeConnection()",10,2,4,3,0
"com.trevisan.servletfotoumobile.database.DataBaseConnection.close(final Statement st)",9,2,4,3,1
"com.trevisan.servletfotoumobile.dao.TemporaryPhotoDao.calculateChecksum(byte[] photoPart)",4,2,0,3,1
"com.trevisan.servletfotoumobile.database.DataBaseConnection.getContext()",4,2,0,3,0
"com.trevisan.servletfotoumobile.dao.ActivityHistoryPhotoDao.savePhoto(Connection connection, ConnectionAttributes attributes, byte[] photo, int photoSize, long historyId, long clientId, long mediaId)",25,2,21,2,7
"com.trevisan.servletfotoumobile.dao.SynchronismErrorLogDao.insertLog(Connection connection, SynchronismErrorLog log)",24,2,23,2,2
"com.trevisan.servletfotoumobile.application.MediaManager.merge()",22,2,17,2,0
"com.trevisan.servletfotoumobile.dao.ScheduleFeedDao.create(long clientId, long historyId, long activityId, Connection connection)",20,2,11,2,4
"com.trevisan.servletfotoumobile.dao.ActivityHistoryDao.updateActivityHistoryIntegrationFlag(Connection connection, long activityHistoryId)",15,2,5,2,2
"com.trevisan.servletfotoumobile.dao.ActivityHistoryDao.updatePicViewerLinkAtFieldHistory(Connection connection, long fieldHistoryId, String picViewerLink)",14,2,5,2,3
"com.trevisan.servletfotoumobile.dao.ActivityHistoryDao.incrementActivityHistoryMediaCount(Connection connection, long activityHistoryId)",14,2,5,2,2
"com.trevisan.servletfotoumobile.application.MediaManager.insertResponseLog()",13,2,12,2,0
"com.trevisan.servletfotoumobile.application.MediaManager.insertResponseErrorLog(final Throwable throwable)",12,2,11,2,1
"com.trevisan.servletfotoumobile.dao.SynchronismLogDao.getContent(final SynchronismLog log)",7,2,7,2,1
"com.trevisan.servletfotoumobile.application.MediaManager.translateThrowable(Throwable t)",6,2,3,2,1
"com.trevisan.servletfotoumobile.application.MediaManager.createScheduleFeed(Connection umovmeConnection, long historyId)",5,2,3,2,2
"com.trevisan.servletfotoumobile.database.query.QueriesFactory.getPhotoParts(final String photoId, final String taskId, final String activityId, final boolean imageByFieldImage, final String identifier)",44,2,67,1,5
"com.trevisan.servletfotoumobile.database.query.QueriesFactory.getHistoryId(final String taskId, final String activityId, final String identifier, final boolean imageByFieldImage)",40,2,57,1,4
"com.trevisan.servletfotoumobile.dao.ConnectionAttributesDao.loadConnectionAttributes(HttpServletRequest request, ConnectionAttributes attributes)",38,2,31,1,2
"com.trevisan.servletfotoumobile.database.query.QueriesFactory.getActivityHistoryPhoto(final long historyId, final String photoNumber, final boolean imageByImageField)",36,2,43,1,3
"com.trevisan.servletfotoumobile.database.query.QueriesFactory.insertMedia(boolean mediaByImageField)",23,2,57,1,1
"com.trevisan.servletfotoumobile.application.Version.processRequest(HttpServletRequest request, HttpServletResponse response)",15,2,7,1,2
"com.trevisan.servletfotoumobile.service.ResultService.getResultAsString(Result result, HttpServletRequest request)",12,2,4,1,2
"com.trevisan.servletfotoumobile.dao.ConnectionAttributesDao.getAgentByParameterOfRequest(HttpServletRequest request)",12,2,4,1,1
"com.trevisan.servletfotoumobile.dao.ConnectionAttributesDao.getPhotoPart(HttpServletRequest request, ConnectionAttributes attributes)",11,2,3,1,2
"com.trevisan.servletfotoumobile.service.ResultService.getResultFormatFromRequest(HttpServletRequest request)",10,2,4,1,1
"com.trevisan.servletfotoumobile.model.Agent.parse(String login)",7,2,3,1,1
"com.trevisan.servletfotoumobile.dao.ConnectionAttributesDao.defineMediaType(HttpServletRequest request, ConnectionAttributes attributes)",6,2,4,1,2
"com.trevisan.servletfotoumobile.dao.ConnectionAttributesDao.defineExtension(HttpServletRequest request, ConnectionAttributes attributes)",6,2,3,1,2
"com.trevisan.servletfotoumobile.application.RequestLogFactory.get(String actionDescription, ConnectionAttributes connectionAttributes)",5,2,3,1,2
"com.trevisan.servletfotoumobile.database.query.QueriesFactory.getInstance()",5,2,0,1,0
"com.trevisan.servletfotoumobile.util.HttpUtils.defineSessionTimeout(HttpServletRequest request)",5,2,3,0,1
"com.trevisan.servletfotoumobile.model.Result.getSavedMediaId()",5,2,1,0,0
"com.trevisan.servletfotoumobile.model.Result.setBackMediaId(boolean isBackMediaId)",3,2,0,0,1
"com.trevisan.servletfotoumobile.database.DataBaseConnection.validateConnection()",16,1,9,3,0
"com.trevisan.servletfotoumobile.dao.TemporaryPhotoDao.TemporaryPhotoDao()",3,1,0,3,0
"com.trevisan.servletfotoumobile.database.DataBaseConnection.DataBaseConnection(Context context)",2,1,0,3,1
"com.trevisan.servletfotoumobile.database.DataBaseConnection.setContext(Context context)",2,1,0,3,1
"com.trevisan.servletfotoumobile.database.DataBaseConnection.DataBaseConnection()",1,1,0,3,0
"com.trevisan.servletfotoumobile.database.DataBaseConnection.getDataSourceName()",0,1,0,3,0
"com.trevisan.servletfotoumobile.application.MediaManager.MediaManager()",15,1,2,2,0
"com.trevisan.servletfotoumobile.application.MediaManager.insertTextLog(final Throwable throwable)",11,1,12,2,1
"com.trevisan.servletfotoumobile.application.MediaManager.saveMedia(Connection umovmeConnection, Connection mediaConnection, long historyId, byte[] photo)",10,1,3,2,4
"com.trevisan.servletfotoumobile.application.MediaManager.setFieldHistoryWithPicViewerLink(Connection connection, long fieldHistoryId, long clientId)",5,1,3,2,3
"com.trevisan.servletfotoumobile.application.MediaManager.logStartProcess(int actionType, String requestId)",4,1,7,2,2
"com.trevisan.servletfotoumobile.application.MediaManager.save(HttpServletRequest request, String requestId)",4,1,1,2,2
"com.trevisan.servletfotoumobile.application.MediaManager.closeDatabaseConnections()",3,1,2,2,0
"com.trevisan.servletfotoumobile.application.MediaManager.mergeMediaParts(HttpServletRequest request, String requestId)",2,1,1,2,2
"com.trevisan.servletfotoumobile.application.MediaManager.saveMediaPart(HttpServletRequest request, String requestId)",2,1,1,2,2
"com.trevisan.servletfotoumobile.application.MediaManager.loadConnectionAttributes(HttpServletRequest request)",2,1,1,2,1
"com.trevisan.servletfotoumobile.database.query.QueriesFactory.updatePicViewerLinkAtFieldHistory(final long fieldHistoryId, final String picViewerLink)",23,1,36,1,2
"com.trevisan.servletfotoumobile.database.query.QueriesFactory.updateActivityHistoryIntegrationFlag(long historicoPesquisaId)",21,1,27,1,1
"com.trevisan.servletfotoumobile.database.query.QueriesFactory.insertSynchronismLog()",18,1,61,1,0
"com.trevisan.servletfotoumobile.database.query.QueriesFactory.insertSynchronismErrorLog()",18,1,58,1,0
"com.trevisan.servletfotoumobile.database.query.QueriesFactory.getAgentId(final long clientId, final String agentAlias)",18,1,26,1,2
"com.trevisan.servletfotoumobile.database.query.QueriesFactory.incrementActivityHistoryMediaCount(long historicoPesquisaId)",15,1,23,1,1
"com.trevisan.servletfotoumobile.database.query.QueriesFactory.getClientId(final String workspace)",14,1,19,1,1
"com.trevisan.servletfotoumobile.database.query.QueriesFactory.insertPhotoPart()",13,1,36,1,0
"com.trevisan.servletfotoumobile.database.query.QueriesFactory.getActivityHistoryId(long fieldHistoryId)",13,1,18,1,1
"com.trevisan.servletfotoumobile.database.query.QueriesFactory.getPhotoId(final long fieldHistoryId)",13,1,18,1,1
"com.trevisan.servletfotoumobile.database.query.QueriesFactory.getTotalImagesToFeed(Long activityId, Long clientId)",12,1,9,1,2
"com.trevisan.servletfotoumobile.application.MountMedia.doGet(HttpServletRequest request, HttpServletResponse response)",10,1,12,1,2
"com.trevisan.servletfotoumobile.application.SaveMediaPart.doPost(HttpServletRequest request, HttpServletResponse response)",10,1,12,1,2
"com.trevisan.servletfotoumobile.service.ResultService.createMergeSuccessResult(Long savedMediaId, boolean isBackMediaId)",8,1,5,1,2
"com.trevisan.servletfotoumobile.service.ResultService.createSavePartExcludeResult(String message)",7,1,4,1,1
"com.trevisan.servletfotoumobile.service.ResultService.createErrorResult(String message)",6,1,3,1,1
"com.trevisan.servletfotoumobile.service.ResultService.createSavePartSuccessResult()",5,1,2,1,0
"com.trevisan.servletfotoumobile.database.query.QueriesFactory.getPicViewerLink(final long photoId, long clientId)",4,1,3,1,2
"com.trevisan.servletfotoumobile.application.SaveMediaPart.doGet(HttpServletRequest request, HttpServletResponse response)",4,1,2,1,2
"com.trevisan.servletfotoumobile.application.Version.doGet(HttpServletRequest request, HttpServletResponse response)",4,1,2,1,2
"com.trevisan.servletfotoumobile.application.Version.doPost(HttpServletRequest request, HttpServletResponse response)",4,1,2,1,2
"com.trevisan.servletfotoumobile.database.query.QueriesFactory.getAgentById(String agentId)",4,1,2,1,1
"com.trevisan.servletfotoumobile.database.query.QueriesFactory.getFunctionFindAgentByToken()",4,1,2,1,0
"com.trevisan.servletfotoumobile.database.query.QueriesFactory.insertScheduleFeed()",4,1,2,1,0
"com.trevisan.servletfotoumobile.application.MountMedia.doPost(HttpServletRequest request, HttpServletResponse response)",3,1,1,1,2
"com.trevisan.servletfotoumobile.application.MountMedia.init(ServletConfig config)",3,1,1,1,1
"com.trevisan.servletfotoumobile.application.SaveMediaPart.init(ServletConfig config)",3,1,1,1,1
"com.trevisan.servletfotoumobile.model.Agent.Agent(String login)",3,1,1,1,1
"com.trevisan.servletfotoumobile.application.RequestLogFactory.RequestLogFactory(UmovmeDatabaseConnection dataBaseConnection, SynchronismLogDao logDao)",3,1,0,1,2
"com.trevisan.servletfotoumobile.application.Version.getServletInfo()",3,1,0,1,0
"com.trevisan.servletfotoumobile.database.query.QueriesFactory.deleteTemporaryPhoto(final String photoNumber, final String taskId, final String activityId, boolean imageByImageField, String identifier)",2,1,1,1,5
"com.trevisan.servletfotoumobile.model.ConnectionAttributes.setBackMediaId(String backMediaId)",2,1,1,1,1
"com.trevisan.servletfotoumobile.model.ConnectionAttributes.getMediaType()",2,1,1,1,0
"com.trevisan.servletfotoumobile.model.Agent.setClientId(long clientId)",2,1,0,1,1
"com.trevisan.servletfotoumobile.model.Agent.setId(long id)",2,1,0,1,1
"com.trevisan.servletfotoumobile.model.Agent.setLogin(String login)",2,1,0,1,1
"com.trevisan.servletfotoumobile.model.Agent.setToken(String token)",2,1,0,1,1
"com.trevisan.servletfotoumobile.model.Agent.setWorkspace(String workspace)",2,1,0,1,1
"com.trevisan.servletfotoumobile.model.ConnectionAttributes.setActivityId(String activityId)",2,1,0,1,1
"com.trevisan.servletfotoumobile.model.ConnectionAttributes.setAgent(Agent agent)",2,1,0,1,1
"com.trevisan.servletfotoumobile.model.ConnectionAttributes.setChecksum(long checksum)",2,1,0,1,1
"com.trevisan.servletfotoumobile.model.ConnectionAttributes.setClientId(Long clientId)",2,1,0,1,1
"com.trevisan.servletfotoumobile.model.ConnectionAttributes.setIdentifier(String identifier)",2,1,0,1,1
"com.trevisan.servletfotoumobile.model.ConnectionAttributes.setImageByFieldImage(boolean imageByFieldImage)",2,1,0,1,1
"com.trevisan.servletfotoumobile.model.ConnectionAttributes.setMediaType(String parameter)",2,1,0,1,1
"com.trevisan.servletfotoumobile.model.ConnectionAttributes.setPhotoNumber(String photoNumber)",2,1,0,1,1
"com.trevisan.servletfotoumobile.model.ConnectionAttributes.setPhotoPart(String photoPart)",2,1,0,1,1
"com.trevisan.servletfotoumobile.model.ConnectionAttributes.setPhotoPartSize(int photoPartSize)",2,1,0,1,1
"com.trevisan.servletfotoumobile.model.ConnectionAttributes.setTaskId(String taskId)",2,1,0,1,1
"com.trevisan.servletfotoumobile.database.query.QueriesFactory.QueriesFactory()",2,1,0,1,0
"com.trevisan.servletfotoumobile.database.query.QueriesFactory.getNextActivityHistoryMediaId()",2,1,0,1,0
"com.trevisan.servletfotoumobile.database.query.QueriesFactory.getTables()",2,1,0,1,0
"com.trevisan.servletfotoumobile.model.Agent.getClientId()",2,1,0,1,0
"com.trevisan.servletfotoumobile.model.Agent.getId()",2,1,0,1,0
"com.trevisan.servletfotoumobile.model.Agent.getLogin()",2,1,0,1,0
"com.trevisan.servletfotoumobile.model.Agent.getToken()",2,1,0,1,0
"com.trevisan.servletfotoumobile.model.Agent.getUsername()",2,1,0,1,0
"com.trevisan.servletfotoumobile.model.Agent.getWorkspace()",2,1,0,1,0
"com.trevisan.servletfotoumobile.model.ConnectionAttributes.getActivityId()",2,1,0,1,0
"com.trevisan.servletfotoumobile.model.ConnectionAttributes.getAgent()",2,1,0,1,0
"com.trevisan.servletfotoumobile.model.ConnectionAttributes.getChecksum()",2,1,0,1,0
"com.trevisan.servletfotoumobile.model.ConnectionAttributes.getClientId()",2,1,0,1,0
"com.trevisan.servletfotoumobile.model.ConnectionAttributes.getIdentifier()",2,1,0,1,0
"com.trevisan.servletfotoumobile.model.ConnectionAttributes.getPhotoNumber()",2,1,0,1,0
"com.trevisan.servletfotoumobile.model.ConnectionAttributes.getPhotoPart()",2,1,0,1,0
"com.trevisan.servletfotoumobile.model.ConnectionAttributes.getPhotoPartSize()",2,1,0,1,0
"com.trevisan.servletfotoumobile.model.ConnectionAttributes.getTaskId()",2,1,0,1,0
"com.trevisan.servletfotoumobile.model.ConnectionAttributes.isBackMediaId()",2,1,0,1,0
"com.trevisan.servletfotoumobile.model.ConnectionAttributes.isImageByFieldImage()",2,1,0,1,0
"com.trevisan.servletfotoumobile.model.ConnectionAttributes.setExtension(String extension)",0,1,0,1,1
"com.trevisan.servletfotoumobile.model.Agent.Agent()",0,1,0,1,0
"com.trevisan.servletfotoumobile.model.ConnectionAttributes.getExtension()",0,1,0,1,0
"com.trevisan.servletfotoumobile.util.LogManager.getLogText(SynchronismLog log)",14,1,37,0,1
"com.trevisan.servletfotoumobile.database.table.SynchronismLogTable.SynchronismLogTable()",14,1,24,0,0
"com.trevisan.servletfotoumobile.database.table.ActivityHistoryPhotoTable.ActivityHistoryPhotoTable()",14,1,22,0,0
"com.trevisan.servletfotoumobile.database.table.SynchronismErrorLogTable.SynchronismErrorLogTable()",13,1,22,0,0
"com.trevisan.servletfotoumobile.database.table.ActivityHistoryTable.ActivityHistoryTable()",10,1,12,0,0
"com.trevisan.servletfotoumobile.database.table.TemporaryPhotoTable.TemporaryPhotoTable()",9,1,14,0,0
"com.trevisan.servletfotoumobile.application.RequestLog.insertRequestLog()",9,1,11,0,0
"com.trevisan.servletfotoumobile.database.table.Tables.Tables()",9,1,0,0,0
"com.trevisan.servletfotoumobile.database.table.FieldHistoryTable.FieldHistoryTable()",8,1,10,0,0
"com.trevisan.servletfotoumobile.util.CalendarUtil.getCurrentDateTime()",8,1,1,0,0
"com.trevisan.servletfotoumobile.util.LogManager.getCurrentDateTime()",7,1,5,0,0
"com.trevisan.servletfotoumobile.util.CalendarUtil.getCurrentDate()",7,1,3,0,0
"com.trevisan.servletfotoumobile.util.CalendarUtil.getFormattedDateHour()",7,1,2,0,0
"com.trevisan.servletfotoumobile.util.CalendarUtil.getFormattedHour()",7,1,2,0,0
"com.trevisan.servletfotoumobile.util.CalendarUtil.getFormattedHourWithoutMilliseconds()",7,1,2,0,0
"com.trevisan.servletfotoumobile.application.RequestLog.RequestLog(UmovmeDatabaseConnection dataBaseConnection, SynchronismLogDao logDao, String actionDescription, ConnectionAttributes connectionAttributes)",7,1,1,0,4
"com.trevisan.servletfotoumobile.model.SynchronismLog.SynchronismLog()",7,1,0,0,0
"com.trevisan.servletfotoumobile.application.RequestLogByToken.loadClientIdAndAgentId()",6,1,12,0,0
"com.trevisan.servletfotoumobile.application.RequestLogByLogin.loadClientIdAndAgentId()",6,1,8,0,0
"com.trevisan.servletfotoumobile.database.table.AgentTable.AgentTable()",5,1,6,0,0
"com.trevisan.servletfotoumobile.application.RequestLog.addRequestLog(String requestId, HttpServletRequest request1)",5,1,4,0,2
"com.trevisan.servletfotoumobile.model.Result.setBytesReceived(int bytesReceived)",5,1,0,0,1
"com.trevisan.servletfotoumobile.model.Result.setExcludeImage(boolean excludeImage)",5,1,0,0,1
"com.trevisan.servletfotoumobile.model.Result.setOldFormatResult(String oldFormatResult)",5,1,0,0,1
"com.trevisan.servletfotoumobile.model.Result.setStatus(boolean status)",5,1,0,0,1
"com.trevisan.servletfotoumobile.model.Result.getBytesReceived()",5,1,0,0,0
"com.trevisan.servletfotoumobile.model.Result.getExcludeImage()",5,1,0,0,0
"com.trevisan.servletfotoumobile.model.Result.getOldFormatResult()",5,1,0,0,0
"com.trevisan.servletfotoumobile.model.Result.getStatus()",5,1,0,0,0
"com.trevisan.servletfotoumobile.model.SynchronismErrorLog.SynchronismErrorLog()",5,1,0,0,0
"com.trevisan.servletfotoumobile.database.table.ClientTable.ClientTable()",4,1,4,0,0
"com.trevisan.servletfotoumobile.application.RequestLogByLogin.RequestLogByLogin(UmovmeDatabaseConnection dataBaseConnection, SynchronismLogDao logDao, String actionDescription, ConnectionAttributes connectionAttributes)",4,1,0,0,4
"com.trevisan.servletfotoumobile.application.RequestLogByToken.RequestLogByToken(UmovmeDatabaseConnection dataBaseConnection, SynchronismLogDao logDao, String actionDescription, ConnectionAttributes connectionAttributes)",4,1,0,0,4
"com.trevisan.servletfotoumobile.exception.ActivityHistoryNotFoundException.ActivityHistoryNotFoundException()",3,1,3,0,0
"com.trevisan.servletfotoumobile.exception.ActivityHistoryPhotoRepeatedException.ActivityHistoryPhotoRepeatedException()",3,1,3,0,0
"com.trevisan.servletfotoumobile.exception.AgentNotFoundException.AgentNotFoundException()",3,1,3,0,0
"com.trevisan.servletfotoumobile.exception.AuthenticationException.AuthenticationException()",3,1,3,0,0
"com.trevisan.servletfotoumobile.exception.ClientNotFoudException.ClientNotFoudException()",3,1,3,0,0
"com.trevisan.servletfotoumobile.exception.DataBaseException.DataBaseException()",3,1,3,0,0
"com.trevisan.servletfotoumobile.exception.EmptyPhotoException.EmptyPhotoException()",3,1,3,0,0
"com.trevisan.servletfotoumobile.exception.ResultSetNotFoundException.ResultSetNotFoundException()",3,1,3,0,0
"com.trevisan.servletfotoumobile.util.LogManager.info(final String message, String requestId)",3,1,2,0,2
"com.trevisan.servletfotoumobile.database.table.GenericTable.GenericTable(String tableName)",3,1,0,0,1
"com.trevisan.servletfotoumobile.database.MediaDBConnection.getDataSourceName()",3,1,0,0,0
"com.trevisan.servletfotoumobile.database.UmovmeDatabaseConnection.getDataSourceName()",3,1,0,0,0
"com.trevisan.servletfotoumobile.util.LogManager.error(final SynchronismLog log, final Throwable t)",2,1,2,0,2
"com.trevisan.servletfotoumobile.util.LogManager.error(final Throwable t)",2,1,2,0,1
"com.trevisan.servletfotoumobile.application.RequestLogByLogin.loadClientIdIfNecessary()",2,1,2,0,0
"com.trevisan.servletfotoumobile.util.LogManager.getTime()",2,1,2,0,0
"com.trevisan.servletfotoumobile.util.LogManager.error(final String message, final Throwable t)",2,1,1,0,2
"com.trevisan.servletfotoumobile.application.RequestLog.setClientId(Long clientId)",2,1,1,0,1
"com.trevisan.servletfotoumobile.database.table.GenericTable.getColumnName(final Integer columnId)",2,1,1,0,1
"com.trevisan.servletfotoumobile.database.table.GenericTable.getColumnNameWithoutPostgresChar(final Integer columnId)",2,1,1,0,1
"com.trevisan.servletfotoumobile.database.table.ActivityHistoryPhotoTable.getActivityHistoryId()",2,1,1,0,0
"com.trevisan.servletfotoumobile.database.table.ActivityHistoryPhotoTable.getClientId()",2,1,1,0,0
"com.trevisan.servletfotoumobile.database.table.ActivityHistoryPhotoTable.getDateTimeCreated()",2,1,1,0,0
"com.trevisan.servletfotoumobile.database.table.ActivityHistoryPhotoTable.getFieldHistoryId()",2,1,1,0,0
"com.trevisan.servletfotoumobile.database.table.ActivityHistoryPhotoTable.getMediaType()",2,1,1,0,0
"com.trevisan.servletfotoumobile.database.table.ActivityHistoryPhotoTable.getPhoto()",2,1,1,0,0
"com.trevisan.servletfotoumobile.database.table.ActivityHistoryPhotoTable.getPhotoNumber()",2,1,1,0,0
"com.trevisan.servletfotoumobile.database.table.ActivityHistoryPhotoTable.getPhotoSize()",2,1,1,0,0
"com.trevisan.servletfotoumobile.database.table.ActivityHistoryPhotoTable.getPhotoStatus()",2,1,1,0,0
"com.trevisan.servletfotoumobile.database.table.ActivityHistoryPhotoTable.getPrimaryKey()",2,1,1,0,0
"com.trevisan.servletfotoumobile.database.table.ActivityHistoryTable.getActivityId()",2,1,1,0,0
"com.trevisan.servletfotoumobile.database.table.ActivityHistoryTable.getId()",2,1,1,0,0
"com.trevisan.servletfotoumobile.database.table.ActivityHistoryTable.getIdWithoutCharacters()",2,1,1,0,0
"com.trevisan.servletfotoumobile.database.table.ActivityHistoryTable.getIdentifier()",2,1,1,0,0
"com.trevisan.servletfotoumobile.database.table.ActivityHistoryTable.getIntegrationFlag()",2,1,1,0,0
"com.trevisan.servletfotoumobile.database.table.ActivityHistoryTable.getMediaCount()",2,1,1,0,0
"com.trevisan.servletfotoumobile.database.table.ActivityHistoryTable.getTaskId()",2,1,1,0,0
"com.trevisan.servletfotoumobile.database.table.AgentTable.getAgentAlias()",2,1,1,0,0
"com.trevisan.servletfotoumobile.database.table.AgentTable.getAgentId()",2,1,1,0,0
"com.trevisan.servletfotoumobile.database.table.AgentTable.getAgentIdWithoutCharacters()",2,1,1,0,0
"com.trevisan.servletfotoumobile.database.table.AgentTable.getClientId()",2,1,1,0,0
"com.trevisan.servletfotoumobile.database.table.ClientTable.getAlias()",2,1,1,0,0
"com.trevisan.servletfotoumobile.database.table.ClientTable.getId()",2,1,1,0,0
"com.trevisan.servletfotoumobile.database.table.ClientTable.getIdWithoutCharacters()",2,1,1,0,0
"com.trevisan.servletfotoumobile.database.table.FieldHistoryTable.getActivityHistoryId()",2,1,1,0,0
"com.trevisan.servletfotoumobile.database.table.FieldHistoryTable.getExhibitionValue()",2,1,1,0,0
"com.trevisan.servletfotoumobile.database.table.FieldHistoryTable.getId()",2,1,1,0,0
"com.trevisan.servletfotoumobile.database.table.FieldHistoryTable.getIdWithoutCharacters()",2,1,1,0,0
"com.trevisan.servletfotoumobile.database.table.FieldHistoryTable.getIdentifier()",2,1,1,0,0
"com.trevisan.servletfotoumobile.database.table.FieldHistoryTable.getValue()",2,1,1,0,0
"com.trevisan.servletfotoumobile.database.table.SynchronismErrorLogTable.getAgent()",2,1,1,0,0
"com.trevisan.servletfotoumobile.database.table.SynchronismErrorLogTable.getClientId()",2,1,1,0,0
"com.trevisan.servletfotoumobile.database.table.SynchronismErrorLogTable.getDate()",2,1,1,0,0
"com.trevisan.servletfotoumobile.database.table.SynchronismErrorLogTable.getError()",2,1,1,0,0
"com.trevisan.servletfotoumobile.database.table.SynchronismErrorLogTable.getHour()",2,1,1,0,0
"com.trevisan.servletfotoumobile.database.table.SynchronismErrorLogTable.getId()",2,1,1,0,0
"com.trevisan.servletfotoumobile.database.table.SynchronismErrorLogTable.getJdsVersion()",2,1,1,0,0
"com.trevisan.servletfotoumobile.database.table.SynchronismErrorLogTable.getLogType()",2,1,1,0,0
"com.trevisan.servletfotoumobile.database.table.SynchronismErrorLogTable.getServerIdentifier()",2,1,1,0,0
"com.trevisan.servletfotoumobile.database.table.SynchronismErrorLogTable.getWorkspaceDate()",2,1,1,0,0
"com.trevisan.servletfotoumobile.database.table.SynchronismErrorLogTable.getWorkspaceHour()",2,1,1,0,0
"com.trevisan.servletfotoumobile.database.table.SynchronismLogTable.getAction()",2,1,1,0,0
"com.trevisan.servletfotoumobile.database.table.SynchronismLogTable.getAgent()",2,1,1,0,0
"com.trevisan.servletfotoumobile.database.table.SynchronismLogTable.getClientId()",2,1,1,0,0
"com.trevisan.servletfotoumobile.database.table.SynchronismLogTable.getContent()",2,1,1,0,0
"com.trevisan.servletfotoumobile.database.table.SynchronismLogTable.getDate()",2,1,1,0,0
"com.trevisan.servletfotoumobile.database.table.SynchronismLogTable.getHour()",2,1,1,0,0
"com.trevisan.servletfotoumobile.database.table.SynchronismLogTable.getIP()",2,1,1,0,0
"com.trevisan.servletfotoumobile.database.table.SynchronismLogTable.getId()",2,1,1,0,0
"com.trevisan.servletfotoumobile.database.table.SynchronismLogTable.getPDAParameters()",2,1,1,0,0
"com.trevisan.servletfotoumobile.database.table.SynchronismLogTable.getRequestResponse()",2,1,1,0,0
"com.trevisan.servletfotoumobile.database.table.SynchronismLogTable.getServerIdentifier()",2,1,1,0,0
"com.trevisan.servletfotoumobile.database.table.SynchronismLogTable.getVersion()",2,1,1,0,0
"com.trevisan.servletfotoumobile.database.table.TemporaryPhotoTable.getActivityId()",2,1,1,0,0
"com.trevisan.servletfotoumobile.database.table.TemporaryPhotoTable.getData()",2,1,1,0,0
"com.trevisan.servletfotoumobile.database.table.TemporaryPhotoTable.getDataWithoutCharacters()",2,1,1,0,0
"com.trevisan.servletfotoumobile.database.table.TemporaryPhotoTable.getId()",2,1,1,0,0
"com.trevisan.servletfotoumobile.database.table.TemporaryPhotoTable.getIdentifier()",2,1,1,0,0
"com.trevisan.servletfotoumobile.database.table.TemporaryPhotoTable.getPart()",2,1,1,0,0
"com.trevisan.servletfotoumobile.database.table.TemporaryPhotoTable.getPrimaryKey()",2,1,1,0,0
"com.trevisan.servletfotoumobile.database.table.TemporaryPhotoTable.getTaskId()",2,1,1,0,0
"com.trevisan.servletfotoumobile.database.MediaDBConnection.MediaDBConnection(Context context)",2,1,0,0,1
"com.trevisan.servletfotoumobile.database.UmovmeDatabaseConnection.UmovmeDatabaseConnection(Context context)",2,1,0,0,1
"com.trevisan.servletfotoumobile.database.table.ActivityHistoryPhotoTable.setActivityHistoryId(Integer activityHistoryId)",2,1,0,0,1
"com.trevisan.servletfotoumobile.exception.UMovException.UMovException(String message)",2,1,0,0,1
"com.trevisan.servletfotoumobile.exception.UMovException.setResult(Result result)",2,1,0,0,1
"com.trevisan.servletfotoumobile.model.Result.setMediaId(Long savedMediaId)",2,1,0,0,1
"com.trevisan.servletfotoumobile.model.Result.setMessage(String message)",2,1,0,0,1
"com.trevisan.servletfotoumobile.model.SynchronismErrorLog.setAgentId(long agentId)",2,1,0,0,1
"com.trevisan.servletfotoumobile.model.SynchronismErrorLog.setClientId(long clientId)",2,1,0,0,1
"com.trevisan.servletfotoumobile.model.SynchronismErrorLog.setError(String error)",2,1,0,0,1
"com.trevisan.servletfotoumobile.model.SynchronismErrorLog.setJdsVersion(String jdsVersion)",2,1,0,0,1
"com.trevisan.servletfotoumobile.model.SynchronismErrorLog.setLogType(String logType)",2,1,0,0,1
"com.trevisan.servletfotoumobile.model.SynchronismErrorLog.setServerIdentifier(long serverIdentifier)",2,1,0,0,1
"com.trevisan.servletfotoumobile.model.SynchronismErrorLog.setThrowable(Throwable throwable)",2,1,0,0,1
"com.trevisan.servletfotoumobile.model.SynchronismLog.setAction(String action)",2,1,0,0,1
"com.trevisan.servletfotoumobile.model.SynchronismLog.setAgentId(long agentId)",2,1,0,0,1
"com.trevisan.servletfotoumobile.model.SynchronismLog.setClientId(long clientId)",2,1,0,0,1
"com.trevisan.servletfotoumobile.model.SynchronismLog.setConnectionAttributes(ConnectionAttributes attributes)",2,1,0,0,1
"com.trevisan.servletfotoumobile.model.SynchronismLog.setContent(String content)",2,1,0,0,1
"com.trevisan.servletfotoumobile.model.SynchronismLog.setDeviceIP(String deviceIP)",2,1,0,0,1
"com.trevisan.servletfotoumobile.model.SynchronismLog.setServerIdentifier(long serverIdentifier)",2,1,0,0,1
"com.trevisan.servletfotoumobile.model.SynchronismLog.setThrowable(Throwable throwable)",2,1,0,0,1
"com.trevisan.servletfotoumobile.model.SynchronismLog.setType(String type)",2,1,0,0,1
"com.trevisan.servletfotoumobile.model.SynchronismLog.setVersion(String version)",2,1,0,0,1
"com.trevisan.servletfotoumobile.util.Utils.getValueAsStringForSQL(String value)",2,1,0,0,1
"com.trevisan.servletfotoumobile.database.table.GenericTable.getColumns()",2,1,0,0,0
"com.trevisan.servletfotoumobile.database.table.GenericTable.getTableName()",2,1,0,0,0
"com.trevisan.servletfotoumobile.database.table.GenericTable.getTableNameWithoutPostgresChar()",2,1,0,0,0
"com.trevisan.servletfotoumobile.database.table.Tables.getActivityHistory()",2,1,0,0,0
"com.trevisan.servletfotoumobile.database.table.Tables.getActivityHistoryPhoto()",2,1,0,0,0
"com.trevisan.servletfotoumobile.database.table.Tables.getAgent()",2,1,0,0,0
"com.trevisan.servletfotoumobile.database.table.Tables.getClient()",2,1,0,0,0
"com.trevisan.servletfotoumobile.database.table.Tables.getFieldHistory()",2,1,0,0,0
"com.trevisan.servletfotoumobile.database.table.Tables.getSynchorismLog()",2,1,0,0,0
"com.trevisan.servletfotoumobile.database.table.Tables.getSynchronismErrorLog()",2,1,0,0,0
"com.trevisan.servletfotoumobile.database.table.Tables.getTemporaryPhoto()",2,1,0,0,0
"com.trevisan.servletfotoumobile.exception.UMovException.getResult()",2,1,0,0,0
"com.trevisan.servletfotoumobile.model.Result.getMessage()",2,1,0,0,0
"com.trevisan.servletfotoumobile.model.Result.isBackMediaId()",2,1,0,0,0
"com.trevisan.servletfotoumobile.model.SynchronismErrorLog.getAgentId()",2,1,0,0,0
"com.trevisan.servletfotoumobile.model.SynchronismErrorLog.getClientId()",2,1,0,0,0
"com.trevisan.servletfotoumobile.model.SynchronismErrorLog.getError()",2,1,0,0,0
"com.trevisan.servletfotoumobile.model.SynchronismErrorLog.getJdsVersion()",2,1,0,0,0
"com.trevisan.servletfotoumobile.model.SynchronismErrorLog.getLogType()",2,1,0,0,0
"com.trevisan.servletfotoumobile.model.SynchronismErrorLog.getServerIdentifier()",2,1,0,0,0
"com.trevisan.servletfotoumobile.model.SynchronismErrorLog.getThrowable()",2,1,0,0,0
"com.trevisan.servletfotoumobile.model.SynchronismLog.getAction()",2,1,0,0,0
"com.trevisan.servletfotoumobile.model.SynchronismLog.getAgentId()",2,1,0,0,0
"com.trevisan.servletfotoumobile.model.SynchronismLog.getClientId()",2,1,0,0,0
"com.trevisan.servletfotoumobile.model.SynchronismLog.getConnectionAttributes()",2,1,0,0,0
"com.trevisan.servletfotoumobile.model.SynchronismLog.getContent()",2,1,0,0,0
"com.trevisan.servletfotoumobile.model.SynchronismLog.getDeviceIP()",2,1,0,0,0
"com.trevisan.servletfotoumobile.model.SynchronismLog.getServerIdentifier()",2,1,0,0,0
"com.trevisan.servletfotoumobile.model.SynchronismLog.getThrowable()",2,1,0,0,0
"com.trevisan.servletfotoumobile.model.SynchronismLog.getType()",2,1,0,0,0
"com.trevisan.servletfotoumobile.model.SynchronismLog.getVersion()",2,1,0,0,0
"com.trevisan.servletfotoumobile.database.table.ActivityHistoryPhotoTable.getExtension()",0,1,1,0,0
"com.trevisan.servletfotoumobile.application.RequestLog.loadClientIdAndAgentId()",0,1,0,0,0
"com.trevisan.servletfotoumobile.database.MediaDBConnection.MediaDBConnection()",0,1,0,0,0
"com.trevisan.servletfotoumobile.database.UmovmeDatabaseConnection.UmovmeDatabaseConnection()",0,1,0,0,0
