[{"type":"com.trevisan.servletfotoumobile.database.query.QueriesFactory","size":374,"dependencies":["com.trevisan.servletfotoumobile.database.table.Tables","com.trevisan.servletfotoumobile.util.Utils"]},{"type":"com.trevisan.servletfotoumobile.application.MediaManager","size":223,"dependencies":["com.trevisan.servletfotoumobile.dao.ActivityHistoryDao","com.trevisan.servletfotoumobile.dao.ActivityHistoryPhotoDao","com.trevisan.servletfotoumobile.dao.ConnectionAttributesDao","com.trevisan.servletfotoumobile.dao.ScheduleFeedDao","com.trevisan.servletfotoumobile.dao.SynchronismErrorLogDao","com.trevisan.servletfotoumobile.dao.SynchronismLogDao","com.trevisan.servletfotoumobile.dao.TemporaryPhotoDao","com.trevisan.servletfotoumobile.database.MediaDBConnection","com.trevisan.servletfotoumobile.database.UmovmeDatabaseConnection","com.trevisan.servletfotoumobile.exception.ActivityHistoryNotFoundException","com.trevisan.servletfotoumobile.exception.ActivityHistoryPhotoRepeatedException","com.trevisan.servletfotoumobile.exception.AuthenticationException","com.trevisan.servletfotoumobile.exception.ClientNotFoudException","com.trevisan.servletfotoumobile.exception.DataBaseException","com.trevisan.servletfotoumobile.exception.EmptyPhotoException","com.trevisan.servletfotoumobile.exception.ResultSetNotFoundException","com.trevisan.servletfotoumobile.exception.UMovException","com.trevisan.servletfotoumobile.model.ConnectionAttributes","com.trevisan.servletfotoumobile.model.Result","com.trevisan.servletfotoumobile.model.SynchronismErrorLog","com.trevisan.servletfotoumobile.model.SynchronismLog","com.trevisan.servletfotoumobile.model.UMovResponses","com.trevisan.servletfotoumobile.service.ResultService","com.trevisan.servletfotoumobile.util.LogManager"]},{"type":"com.trevisan.servletfotoumobile.dao.TemporaryPhotoDao","size":137,"dependencies":["com.trevisan.servletfotoumobile.database.DataBaseConnection","com.trevisan.servletfotoumobile.database.query.QueriesFactory","com.trevisan.servletfotoumobile.exception.DataBaseException","com.trevisan.servletfotoumobile.model.ConnectionAttributes","com.trevisan.servletfotoumobile.model.Result","com.trevisan.servletfotoumobile.service.ResultService","com.trevisan.servletfotoumobile.util.LogManager"]},{"type":"com.trevisan.servletfotoumobile.model.ConnectionAttributes","size":131,"dependencies":[]},{"type":"com.trevisan.servletfotoumobile.dao.ActivityHistoryDao","size":123,"dependencies":["com.trevisan.servletfotoumobile.database.query.QueriesFactory","com.trevisan.servletfotoumobile.exception.ActivityHistoryNotFoundException","com.trevisan.servletfotoumobile.exception.ResultSetNotFoundException","com.trevisan.servletfotoumobile.model.ConnectionAttributes"]},{"type":"com.trevisan.servletfotoumobile.database.DataBaseConnection","size":109,"dependencies":["com.trevisan.servletfotoumobile.exception.DataBaseException","com.trevisan.servletfotoumobile.util.LogManager"]},{"type":"com.trevisan.servletfotoumobile.dao.ActivityHistoryPhotoDao","size":107,"dependencies":["com.trevisan.servletfotoumobile.database.query.QueriesFactory","com.trevisan.servletfotoumobile.exception.ActivityHistoryPhotoRepeatedException","com.trevisan.servletfotoumobile.model.ConnectionAttributes"]},{"type":"com.trevisan.servletfotoumobile.model.SynchronismLog","size":84,"dependencies":["com.trevisan.servletfotoumobile.application.Version"]},{"type":"com.trevisan.servletfotoumobile.dao.ConnectionAttributesDao","size":72,"dependencies":["com.trevisan.servletfotoumobile.model.Agent","com.trevisan.servletfotoumobile.model.ConnectionAttributes"]},{"type":"com.trevisan.servletfotoumobile.database.table.SynchronismLogTable","size":66,"dependencies":[]},{"type":"com.trevisan.servletfotoumobile.database.table.ActivityHistoryPhotoTable","size":63,"dependencies":[]},{"type":"com.trevisan.servletfotoumobile.database.table.SynchronismErrorLogTable","size":61,"dependencies":[]},{"type":"com.trevisan.servletfotoumobile.model.SynchronismErrorLog","size":59,"dependencies":["com.trevisan.servletfotoumobile.application.Version"]},{"type":"com.trevisan.servletfotoumobile.model.Result","size":55,"dependencies":[]},{"type":"com.trevisan.servletfotoumobile.service.ResultService","size":55,"dependencies":["com.trevisan.servletfotoumobile.model.Result","com.trevisan.servletfotoumobile.model.UMovResponses"]},{"type":"com.trevisan.servletfotoumobile.model.Agent","size":54,"dependencies":[]},{"type":"com.trevisan.servletfotoumobile.dao.AgentDao","size":50,"dependencies":["com.trevisan.servletfotoumobile.database.query.QueriesFactory","com.trevisan.servletfotoumobile.exception.AgentNotFoundException","com.trevisan.servletfotoumobile.exception.AuthenticationException","com.trevisan.servletfotoumobile.model.Agent"]},{"type":"com.trevisan.servletfotoumobile.util.LogManager","size":47,"dependencies":["com.trevisan.servletfotoumobile.model.SynchronismLog"]},{"type":"com.trevisan.servletfotoumobile.database.table.Tables","size":45,"dependencies":[]},{"type":"com.trevisan.servletfotoumobile.application.RequestLog","size":45,"dependencies":["com.trevisan.servletfotoumobile.dao.SynchronismLogDao","com.trevisan.servletfotoumobile.database.UmovmeDatabaseConnection","com.trevisan.servletfotoumobile.exception.AuthenticationException","com.trevisan.servletfotoumobile.exception.DataBaseException","com.trevisan.servletfotoumobile.exception.UMovException","com.trevisan.servletfotoumobile.model.ConnectionAttributes","com.trevisan.servletfotoumobile.model.SynchronismLog"]},{"type":"com.trevisan.servletfotoumobile.dao.SynchronismLogDao","size":45,"dependencies":["com.trevisan.servletfotoumobile.database.query.QueriesFactory","com.trevisan.servletfotoumobile.model.SynchronismLog","com.trevisan.servletfotoumobile.util.CalendarUtil"]},{"type":"com.trevisan.servletfotoumobile.database.table.TemporaryPhotoTable","size":44,"dependencies":[]},{"type":"com.trevisan.servletfotoumobile.dao.SynchronismErrorLogDao","size":44,"dependencies":["com.trevisan.servletfotoumobile.database.query.QueriesFactory","com.trevisan.servletfotoumobile.model.SynchronismErrorLog","com.trevisan.servletfotoumobile.util.CalendarUtil"]},{"type":"com.trevisan.servletfotoumobile.application.Version","size":41,"dependencies":["com.trevisan.servletfotoumobile.database.DataBaseConnection","com.trevisan.servletfotoumobile.database.UmovmeDatabaseConnection","com.trevisan.servletfotoumobile.util.HttpUtils"]},{"type":"com.trevisan.servletfotoumobile.database.table.ActivityHistoryTable","size":39,"dependencies":[]},{"type":"com.trevisan.servletfotoumobile.database.table.FieldHistoryTable","size":34,"dependencies":[]},{"type":"com.trevisan.servletfotoumobile.application.SaveMediaPart","size":33,"dependencies":["com.trevisan.servletfotoumobile.exception.AuthenticationException"]},{"type":"com.trevisan.servletfotoumobile.application.MountMedia","size":32,"dependencies":["com.trevisan.servletfotoumobile.exception.AuthenticationException"]},{"type":"com.trevisan.servletfotoumobile.application.RequestLogByLogin","size":30,"dependencies":["com.trevisan.servletfotoumobile.dao.AgentDao","com.trevisan.servletfotoumobile.dao.ClientDao","com.trevisan.servletfotoumobile.dao.SynchronismLogDao","com.trevisan.servletfotoumobile.database.UmovmeDatabaseConnection","com.trevisan.servletfotoumobile.exception.ClientNotFoudException","com.trevisan.servletfotoumobile.exception.DataBaseException","com.trevisan.servletfotoumobile.exception.UMovException","com.trevisan.servletfotoumobile.model.ConnectionAttributes"]},{"type":"com.trevisan.servletfotoumobile.dao.AbstractDao","size":27,"dependencies":["com.trevisan.servletfotoumobile.exception.ResultSetNotFoundException"]},{"type":"com.trevisan.servletfotoumobile.database.table.GenericTable","size":26,"dependencies":[]},{"type":"com.trevisan.servletfotoumobile.util.CalendarUtil","size":25,"dependencies":[]},{"type":"com.trevisan.servletfotoumobile.dao.ClientDao","size":25,"dependencies":["com.trevisan.servletfotoumobile.database.query.QueriesFactory","com.trevisan.servletfotoumobile.exception.ClientNotFoudException","com.trevisan.servletfotoumobile.model.ConnectionAttributes"]},{"type":"com.trevisan.servletfotoumobile.dao.ScheduleFeedDao","size":25,"dependencies":["com.trevisan.servletfotoumobile.database.query.QueriesFactory"]},{"type":"com.trevisan.servletfotoumobile.database.table.AgentTable","size":24,"dependencies":[]},{"type":"com.trevisan.servletfotoumobile.application.RequestLogByToken","size":24,"dependencies":["com.trevisan.servletfotoumobile.dao.AgentDao","com.trevisan.servletfotoumobile.dao.SynchronismLogDao","com.trevisan.servletfotoumobile.database.UmovmeDatabaseConnection","com.trevisan.servletfotoumobile.exception.AuthenticationException","com.trevisan.servletfotoumobile.exception.UMovException","com.trevisan.servletfotoumobile.model.Agent","com.trevisan.servletfotoumobile.model.ConnectionAttributes"]},{"type":"com.trevisan.servletfotoumobile.database.table.ClientTable","size":19,"dependencies":[]},{"type":"com.trevisan.servletfotoumobile.application.RequestLogFactory","size":19,"dependencies":["com.trevisan.servletfotoumobile.dao.SynchronismLogDao","com.trevisan.servletfotoumobile.database.UmovmeDatabaseConnection","com.trevisan.servletfotoumobile.model.ConnectionAttributes"]},{"type":"com.trevisan.servletfotoumobile.exception.UMovException","size":14,"dependencies":["com.trevisan.servletfotoumobile.model.Result"]},{"type":"com.trevisan.servletfotoumobile.database.UmovmeDatabaseConnection","size":13,"dependencies":[]},{"type":"com.trevisan.servletfotoumobile.database.MediaDBConnection","size":13,"dependencies":[]},{"type":"com.trevisan.servletfotoumobile.util.HttpUtils","size":10,"dependencies":[]},{"type":"com.trevisan.servletfotoumobile.exception.ResultSetNotFoundException","size":9,"dependencies":["com.trevisan.servletfotoumobile.service.ResultService"]},{"type":"com.trevisan.servletfotoumobile.exception.AuthenticationException","size":9,"dependencies":["com.trevisan.servletfotoumobile.service.ResultService"]},{"type":"com.trevisan.servletfotoumobile.exception.AgentNotFoundException","size":9,"dependencies":["com.trevisan.servletfotoumobile.service.ResultService"]},{"type":"com.trevisan.servletfotoumobile.exception.ClientNotFoudException","size":8,"dependencies":["com.trevisan.servletfotoumobile.service.ResultService"]},{"type":"com.trevisan.servletfotoumobile.exception.ActivityHistoryNotFoundException","size":8,"dependencies":["com.trevisan.servletfotoumobile.service.ResultService"]},{"type":"com.trevisan.servletfotoumobile.exception.DataBaseException","size":8,"dependencies":["com.trevisan.servletfotoumobile.service.ResultService"]},{"type":"com.trevisan.servletfotoumobile.exception.ActivityHistoryPhotoRepeatedException","size":8,"dependencies":["com.trevisan.servletfotoumobile.service.ResultService"]},{"type":"com.trevisan.servletfotoumobile.exception.EmptyPhotoException","size":8,"dependencies":["com.trevisan.servletfotoumobile.service.ResultService"]},{"type":"com.trevisan.servletfotoumobile.util.Utils","size":6,"dependencies":[]},{"type":"com.trevisan.servletfotoumobile.model.UMovResponses","size":6,"dependencies":[]}]