{"nodes":[{"name":"com.trevisan.servletfotoumobile.database.table","label":"com.trevisan.servletfotoumobile.database.table","id":"com.trevisan.servletfotoumobile.database.table","size":10},{"name":"com.trevisan.servletfotoumobile.dao","label":"com.trevisan.servletfotoumobile.dao","id":"com.trevisan.servletfotoumobile.dao","size":10},{"name":"com.trevisan.servletfotoumobile.exception","label":"com.trevisan.servletfotoumobile.exception","id":"com.trevisan.servletfotoumobile.exception","size":9},{"name":"com.trevisan.servletfotoumobile.application","label":"com.trevisan.servletfotoumobile.application","id":"com.trevisan.servletfotoumobile.application","size":8},{"name":"com.trevisan.servletfotoumobile.model","label":"com.trevisan.servletfotoumobile.model","id":"com.trevisan.servletfotoumobile.model","size":8},{"name":"com.trevisan.servletfotoumobile.util","label":"com.trevisan.servletfotoumobile.util","id":"com.trevisan.servletfotoumobile.util","size":4},{"name":"com.trevisan.servletfotoumobile.database","label":"com.trevisan.servletfotoumobile.database","id":"com.trevisan.servletfotoumobile.database","size":3},{"name":"com.trevisan.servletfotoumobile.database.query","label":"com.trevisan.servletfotoumobile.database.query","id":"com.trevisan.servletfotoumobile.database.query","size":1},{"name":"com.trevisan.servletfotoumobile.service","label":"com.trevisan.servletfotoumobile.service","id":"com.trevisan.servletfotoumobile.service","size":1}],"links":[{"source":"com.trevisan.servletfotoumobile.dao","target":"com.trevisan.servletfotoumobile.database"},{"source":"com.trevisan.servletfotoumobile.dao","target":"com.trevisan.servletfotoumobile.database.query"},{"source":"com.trevisan.servletfotoumobile.dao","target":"com.trevisan.servletfotoumobile.exception"},{"source":"com.trevisan.servletfotoumobile.dao","target":"com.trevisan.servletfotoumobile.model"},{"source":"com.trevisan.servletfotoumobile.dao","target":"com.trevisan.servletfotoumobile.service"},{"source":"com.trevisan.servletfotoumobile.dao","target":"com.trevisan.servletfotoumobile.util"},{"source":"com.trevisan.servletfotoumobile.exception","target":"com.trevisan.servletfotoumobile.model"},{"source":"com.trevisan.servletfotoumobile.exception","target":"com.trevisan.servletfotoumobile.service"},{"source":"com.trevisan.servletfotoumobile.application","target":"com.trevisan.servletfotoumobile.dao"},{"source":"com.trevisan.servletfotoumobile.application","target":"com.trevisan.servletfotoumobile.database"},{"source":"com.trevisan.servletfotoumobile.application","target":"com.trevisan.servletfotoumobile.exception"},{"source":"com.trevisan.servletfotoumobile.application","target":"com.trevisan.servletfotoumobile.model"},{"source":"com.trevisan.servletfotoumobile.application","target":"com.trevisan.servletfotoumobile.service"},{"source":"com.trevisan.servletfotoumobile.application","target":"com.trevisan.servletfotoumobile.util"},{"source":"com.trevisan.servletfotoumobile.model","target":"com.trevisan.servletfotoumobile.application"},{"source":"com.trevisan.servletfotoumobile.util","target":"com.trevisan.servletfotoumobile.model"},{"source":"com.trevisan.servletfotoumobile.database","target":"com.trevisan.servletfotoumobile.exception"},{"source":"com.trevisan.servletfotoumobile.database","target":"com.trevisan.servletfotoumobile.util"},{"source":"com.trevisan.servletfotoumobile.database.query","target":"com.trevisan.servletfotoumobile.database.table"},{"source":"com.trevisan.servletfotoumobile.database.query","target":"com.trevisan.servletfotoumobile.util"},{"source":"com.trevisan.servletfotoumobile.service","target":"com.trevisan.servletfotoumobile.model"}]}