"type","dep","i-dep","fan-in","fan-out"
"edu.umd.cs.findbugs.OpcodeStack",58,22,45,46
"edu.umd.cs.findbugs.BugInstance",67,28,218,48
"edu.umd.cs.findbugs.detect.FindNullDeref",103,69,0,75
"edu.umd.cs.findbugs.detect.DumbMethods",49,29,0,42
"edu.umd.cs.findbugs.PluginLoader",62,21,3,36
"edu.umd.cs.findbugs.ba.type.TypeFrameModelingVisitor",38,24,4,31
"edu.umd.cs.findbugs.SortedBugCollection",58,13,49,27
"edu.umd.cs.findbugs.detect.UnreadFields",57,34,1,43
"edu.umd.cs.findbugs.detect.FindRefComparison",86,50,1,71
"edu.umd.cs.findbugs.gui2.CloudCommentsPane",59,8,1,23
"edu.umd.cs.findbugs.visitclass.DismantleBytecode",35,12,11,19
"edu.umd.cs.findbugs.gui2.MainFrame",53,21,3,42
"edu.umd.cs.findbugs.detect.FindNoSideEffectMethods",34,17,0,27
"edu.umd.cs.findbugs.ba.AbstractFrameModelingVisitor",4,2,5,4
"edu.umd.cs.findbugs.classfile.engine.bcel.ValueRangeAnalysisFactory",58,16,1,39
"edu.umd.cs.findbugs.FindBugs2",53,35,6,50
"edu.umd.cs.findbugs.ba.ch.Subtypes2",28,9,46,15
"edu.umd.cs.findbugs.cloud.AbstractCloud",34,15,2,27
"edu.umd.cs.findbugs.ba.BetterCFGBuilder2",59,11,2,28
"edu.umd.cs.findbugs.detect.FindInconsistentSync2",66,39,0,48
"edu.umd.cs.findbugs.workflow.Filter",44,24,0,37
"edu.umd.cs.findbugs.gui2.PreferencesFrame",64,8,1,25
"edu.umd.cs.findbugs.ba.deref.UnconditionalValueDerefAnalysis",53,33,5,41
"edu.umd.cs.findbugs.SAXBugCollectionHandler",39,22,4,32
"edu.umd.cs.findbugs.detect.FindUnrelatedTypesInGenericContainer",77,44,0,50
"edu.umd.cs.findbugs.Project",44,13,31,33
"edu.umd.cs.findbugs.ba.npe.IsNullValueAnalysis",38,25,1,30
"edu.umd.cs.findbugs.detect.FindUselessObjects",48,21,0,31
"edu.umd.cs.findbugs.ba.npe.NullDerefAndRedundantComparisonFinder",45,28,2,31
"edu.umd.cs.findbugs.ba.jsr305.TypeQualifierApplications",25,14,9,18
"edu.umd.cs.findbugs.detect.SerializableIdiom",36,19,0,26
"edu.umd.cs.findbugs.ba.AnalysisContext",47,28,137,36
"edu.umd.cs.findbugs.gui2.MainFrameMenu",36,12,1,22
"edu.umd.cs.findbugs.detect.FindPuzzlers",33,22,0,29
"edu.umd.cs.findbugs.TextUICommandLine",23,4,2,14
"edu.umd.cs.findbugs.SourceLineAnnotation",29,16,76,24
"edu.umd.cs.findbugs.gui2.MainFrameTree",51,4,1,17
"edu.umd.cs.findbugs.ba.ClassContext",50,27,114,34
"edu.umd.cs.findbugs.visitclass.PreorderVisitor",51,17,32,26
"edu.umd.cs.findbugs.workflow.RejarClassesForAnalysis",34,5,1,28
"edu.umd.cs.findbugs.ba.vna.ValueNumberFrameModelingVisitor",39,12,1,20
"edu.umd.cs.findbugs.gui2.BugTreeModel",19,2,2,10
"edu.umd.cs.findbugs.detect.FindHEmismatch",34,21,0,26
"edu.umd.cs.findbugs.detect.FindBadCast2",57,33,0,35
"edu.umd.cs.findbugs.ba.vna.ValueNumberFrame",18,5,43,14
"edu.umd.cs.findbugs.ba.type.TypeAnalysis",44,23,3,34
"edu.umd.cs.findbugs.classfile.engine.ClassParserUsingASM",27,12,2,18
"edu.umd.cs.findbugs.detect.Naming",37,21,0,29
"edu.umd.cs.findbugs.gui2.NewProjectWizard",42,7,2,21
"edu.umd.cs.findbugs.detect.FindDeadLocalStores",65,27,0,33
"edu.umd.cs.findbugs.gui2.MainFrameLoadSaveHelper",21,9,1,15
"edu.umd.cs.findbugs.util.Util",41,2,50,26
"edu.umd.cs.findbugs.classfile.impl.ClassPathBuilder",40,23,1,38
"edu.umd.cs.findbugs.classfile.analysis.MethodInfo",27,15,7,22
"edu.umd.cs.findbugs.detect.CheckTypeQualifiers",59,45,0,51
"edu.umd.cs.findbugs.workflow.Update",28,15,2,26
"edu.umd.cs.findbugs.detect.FindUnsatisfiedObligation",50,33,0,41
"edu.umd.cs.findbugs.updates.UpdateChecker",41,9,6,28
"edu.umd.cs.findbugs.ba.XFactory",40,20,59,26
"edu.umd.cs.findbugs.gui2.MainFrameComponentFactory",57,9,1,20
"edu.umd.cs.findbugs.ba.Hierarchy",28,8,35,12
"edu.umd.cs.findbugs.detect.FindSqlInjection",45,23,0,29
"edu.umd.cs.findbugs.anttask.FindBugsTask",11,2,0,9
"edu.umd.cs.findbugs.ba.DefaultNullnessAnnotations",1,1,1,2
"edu.umd.cs.findbugs.Plugin",24,5,17,16
"edu.umd.cs.findbugs.ProjectStats",35,5,13,18
"edu.umd.cs.findbugs.detect.DroppedException",27,16,0,22
"edu.umd.cs.findbugs.DetectorFactoryCollection",27,6,37,15
"edu.umd.cs.findbugs.detect.InfiniteLoop",16,7,0,20
"edu.umd.cs.findbugs.detect.OverridingEqualsNotSymmetrical",26,19,0,23
"edu.umd.cs.findbugs.config.UserPreferences",26,6,9,22
"edu.umd.cs.findbugs.cloud.AbstractCloudTest",26,9,0,16
"edu.umd.cs.findbugs.ba.SourceFinder",28,5,8,18
"edu.umd.cs.findbugs.gui2.GUISaveState",21,3,4,9
"edu.umd.cs.findbugs.ba.npe.IsNullValueFrameModelingVisitor",42,19,1,24
"edu.umd.cs.findbugs.gui2.ViewFilter",8,4,1,8
"edu.umd.cs.findbugs.ba.Dataflow",13,7,23,14
"edu.umd.cs.findbugs.classfile.analysis.ClassInfo",27,16,11,23
"edu.umd.cs.findbugs.detect.FindUnreleasedLock",44,29,0,37
"edu.umd.cs.findbugs.detect.NoiseNullDeref",63,43,0,49
"edu.umd.cs.findbugs.ba.generic.GenericUtilities",11,3,7,9
"edu.umd.cs.findbugs.plan.ExecutionPlan",20,8,2,13
"edu.umd.cs.findbugs.log.Profiler",17,5,16,25
"edu.umd.cs.findbugs.detect.CheckExpectedWarnings",42,27,0,33
"edu.umd.cs.findbugs.workflow.MineBugHistory",15,7,1,15
"edu.umd.cs.findbugs.cloud.DoNothingCloud",17,7,2,12
"edu.umd.cs.findbugs.classfile.impl.AnalysisCache",28,19,1,31
"edu.umd.cs.findbugs.gui2.SorterTableColumnModel",26,0,4,6
"edu.umd.cs.findbugs.ba.Hierarchy2",27,10,16,13
"edu.umd.cs.findbugs.FindBugs",21,7,30,17
"edu.umd.cs.findbugs.ba.CFG",13,2,91,7
"edu.umd.cs.findbugs.ba.npe.IsNullValue",9,8,20,13
"edu.umd.cs.findbugs.ba.npe.TypeQualifierNullnessAnnotationDatabase",33,27,3,33
"edu.umd.cs.findbugs.detect.MutableStaticFields",22,11,0,15
"edu.umd.cs.findbugs.ba.Frame",11,1,5,6
"edu.umd.cs.findbugs.ba.AnnotationDatabase",16,5,6,11
"edu.umd.cs.findbugs.classfile.engine.bcel.FinallyDuplicatesInfoFactory",32,6,1,18
"edu.umd.cs.findbugs.gui2.SourceDirectoryWizard",16,7,2,27
"edu.umd.cs.findbugs.detect.DuplicateBranches",27,11,0,19
"edu.umd.cs.findbugs.DiscoverSourceDirectories",22,13,2,25
"edu.umd.cs.findbugs.jaif.JAIFParser",4,1,1,10
"edu.umd.cs.findbugs.detect.FindOpenStream",32,18,0,25
"edu.umd.cs.findbugs.LocalVariableAnnotation",25,14,27,20
"edu.umd.cs.findbugs.ba.obl.ObligationAnalysis",31,18,1,21
"edu.umd.cs.findbugs.MethodAnnotation",16,12,37,18
"edu.umd.cs.findbugs.ba.bcp.PatternMatcher",21,13,1,19
"edu.umd.cs.findbugs.workflow.MergeSummarizeAndView",26,14,1,23
"edu.umd.cs.findbugs.ba.BytecodeScanner",1,1,6,2
"edu.umd.cs.findbugs.config.ProjectFilterSettings",13,5,2,15
"edu.umd.cs.findbugs.detect.SwitchFallthrough",28,18,0,23
"edu.umd.cs.findbugs.detect.CheckRelaxingNullnessAnnotation",36,17,0,24
"edu.umd.cs.findbugs.AbstractBugReporter",20,6,3,15
"edu.umd.cs.findbugs.ba.jsr305.TypeQualifierValueSet",9,2,2,7
"edu.umd.cs.findbugs.ba.jsr305.TypeQualifierValue",28,14,8,23
"edu.umd.cs.findbugs.detect.LazyInit",49,33,0,39
"edu.umd.cs.findbugs.detect.BuildObligationPolicyDatabase",39,25,1,33
"edu.umd.cs.findbugs.visitclass.BetterVisitor",37,0,1,3
"edu.umd.cs.findbugs.detect.FindSelfComparison",17,14,0,19
"edu.umd.cs.findbugs.detect.UselessSubclassMethod",17,5,0,11
"edu.umd.cs.findbugs.gui2.SourceCodeDisplay",20,6,1,13
"edu.umd.cs.findbugs.StackMapAnalyzer",25,4,0,8
"edu.umd.cs.findbugs.ba.deref.UnconditionalValueDerefSet",15,5,7,9
"edu.umd.cs.findbugs.ba.BasicBlock",10,2,37,11
"edu.umd.cs.findbugs.gui2.BugSet",15,5,10,10
"edu.umd.cs.findbugs.gui2.AbstractSwingGuiCallback",30,3,1,16
"edu.umd.cs.findbugs.Version",15,4,4,10
"edu.umd.cs.findbugs.cloud.Cloud",16,5,21,6
"edu.umd.cs.findbugs.config.CommandLine",18,4,16,16
"edu.umd.cs.findbugs.workflow.SetBugDatabaseInfo",19,9,0,18
"edu.umd.cs.findbugs.detect.MethodReturnCheck",25,19,0,24
"edu.umd.cs.findbugs.ba.IncompatibleTypes",17,8,16,11
"edu.umd.cs.findbugs.ba.URLClassPath",17,2,2,10
"edu.umd.cs.findbugs.ba.npe.IsNullValueFrame",13,6,11,10
"edu.umd.cs.findbugs.detect.DontIgnoreResultOfPutIfAbsent",51,29,0,34
"edu.umd.cs.findbugs.detect.LoadOfKnownNullValue",35,21,0,26
"edu.umd.cs.findbugs.PackageStats",13,2,10,15
"edu.umd.cs.findbugs.FieldAnnotation",23,11,36,17
"edu.umd.cs.findbugs.detect.UncallableMethodOfAnonymousClass",23,16,0,20
"edu.umd.cs.findbugs.detect.StaticCalendarDetector",28,17,0,21
"edu.umd.cs.findbugs.gui2.AnalyzingDialog",17,3,1,13
"edu.umd.cs.findbugs.ba.LockSet",5,3,7,6
"edu.umd.cs.findbugs.ba.ch.Subtypes2Test",8,5,0,7
"edu.umd.cs.findbugs.classfile.engine.ClassParser",15,8,3,14
"edu.umd.cs.findbugs.DetectorFactory",8,1,12,8
"edu.umd.cs.findbugs.ba.SourceInfoMap",13,2,5,14
"edu.umd.cs.findbugs.ba.vna.ValueNumberAnalysis",20,10,4,15
"edu.umd.cs.findbugs.DeepSubtypeAnalysis",13,5,6,9
"edu.umd.cs.findbugs.PrintingBugReporter",14,4,3,17
"edu.umd.cs.findbugs.anttask.FilterBugsTask",2,0,0,3
"edu.umd.cs.findbugs.util.TopologicalSort",14,3,1,17
"edu.umd.cs.findbugs.detect.BuildStringPassthruGraph",17,5,0,16
"edu.umd.cs.findbugs.detect.FunctionsThatMightBeMistakenForProcedures",23,15,0,18
"edu.umd.cs.findbugs.anttask.AbstractFindBugsTask",9,0,7,9
"edu.umd.cs.findbugs.gui2.BugLoader",31,16,0,25
"edu.umd.cs.findbugs.ba.type.ExceptionSet",10,3,2,8
"edu.umd.cs.findbugs.graph.AbstractGraph",3,0,5,7
"edu.umd.cs.findbugs.BugRanker",13,4,8,14
"edu.umd.cs.findbugs.detect.WrongMapIterator",17,13,0,18
"edu.umd.cs.findbugs.detect.FindNonShortCircuit",8,6,0,10
"edu.umd.cs.findbugs.detect.StringConcatenation",10,6,0,14
"edu.umd.cs.findbugs.updates.UpdateCheckerTest",25,4,0,13
"edu.umd.cs.findbugs.ba.CheckReturnAnnotationDatabase",6,0,2,4
"edu.umd.cs.findbugs.classfile.DescriptorFactory",16,5,89,10
"edu.umd.cs.findbugs.util.TestDesktopIntegration",23,1,1,16
"edu.umd.cs.findbugs.detect.RuntimeExceptionCapture",37,24,0,31
"edu.umd.cs.findbugs.BugDesignation",9,4,7,10
"edu.umd.cs.findbugs.model.ClassFeatureSet",17,7,6,17
"edu.umd.cs.findbugs.detect.Noise",9,6,0,9
"edu.umd.cs.findbugs.ba.Edge",9,1,36,9
"edu.umd.cs.findbugs.graph.AbstractDepthFirstSearch",5,0,2,8
"edu.umd.cs.findbugs.workflow.CopyBuggySource",22,10,1,15
"edu.umd.cs.findbugs.detect.FindMaskedFields",22,13,0,16
"edu.umd.cs.findbugs.FuzzyBugComparator",6,1,0,8
"edu.umd.cs.findbugs.detect.CrossSiteScripting",16,11,0,15
"edu.umd.cs.findbugs.ba.FieldSummary",20,9,11,11
"edu.umd.cs.findbugs.gui2.PluginUpdateDialog",28,4,1,16
"edu.umd.cs.findbugs.ba.PruneUnconditionalExceptionThrowerEdges",20,5,2,10
"edu.umd.cs.findbugs.cloud.BugFilingCommentHelper",19,10,0,15
"edu.umd.cs.findbugs.detect.Stream",15,7,6,11
"edu.umd.cs.findbugs.detect.FindSelfComparison2",26,18,0,23
"edu.umd.cs.findbugs.detect.RedundantConditions",25,11,0,14
"edu.umd.cs.findbugs.workflow.Churn",12,6,1,15
"edu.umd.cs.findbugs.detect.IncompatMask",5,4,0,9
"edu.umd.cs.findbugs.detect.InitializationChain",20,8,0,16
"edu.umd.cs.findbugs.detect.FindDoubleCheck",12,6,0,10
"edu.umd.cs.findbugs.filter.Filter",19,6,16,13
"edu.umd.cs.findbugs.detect.FindJSR166LockMonitorenter",33,21,0,26
"edu.umd.cs.findbugs.ba.UnresolvedXMethod",15,7,0,12
"edu.umd.cs.findbugs.ba.jsr305.TypeQualifierDataflowAnalysis",22,13,2,18
"edu.umd.cs.findbugs.ba.generic.GenericSignatureParser",10,0,14,9
"edu.umd.cs.findbugs.detect.FindUseOfNonSerializableValue",36,16,0,22
"edu.umd.cs.findbugs.ba.SignatureParser",7,0,43,10
"edu.umd.cs.findbugs.detect.RepeatedConditionals",17,6,0,11
"edu.umd.cs.findbugs.detect.BuildUnconditionalParamDerefDatabase",35,22,2,27
"edu.umd.cs.findbugs.ba.ClassHash",17,3,0,10
"edu.umd.cs.findbugs.SystemProperties",12,2,135,8
"edu.umd.cs.findbugs.ba.InnerClassAccessMap",15,1,4,7
"edu.umd.cs.findbugs.classfile.analysis.FieldInfo",23,14,6,20
"edu.umd.cs.findbugs.Obfuscate",5,1,1,5
"edu.umd.cs.findbugs.detect.FindRoughConstants",16,5,0,13
"edu.umd.cs.findbugs.ba.jsr305.ForwardTypeQualifierDataflowAnalysis",28,14,2,17
"edu.umd.cs.findbugs.VersionInsensitiveBugComparator",5,3,1,9
"edu.umd.cs.findbugs.detect.FormatStringChecker",18,12,0,13
"edu.umd.cs.findbugs.Tokenizer",4,0,1,3
"edu.umd.cs.findbugs.I18N",10,0,7,6
"edu.umd.cs.findbugs.detect.CloneIdiom",21,16,0,20
"edu.umd.cs.findbugs.ProjectPackagePrefixes",16,3,3,20
"edu.umd.cs.findbugs.ba.npe.DerefFinder",36,23,1,25
"edu.umd.cs.findbugs.io.IO",16,1,9,6
"edu.umd.cs.findbugs.gui2.NewFilterFrame",21,0,2,8
"edu.umd.cs.findbugs.cloud.username.WebCloudNameLookup",17,6,0,15
"edu.umd.cs.findbugs.ba.jsr305.BackwardTypeQualifierDataflowAnalysis",28,17,2,19
"edu.umd.cs.findbugs.Analyze",12,7,2,10
"edu.umd.cs.findbugs.util.ClassName",6,1,54,5
"edu.umd.cs.findbugs.detect.InvalidJUnitTest",14,11,0,14
"edu.umd.cs.findbugs.classfile.engine.bcel.CFGFactory",34,23,1,24
"edu.umd.cs.findbugs.detect.StreamResourceTracker",21,9,1,12
"edu.umd.cs.findbugs.ba.AssertionMethods",20,1,7,7
"edu.umd.cs.findbugs.detect.DumbMethodInvocations",27,16,0,21
"edu.umd.cs.findbugs.PropertyBundle",9,2,8,4
"edu.umd.cs.findbugs.TextUIBugReporter",4,1,5,4
"edu.umd.cs.findbugs.classfile.impl.ZipInputStreamCodeBase",13,6,1,14
"edu.umd.cs.findbugs.detect.FindCircularDependencies",10,3,0,13
"edu.umd.cs.findbugs.ba.obl.StateSet",8,1,4,4
"edu.umd.cs.findbugs.ba.Path",2,0,5,5
"edu.umd.cs.findbugs.ba.ResourceValueAnalysis",9,1,3,6
"edu.umd.cs.findbugs.detect.InfiniteRecursiveLoop",10,8,0,12
"edu.umd.cs.findbugs.BugInstanceTest",8,2,0,6
"edu.umd.cs.findbugs.detect.FindFloatEquality",11,7,0,13
"edu.umd.cs.findbugs.SAXBugCollectionHandlerTest",4,1,0,2
"edu.umd.cs.findbugs.props.WarningPropertySet",6,3,7,10
"edu.umd.cs.findbugs.detect.FindNullDerefsInvolvingNonShortCircuitEvaluation",24,18,0,21
"edu.umd.cs.findbugs.tools.FixIndentation",14,3,0,10
"edu.umd.cs.findbugs.ba.BlockType",1,0,1,3
"edu.umd.cs.findbugs.gui2.DockLayout",27,1,0,4
"edu.umd.cs.findbugs.ba.obl.InstructionActionCache",32,13,1,17
"edu.umd.cs.findbugs.gui2.CommentsArea",19,5,1,12
"edu.umd.cs.findbugs.Lookup",15,9,5,11
"edu.umd.cs.findbugs.XDocsBugReporter",10,1,1,6
"edu.umd.cs.findbugs.gui2.ProjectSettings",10,0,2,1
"edu.umd.cs.findbugs.detect.BadSyntaxForRegularExpression",7,5,0,10
"edu.umd.cs.findbugs.detect.CovariantArrayAssignment",17,12,0,16
"edu.umd.cs.findbugs.tools.xml.CheckMessages",12,1,1,10
"edu.umd.cs.findbugs.detect.ResolveAllReferences",29,13,0,18
"edu.umd.cs.findbugs.detect.FindUninitializedGet",21,10,0,13
"edu.umd.cs.findbugs.ba.type.StandardTypeMerger",13,7,3,11
"edu.umd.cs.findbugs.xml.OutputStreamXMLOutput",9,1,8,4
"edu.umd.cs.findbugs.gui2.StackedFilterMatcher",6,1,3,8
"edu.umd.cs.findbugs.gui2.FilterFactory",16,14,0,17
"edu.umd.cs.findbugs.workflow.CloudSyncAndReport",16,8,1,15
"edu.umd.cs.findbugs.classfile.impl.SingleFileCodeBase",20,13,1,16
"edu.umd.cs.findbugs.tools.html.PrettyPrintBugDescriptions",10,3,1,8
"edu.umd.cs.findbugs.classfile.analysis.ClassNameAndSuperclassInfo",10,3,9,5
"edu.umd.cs.findbugs.sourceViewer.NavigableTextPane",13,1,1,12
"edu.umd.cs.findbugs.gui2.SplashFrame",13,0,2,10
"edu.umd.cs.findbugs.detect.ReadOfInstanceFieldInMethodInvokedByConstructorInSuperclass",21,15,0,18
"edu.umd.cs.findbugs.cloud.BugCollectionStorageCloud",9,3,1,5
"edu.umd.cs.findbugs.SwitchHandler",8,4,1,7
"edu.umd.cs.findbugs.sourceViewer.JavaScanner",3,0,1,4
"edu.umd.cs.findbugs.detect.DefaultEncodingDetector",16,11,0,16
"edu.umd.cs.findbugs.ResourceTrackingDetector",19,14,2,20
"edu.umd.cs.findbugs.detect.InitializeNonnullFieldsInConstructor",14,9,0,12
"edu.umd.cs.findbugs.ba.generic.GenericObjectType",12,4,14,9
"edu.umd.cs.findbugs.detect.CallToUnconditionalThrower",30,21,0,26
"edu.umd.cs.findbugs.detect.FindReturnRef",10,7,0,10
"edu.umd.cs.findbugs.detect.LostLoggerDueToWeakReference",12,8,0,12
"edu.umd.cs.findbugs.CommandLineUiCallback",12,2,2,7
"edu.umd.cs.findbugs.BugAccumulator",11,4,55,6
"edu.umd.cs.findbugs.SelfCalls",16,4,1,7
"edu.umd.cs.findbugs.util.Strings",5,0,6,8
"edu.umd.cs.findbugs.BugPattern",2,1,8,5
"edu.umd.cs.findbugs.visitclass.PrintClass",11,0,0,7
"edu.umd.cs.findbugs.IntAnnotation",5,2,11,10
"edu.umd.cs.findbugs.ba.SignatureConverter",7,1,18,4
"edu.umd.cs.findbugs.gui2.AboutDialog",9,3,1,16
"edu.umd.cs.findbugs.ba.jsr305.SourceSinkInfo",3,2,6,4
"edu.umd.cs.findbugs.detect.MultithreadedInstanceAccess",17,5,0,9
"edu.umd.cs.findbugs.detect.FindMismatchedWaitOrNotify",28,17,0,22
"edu.umd.cs.findbugs.TypeAnnotation",8,6,22,11
"edu.umd.cs.findbugs.DetectorsTest",13,1,0,5
"edu.umd.cs.findbugs.ba.jsr305.TypeQualifierResolver",13,9,0,11
"edu.umd.cs.findbugs.PackageMemberAnnotation",6,4,3,7
"edu.umd.cs.findbugs.ba.LiveLocalStoreAnalysis",10,0,4,4
"edu.umd.cs.findbugs.jaif.JAIFScanner",5,0,2,1
"edu.umd.cs.findbugs.detect.FindNonSerializableValuePassedToWriteObject",26,15,0,21
"edu.umd.cs.findbugs.detect.InefficientInitializationInsideLoop",18,7,0,13
"edu.umd.cs.findbugs.workflow.CountClassVersions",21,6,0,17
"edu.umd.cs.findbugs.ba.jsr305.Analysis",22,14,3,17
"edu.umd.cs.findbugs.detect.CallToUnsupportedMethod",28,17,0,19
"edu.umd.cs.findbugs.detect.FindFieldSelfAssignment",13,9,0,13
"edu.umd.cs.findbugs.ClassAnnotation",8,6,29,11
"edu.umd.cs.findbugs.ba.ResourceValueFrameModelingVisitor",14,0,3,2
"edu.umd.cs.findbugs.anttask.FindBugsViewerTask",7,1,0,3
"edu.umd.cs.findbugs.gui2.FilterMatcher",6,3,4,7
"edu.umd.cs.findbugs.detect.FindTwoLockWait",23,12,0,17
"edu.umd.cs.findbugs.detect.VolatileUsage",11,8,0,11
"edu.umd.cs.findbugs.detect.FindNonSerializableStoreIntoSession",27,16,0,22
"edu.umd.cs.findbugs.classfile.impl.ZipFileCodeBase",12,3,1,8
"edu.umd.cs.findbugs.detect.UnnecessaryMath",13,5,0,10
"edu.umd.cs.findbugs.classfile.ClassDescriptor",8,2,136,7
"edu.umd.cs.findbugs.ba.bcp.Invoke",13,6,0,11
"edu.umd.cs.findbugs.gui2.Driver",9,6,2,12
"edu.umd.cs.findbugs.visitclass.Util",16,1,7,3
"edu.umd.cs.findbugs.ba.interproc.ParameterProperty",2,0,10,3
"edu.umd.cs.findbugs.gui2.SplitLayout",16,1,1,6
"edu.umd.cs.findbugs.util.LaunchBrowser",9,1,8,10
"edu.umd.cs.findbugs.Footprint",4,0,3,7
"edu.umd.cs.findbugs.sourceViewer.JavaSourceDocument",19,4,2,5
"edu.umd.cs.findbugs.detect.FieldItemSummary",17,13,0,16
"edu.umd.cs.findbugs.ba.SourceFile",4,0,8,5
"edu.umd.cs.findbugs.FindBugsTestCase",6,1,1,7
"edu.umd.cs.findbugs.AnalysisError",2,0,4,5
"edu.umd.cs.findbugs.ba.LockAnalysis",11,5,1,9
"edu.umd.cs.findbugs.gui2.SorterDialog",19,0,1,7
"edu.umd.cs.findbugs.detect.NumberConstructor",13,6,0,11
"edu.umd.cs.findbugs.detect.ConfusionBetweenInheritedAndOuterMethod",13,8,0,10
"edu.umd.cs.findbugs.detect.NoteSuppressedWarnings",23,16,1,21
"edu.umd.cs.findbugs.workflow.FileBugHash",15,7,2,15
"edu.umd.cs.findbugs.AddMessages",11,1,1,7
"edu.umd.cs.findbugs.classfile.analysis.AnnotationValue",8,3,14,9
"edu.umd.cs.findbugs.detect.ReadReturnShouldBeChecked",9,7,0,11
"edu.umd.cs.findbugs.ba.vna.ValueNumberSourceInfo",14,9,11,10
"edu.umd.cs.findbugs.gui2.SpringUtilities",4,0,0,3
"edu.umd.cs.findbugs.detect.FindUncalledPrivateMethods",16,7,0,11
"edu.umd.cs.findbugs.ba.interproc.PropertyDatabase",20,4,3,8
"edu.umd.cs.findbugs.cloud.CloudFactory",13,6,3,13
"edu.umd.cs.findbugs.ba.AbstractClassMember",4,2,2,5
"edu.umd.cs.findbugs.ba.heap.FieldSetAnalysis",15,7,2,9
"edu.umd.cs.findbugs.classfile.impl.ClassPathImpl",11,5,1,8
"edu.umd.cs.findbugs.FindBugsCommandLine",7,2,2,7
"edu.umd.cs.findbugs.detect.InheritanceUnsafeGetResource",13,7,0,11
"edu.umd.cs.findbugs.props.WarningPropertyUtil",17,10,4,11
"edu.umd.cs.findbugs.StringAnnotation",4,3,17,8
"edu.umd.cs.findbugs.ba.NullnessAnnotationDatabase",4,3,2,8
"edu.umd.cs.findbugs.detect.SynchronizeOnClassLiteralNotGetClass",9,7,0,9
"edu.umd.cs.findbugs.ba.FrameDataflowAnalysis",2,0,5,2
"edu.umd.cs.findbugs.detect.CheckAnalysisContextContainedAnnotation",18,11,0,15
"edu.umd.cs.findbugs.detect.BuildNonNullAnnotationDatabase",16,8,2,12
"edu.umd.cs.findbugs.detect.SynchronizingOnContentsOfFieldToProtectField",8,6,0,7
"edu.umd.cs.findbugs.ba.obl.ObligationFactory",15,5,3,8
"edu.umd.cs.findbugs.classfile.impl.DirectoryCodeBase",13,4,1,11
"edu.umd.cs.findbugs.util.HTML",12,0,1,3
"edu.umd.cs.findbugs.workflow.TestingGround",8,6,0,10
"edu.umd.cs.findbugs.anttask.SetBugDatabaseInfoTask",1,0,0,3
"edu.umd.cs.findbugs.ba.jsr305.TypeQualifierAnnotation",7,1,8,3
"edu.umd.cs.findbugs.visitclass.AnnotationVisitor",15,2,8,5
"edu.umd.cs.findbugs.bugReporter.SuppressionDecorator",15,6,0,10
"edu.umd.cs.findbugs.detect.FindBugsSummaryStats",16,9,0,13
"edu.umd.cs.findbugs.detect.BuildCheckReturnAnnotationDatabase",14,5,1,9
"edu.umd.cs.findbugs.ba.type.TypeFrame",4,2,27,6
"edu.umd.cs.findbugs.anttask.ConvertXmlToTextTask",3,1,0,3
"edu.umd.cs.findbugs.detect.URLProblems",12,7,0,10
"edu.umd.cs.findbugs.detect.SynchronizationOnSharedBuiltinConstant",16,11,0,16
"edu.umd.cs.findbugs.detect.VarArgsProblems",7,5,0,8
"edu.umd.cs.findbugs.jaif.JAIFScannerTest",2,0,0,2
"edu.umd.cs.findbugs.SloppyBugComparator",3,3,2,7
"edu.umd.cs.findbugs.detect.TestDataflowAnalysis",18,17,0,25
"edu.umd.cs.findbugs.detect.InefficientToArray",15,9,0,13
"edu.umd.cs.findbugs.ba.ch.ClassVertex",5,3,2,5
"edu.umd.cs.findbugs.detect.FindComparatorProblems",14,9,0,14
"edu.umd.cs.findbugs.workflow.UnionResults",11,8,1,15
"edu.umd.cs.findbugs.detect.AtomicityProblem",9,7,0,10
"edu.umd.cs.findbugs.detect.SuspiciousThreadInterrupted",8,5,0,8
"edu.umd.cs.findbugs.util.Multiset",8,0,2,9
"edu.umd.cs.findbugs.gui2.FBFileChooser",11,1,4,5
"edu.umd.cs.findbugs.classfile.engine.ClassParserUsingBCEL",20,10,0,13
"edu.umd.cs.findbugs.ba.vna.MergeTree",6,1,2,5
"edu.umd.cs.findbugs.xml.Dom4JXMLOutput",5,0,1,2
"edu.umd.cs.findbugs.AppVersion",5,3,8,9
"edu.umd.cs.findbugs.ba.bcp.PatternElementMatch",2,1,3,4
"edu.umd.cs.findbugs.util.FractionalMultiset",7,0,0,9
"edu.umd.cs.findbugs.ba.URLClassPathRepository",7,1,0,7
"edu.umd.cs.findbugs.detect.FindSleepWithLockHeld",19,11,0,14
"edu.umd.cs.findbugs.tools.junit.JUnitJarRunner",12,0,1,9
"edu.umd.cs.findbugs.detect.TrainFieldStoreTypes",23,15,0,18
"edu.umd.cs.findbugs.detect.XMLFactoryBypass",9,4,0,9
"edu.umd.cs.findbugs.tools.FilterAndCombineBitfieldPropertyDatabase",15,1,0,10
"edu.umd.cs.findbugs.gui2.BugAspects",3,1,5,5
"edu.umd.cs.findbugs.ba.ca.CallList",2,0,3,4
"edu.umd.cs.findbugs.bcel.BCELUtil",17,5,26,7
"edu.umd.cs.findbugs.graph.AbstractVertex",0,0,5,4
"edu.umd.cs.findbugs.ba.PruneInfeasibleExceptionEdges",11,4,1,9
"edu.umd.cs.findbugs.workflow.RebornIssues",11,5,1,11
"edu.umd.cs.findbugs.ba.generic.TestGenericObjectType",7,0,0,3
"edu.umd.cs.findbugs.classfile.FieldOrMethodDescriptor",1,0,9,3
"edu.umd.cs.findbugs.graph.StronglyConnectedComponents",4,0,0,4
"edu.umd.cs.findbugs.classfile.engine.bcel.AnalysisFactory",19,15,32,17
"edu.umd.cs.findbugs.ba.MethodHash",4,1,2,5
"edu.umd.cs.findbugs.anttask.ComputeBugHistoryTask",4,0,0,1
"edu.umd.cs.findbugs.ba.obl.ObligationSet",1,0,3,4
"edu.umd.cs.findbugs.config.ProjectFilterSettingsTest",4,2,0,4
"edu.umd.cs.findbugs.gui2.DisplayNonmodelMessage",14,0,0,2
"edu.umd.cs.findbugs.workflow.ListBugDatabaseInfo",13,8,0,12
"edu.umd.cs.findbugs.ba.vna.ValueNumber",2,2,46,5
"edu.umd.cs.findbugs.workflow.TreemapVisualization",10,7,1,12
"edu.umd.cs.findbugs.detect.BuildNonnullReturnDatabase",19,13,1,15
"edu.umd.cs.findbugs.detect.ExplicitSerialization",17,13,0,16
"edu.umd.cs.findbugs.ba.TargetEnumeratingVisitor",10,0,1,3
"edu.umd.cs.findbugs.BugCollectionBugReporter",7,4,4,9
"edu.umd.cs.findbugs.gui2.GUI2CommandLine",4,1,1,8
"edu.umd.cs.findbugs.gui.AnnotatedString",8,2,4,9
"edu.umd.cs.findbugs.detect.WaitInLoop",5,4,0,9
"edu.umd.cs.findbugs.classfile.engine.AbstractMethodVisitor",5,1,1,3
"edu.umd.cs.findbugs.workflow.FindSeqNumTest",10,1,0,3
"edu.umd.cs.findbugs.ba.jsr305.ValidationSecurityManager",5,0,1,9
"edu.umd.cs.findbugs.detect.HugeSharedStringConstants",14,6,0,13
"edu.umd.cs.findbugs.BugCollection",16,3,40,4
"edu.umd.cs.findbugs.ba.npe.PointerUsageRequiringNonNullValue",4,3,2,4
"edu.umd.cs.findbugs.ba.ca.CallListAnalysis",16,9,1,11
"edu.umd.cs.findbugs.EmacsBugReporter",9,3,1,7
"edu.umd.cs.findbugs.detect.EqualsOperandShouldHaveClassCompatibleWithThis",16,14,0,18
"edu.umd.cs.findbugs.ba.ExceptionHandlerMap",10,1,1,2
"edu.umd.cs.findbugs.IGuiCallback",6,1,8,1
"edu.umd.cs.findbugs.charsets.UTF8",17,0,30,2
"edu.umd.cs.findbugs.ba.AbstractDominatorsAnalysis",4,0,2,2
"edu.umd.cs.findbugs.ba.jsr305.ForwardTypeQualifierDataflowFactory",20,13,2,14
"edu.umd.cs.findbugs.classfile.engine.ClassDataAnalysisEngine",13,11,1,17
"edu.umd.cs.findbugs.detect.NoteDirectlyRelevantTypeQualifiers",19,14,0,18
"edu.umd.cs.findbugs.ba.bcp.PatternElement",7,4,5,10
"edu.umd.cs.findbugs.ba.npe.ReturnPathTypeAnalysis",10,9,1,10
"edu.umd.cs.findbugs.model.MovedClassMap",11,5,1,11
"edu.umd.cs.findbugs.ba.LineNumberMap",6,1,0,3
"edu.umd.cs.findbugs.cloud.MutableCloudTask",3,0,1,2
"edu.umd.cs.findbugs.ba.heap.FieldSet",3,1,1,2
"edu.umd.cs.findbugs.anttask.MineBugHistoryTask",2,0,0,3
"edu.umd.cs.findbugs.ba.vna.ValueNumberCache",5,1,1,3
"edu.umd.cs.findbugs.util.JavaWebStart",6,0,2,0
"edu.umd.cs.findbugs.detect.StreamFrameModelingVisitor",11,6,1,9
"edu.umd.cs.findbugs.detect.CheckCalls",17,12,0,16
"edu.umd.cs.findbugs.LaunchAppropriateUI",5,0,1,8
"edu.umd.cs.findbugs.ByteCodePatternDetector",11,7,1,13
"edu.umd.cs.findbugs.tools.ComparePerfomance",13,1,1,8
"edu.umd.cs.findbugs.detect.FindSpinLoop",7,6,0,9
"edu.umd.cs.findbugs.detect.QuestionableBooleanAssignment",5,4,0,7
"edu.umd.cs.findbugs.ba.BasicAbstractDataflowAnalysis",5,2,4,5
"edu.umd.cs.findbugs.ClassScreener",3,0,5,6
"edu.umd.cs.findbugs.detect.TrainLongInstantfParams",14,10,0,17
"edu.umd.cs.findbugs.detect.BadResultSetAccess",10,6,0,10
"edu.umd.cs.findbugs.ba.StackDepthAnalysis",4,0,0,1
"edu.umd.cs.findbugs.gui2.PropertiesDialog",12,0,1,6
"edu.umd.cs.findbugs.detect.FindUselessControlFlow",10,5,0,9
"edu.umd.cs.findbugs.detect.FindLocalSelfAssignment2",10,8,0,11
"edu.umd.cs.findbugs.DelegatingBugReporter",5,3,5,4
"edu.umd.cs.findbugs.filter.MethodMatcher",7,6,1,11
"edu.umd.cs.findbugs.detect.SuperfluousInstanceOf",9,5,0,8
"edu.umd.cs.findbugs.filter.RelationalOp",4,0,1,2
"edu.umd.cs.findbugs.filter.NameMatch",3,1,7,3
"edu.umd.cs.findbugs.ba.jsr305.TypeQualifierDataflowFactory",12,10,2,12
"edu.umd.cs.findbugs.util.EditDistance",0,0,3,4
"edu.umd.cs.findbugs.ba.OpcodeStackScanner",6,3,2,7
"edu.umd.cs.findbugs.util.WriteOnceProperties",3,0,1,7
"edu.umd.cs.findbugs.filter.BugMatcher",4,3,2,8
"edu.umd.cs.findbugs.anttask.UnionBugs",11,1,0,5
"edu.umd.cs.findbugs.RecursiveFileSearch",9,0,2,8
"edu.umd.cs.findbugs.detect.MethodReturnValueStreamFactory",11,4,30,6
"edu.umd.cs.findbugs.sourceViewer.DocumentCharacterIterator",4,0,1,0
"edu.umd.cs.findbugs.ba.jsr305.null",1,0,0,0
"edu.umd.cs.findbugs.filter.SourceMatcherTest",11,5,0,7
"edu.umd.cs.findbugs.gui2.BugRenderer",10,2,2,3
"edu.umd.cs.findbugs.detect.InefficientMemberAccess",10,8,0,11
"edu.umd.cs.findbugs.detect.InstantiateStaticClass",8,7,0,10
"edu.umd.cs.findbugs.detect.SynchronizeAndNullCheckField",5,4,0,5
"edu.umd.cs.findbugs.classfile.engine.bcel.LoadedFieldSetFactory",17,8,1,9
"edu.umd.cs.findbugs.ba.obl.ObligationPolicyDatabase",9,2,4,4
"edu.umd.cs.findbugs.filter.NotMatcherTest",8,3,0,5
"edu.umd.cs.findbugs.ba.SimplePathEnumerator",4,1,0,5
"edu.umd.cs.findbugs.sourceViewer.NumberedParagraphView",10,1,1,4
"edu.umd.cs.findbugs.ba.Location",3,0,96,2
"edu.umd.cs.findbugs.filter.SignatureUtil",2,0,0,2
"edu.umd.cs.findbugs.ba.UnresolvedXField",11,5,2,10
"edu.umd.cs.findbugs.detect.BuildInterproceduralCallGraph",13,11,0,14
"edu.umd.cs.findbugs.classfile.impl.NestedZipFileCodeBase",12,6,1,7
"edu.umd.cs.findbugs.detect.IteratorIdioms",11,9,0,12
"edu.umd.cs.findbugs.detect.FindNakedNotify",6,4,0,6
"edu.umd.cs.findbugs.ComponentPlugin",1,0,4,3
"edu.umd.cs.findbugs.ba.npe.ReturnPathTypeTest",3,1,0,2
"edu.umd.cs.findbugs.classfile.impl.ClassFactory",13,10,3,12
"edu.umd.cs.findbugs.JavaVersion",2,0,4,3
"edu.umd.cs.findbugs.ba.jsr305.ValidatorClassLoader",2,1,1,7
"edu.umd.cs.findbugs.detect.FindFinalizeInvocations",9,7,0,11
"edu.umd.cs.findbugs.BugCategory",0,0,2,2
"edu.umd.cs.findbugs.classfile.impl.AbstractScannableCodeBase",6,4,4,7
"edu.umd.cs.findbugs.filter.CompoundMatcher",6,1,4,4
"edu.umd.cs.findbugs.TextUIProgressCallback",1,0,1,3
"edu.umd.cs.findbugs.detect.UnreadFieldsData",11,5,3,5
"edu.umd.cs.findbugs.plan.AnalysisPass",9,4,3,5
"edu.umd.cs.findbugs.ba.vna.ValueNumberFactory",6,0,3,2
"edu.umd.cs.findbugs.detect.BadlyOverriddenAdapter",7,3,0,6
"edu.umd.cs.findbugs.HTMLBugReporter",11,0,3,3
"edu.umd.cs.findbugs.ba.npe.IsNullConditionDecision",5,4,2,6
"edu.umd.cs.findbugs.gui2.FilterFromBugPicker",14,3,1,7
"edu.umd.cs.findbugs.classfile.ReflectionDatabaseFactory",4,0,1,4
"edu.umd.cs.findbugs.ba.JCIPAnnotationDatabase",5,0,4,1
"edu.umd.cs.findbugs.ba.CFGPrinter",4,0,3,1
"edu.umd.cs.findbugs.ba.vna.AvailableLoad",1,1,8,3
"edu.umd.cs.findbugs.ClassScreenerTest",2,0,0,3
"edu.umd.cs.findbugs.workflow.ObfuscateBugs",8,7,0,9
"edu.umd.cs.findbugs.classfile.engine.bcel.EngineRegistrar",20,18,1,19
"edu.umd.cs.findbugs.workflow.CountByPackagePrefix",10,6,0,10
"edu.umd.cs.findbugs.cloud.CloudPluginBuilder",2,2,3,2
"edu.umd.cs.findbugs.ba.obl.MatchMethodEntry",9,6,2,7
"edu.umd.cs.findbugs.util.FutureValue",4,0,3,1
"edu.umd.cs.findbugs.ba.jsr305.ValidationSecurityManagerTest",8,0,0,4
"edu.umd.cs.findbugs.ba.type.FieldStoreType",8,3,2,6
"edu.umd.cs.findbugs.detect.FinalizerNullsFields",7,4,0,6
"edu.umd.cs.findbugs.detect.MutableLock",9,4,0,7
"edu.umd.cs.findbugs.L10N",6,1,9,3
"edu.umd.cs.findbugs.detect.DeadLocalStoreProperty",2,2,28,3
"edu.umd.cs.findbugs.ba.BlockTypeAnalysis",4,0,1,1
"edu.umd.cs.findbugs.asm.FBClassReader",6,1,5,5
"edu.umd.cs.findbugs.ba.CheckReturnValueAnnotation",2,1,11,4
"edu.umd.cs.findbugs.detect.PublicSemaphores",8,5,0,8
"edu.umd.cs.findbugs.ba.jsr305.BackwardTypeQualifierDataflowFactory",14,12,2,13
"edu.umd.cs.findbugs.detect.CalledMethods",9,8,0,10
"edu.umd.cs.findbugs.tools.CheckClassfileVersion",6,0,0,8
"edu.umd.cs.findbugs.ba.constant.Constant",1,0,9,3
"edu.umd.cs.findbugs.xml.XMLAttributeList",6,1,27,5
"edu.umd.cs.findbugs.ba.constant.ConstantFrameModelingVisitor",8,1,1,2
"edu.umd.cs.findbugs.ba.type.ExceptionObjectType",3,0,1,6
"edu.umd.cs.findbugs.detect.AppendingToAnObjectOutputStream",8,6,0,9
"edu.umd.cs.findbugs.detect.MutableEnum",7,5,0,6
"edu.umd.cs.findbugs.log.YourKitController",3,1,1,4
"edu.umd.cs.findbugs.FindBugsMessageFormat",0,0,9,4
"edu.umd.cs.findbugs.cloud.CloudPlugin",2,2,15,4
"edu.umd.cs.findbugs.graph.AbstractEdge",0,0,5,3
"edu.umd.cs.findbugs.util.MultiMap",4,0,8,4
"edu.umd.cs.findbugs.util.MergeMap",3,0,0,5
"edu.umd.cs.findbugs.gui2.CloudCommentsPaneSwing",9,1,1,6
"edu.umd.cs.findbugs.io.SlowInputStream",3,0,0,3
"edu.umd.cs.findbugs.ba.npe.UsagesRequiringNonNullValues",10,5,5,7
"edu.umd.cs.findbugs.detect.BadAppletConstructor",8,4,0,6
"edu.umd.cs.findbugs.detect.StartInConstructor",14,11,0,14
"edu.umd.cs.findbugs.detect.DontCatchIllegalMonitorStateException",10,6,0,11
"edu.umd.cs.findbugs.workflow.DefectDensity",6,5,0,12
"edu.umd.cs.findbugs.workflow.BackdateHistoryUsingSource",12,9,0,10
"edu.umd.cs.findbugs.ba.npe.ReturnPathType",1,1,8,2
"edu.umd.cs.findbugs.filter.MemberMatcher",2,1,2,4
"edu.umd.cs.findbugs.SuppressionMatcher",7,2,2,3
"edu.umd.cs.findbugs.ba.JavaClassAndMethod",6,2,15,4
"edu.umd.cs.findbugs.classfile.impl.SingleFileCodeBaseEntry",7,5,3,7
"edu.umd.cs.findbugs.filter.FieldMatcher",6,5,1,9
"edu.umd.cs.findbugs.detect.IDivResultCastToDouble",9,7,0,10
"edu.umd.cs.findbugs.detect.CbeckMustOverrideSuperAnnotation",11,9,0,11
"edu.umd.cs.findbugs.detect.FindBadForLoop",7,5,0,8
"edu.umd.cs.findbugs.classfile.impl.DelegatingCodeBaseEntry",7,5,2,7
"edu.umd.cs.findbugs.ba.bcp.ByteCodePattern",0,0,2,2
"edu.umd.cs.findbugs.ba.constant.ConstantAnalysis",8,6,1,7
"edu.umd.cs.findbugs.detect.DoInsideDoPrivileged",8,5,0,7
"edu.umd.cs.findbugs.CheckBcel",1,0,0,4
"edu.umd.cs.findbugs.detect.PreferZeroLengthArrays",8,5,0,8
"edu.umd.cs.findbugs.classfile.impl.ZipInputStreamCodeBaseEntry",6,2,2,5
"edu.umd.cs.findbugs.gui2.CheckBoxList",10,0,2,5
"edu.umd.cs.findbugs.detect.IntCast2LongAsInstant",9,8,0,9
"edu.umd.cs.findbugs.AnalysisCacheToRepositoryAdapter",9,5,2,9
"edu.umd.cs.findbugs.gui2.RecentMenu",3,0,1,4
"edu.umd.cs.findbugs.detect.ComparatorIdiom",10,8,0,11
"edu.umd.cs.findbugs.detect.FindUnsyncGet",9,4,0,8
"edu.umd.cs.findbugs.detect.NoteJCIPAnnotation",13,10,0,14
"edu.umd.cs.findbugs.filter.TypeMatcher",6,5,1,7
"edu.umd.cs.findbugs.detect.IOStreamFactory",8,4,5,5
"edu.umd.cs.findbugs.model.RegenerateClassFeatures",10,2,1,8
"edu.umd.cs.findbugs.classfile.engine.bcel.MethodGenFactory",12,8,1,10
"edu.umd.cs.findbugs.ba.ReturnPathAnalysis",1,0,1,2
"edu.umd.cs.findbugs.ba.jsr305.TypeQualifierAnnotationLookupResult",4,1,2,5
"edu.umd.cs.findbugs.tools.html.PlainPrintBugDescriptions",5,2,2,4
"edu.umd.cs.findbugs.gui2.OSXAdapter",2,0,1,2
"edu.umd.cs.findbugs.ba.ReturnPath",0,0,3,1
"edu.umd.cs.findbugs.ba.AbstractDataflowAnalysis",5,1,4,5
"edu.umd.cs.findbugs.detect.TestASM",10,6,0,9
"edu.umd.cs.findbugs.ba.LockChecker",9,5,2,5
"edu.umd.cs.findbugs.detect.RedundantInterfaces",10,6,0,11
"edu.umd.cs.findbugs.BugProperty",5,3,2,10
"edu.umd.cs.findbugs.ba.vna.LoadedFieldSet",6,1,4,2
"edu.umd.cs.findbugs.classfile.impl.DirectoryCodeBaseEntry",6,3,2,7
"edu.umd.cs.findbugs.ml.SplitCamelCaseIdentifierTest",4,1,0,4
"edu.umd.cs.findbugs.ProgramPoint",1,1,5,2
"edu.umd.cs.findbugs.gui2.NewFilterFromBug",9,1,1,5
"edu.umd.cs.findbugs.ba.jsr305.TypeQualifierDatabase",5,3,1,4
"edu.umd.cs.findbugs.detect.InconsistentAnnotations",18,15,0,17
"edu.umd.cs.findbugs.classfile.engine.bcel.ValueNumberDataflowFactory",16,13,1,15
"edu.umd.cs.findbugs.ba.bcp.MatchAny",6,3,0,4
"edu.umd.cs.findbugs.detect.NoteAnnotationRetention",12,8,0,13
"edu.umd.cs.findbugs.AddAnnotation",4,0,1,6
"edu.umd.cs.findbugs.filter.ClassMatcher",7,6,2,9
"edu.umd.cs.findbugs.FindBugsMain",3,0,2,3
"edu.umd.cs.findbugs.detect.FindRunInvocations",7,6,0,10
"edu.umd.cs.findbugs.xml.XPathFind",7,0,0,5
"edu.umd.cs.findbugs.classfile.engine.bcel.ObligationDataflowFactory",17,16,1,18
"edu.umd.cs.findbugs.classfile.impl.ZipFileCodeBaseEntry",5,2,2,5
"edu.umd.cs.findbugs.ba.bcp.FieldVariable",2,1,6,5
"edu.umd.cs.findbugs.ba.DebugRepositoryLookupFailureCallback",4,3,0,9
"edu.umd.cs.findbugs.ba.type.FieldStoreTypeDatabase",9,3,3,6
"edu.umd.cs.findbugs.detect.InefficientIndexOf",9,7,0,9
"edu.umd.cs.findbugs.workflow.SourceSearcher",6,3,1,4
"edu.umd.cs.findbugs.util.SplitCamelCaseIdentifier",4,0,4,4
"edu.umd.cs.findbugs.ba.XMethod",7,5,93,8
"edu.umd.cs.findbugs.classfile.impl.FilesystemCodeBaseLocator",4,2,3,5
"edu.umd.cs.findbugs.IFindBugsEngine",7,4,3,4
"edu.umd.cs.findbugs.BugCode",0,0,0,2
"edu.umd.cs.findbugs.gui2.MainFrameHelper",7,1,1,6
